cliente_id,fecha_registro,ciudad,genero,edad
2371,2019-10-18,bilbao,F,29
3537,2021-10-14,Bilbao,M,37
2088,2023-10-05,madrid,m,36
2769,2018-01-01,Lisboa,F,36
1567,2021-06-25,Madrid,M,42
813,2018-09-14,Valencia,Femenino,43
4829,2024-06-17,Barcelona,F,35
3878,2020-08-19,A Coruña,F,16
867,2019-10-14,lisboa,Masculino,36
1433,2022-11-04,málaga,f,35
4785,2023-01-06,A Coruña,Femenino,48
2781,2021-07-11,Sevilla,Masculino,16
1249,2022-10-20,MÁLAGA,M,42
831,2021-07-29,madrid,f,21
3082,2024-05-29,Barcelona,M,28
3152,2021-05-12,barcelona,F,65
686,2020-09-27,A Coruña,m,26
1286,2024-02-17,barcelona,F,30
3787,2021-11-12,Lisboa,f,34
1383,2021-01-30,Madrid,F,44
4036,2020-10-31,OPORTO,F,48
3752,2018-01-26,Bilbao,M,36
3858,2021-09-11,sevilla,M,54
4636,2021-10-31,Sevilla,Masculino,32
2812,2020-07-21,sevilla,m,34
3214,2022-06-03,Madrid,Masculino,35
1008,2019-08-06,Barcelona,M,42
2296,2018-10-28,Barcelona,F,28
4404,2021-03-11,Madrid,Femenino,33
4023,2024-06-01,MADRID,F,39
3794,2018-08-25,Madrid,Femenino,23
2851,2021-08-03,Valencia,Femenino,41
3895,2021-11-11,Valencia,m,42
4092,2021-11-06,Sevilla,M,24
2305,2020-07-14,Málaga,M,41
126,2022-11-12,Madrid,m,44
1311,2019-07-19,MÁLAGA,F,18
4709,2023-04-03,valencia,F,36
2208,2019-12-04,barcelona,F,17
2975,2023-06-29,valencia,M,40
4798,2022-12-20,Sevilla,F,35
2368,2021-02-08,Madrid,Masculino,34
3219,2019-02-13,Zaragoza,M,38
1376,2018-09-18,Barcelona,M,37
635,2020-04-05,Zaragoza,F,42
3565,2023-04-12,barcelona,M,32
1259,2019-07-15,lisboa,F,55
1214,2022-02-16,LISBOA,M,45
2565,2019-06-01,Valencia,M,51
3085,2020-06-29,A Coruña,m,44
404,2020-01-14,Oporto,M,51
427,2024-01-07,Bilbao,F,18
4099,2023-01-07,Valencia,M,39
4284,2019-08-13,SEVILLA,M,38
4754,2020-01-31,Madrid,M,19
3687,2024-05-06,valencia,f,50
1630,2023-01-22,Madrid,M,39
4303,2018-05-30,Málaga,f,45
3782,2024-02-10,Madrid,M,32
3007,2022-04-27,Madrid,F,30
3305,2021-05-26,Barcelona,m,54
386,2021-11-26,Madrid,Masculino,37
4812,2019-03-20,Valencia,M,48
1217,2023-09-20,Valencia,F,38
3633,2019-12-02,bilbao,M,35
4770,2019-08-08,BARCELONA,Masculino,34
991,2019-07-22,Barcelona,F,23
1300,2023-06-13,málaga,M,45
4335,2018-12-25,Lisboa,F,19
526,2022-08-07,Sevilla,F,52
362,2021-12-10,Valencia,F,36
4872,2021-09-22,BARCELONA,f,22
623,2018-11-10,MADRID,Masculino,49
4014,2023-06-02,Madrid,M,42
771,2023-10-21,Barcelona,M,55
2181,2021-03-15,BARCELONA,Femenino,34
3446,2019-06-13,BARCELONA,M,30
3909,2019-06-06,Zaragoza,F,46
3433,2022-02-16,Barcelona,m,45
35,2023-05-11,Barcelona,M,44
2935,2021-06-22,barcelona,Masculino,57
2314,2018-11-12,Sevilla,f,53
886,2022-03-07,Valencia,M,21
4241,2018-01-13,Valencia,M,35
2779,2019-04-02,Barcelona,f,23
4276,2019-07-18,Barcelona,F,34
4941,2021-12-10,OPORTO,Masculino,43
49,2022-12-24,barcelona,M,34
3747,2021-06-09,Barcelona,Masculino,53
2391,2024-06-14,Sevilla,F,33
3759,2018-03-31,SEVILLA,F,40
4871,2023-07-09,valencia,f,19
1938,2023-09-07,Madrid,Masculino,33
4415,2021-05-01,Zaragoza,M,53
1033,2023-05-08,MADRID,M,17
476,2018-03-12,Lisboa,Masculino,199
2719,2020-06-15,Sevilla,m,35
4265,2021-07-20,Valencia,M,16
2920,2021-04-01,Sevilla,F,36
2968,2022-09-04,VALENCIA,f,22
983,2019-07-14,BARCELONA,m,32
1470,2020-01-31,Barcelona,Masculino,44
2969,2022-10-25,Zaragoza,M,41
477,2020-02-22,madrid,f,51
1423,2020-12-08,Málaga,F,40
713,2023-08-13,Valencia,M,45
4664,2021-11-23,Bilbao,M,42
874,,Lisboa,Femenino,16
1778,2019-03-07,bilbao,F,30
4049,2021-10-01,LISBOA,F,39
1327,2020-12-01,Oporto,f,39
2357,2020-12-17,Madrid,m,55
1175,2020-12-04,Lisboa,Femenino,53
1053,2021-05-15,Sevilla,Femenino,16
2159,2024-02-03,BARCELONA,f,55
3402,2021-05-12,Madrid,F,25
2770,2019-03-31,A Coruña,Femenino,48
3761,2020-11-14,Málaga,m,30
3970,,Barcelona,Masculino,24
3481,2019-06-27,Sevilla,M,33
3846,2019-10-18,Barcelona,F,16
65,2020-06-24,Madrid,m,41
1684,2020-04-18,barcelona,F,42
2808,2021-11-05,valencia,m,51
3689,2019-08-02,barcelona,Masculino,22
4822,2019-05-18,Madrid,F,37
3864,2023-11-15,Madrid,M,50
1816,2023-06-16,Madrid,F,48
1610,2020-01-20,Málaga,Masculino,22
908,2021-09-08,Bilbao,f,40
692,2022-02-21,Zaragoza,F,32
3291,2019-09-09,Barcelona,M,51
1001,2024-03-23,Barcelona,Masculino,26
2105,2019-02-02,Valencia,M,24
799,2018-09-16,Madrid,f,35
3186,2023-05-04,BILBAO,M,38
1472,2022-08-31,barcelona,Femenino,42
1957,2021-10-25,Madrid,Femenino,53
4577,2020-02-06,Zaragoza,F,41
2150,2021-08-20,Sevilla,Femenino,38
949,2023-01-23,Zaragoza,M,41
2904,2022-10-05,Bilbao,Masculino,34
1351,2023-03-10,Barcelona,M,28
137,2023-08-08,barcelona,f,29
4380,2021-01-04,Madrid,Masculino,45
1248,2018-11-12,Valencia,Masculino,16
1660,2021-02-22,Madrid,Femenino,53
3518,2021-02-23,MADRID,M,29
808,2020-11-03,BARCELONA,f,16
3228,2019-07-30,Sevilla,Femenino,16
4368,2019-01-05,Oporto,Femenino,44
1922,2020-05-05,zaragoza,m,26
2047,2018-09-15,Málaga,Masculino,38
1418,2018-06-24,Madrid,f,52
3284,2019-12-16,Barcelona,f,28
2457,2018-10-05,Valencia,f,49
1318,2023-04-12,Málaga,F,38
2306,2019-04-22,oporto,F,66
4523,2019-05-03,Madrid,m,24
2016,2021-04-11,Barcelona,M,50
1980,2019-08-10,Lisboa,F,29
786,2023-04-24,Madrid,f,44
3685,2019-10-31,Madrid,F,41
4305,2020-07-28,Valencia,F,19
4119,2023-06-21,Valencia,m,27
3195,2019-04-26,MADRID,F,28
3307,2020-05-16,Valencia,m,51
810,2020-06-02,Zaragoza,m,46
1052,2018-08-21,Madrid,M,46
866,2021-09-02,Málaga,Femenino,47
1073,2020-04-22,Barcelona,F,32
4424,2023-05-07,MADRID,Masculino,51
1338,2020-01-23,Madrid,M,27
1977,2023-07-20,Sevilla,F,29
1871,2023-03-15,MADRID,Femenino,42
1409,2023-09-19,Oporto,Masculino,47
363,2022-05-04,Madrid,F,16
239,2023-07-08,Barcelona,m,16
2170,2023-10-22,Barcelona,F,44
3108,2022-03-26,Madrid,M,22
4897,2021-06-09,VALENCIA,M,36
4781,2020-05-07,Madrid,Masculino,53
2743,2019-04-12,Sevilla,Femenino,36
855,2020-01-14,Sevilla,F,42
2986,2020-12-02,Bilbao,M,56
1005,2022-01-15,Madrid,F,20
1018,2022-01-12,Valencia,M,67
2607,2019-03-11,Madrid,Femenino,44
2093,2023-08-14,MADRID,F,22
2578,2018-01-15,Zaragoza,M,33
3210,2023-12-26,BARCELONA,m,49
3688,2019-03-15,A Coruña,M,34
1059,2019-01-27,Madrid,Masculino,42
1742,2018-07-07,Barcelona,f,38
3997,2023-03-08,zaragoza,f,37
4947,2020-10-02,Madrid,Masculino,26
934,2018-04-15,Oporto,f,17
1973,2021-07-30,madrid,M,54
3488,2019-02-07,barcelona,F,44
4585,2018-05-15,Valencia,M,18
4583,2023-09-19,Bilbao,M,48
3578,2021-03-21,Sevilla,F,58
3772,2021-04-16,Madrid,M,29
895,2019-02-23,lisboa,m,26
3957,2019-08-12,BARCELONA,f,25
2107,2019-09-06,Madrid,M,34
658,2020-08-19,A CORUÑA,M,23
4669,2018-02-11,Valencia,M,25
3638,2023-10-13,LISBOA,F,31
4720,,barcelona,Masculino,47
2705,2019-10-12,MADRID,f,27
4127,2023-10-13,Bilbao,m,26
566,2024-04-10,Barcelona,f,47
3077,2021-10-03,Bilbao,Femenino,32
191,2021-07-28,Valencia,Femenino,59
1743,2020-08-22,Sevilla,Femenino,24
4031,2023-02-01,Barcelona,M,51
2810,2019-05-13,bilbao,M,41
2380,2021-02-06,Sevilla,m,55
4281,2020-12-04,Barcelona,Femenino,47
964,2022-07-19,Sevilla,Femenino,42
4760,2023-05-27,Sevilla,M,47
3505,2024-05-06,Oporto,Masculino,38
3499,2018-08-23,Sevilla,m,52
1219,2023-06-07,valencia,M,16
1238,2023-01-10,BILBAO,F,38
624,2019-10-14,Madrid,Femenino,28
3852,2024-05-22,Madrid,Femenino,38
553,2019-12-26,Madrid,f,27
2338,2022-02-23,Madrid,M,55
2765,2020-01-18,Valencia,f,57
4129,2023-05-12,Valencia,f,21
1013,2024-01-21,Madrid,M,38
1416,2022-01-21,Madrid,F,26
323,,A Coruña,F,28
3194,2019-10-12,Barcelona,f,29
978,2024-01-22,madrid,M,39
2192,2021-12-25,Madrid,Masculino,33
1775,2020-08-25,Madrid,F,20
3379,2021-06-12,Madrid,Femenino,39
2370,2022-10-04,madrid,M,50
4928,2018-08-11,Madrid,F,17
2623,2022-11-10,Madrid,Femenino,38
2801,2024-02-02,MADRID,Femenino,37
2647,2021-07-17,valencia,m,45
530,,barcelona,F,19
4547,2019-08-19,A Coruña,F,63
2006,2024-02-06,sevilla,M,32
3544,2024-04-17,madrid,F,28
2849,2020-05-06,Barcelona,Masculino,41
3022,2021-02-20,madrid,F,45
2699,2020-09-12,A Coruña,m,40
4251,2024-01-11,Barcelona,M,44
1981,2023-01-07,Valencia,m,22
3574,2024-05-20,Barcelona,M,16
2954,2023-08-15,Barcelona,M,30
601,2022-10-06,Madrid,f,55
63,2022-01-23,Madrid,Masculino,55
894,2018-07-06,MÁLAGA,F,39
2508,2018-09-23,Barcelona,Femenino,46
4324,2023-06-06,Oporto,f,29
1751,2018-04-18,a coruña,Femenino,45
2182,2019-01-05,oporto,Femenino,16
2504,2019-10-15,a coruña,M,52
2104,2022-08-13,Barcelona,M,30
3057,2018-09-08,MÁLAGA,Masculino,53
3539,2020-07-29,Madrid,M,45
4101,2023-05-19,Barcelona,Femenino,52
114,2020-10-06,Bilbao,M,39
4123,2019-05-30,valencia,F,45
2934,2023-11-19,Madrid,F,16
452,2024-05-23,ZARAGOZA,F,33
4672,2021-03-17,BARCELONA,M,31
1666,2024-05-07,Sevilla,F,37
3674,2020-06-22,zaragoza,M,52
1495,2020-06-24,madrid,F,24
3411,2021-05-09,madrid,Femenino,37
4929,2023-10-24,Málaga,m,47
4074,2018-01-27,Lisboa,M,46
1491,2022-09-24,Barcelona,M,37
4258,2023-03-18,sevilla,Femenino,42
537,2019-08-14,málaga,F,38
1256,2018-07-07,Madrid,Masculino,30
2341,2018-06-07,barcelona,M,33
3011,2021-11-07,Madrid,Femenino,42
4534,2020-08-27,madrid,M,27
1119,2020-05-04,Barcelona,F,21
3303,2022-09-16,MADRID,F,29
1203,2019-11-12,Madrid,F,43
843,2020-08-18,Madrid,Masculino,16
3359,2021-03-23,Madrid,m,23
3003,2024-03-27,A Coruña,m,35
504,2023-08-11,LISBOA,m,47
148,2020-11-13,Valencia,m,28
4188,2019-10-17,Madrid,m,54
2857,2022-05-07,Barcelona,F,26
2619,2020-08-07,Madrid,f,47
2337,2022-12-03,Barcelona,Masculino,47
1083,2019-10-28,valencia,F,42
3261,2022-05-29,bilbao,M,62
4796,2018-12-18,Barcelona,F,42
4253,2019-04-29,Lisboa,M,49
1128,2022-07-21,Oporto,f,37
2522,2022-03-13,Barcelona,F,29
1454,2018-03-29,Valencia,M,34
2926,2021-08-08,Valencia,F,38
618,2023-03-18,bilbao,f,30
3760,2019-06-14,zaragoza,F,45
331,2023-01-04,barcelona,Masculino,45
967,2020-11-28,madrid,M,44
4923,2023-10-14,Málaga,M,42
3610,2022-09-12,Madrid,M,47
1209,2021-10-19,Lisboa,F,35
341,2019-07-13,Madrid,M,35
4209,2021-03-07,Barcelona,f,43
4033,2022-05-06,barcelona,Masculino,49
4461,2020-09-23,MADRID,Masculino,39
2124,2022-03-13,A Coruña,F,40
3816,2020-01-28,Sevilla,M,33
3414,2019-07-25,Valencia,Femenino,17
3343,2022-05-06,Sevilla,F,17
4216,2019-09-12,Valencia,M,41
1675,,madrid,f,16
2712,2019-04-20,barcelona,Femenino,44
1184,2023-01-20,Oporto,f,52
1038,2019-09-13,Barcelona,Masculino,31
4079,2022-01-09,barcelona,Masculino,24
531,2019-05-17,madrid,Femenino,25
1335,2020-03-18,Bilbao,Femenino,19
2528,2023-04-11,SEVILLA,M,35
1382,2019-09-24,Málaga,M,56
3960,2019-10-31,Madrid,F,35
2837,2020-07-29,Barcelona,F,23
1498,2023-08-13,Bilbao,M,37
4489,2020-01-27,Barcelona,Masculino,16
2439,2019-09-29,MADRID,M,58
4725,2020-05-24,Bilbao,Femenino,19
661,2024-06-11,Barcelona,M,31
4851,2022-01-10,MADRID,M,33
3682,2021-02-04,Valencia,Femenino,51
4371,2023-03-08,Barcelona,F,39
3842,2023-04-30,Barcelona,F,43
2523,2023-06-29,barcelona,f,38
1829,2021-07-26,Madrid,Femenino,55
834,2018-09-30,Oporto,m,47
4001,2020-02-09,Barcelona,M,29
3562,2019-03-26,Madrid,M,23
4362,2021-10-02,Lisboa,M,17
747,2021-01-11,Bilbao,m,30
4538,2022-11-07,Barcelona,m,28
609,2018-02-17,a coruña,F,32
1462,2019-06-08,Valencia,M,57
4595,2020-01-27,Madrid,M,33
3840,2019-07-03,Barcelona,F,46
372,2023-11-04,BARCELONA,F,43
108,2020-04-20,málaga,M,50
417,2021-08-13,Bilbao,m,43
3164,2018-02-07,bilbao,M,38
2184,2023-03-28,Sevilla,F,23
3326,2020-03-02,Valencia,F,26
1100,2018-04-09,Oporto,Femenino,20
2995,2022-06-24,Sevilla,Femenino,29
4736,2022-03-04,ZARAGOZA,M,62
2118,2023-03-18,Sevilla,m,43
4346,2019-08-12,Madrid,m,25
3810,2019-06-23,Zaragoza,f,16
3897,2021-03-17,Madrid,Masculino,39
1709,2020-11-19,Sevilla,Masculino,66
1789,2018-05-25,Barcelona,Masculino,49
1032,,Bilbao,M,42
2860,2020-12-22,Valencia,Masculino,45
3884,2020-06-10,Sevilla,Femenino,47
602,2018-02-21,Madrid,M,47
100,2018-07-04,Oporto,F,37
343,2023-06-21,Barcelona,Masculino,47
3363,2021-02-11,madrid,Masculino,33
1982,2020-05-08,Bilbao,M,51
1901,2018-08-05,barcelona,f,33
1896,2021-01-06,barcelona,M,46
226,2019-11-24,Malaga,M,59
329,2024-01-13,Barcelona,M,41
1310,2020-10-19,Bilbao,F,41
392,2020-12-05,LISBOA,M,33
2253,2023-10-29,Barcelona,M,35
1611,2023-05-15,A Coruña,M,36
255,2024-05-12,MÁLAGA,F,56
263,2021-02-16,Barcelona,f,36
368,2023-11-23,Barcelona,F,34
2405,2022-08-27,madrid,Femenino,53
1925,2023-08-26,Zaragoza,F,39
3087,2022-06-22,Barcelona,Femenino,35
2675,,BARCELONA,M,20
4464,2019-09-22,SEVILLA,F,49
4615,2022-02-05,Barcelona,m,51
4853,2023-08-11,barcelona,M,48
1467,2022-09-05,Barcelona,Femenino,23
741,2021-11-01,MÁLAGA,m,18
1258,2020-04-06,Madrid,M,19
507,2022-08-31,oporto,F,31
4293,2018-12-27,BARCELONA,Masculino,53
3969,2019-12-05,Bilbao,F,30
3081,2022-11-13,Valencia,M,35
3266,2024-06-16,Madrid,f,21
2090,2020-08-23,Lisboa,m,38
2551,2019-12-08,Sevilla,F,43
3103,2019-10-06,sevilla,F,29
2008,2024-01-15,LISBOA,Femenino,54
4906,2023-06-30,Sevilla,Femenino,35
1576,,Madrid,F,28
614,2023-08-08,Madrid,M,57
3308,2019-11-30,Valencia,M,52
4387,2022-09-14,Madrid,m,60
3394,2021-08-22,Valencia,F,49
2367,2022-09-18,Sevilla,m,20
4753,2023-07-10,sevilla,f,55
2218,2021-01-07,Valencia,F,16
2513,2020-12-05,Sevilla,Femenino,58
4586,2024-01-08,lisboa,f,17
1950,2021-04-18,OPORTO,F,54
3053,2023-03-22,barcelona,F,16
2961,2020-03-21,Bilbao,M,48
1850,2018-10-19,Bilbao,f,44
4479,2020-01-23,Madrid,M,34
2129,2020-07-11,Bilbao,M,40
1594,2020-09-20,Lisboa,f,27
3662,2024-02-10,SEVILLA,M,30
3112,2021-06-02,Madrid,M,34
2359,2021-12-25,Barcelona,F,46
2595,2021-08-17,Barcelona,F,26
4333,2018-11-17,Madrid,Masculino,31
2480,2020-10-24,Málaga,F,39
3451,2020-11-20,BARCELONA,F,26
3851,2022-08-19,Madrid,F,49
751,2018-03-04,SEVILLA,M,35
2245,2023-05-30,Sevilla,F,41
3339,2018-06-24,bilbao,f,35
4005,2022-01-04,Barcelona,F,35
2696,2022-08-26,Lisboa,f,52
4606,2020-11-01,Valencia,Femenino,44
516,2024-05-06,Barcelona,M,32
636,2019-07-12,SEVILLA,m,16
4600,2019-03-20,Barcelona,F,46
322,2021-09-09,Madrid,M,21
3971,2018-08-18,Sevilla,Femenino,32
4302,2019-10-20,Barcelona,Femenino,45
3538,2023-05-01,Sevilla,Masculino,42
1691,2021-07-04,sevilla,f,59
3900,2023-07-22,Valencia,Femenino,42
4452,2022-10-19,MADRID,M,52
2401,,Barcelona,M,52
3567,2023-01-26,Madrid,Masculino,61
1331,2018-01-06,Madrid,Femenino,24
546,2022-01-24,Málaga,M,42
4742,2023-08-06,Barcelona,F,39
1441,2019-05-24,Lisboa,M,32
1557,2021-10-13,madrid,Masculino,51
83,2021-12-29,Sevilla,M,22
890,2024-06-16,Lisboa,Masculino,39
3001,2021-12-20,Barcelona,Femenino,47
655,2023-05-04,Zaragoza,M,42
4866,2022-06-17,Valencia,M,62
907,2022-10-03,oporto,F,34
2485,2021-01-06,Barcelona,f,54
4620,2019-03-30,Barcelona,m,24
4576,2024-01-19,Madrid,M,40
1555,2020-11-19,lisboa,F,45
2122,2021-06-03,Madrid,Femenino,25
2332,2022-05-11,Valencia,Femenino,42
3073,2018-07-14,Zaragoza,Femenino,52
3699,2021-07-27,madrid,F,35
2898,2020-07-23,madrid,M,19
3589,2020-12-03,BARCELONA,m,27
2075,2018-12-21,Barcelona,F,27
2478,2019-10-20,Málaga,Femenino,27
3724,2024-04-08,Madrid,M,43
2165,2022-10-15,Barcelona,M,36
2323,,Madrid,m,23
2209,2021-10-02,VALENCIA,f,32
4316,,Sevilla,Femenino,34
3441,2024-03-10,Barcelona,F,33
3980,2019-04-14,Valencia,Femenino,54
429,2023-09-28,Bilbao,M,20
4652,2023-05-08,BARCELONA,F,19
290,2021-11-04,Madrid,m,60
4850,2021-02-10,lisboa,F,31
2000,2019-06-22,madrid,f,38
442,2022-04-09,Oporto,M,48
4590,2020-08-14,Zaragoza,M,47
2423,2019-01-30,Bilbao,m,20
3717,2023-06-25,Bilbao,F,26
1474,2019-09-05,Barcelona,M,46
1068,2023-07-13,Madrid,Masculino,39
4877,2020-08-21,Valencia,Masculino,29
2043,2018-08-20,Malaga,M,33
2062,2022-02-25,VALENCIA,F,61
4955,2019-07-22,Barcelona,F,54
2315,2023-09-24,Madrid,F,31
346,2023-04-06,Valencia,M,28
2627,2018-02-12,Zaragoza,Femenino,59
3473,2021-03-14,lisboa,M,16
1235,,Madrid,Masculino,43
4604,2020-04-06,A Coruña,F,38
1939,2018-01-19,málaga,Femenino,45
693,2018-08-14,Bilbao,F,33
1712,2019-10-22,Madrid,m,44
3681,2024-06-06,Sevilla,F,49
4247,,valencia,Masculino,33
2349,2023-07-25,Barcelona,F,51
3344,2024-03-24,Madrid,m,40
3035,2021-04-14,Barcelona,M,55
1,2024-03-22,Sevilla,F,34
193,,Madrid,f,40
1607,2024-06-07,a coruña,m,16
4858,2019-06-24,A Coruña,M,49
1934,2018-11-18,Barcelona,Masculino,28
1614,2021-02-02,MADRID,Femenino,38
2656,2023-05-24,Valencia,Masculino,16
965,2020-09-07,Barcelona,M,60
2642,2020-03-16,Barcelona,M,18
4642,2022-07-22,bilbao,M,62
1532,,Sevilla,F,33
4213,2022-05-14,Barcelona,M,50
3954,2023-03-29,oporto,Femenino,37
4683,2018-09-08,OPORTO,Femenino,20
4233,2018-08-06,Madrid,Masculino,44
1577,2022-01-11,Valencia,Masculino,38
1524,2022-01-10,Barcelona,F,26
1835,2019-03-20,Madrid,Femenino,59
2873,2021-12-16,Málaga,F,37
1111,2021-12-16,BILBAO,M,43
2023,2023-08-27,madrid,F,44
258,2024-02-17,Lisboa,F,36
3172,2019-07-11,Valencia,Masculino,32
4589,2020-10-28,Lisboa,m,35
4626,2021-03-28,Bilbao,F,21
1670,2024-01-10,Málaga,M,37
1518,2019-01-28,MADRID,M,21
1027,2020-05-09,Lisboa,f,21
4170,2018-07-31,Bilbao,Masculino,57
1390,2022-09-11,Lisboa,Femenino,46
1039,2022-04-04,Sevilla,f,33
3582,2022-08-15,Barcelona,M,25
812,2020-06-12,Madrid,Masculino,20
782,2022-12-27,Madrid,Femenino,30
4625,2023-01-04,Bilbao,Femenino,36
2747,2019-02-19,A CORUÑA,Femenino,48
4345,2021-07-16,Madrid,M,27
4668,2018-04-05,Madrid,M,39
2110,2024-06-02,Zaragoza,Femenino,39
4786,2020-10-09,Barcelona,Femenino,59
2597,2024-06-16,Sevilla,Femenino,45
1071,2020-04-22,Bilbao,M,31
3938,2018-03-16,Valencia,Masculino,56
419,2019-04-09,Zaragoza,M,16
1221,2022-02-09,Sevilla,F,56
3347,2020-04-04,Barcelona,m,29
1661,2022-04-08,MADRID,F,58
955,2018-12-01,Barcelona,m,45
1945,2021-02-27,Bilbao,M,30
3318,2023-04-20,A Coruña,F,71
3486,2024-05-04,Madrid,F,30
1403,2018-02-06,Sevilla,Femenino,43
1332,2021-02-07,Madrid,m,36
840,2018-01-05,Madrid,Femenino,52
3425,2019-12-18,A Coruña,f,24
3380,2019-02-10,Lisboa,f,29
4296,2021-12-27,Madrid,M,48
3348,2023-02-27,valencia,F,35
3074,,MADRID,F,31
3775,2022-06-05,LISBOA,Masculino,55
457,2018-02-01,Valencia,F,54
4330,2019-05-17,Sevilla,M,52
4446,2020-11-21,A Coruña,M,43
71,2023-09-04,Lisboa,M,38
1329,2019-07-11,Zaragoza,Femenino,47
3992,2023-05-22,A Coruña,Femenino,41
1985,2019-11-19,Madrid,f,38
318,2019-05-04,barcelona,F,19
4591,2023-05-28,BARCELONA,F,58
81,2023-07-13,A Coruña,Femenino,50
4649,2020-02-11,Madrid,Femenino,34
4106,2020-11-04,MÁLAGA,F,25
1956,,Sevilla,m,29
4599,2022-02-13,Valencia,M,16
1333,2020-07-17,madrid,M,34
4671,2020-02-02,Madrid,Masculino,41
542,2018-11-28,ZARAGOZA,F,41
202,2020-07-20,Madrid,M,58
1285,2020-06-22,MADRID,M,47
3094,2019-04-05,ZARAGOZA,Femenino,48
2503,2020-04-28,BARCELONA,Masculino,26
214,2023-01-07,madrid,M,35
738,2019-12-11,Madrid,F,37
1692,2021-04-17,Barcelona,Masculino,26
4535,2022-06-25,Barcelona,Masculino,39
826,2023-03-29,Madrid,Femenino,51
4859,2018-08-18,Valencia,f,45
2701,,Lisboa,f,0
4775,2021-07-16,Madrid,Masculino,16
4698,2020-07-31,VALENCIA,M,24
2175,2022-09-17,Barcelona,M,30
2734,2023-11-12,Madrid,Masculino,59
4530,2020-03-30,BARCELONA,f,34
4279,2022-08-30,BARCELONA,Masculino,47
3553,2023-05-24,Valencia,f,33
308,2021-06-06,Madrid,Femenino,53
4723,2022-08-20,zaragoza,M,50
3028,2020-07-23,Valencia,f,36
913,2020-02-25,Valencia,f,38
1682,2022-04-08,Valencia,Masculino,32
3744,2023-01-01,Madrid,M,21
4373,2022-02-05,barcelona,F,45
384,2018-06-23,Barcelona,F,47
1279,2024-05-29,A CORUÑA,M,36
97,2020-10-07,Málaga,F,16
183,2023-08-07,barcelona,Masculino,16
4501,2020-05-18,Madrid,Masculino,30
4507,2022-05-17,Madrid,F,49
4004,2020-03-02,BARCELONA,f,35
72,2019-11-14,Barcelona,m,43
628,2023-03-12,bilbao,M,30
2643,2018-07-20,VALENCIA,M,41
822,2018-11-24,BARCELONA,Masculino,33
3055,2018-03-18,madrid,M,28
2255,2020-01-17,zaragoza,M,33
1776,2021-12-04,BARCELONA,F,41
1903,2020-11-20,Sevilla,f,34
1102,2022-07-19,Madrid,Femenino,36
3618,2022-09-14,Sevilla,M,25
1144,2023-06-11,MÁLAGA,F,61
1862,2024-06-10,MADRID,F,62
2288,2019-04-12,madrid,F,28
2321,2019-05-22,Barcelona,f,41
540,2020-01-20,VALENCIA,M,38
2942,2022-11-27,Bilbao,F,29
454,2021-01-08,Bilbao,M,43
3793,2023-08-28,MADRID,F,16
3502,2019-02-03,Bilbao,M,25
577,2018-11-27,Sevilla,M,26
2751,2020-01-07,Bilbao,F,60
4017,2023-03-18,Oporto,m,43
1783,2022-03-28,Madrid,F,52
1427,2023-10-10,Sevilla,M,16
4710,2022-08-26,Sevilla,M,32
4637,2018-10-21,Madrid,M,30
1189,2023-10-17,LISBOA,Masculino,26
1566,2022-02-09,VALENCIA,F,19
4064,2022-11-12,valencia,Femenino,18
282,2024-02-28,Madrid,Masculino,48
4261,2022-08-24,Sevilla,F,41
1196,2019-12-07,barcelona,m,44
2900,2020-05-12,Oporto,F,32
3720,2020-04-08,Zaragoza,m,39
2483,2020-12-07,Madrid,M,33
3299,2018-02-25,Málaga,M,47
3515,2023-07-25,Valencia,Masculino,42
3771,2023-06-22,Valencia,M,43
3450,2023-08-15,Madrid,Femenino,43
2068,2018-09-03,Sevilla,F,37
3698,2018-05-02,ZARAGOZA,f,31
2335,2024-03-19,Madrid,F,48
4817,2018-12-12,Zaragoza,F,57
1571,2019-03-09,Barcelona,M,37
4532,2021-05-05,Madrid,F,35
3389,2019-10-12,barcelona,m,36
4118,2023-04-15,sevilla,Masculino,44
4272,2018-09-04,MADRID,M,41
2430,2021-07-04,Lisboa,f,51
2465,2022-10-27,madrid,F,47
2010,2020-06-28,OPORTO,M,21
3832,2019-06-08,Bilbao,F,31
2418,2022-01-10,Valencia,Femenino,50
3258,2024-04-02,Valencia,M,53
4453,2019-11-18,Madrid,M,46
147,2018-11-03,Zaragoza,M,17
1516,2023-08-24,Bilbao,Masculino,51
921,2022-01-23,Lisboa,F,21
3124,2020-06-12,barcelona,m,37
34,,Madrid,F,34
4529,2021-10-07,valencia,f,25
2564,2020-10-11,Madrid,Masculino,48
1261,2023-05-08,Zaragoza,M,47
2644,2023-12-22,Madrid,Masculino,18
3492,2020-03-18,Barcelona,F,28
2836,2021-01-29,A Coruña,F,41
1943,2022-09-29,Barcelona,M,26
1542,2022-01-02,Málaga,Femenino,62
1425,2021-02-09,Madrid,Femenino,57
1603,2020-04-18,Barcelona,f,37
3809,2022-10-01,Barcelona,F,38
4426,2020-10-20,Madrid,Masculino,16
1543,2021-04-09,Valencia,F,16
74,2018-09-20,Barcelona,f,16
4353,2023-01-21,Valencia,F,38
1117,2022-04-24,Barcelona,M,25
647,2019-04-12,Bilbao,m,38
737,2022-08-02,barcelona,M,52
3531,,madrid,M,46
2301,2023-03-03,MADRID,Femenino,49
3361,2019-05-05,A Coruña,M,46
2764,,Sevilla,M,38
3996,2021-01-21,Madrid,F,37
4618,2024-01-24,Madrid,F,32
664,2021-04-18,Lisboa,M,35
56,2020-09-18,Madrid,F,40
2927,2020-03-28,Málaga,F,54
4703,2021-09-15,madrid,M,29
892,2019-08-09,Málaga,m,45
1796,2023-04-04,MÁLAGA,F,32
2816,2018-10-23,Sevilla,Femenino,38
3370,2021-06-24,Madrid,f,54
641,2021-11-01,Lisboa,Femenino,37
2924,2022-09-08,Bilbao,M,35
4564,2019-02-20,Madrid,M,31
4566,2018-06-22,madrid,F,30
1627,2019-03-13,Barcelona,Masculino,26
4878,2022-11-07,valencia,Femenino,35
2955,2019-04-12,sevilla,F,39
2073,2020-05-31,VALENCIA,F,16
976,2020-04-13,sevilla,M,24
2866,2022-06-30,Bilbao,m,48
3907,2023-06-17,Valencia,F,23
2529,2021-04-18,Valencia,M,35
1445,2022-04-24,Madrid,F,38
3740,2024-03-23,Zaragoza,M,46
772,2018-12-14,Oporto,m,33
619,2019-01-12,Sevilla,Femenino,30
3238,2019-05-05,Madrid,M,45
3631,2022-09-17,Barcelona,M,39
2436,2019-10-11,valencia,M,46
629,2018-03-09,Madrid,f,25
394,2020-02-07,Zaragoza,M,16
912,2020-02-16,málaga,F,20
3517,2023-09-18,Lisboa,Femenino,49
667,2022-01-24,madrid,f,25
393,2018-08-19,Madrid,F,38
2649,2023-12-13,Barcelona,Femenino,31
4043,2018-05-26,Bilbao,f,18
4772,2020-05-29,Málaga,M,30
390,2018-08-13,Sevilla,F,39
3511,2018-12-18,Barcelona,M,31
2133,2018-03-13,Sevilla,Masculino,62
3552,2022-12-13,valencia,m,41
4553,2019-11-19,Oporto,Femenino,26
2482,2022-04-03,A Coruña,m,50
2007,2022-10-28,Madrid,F,40
1990,2024-02-05,A Coruña,F,19
3368,2023-06-07,madrid,f,30
4640,2019-05-02,MADRID,Femenino,26
3532,2018-05-02,Lisboa,M,20
1262,2018-02-15,bilbao,M,40
2443,2019-12-28,Barcelona,F,29
3985,2023-03-12,Lisboa,m,34
1055,2020-06-05,Zaragoza,M,30
1597,2022-08-12,Barcelona,F,35
3358,2022-04-21,Barcelona,F,50
3205,2018-05-10,lisboa,F,44
1530,2022-06-20,Valencia,m,21
1408,2024-04-01,Zaragoza,f,38
1074,2020-12-12,Sevilla,F,30
455,2018-11-29,valencia,M,30
298,2023-11-03,málaga,M,34
234,,barcelona,F,57
2728,2020-07-08,Barcelona,F,45
6,2018-03-06,Lisboa,F,42
1151,2020-11-22,BILBAO,f,27
3252,2020-05-14,Barcelona,F,48
759,2020-03-06,sevilla,M,50
3045,2022-10-18,Sevilla,F,16
4823,2019-05-02,VALENCIA,Masculino,23
1545,,Barcelona,M,22
2744,2020-11-03,Barcelona,M,35
2760,,sevilla,Femenino,64
4090,2022-09-12,Madrid,F,26
1170,2019-10-07,MADRID,M,58
3409,2024-03-27,Valencia,Masculino,35
3461,2021-04-06,madrid,M,39
230,2023-02-16,barcelona,M,48
4160,2020-07-21,Barcelona,M,19
1900,2022-04-03,Barcelona,M,42
3440,2022-09-29,lisboa,F,47
2715,2021-08-04,Lisboa,F,38
3893,2019-12-03,Valencia,M,32
4070,2023-01-13,bilbao,f,56
853,2019-02-22,Barcelona,Femenino,35
257,2018-10-24,Oporto,M,27
2717,,Madrid,F,29
4392,2021-07-09,Barcelona,f,49
2682,,Madrid,M,48
970,2018-02-20,Madrid,Masculino,18
1753,2019-09-15,Barcelona,F,18
446,2023-06-13,Lisboa,f,42
4161,2023-03-09,Barcelona,f,26
2198,2021-02-03,Madrid,M,47
1728,2023-11-13,BARCELONA,M,41
2164,2019-12-06,Barcelona,Masculino,34
4012,2019-09-24,Sevilla,F,38
2678,2019-06-15,Madrid,m,16
2768,2023-07-11,Barcelona,Femenino,29
790,2020-02-18,madrid,F,25
770,2021-10-01,barcelona,Femenino,33
1283,2024-02-15,BARCELONA,M,44
3679,2024-02-12,Sevilla,F,42
933,2021-06-07,Barcelona,Femenino,47
3350,2024-02-06,Sevilla,F,57
4916,2019-03-19,Madrid,M,52
1932,2021-12-20,VALENCIA,M,42
2051,2018-03-27,Madrid,F,27
1294,2019-09-20,SEVILLA,m,48
1006,2018-08-30,Barcelona,F,30
3732,2018-11-02,Málaga,Masculino,35
15,2021-04-14,Valencia,f,21
4521,2022-11-25,Barcelona,M,27
2406,2023-02-13,Barcelona,f,33
3830,2022-12-14,madrid,Masculino,16
1648,2021-04-19,Valencia,Femenino,31
68,2024-02-03,Madrid,M,56
4336,2018-09-27,Bilbao,m,41
3591,2021-01-10,Barcelona,Femenino,49
2095,2022-03-28,Barcelona,Masculino,46
338,2020-05-25,Bilbao,Femenino,43
2912,2023-06-14,Madrid,F,48
690,2020-03-16,Madrid,F,53
1553,2019-06-05,barcelona,f,37
2922,2022-03-19,Barcelona,M,42
1832,2022-09-13,Sevilla,F,47
4588,2023-01-30,Madrid,Masculino,51
613,2019-10-11,Oporto,M,49
3453,2019-10-19,Madrid,F,59
3888,2018-06-05,Valencia,m,41
3298,2024-06-08,Madrid,Femenino,47
761,2020-05-10,Madrid,Femenino,54
2432,2022-01-09,Málaga,F,53
3921,2020-12-10,BARCELONA,f,50
1749,2021-06-15,Madrid,M,54
4237,2021-03-02,A Coruña,F,24
4411,2020-01-16,Madrid,M,36
3918,2020-10-08,Madrid,Femenino,43
1598,2021-07-21,BARCELONA,Masculino,49
593,2020-01-22,LISBOA,Femenino,52
4651,2021-07-26,VALENCIA,M,56
600,2019-04-26,Madrid,F,41
3234,2022-01-06,Málaga,F,36
2864,2022-01-16,barcelona,M,43
3341,,BARCELONA,Femenino,33
1392,2022-11-28,LISBOA,f,35
3542,2022-04-27,Barcelona,M,16
3764,2022-01-20,Zaragoza,Masculino,49
232,2018-04-04,madrid,M,37
3438,2024-02-19,Madrid,Masculino,29
4182,2024-03-24,Sevilla,F,39
1891,2021-03-29,madrid,F,28
1852,2023-01-14,Madrid,F,20
1463,2019-03-15,Lisboa,Femenino,39
3098,2019-01-03,Sevilla,M,47
1480,2019-01-25,Madrid,F,22
4773,2019-11-11,madrid,Femenino,38
1872,2018-07-08,Barcelona,f,25
3950,2020-12-22,Barcelona,f,49
283,2018-03-21,BARCELONA,Masculino,20
1599,2018-05-29,Barcelona,M,34
104,2020-03-17,Sevilla,Masculino,37
2536,2023-02-01,Lisboa,M,41
3718,2022-10-16,Sevilla,M,55
2344,2019-10-12,barcelona,F,62
213,2022-08-01,Valencia,Femenino,43
3249,2020-10-16,Madrid,Femenino,38
1499,2019-11-05,ZARAGOZA,f,44
4076,,valencia,Masculino,40
12,2018-07-19,Valencia,f,33
2167,2023-05-18,Valencia,M,40
2984,2019-04-06,Barcelona,F,42
4295,2019-12-07,Madrid,Masculino,46
1236,2021-01-11,Barcelona,f,28
2081,2022-11-20,Barcelona,Masculino,32
3064,2021-02-02,Lisboa,F,30
904,2023-07-08,Madrid,f,31
521,2020-03-10,Madrid,m,26
4449,2021-02-21,Madrid,Masculino,48
3183,2018-11-28,Bilbao,f,36
2102,2022-02-10,Oporto,M,45
4757,2023-07-20,Madrid,F,16
2029,2019-01-03,BARCELONA,f,38
4747,2020-12-17,madrid,M,35
3352,2018-02-24,Barcelona,Femenino,56
132,2019-02-24,Oporto,M,60
1647,2019-11-27,Valencia,Masculino,40
4329,2022-07-01,A Coruña,Femenino,49
471,2018-11-02,Bilbao,M,52
3731,2019-06-05,Sevilla,m,25
2203,2023-05-24,Valencia,M,32
326,2018-01-07,málaga,M,34
2651,2023-10-20,BARCELONA,f,45
397,2021-12-02,Madrid,f,49
3429,2019-10-09,Barcelona,Masculino,27
4644,2021-05-31,Valencia,M,42
4250,2018-06-07,Madrid,Masculino,48
3089,2019-02-27,Barcelona,M,30
1713,2024-02-25,Barcelona,M,39
3780,2021-07-09,Madrid,f,44
4837,2018-11-13,A Coruña,f,30
1814,2021-01-07,BARCELONA,Femenino,47
3231,2021-01-03,Sevilla,F,40
2207,2019-07-03,Barcelona,M,29
1362,2022-02-17,Zaragoza,F,46
2479,2019-06-25,Zaragoza,m,33
4421,2018-04-09,Valencia,Femenino,48
489,2019-09-02,Zaragoza,F,21
62,2019-05-05,lisboa,M,38
2960,2021-08-21,ZARAGOZA,M,46
3248,2024-04-08,Madrid,f,29
4681,2018-03-01,Zaragoza,f,36
1544,2020-04-10,Madrid,M,53
856,2023-12-20,Barcelona,M,47
4348,2022-07-26,Madrid,M,23
4462,2023-08-24,Valencia,F,47
482,2020-05-10,MADRID,Femenino,40
2266,2018-05-18,Zaragoza,F,16
564,2022-10-13,sevilla,F,39
1437,2023-12-24,Barcelona,Masculino,35
722,2019-12-29,Barcelona,f,37
431,2018-11-13,málaga,f,22
3693,,valencia,Femenino,31
2753,2022-12-19,Zaragoza,F,43
4409,2020-07-13,Madrid,Femenino,34
1364,2021-05-06,Lisboa,M,16
2687,2018-02-26,bilbao,m,44
3708,2020-05-09,Madrid,Femenino,50
2897,2021-03-13,madrid,Femenino,63
4383,2023-01-06,A CORUÑA,f,16
4737,2023-11-05,Madrid,m,35
4460,2024-03-20,Barcelona,M,40
2750,2023-05-08,A CORUÑA,F,30
4315,,barcelona,M,22
2752,2023-11-22,Lisboa,M,51
3866,2018-07-16,Valencia,F,39
17,2021-12-08,BILBAO,m,35
3909,2019-06-06,Valencia,F,46
590,2020-07-22,Madrid,F,50
4002,2023-10-03,bilbao,Femenino,44
1200,2024-01-24,BARCELONA,M,36
4259,2019-09-04,Barcelona,F,48
3841,2024-04-13,BARCELONA,M,27
528,2018-03-12,BILBAO,Femenino,47
1230,2021-11-09,lisboa,Masculino,34
3280,2023-04-21,Barcelona,M,57
2448,2018-07-23,Barcelona,f,57
1239,2020-01-22,Bilbao,f,34
1625,2020-08-01,madrid,F,38
1511,2023-11-08,Madrid,F,39
2494,2021-03-03,Valencia,Femenino,39
4638,2022-12-31,Oporto,Masculino,21
2385,,MÁLAGA,F,56
3144,2021-02-20,BARCELONA,F,24
3658,2020-08-09,Sevilla,m,35
2055,2023-05-23,Zaragoza,m,32
1212,2024-02-08,sevilla,F,28
2283,2022-07-21,Valencia,M,59
66,2021-05-08,Barcelona,m,57
1412,2023-04-19,Sevilla,M,32
4438,2019-03-10,Barcelona,Masculino,17
4761,2020-03-12,Barcelona,M,37
3392,2022-10-10,Lisboa,Femenino,34
2507,2018-01-14,Valencia,f,43
2146,2020-05-05,Valencia,Masculino,199
3185,2020-12-20,Barcelona,Femenino,47
1683,2021-12-05,Madrid,Masculino,37
534,2020-06-03,MADRID,M,36
401,2022-11-11,Lisboa,F,48
1211,2021-07-07,Zaragoza,Masculino,17
4252,2020-08-05,MADRID,f,38
2477,2024-03-02,Madrid,Masculino,52
1468,2023-07-08,Madrid,m,35
3508,2023-10-21,Bilbao,Masculino,33
2625,2020-11-14,MÁLAGA,f,46
1299,2018-04-19,Zaragoza,M,49
2233,2021-01-28,MADRID,F,63
2151,2024-05-13,Barcelona,f,29
836,2019-01-02,Barcelona,Femenino,19
3660,2019-03-08,bilbao,Masculino,46
3947,2021-07-20,Barcelona,M,51
3225,2022-10-11,bilbao,M,19
2587,2018-09-01,madrid,M,27
2718,2021-03-26,Barcelona,F,33
1400,2020-01-02,Sevilla,M,51
4776,2021-06-14,VALENCIA,M,33
4022,2023-05-24,Oporto,m,23
2777,2020-05-13,ZARAGOZA,F,16
3278,2018-05-15,BILBAO,f,38
2831,2020-05-09,Madrid,M,42
3754,2022-06-04,MADRID,M,21
4732,2019-04-26,Madrid,f,23
3328,2022-10-16,barcelona,F,41
1243,2022-04-04,Valencia,Femenino,38
2500,2019-08-31,Lisboa,F,48
273,2018-06-01,ZARAGOZA,f,27
3843,2022-01-03,Barcelona,M,17
240,2020-10-29,Madrid,F,28
4326,2019-01-23,Barcelona,F,52
2730,2022-07-19,valencia,M,25
2525,2020-11-05,A CORUÑA,F,27
1141,2019-11-25,sevilla,Femenino,33
2626,2018-11-02,oporto,Femenino,43
2636,2021-01-24,Madrid,Masculino,44
3964,2023-08-23,Valencia,m,35
1337,2022-03-21,Valencia,F,43
821,2018-02-21,Barcelona,F,32
1105,2018-11-01,Barcelona,M,28
315,2023-12-03,Valencia,f,47
32,2024-01-12,Valencia,F,48
396,2023-01-24,Sevilla,F,34
4689,2019-06-07,Valencia,Femenino,27
1023,2023-02-19,VALENCIA,M,54
1736,2019-09-06,BARCELONA,m,16
2908,2021-10-27,MÁLAGA,Masculino,50
3607,2021-08-17,málaga,f,61
4592,2020-03-07,Madrid,M,53
145,2020-05-24,barcelona,m,57
3784,2021-02-14,Barcelona,F,37
4704,2023-12-29,Madrid,Femenino,17
4379,2023-01-02,Lisboa,F,29
3807,2018-05-25,Valencia,F,38
3641,2019-08-02,Valencia,m,24
1120,2023-01-30,Zaragoza,Femenino,36
3926,2018-12-07,bilbao,F,67
3290,2022-09-28,Málaga,F,28
3758,2019-03-03,madrid,M,54
2109,2020-09-25,Barcelona,M,47
3587,2022-12-10,Barcelona,f,31
3729,2022-11-13,madrid,Femenino,30
1552,2023-07-22,Valencia,Masculino,50
3111,,Bilbao,F,55
4398,2022-05-14,Madrid,F,22
3952,2021-05-02,barcelona,m,17
2638,2018-10-02,Madrid,F,35
2601,2023-11-09,SEVILLA,Femenino,59
4650,2021-01-14,Valencia,M,40
3820,2024-02-24,BILBAO,f,21
3555,2018-02-20,Madrid,Femenino,46
4484,2022-03-19,MADRID,f,39
1021,2021-05-03,Valencia,Masculino,23
2581,2022-08-17,madrid,Masculino,43
3487,2020-12-23,Zaragoza,Femenino,48
2374,2018-10-18,Madrid,f,24
3874,,Madrid,F,31
4510,,Madrid,F,53
4924,,Madrid,m,20
3856,2024-05-16,Madrid,f,41
1098,2019-02-19,Barcelona,f,37
2892,2023-06-20,Valencia,Masculino,50
697,2022-04-24,barcelona,M,20
4144,2020-12-17,Lisboa,Femenino,34
4013,2023-07-13,Oporto,F,63
1987,2021-08-07,madrid,Femenino,36
2292,2020-06-18,Valencia,F,46
880,2023-01-22,sevilla,F,47
766,2019-10-18,Madrid,M,39
1734,2024-04-25,Oporto,F,33
1009,2019-12-21,Valencia,F,30
262,2018-06-24,madrid,f,28
221,2023-10-04,Barcelona,Femenino,21
2446,2021-04-27,Madrid,m,0
1681,2024-03-06,Madrid,Masculino,22
1245,2022-11-23,A Coruña,f,39
2395,2020-07-23,barcelona,M,63
4616,,Madrid,F,23
3573,2020-02-04,Málaga,M,38
3424,2023-10-31,Lisboa,Masculino,28
3867,2020-02-09,Barcelona,F,39
3930,2024-01-06,barcelona,F,24
2290,2019-12-07,Oporto,M,16
2916,2023-08-27,Madrid,f,34
1393,2023-04-12,Zaragoza,Masculino,34
3066,2019-06-08,Madrid,M,30
4504,2019-12-29,Oporto,m,41
2214,2021-09-16,Madrid,Masculino,16
1700,2021-07-19,Barcelona,M,48
4818,2018-10-08,Oporto,Masculino,42
2450,2023-06-09,Madrid,m,54
1397,2020-01-24,Madrid,Femenino,56
381,2018-06-15,madrid,F,30
3767,2023-01-04,Lisboa,F,48
2690,2022-05-16,Barcelona,F,55
444,2022-04-10,Malaga,F,50
4927,2020-09-14,Lisboa,M,42
3733,2022-12-15,Barcelona,F,42
2518,2020-12-08,madrid,F,40
4771,2020-07-16,Sevilla,M,44
1223,2020-06-23,Sevilla,F,41
2154,2019-06-18,oporto,F,26
1929,2024-04-13,Zaragoza,Femenino,37
1766,2021-05-31,Lisboa,M,57
1867,2019-06-08,A Coruña,M,16
4313,2020-09-11,Bilbao,Masculino,40
4030,2020-04-17,Barcelona,Masculino,20
2092,2021-06-03,Zaragoza,Masculino,57
4660,,Barcelona,M,34
781,2018-02-09,Oporto,m,33
1992,2019-01-03,Málaga,Masculino,36
3898,2020-03-14,barcelona,M,39
2952,2021-05-08,madrid,F,29
963,2019-08-10,Valencia,M,27
4009,2022-10-26,Madrid,M,46
4793,2022-03-11,Barcelona,M,52
3388,2024-03-20,BILBAO,M,39
178,2022-06-15,Oporto,Masculino,26
1422,2018-07-08,Madrid,m,27
1731,2019-03-29,BARCELONA,F,38
2668,2023-12-08,Sevilla,F,26
276,2023-08-17,valencia,Femenino,22
3337,2018-09-14,Madrid,M,58
1854,2019-09-11,Oporto,f,40
704,2019-10-01,BARCELONA,Masculino,16
4246,2022-09-10,Madrid,M,54
622,2022-05-10,Lisboa,F,33
3436,2022-10-13,MADRID,M,46
1955,2018-06-07,Sevilla,Masculino,42
2420,2023-03-22,MÁLAGA,F,18
3086,2019-10-13,Barcelona,m,35
4085,2022-08-19,Valencia,F,24
515,2023-03-22,Sevilla,F,40
375,2023-12-06,barcelona,Femenino,48
286,2018-03-20,Barcelona,f,64
69,2021-02-09,Bilbao,M,19
107,2018-01-03,barcelona,F,41
4225,,Madrid,M,23
2166,2018-03-02,Barcelona,Femenino,20
2138,2023-01-03,Madrid,f,16
3903,2024-03-11,Bilbao,f,45
407,2022-09-17,Sevilla,F,39
3676,2022-06-20,Valencia,F,25
2501,2019-06-28,Madrid,Masculino,42
700,2019-12-10,SEVILLA,F,30
2119,2024-01-02,madrid,m,16
621,2023-06-30,barcelona,M,28
1097,2018-02-27,Lisboa,Femenino,35
4025,2023-12-22,madrid,F,45
4657,2019-05-23,LISBOA,Femenino,16
3680,2019-10-05,oporto,Masculino,72
3575,2020-09-25,sevilla,Masculino,26
2742,2024-03-20,Madrid,F,40
4334,2022-06-05,Valencia,Masculino,40
1448,2019-08-03,Barcelona,M,26
3514,2021-06-21,BARCELONA,M,43
3796,2023-12-01,Barcelona,m,18
1132,2021-06-30,Bilbao,F,52
1343,2018-11-04,VALENCIA,Masculino,18
1786,2020-01-09,Sevilla,Masculino,27
2807,2018-06-07,oporto,Femenino,22
1659,2019-10-17,MADRID,M,54
4008,2021-07-17,oporto,m,44
3286,2022-08-10,Valencia,F,59
4337,2018-11-18,MADRID,m,54
1450,2019-02-21,Madrid,f,20
4407,2024-03-07,Málaga,M,34
4573,2024-04-07,Valencia,f,54
4503,2023-09-08,Barcelona,Femenino,23
2738,2019-08-15,Madrid,m,31
2872,2019-06-29,Sevilla,Masculino,37
374,2023-11-17,oporto,F,47
1806,2020-04-09,Madrid,F,32
824,2018-06-07,Madrid,m,24
1906,2020-01-09,A Coruña,Masculino,29
1204,2018-07-23,Barcelona,Femenino,29
1637,2019-09-16,Madrid,f,42
4186,2018-08-04,Valencia,M,42
3647,2018-09-09,Zaragoza,F,42
1685,2023-07-24,barcelona,M,42
4347,2018-04-19,Bilbao,f,32
4067,2024-05-02,A Coruña,M,45
4088,2019-12-09,Valencia,M,24
304,2024-03-08,A Coruña,m,30
804,2023-05-12,Barcelona,F,31
4454,2020-06-27,Oporto,F,43
1996,2018-02-14,Madrid,M,40
2220,2021-05-28,sevilla,Femenino,42
818,2019-09-02,Málaga,M,56
2247,2022-08-30,Barcelona,m,42
4343,2020-11-28,Barcelona,m,31
3457,2018-08-05,Lisboa,M,32
603,,Sevilla,Femenino,47
2050,2019-02-19,a coruña,F,50
2239,2020-11-05,Lisboa,f,39
3198,2023-08-06,Madrid,m,36
2609,2021-06-26,sevilla,F,43
4450,2021-12-15,Bilbao,M,60
3831,2020-10-10,zaragoza,F,16
706,2023-03-06,BILBAO,M,59
3365,2022-01-18,Oporto,M,49
3961,2021-07-08,Madrid,Femenino,53
4062,2018-11-11,Bilbao,M,30
106,,Barcelona,Masculino,28
4910,2021-06-02,Lisboa,Masculino,55
2941,2019-01-09,Oporto,Femenino,35
3357,2019-06-02,a coruña,M,36
4271,2019-11-21,Barcelona,M,29
39,2023-09-05,Lisboa,Femenino,36
3067,2021-11-28,valencia,Masculino,51
2550,2021-09-21,madrid,m,36
1851,2019-06-07,barcelona,Femenino,46
254,2020-06-07,madrid,M,33
3277,2018-04-16,Bilbao,F,46
4121,2020-11-06,Madrid,Masculino,29
20,2022-05-05,barcelona,F,57
2285,2024-04-09,MADRID,M,41
2354,2020-05-26,Valencia,F,18
481,2020-11-10,Sevilla,f,37
4656,2019-08-28,Madrid,Masculino,57
4457,2018-07-16,Bilbao,F,40
3777,2019-10-27,barcelona,F,38
4797,2020-01-17,Lisboa,Masculino,24
3374,2022-10-03,barcelona,M,27
639,2022-09-10,Barcelona,m,37
4051,2019-05-30,Madrid,F,51
4680,2023-03-02,valencia,M,26
946,2022-03-16,Madrid,M,16
4341,2020-11-04,Madrid,F,36
2987,2020-08-07,Madrid,F,46
3456,2018-06-08,Barcelona,M,18
1868,2022-03-24,Madrid,M,36
109,2018-01-24,BARCELONA,M,64
2604,2024-06-04,Valencia,M,25
2356,2021-04-23,Madrid,M,22
4965,2023-02-06,Madrid,Femenino,40
3217,2022-05-10,Barcelona,m,48
1035,2021-09-28,VALENCIA,Masculino,41
1455,2021-04-29,a coruña,M,16
3485,2023-11-26,Valencia,M,36
3293,2022-12-22,Madrid,f,27
55,2023-05-23,Bilbao,f,35
4385,2021-10-18,Bilbao,Masculino,42
844,2018-04-28,barcelona,M,40
1342,2019-03-12,Sevilla,F,32
4608,2018-12-03,Madrid,m,43
208,2020-03-27,Madrid,m,44
3200,2020-10-24,OPORTO,F,16
2802,2019-12-26,Oporto,F,65
2664,2018-02-11,VALENCIA,M,36
2021,2020-10-19,Bilbao,M,34
448,2023-01-29,madrid,M,58
2017,2020-02-15,Valencia,F,25
1997,2023-08-29,Bilbao,M,28
273,2018-06-01,A Coruña,f,27
1050,2018-12-04,MADRID,Femenino,47
497,2024-05-25,Valencia,Masculino,38
4884,2024-01-25,lisboa,M,30
3294,2018-12-27,Sevilla,M,24
1373,2021-08-16,Bilbao,Femenino,38
2161,2018-03-27,Málaga,m,24
903,2020-09-19,madrid,M,37
3287,2021-01-31,Madrid,M,37
685,2022-03-31,BARCELONA,Femenino,45
906,2023-07-11,Malaga,Masculino,26
3848,2022-10-19,Madrid,f,41
2603,2018-06-11,Zaragoza,F,25
1341,2022-10-05,Barcelona,M,36
3678,2019-05-26,Sevilla,m,21
3229,2021-06-29,Madrid,Masculino,56
2108,2023-01-25,Madrid,M,45
842,2021-11-27,valencia,f,39
313,2020-10-27,Madrid,Femenino,30
3523,2019-09-26,Sevilla,M,31
4477,2021-12-27,Sevilla,Masculino,36
383,2019-03-03,Sevilla,Masculino,24
3965,2021-06-09,Sevilla,m,35
45,,Oporto,M,38
3135,2019-07-03,Bilbao,f,34
796,2021-03-14,Barcelona,Femenino,35
2681,2021-08-15,Madrid,F,59
4881,2018-10-07,Madrid,M,47
3312,2018-02-15,Madrid,M,34
111,2022-05-07,Malaga,M,27
4433,2022-07-09,Madrid,f,55
3009,2020-05-05,lisboa,F,54
3886,2022-10-24,valencia,F,40
3723,2023-02-10,Oporto,M,16
4020,2018-06-18,A CORUÑA,Femenino,19
4892,2024-05-15,MADRID,M,37
4490,2019-07-04,madrid,M,68
4458,2022-07-08,Madrid,M,42
3345,2020-03-06,Barcelona,F,78
501,2021-06-02,Barcelona,M,16
158,2019-08-22,Sevilla,M,24
1813,2021-05-11,madrid,m,42
1036,2022-10-05,MADRID,M,29
4580,2020-05-16,BARCELONA,F,61
1523,2018-09-06,Oporto,F,16
1449,2018-09-06,Sevilla,f,52
3118,2021-11-27,Sevilla,f,47
748,2019-02-15,Bilbao,f,23
3941,2022-11-27,oporto,M,34
1618,2021-05-22,Valencia,M,41
4659,2018-06-09,Madrid,M,49
2783,2023-01-11,Sevilla,F,53
2388,2021-03-23,Madrid,Femenino,46
3020,2020-12-06,Sevilla,f,30
1703,2024-04-01,Valencia,Masculino,26
4814,2019-06-19,a coruña,F,50
783,2022-09-24,Bilbao,M,22
589,,Valencia,M,35
1430,2021-06-11,barcelona,M,47
3901,2023-04-16,Sevilla,f,24
2202,2018-01-31,BARCELONA,F,32
4825,2023-02-23,Barcelona,M,47
4320,2020-04-25,Barcelona,Masculino,16
4934,2022-06-12,Barcelona,F,22
4666,2023-04-02,Madrid,Masculino,16
3264,2018-02-03,Valencia,f,33
4631,2023-12-20,Malaga,F,39
3149,2022-06-03,Sevilla,Masculino,27
220,2022-01-02,madrid,Masculino,55
4887,2023-03-07,madrid,m,40
3159,2018-03-06,Zaragoza,Femenino,24
595,2023-12-29,sevilla,F,39
4418,2019-05-29,Barcelona,m,49
4269,2021-01-20,Malaga,f,23
2186,2021-03-22,barcelona,m,48
4598,2020-06-30,madrid,M,38
332,2020-07-21,Madrid,Masculino,21
4648,2023-09-02,Oporto,Masculino,56
4673,2021-09-01,Barcelona,F,34
2171,2018-03-30,A Coruña,M,33
915,2020-02-21,Bilbao,Femenino,33
1326,2024-02-09,Madrid,F,36
1369,2023-09-24,MADRID,M,42
1936,2019-02-15,Bilbao,F,67
502,2019-03-10,sevilla,Femenino,42
3881,2021-01-22,Barcelona,Femenino,36
4072,2018-01-10,Lisboa,M,48
1444,2021-04-19,lisboa,Femenino,26
4413,2019-01-02,Madrid,F,17
4653,2018-07-04,Bilbao,f,24
3890,2021-03-03,Sevilla,M,32
441,2018-02-17,SEVILLA,m,44
3478,2022-12-24,sevilla,F,32
2372,2024-02-15,Sevilla,f,36
4826,2020-01-30,a coruña,F,52
1391,2024-02-03,BILBAO,F,44
1346,2024-01-25,Barcelona,F,58
882,2019-01-15,barcelona,F,21
3397,2023-07-15,Madrid,Femenino,34
653,2021-04-05,Madrid,m,54
997,2020-10-18,valencia,M,58
3212,2019-06-15,Madrid,M,41
3386,2018-10-21,zaragoza,F,63
682,2021-08-17,Sevilla,F,23
3116,2021-01-09,barcelona,M,16
988,,Madrid,f,27
3656,2024-03-31,Barcelona,F,28
561,2019-12-23,Lisboa,F,44
3136,2023-06-24,Sevilla,M,40
1961,2022-11-29,barcelona,Femenino,60
472,2020-01-10,Zaragoza,M,43
4026,2020-02-15,valencia,F,33
1508,2022-06-30,Madrid,F,29
4110,2019-01-24,Madrid,f,37
918,2018-11-23,Barcelona,M,56
860,2023-01-25,Málaga,m,30
3951,2018-08-02,madrid,Femenino,23
4325,2020-12-08,barcelona,Masculino,16
4926,2021-12-25,Madrid,f,47
4799,2018-02-04,madrid,Femenino,36
2727,2021-02-28,Barcelona,M,25
3934,2019-03-23,MADRID,M,16
4163,2020-04-30,Madrid,M,16
1176,2021-06-13,Barcelona,M,17
4685,2020-09-23,Barcelona,M,35
1428,2018-07-07,VALENCIA,F,20
1790,2023-06-21,Barcelona,f,29
4635,2022-05-26,Madrid,F,41
539,,Lisboa,M,28
4406,2023-11-12,Málaga,M,16
1357,2021-04-03,Bilbao,m,51
1281,2020-03-26,Madrid,M,42
3176,2018-03-07,Barcelona,F,23
1910,2020-08-08,Barcelona,M,43
2217,2024-04-27,a coruña,Femenino,42
4593,2020-08-05,Barcelona,F,44
1153,2020-05-06,sevilla,Femenino,32
4717,2023-06-14,BARCELONA,Femenino,30
4203,2020-02-15,Sevilla,M,21
166,2022-05-06,málaga,m,46
2322,2020-10-04,Barcelona,F,24
2530,2023-06-12,A CORUÑA,Masculino,43
2915,2023-04-05,valencia,f,27
3139,2024-05-10,Barcelona,F,27
2224,2022-07-05,bilbao,Masculino,44
1459,2019-01-23,Zaragoza,M,35
3330,2023-11-13,Barcelona,m,43
1574,2023-12-25,Valencia,M,34
1870,2019-07-12,MADRID,F,37
1602,2024-06-10,BARCELONA,M,16
677,2021-01-05,Bilbao,Femenino,50
3550,2018-03-08,Madrid,Masculino,45
2928,2022-05-22,zaragoza,M,34
4809,2020-03-10,Madrid,Masculino,35
2544,2024-04-23,Barcelona,M,41
878,2020-09-26,Barcelona,Femenino,27
532,2023-06-24,Madrid,M,27
952,2021-05-25,Madrid,f,21
1781,2022-01-07,Barcelona,Masculino,41
1931,2020-07-19,A CORUÑA,Masculino,26
4494,2022-02-14,Madrid,Femenino,31
2787,2023-05-26,Barcelona,Femenino,38
3168,2019-05-21,Madrid,F,55
668,2018-01-25,Sevilla,M,42
1114,2022-02-23,Barcelona,M,35
1159,2023-03-01,Barcelona,f,21
2901,2020-12-15,VALENCIA,Masculino,22
4229,2021-05-25,Barcelona,Masculino,44
2932,2018-11-20,Barcelona,M,55
827,2019-08-04,Valencia,M,20
1081,2023-08-11,lisboa,F,48
3145,2024-03-19,Oporto,f,38
1642,2021-12-29,sevilla,Femenino,21
2244,2022-06-08,SEVILLA,Femenino,61
3142,2019-03-12,Barcelona,M,18
2938,2022-08-17,Bilbao,M,47
4759,2018-06-16,Barcelona,F,40
1908,,madrid,M,54
2600,2023-07-04,barcelona,F,25
1506,2018-09-20,Barcelona,f,42
1042,2021-02-16,Madrid,Femenino,23
201,2023-05-06,Valencia,F,43
1954,2021-12-25,Valencia,F,27
4294,2022-06-26,Bilbao,m,25
4870,2024-04-24,BARCELONA,M,27
2640,2022-09-18,Lisboa,m,28
2755,2024-02-07,Barcelona,M,27
187,2019-06-24,Málaga,M,39
33,,Barcelona,M,47
1154,2019-05-05,barcelona,M,41
4357,2018-11-01,Sevilla,M,53
3599,2019-08-04,MADRID,Femenino,26
734,2021-11-12,Barcelona,F,60
3437,2018-09-11,Lisboa,Femenino,35
127,2020-10-28,Zaragoza,F,38
1435,2021-09-23,Zaragoza,Femenino,26
611,2020-12-25,Barcelona,Femenino,32
3167,2018-09-07,Sevilla,M,25
4220,2022-10-05,valencia,M,48
4724,2023-02-23,SEVILLA,f,46
135,2018-01-27,Málaga,M,47
2906,2019-06-12,Sevilla,F,35
2673,2018-12-06,Barcelona,M,24
541,2022-08-13,Sevilla,F,55
1979,2019-09-11,MADRID,F,43
1252,2022-11-23,Barcelona,M,33
3929,2021-09-14,A Coruña,M,70
4783,2021-10-03,bilbao,M,31
408,2023-06-11,Zaragoza,F,45
2648,2021-03-29,Málaga,F,50
4354,2023-02-17,Barcelona,Masculino,39
4813,2019-08-18,MADRID,f,33
3905,2019-08-18,Lisboa,M,40
3628,2021-02-07,Barcelona,M,43
2559,2021-11-28,BARCELONA,F,23
2875,2022-05-12,Sevilla,m,33
2002,2022-10-22,Barcelona,M,25
4904,2023-10-13,VALENCIA,Femenino,66
2053,2022-03-26,MADRID,F,35
4240,2021-08-01,Barcelona,Masculino,35
3218,2023-06-18,Bilbao,M,31
2614,2020-01-15,sevilla,M,29
974,2019-07-02,oporto,M,31
3075,2023-08-05,Madrid,f,26
484,,Barcelona,F,30
1535,2023-01-03,barcelona,Masculino,55
4641,2020-09-26,Lisboa,f,66
1208,2022-10-27,Valencia,M,27
3048,2019-06-20,málaga,m,37
791,2019-06-03,Málaga,M,42
4943,2021-09-04,Madrid,F,30
493,2023-05-17,MADRID,Femenino,38
3375,2021-08-12,A Coruña,f,41
334,2019-06-18,MADRID,m,32
4191,2020-10-20,Madrid,Femenino,39
4558,2020-05-15,Barcelona,F,59
990,2020-02-22,BARCELONA,M,29
70,2023-09-23,a coruña,F,33
3585,2021-02-17,zaragoza,Femenino,32
2232,2023-10-06,Malaga,Masculino,48
1134,,madrid,Femenino,29
41,2024-02-01,MADRID,M,37
1842,2021-05-12,madrid,F,34
1322,2022-08-29,Oporto,F,27
265,2019-05-19,Madrid,M,43
4578,2018-05-10,Madrid,M,54
2267,,Malaga,F,16
2099,2019-09-05,madrid,F,16
2958,2023-06-29,Madrid,Femenino,39
3289,2024-03-10,Madrid,F,21
144,2019-07-27,Valencia,Femenino,31
1254,2018-11-02,Madrid,Masculino,36
2723,2020-09-28,MADRID,Femenino,27
4758,2020-01-15,ZARAGOZA,f,16
3323,2020-07-01,Lisboa,M,46
2981,2020-05-10,Barcelona,M,29
2261,2019-03-02,A Coruña,m,65
1360,2020-10-04,málaga,f,31
278,2023-11-30,Sevilla,Masculino,42
3713,2020-04-18,Valencia,F,35
253,,Barcelona,M,54
60,2020-06-08,Barcelona,M,60
1002,2022-04-18,VALENCIA,M,34
1195,2023-01-25,Barcelona,F,57
3030,2018-11-06,BARCELONA,Masculino,39
3968,2022-01-23,málaga,Femenino,30
2791,2022-01-24,Barcelona,F,20
558,2021-03-13,Barcelona,m,29
977,2023-11-03,Sevilla,M,20
2277,2020-08-01,Valencia,Femenino,31
4057,2020-09-11,Valencia,f,32
2691,2023-02-22,Valencia,Masculino,33
2967,2019-11-11,Madrid,Femenino,44
4752,2022-10-30,Barcelona,F,24
503,2024-06-03,Madrid,Femenino,38
3079,2022-05-13,ZARAGOZA,F,35
2487,2020-11-08,Madrid,F,50
2286,2021-10-30,Barcelona,M,28
3696,2022-04-21,Zaragoza,Masculino,31
4561,2021-11-06,Málaga,F,29
1983,2024-02-06,Barcelona,F,54
3786,2018-08-25,madrid,M,33
4359,2020-07-14,barcelona,F,34
3646,2018-07-17,Bilbao,Femenino,17
992,2019-07-22,Lisboa,M,26
3430,2018-02-17,valencia,M,37
2128,2022-08-22,barcelona,Masculino,54
2304,2018-08-05,Oporto,M,21
11,2019-11-19,A Coruña,M,61
1881,2023-01-12,a coruña,M,47
4647,,Barcelona,M,34
4662,2018-05-22,Barcelona,F,49
2498,2020-11-08,Madrid,Femenino,23
4694,2020-09-11,Barcelona,F,20
1185,2024-02-19,Madrid,M,16
1947,2023-05-24,Madrid,F,53
4509,2019-02-13,valencia,F,18
149,2022-12-29,Bilbao,m,33
2748,2023-12-01,Valencia,Femenino,55
509,2021-12-14,madrid,F,37
3746,2023-05-07,Madrid,Masculino,22
105,2021-12-02,madrid,m,39
1137,2023-08-29,Valencia,F,31
4199,2020-11-05,Lisboa,f,17
2654,2020-07-06,a coruña,Femenino,31
4688,2018-11-14,Sevilla,f,38
4935,2019-08-15,Barcelona,m,25
1529,2023-05-24,Sevilla,Femenino,27
4628,2021-06-29,BILBAO,M,43
3432,2019-06-03,SEVILLA,F,42
3637,2020-01-30,barcelona,F,36
594,2018-10-10,A Coruña,F,27
4734,2021-08-20,valencia,f,49
414,2021-06-08,Barcelona,Femenino,31
3042,2020-09-12,Madrid,Masculino,32
487,2022-08-01,Barcelona,M,43
2103,2024-03-27,Bilbao,Femenino,43
2741,2020-02-01,Madrid,Femenino,38
428,2019-12-25,Madrid,F,45
2426,2020-09-23,zaragoza,m,45
4098,2022-11-06,lisboa,Masculino,29
863,2021-11-30,Madrid,m,46
3232,2020-04-04,Málaga,m,65
2974,2018-07-03,Bilbao,Femenino,27
4787,2021-07-07,Madrid,F,54
1802,2022-04-06,Oporto,F,40
2514,2022-12-04,Madrid,f,31
4290,,Barcelona,F,38
3695,2023-01-19,Madrid,Femenino,25
1646,2019-02-15,BARCELONA,Femenino,41
727,2024-02-19,MADRID,F,39
3640,2020-01-02,Oporto,F,17
563,2022-04-21,SEVILLA,Femenino,24
4800,2018-08-12,Bilbao,Femenino,36
25,2021-04-26,Barcelona,Femenino,42
3556,2020-12-03,Bilbao,m,37
1267,2020-01-30,valencia,F,30
3189,2023-08-15,A Coruña,Femenino,35
4847,2024-01-09,Madrid,F,28
1869,2024-06-04,madrid,m,-5
2057,2018-03-18,sevilla,m,19
303,2022-05-26,Valencia,F,28
4485,2023-03-17,A CORUÑA,Femenino,21
252,2019-11-04,Lisboa,Femenino,32
4885,2024-02-24,bilbao,Femenino,41
1356,2022-04-25,Madrid,f,33
1192,2022-02-27,barcelona,Femenino,32
1820,2021-09-25,Zaragoza,f,27
3982,2021-08-03,Barcelona,M,36
3454,2024-01-13,Oporto,F,23
2049,2021-01-01,madrid,M,42
4808,,LISBOA,M,16
559,2020-12-16,Valencia,M,50
2242,2023-07-28,Barcelona,Femenino,48
1293,2020-10-18,bilbao,f,47
2509,2022-11-23,A Coruña,M,33
2250,2019-03-26,Bilbao,Femenino,41
1769,2023-01-11,Barcelona,F,39
3655,2022-11-05,BARCELONA,M,41
373,2019-10-02,VALENCIA,F,29
3443,2018-09-07,Madrid,M,40
2973,2019-09-24,BARCELONA,F,22
2070,2018-10-09,Madrid,Femenino,55
2031,2023-06-13,Valencia,F,29
1461,2020-09-22,Barcelona,F,41
3798,2018-08-28,Barcelona,F,44
3216,2024-01-02,MÁLAGA,m,34
4075,2022-01-01,Sevilla,F,25
4857,2020-03-15,valencia,Masculino,42
3155,2019-12-09,barcelona,F,55
2284,2018-03-23,Zaragoza,M,36
1554,2021-04-29,madrid,m,29
1665,2022-03-26,Barcelona,M,47
1600,2018-05-19,Madrid,M,61
1095,2021-10-23,Madrid,M,50
1367,2020-02-18,Barcelona,M,36
3986,2023-06-18,Lisboa,Femenino,34
1626,2020-02-03,Valencia,F,41
451,2020-08-24,MÁLAGA,M,25
1323,2023-07-22,Málaga,M,40
435,2022-01-28,Barcelona,M,52
1822,2018-08-05,Sevilla,Masculino,50
550,2023-04-30,Madrid,F,24
4451,2021-10-14,zaragoza,m,28
3134,2022-01-17,Barcelona,M,36
2497,2018-08-02,Barcelona,Masculino,23
4832,2018-02-12,sevilla,Femenino,21
4304,2019-04-09,Madrid,M,31
1658,2021-04-20,madrid,M,53
1147,2023-08-11,Madrid,F,42
779,2020-11-30,Barcelona,M,36
4107,2023-01-07,Barcelona,M,33
2598,2023-02-04,Sevilla,f,39
3267,2023-12-03,Sevilla,f,37
36,2018-11-14,Valencia,f,41
2574,2022-04-26,Sevilla,F,16
1963,2020-07-14,Malaga,M,42
300,2020-08-10,Madrid,M,16
627,2022-04-21,Oporto,Femenino,53
1507,2022-12-12,Málaga,M,33
2148,2023-10-07,Malaga,Masculino,59
4541,2022-10-02,Málaga,Masculino,32
3427,2023-01-12,zaragoza,F,30
175,2023-09-13,Madrid,F,50
784,2020-03-07,Madrid,F,31
1148,2024-05-14,Valencia,Masculino,29
2331,2018-07-17,barcelona,M,30
3401,2022-04-20,Sevilla,m,37
4162,2023-12-05,Madrid,M,53
633,2018-03-03,Málaga,f,53
937,2020-09-03,A CORUÑA,M,38
1847,2018-12-09,oporto,m,31
683,2019-09-07,bilbao,F,16
4011,2023-11-15,Madrid,m,23
1090,2019-08-19,Madrid,Masculino,61
1888,2023-02-08,Barcelona,F,39
3188,2019-10-11,Madrid,M,26
3937,2022-08-08,Valencia,F,26
1080,2020-07-10,Zaragoza,Masculino,54
4733,,Madrid,Masculino,35
4686,2019-03-03,Zaragoza,Masculino,28
2531,2021-10-15,Madrid,M,33
3875,2018-02-16,Zaragoza,Masculino,61
2853,2022-03-17,Lisboa,M,29
538,2018-11-10,madrid,M,26
203,2021-10-10,Lisboa,f,51
2835,2020-12-27,madrid,M,46
4495,2018-08-24,Barcelona,F,24
209,2022-11-21,Barcelona,f,39
508,2023-01-12,Madrid,m,46
4702,2020-12-30,BARCELONA,f,26
884,2023-05-20,Malaga,F,44
3275,2024-05-04,Barcelona,M,16
940,2020-09-14,Lisboa,Masculino,36
3837,2019-11-16,Malaga,Masculino,54
1729,2023-08-12,Barcelona,F,46
2838,2023-04-24,A CORUÑA,F,29
2517,2024-05-01,zaragoza,M,31
1764,2021-07-24,Valencia,M,49
4739,2022-05-14,Barcelona,M,41
134,2021-06-29,BARCELONA,m,39
3099,2024-01-30,Barcelona,f,26
237,2022-06-24,Barcelona,m,31
3923,,Málaga,M,18
2794,2023-12-07,barcelona,f,36
2474,2022-03-18,Madrid,M,52
1014,2022-02-25,Sevilla,F,17
4551,2021-01-20,BILBAO,M,32
1215,2022-05-29,Barcelona,M,25
95,2022-11-27,Valencia,Masculino,37
3420,2019-01-08,Madrid,M,28
185,2018-02-18,Malaga,M,42
4048,2022-12-08,OPORTO,f,44
4925,2018-09-14,OPORTO,F,44
3346,2020-12-26,MADRID,Masculino,37
197,2021-08-29,Sevilla,f,48
1912,2022-12-26,Madrid,F,48
2910,2018-10-31,bilbao,M,39
1804,2021-03-21,Madrid,m,26
3002,2018-08-04,VALENCIA,F,48
4102,2021-03-01,Malaga,M,39
212,2022-09-14,Valencia,f,21
973,2023-09-20,Lisboa,f,24
4080,2021-01-14,lisboa,M,30
1528,2020-07-05,Madrid,M,28
1164,2022-11-09,Madrid,M,34
3336,2020-07-28,Bilbao,m,48
3879,2022-04-02,Oporto,M,51
4792,2018-09-21,Madrid,m,43
3301,2018-02-04,Barcelona,Femenino,20
926,2019-07-25,barcelona,M,45
2660,2022-12-29,Barcelona,Masculino,37
1550,2022-11-29,Sevilla,Femenino,25
998,2021-06-20,Lisboa,F,49
1107,2021-03-26,A Coruña,M,49
3894,2021-11-02,Madrid,M,49
2556,2018-11-03,Bilbao,Masculino,38
2299,2019-09-06,Barcelona,F,49
4402,2020-08-27,Lisboa,f,46
4499,2018-03-30,ZARAGOZA,Masculino,54
4078,2022-08-05,barcelona,m,34
3804,2020-08-18,Zaragoza,F,54
271,2021-09-05,BARCELONA,F,25
1797,2018-11-13,Barcelona,F,35
1548,2023-03-13,Bilbao,F,38
3407,2018-08-09,Madrid,M,48
4550,2023-12-13,Barcelona,M,42
3590,2018-09-03,Barcelona,M,44
2137,2018-09-24,Zaragoza,m,26
1307,2021-10-11,Bilbao,Femenino,29
2811,2023-03-29,Bilbao,M,33
869,2022-03-03,MADRID,F,29
2454,2019-01-15,Madrid,m,33
1784,2018-11-09,A Coruña,F,22
3097,2024-02-29,MADRID,Masculino,34
3677,2019-02-19,bilbao,Femenino,34
167,2024-03-08,A CORUÑA,f,35
4670,,Madrid,F,34
2571,2019-06-23,barcelona,M,62
640,2022-06-07,Oporto,F,57
3734,2021-10-20,Bilbao,F,56
4714,2024-06-17,Bilbao,F,52
64,2018-04-04,lisboa,M,35
562,2021-01-10,Barcelona,m,33
3857,2023-06-10,zaragoza,M,51
4401,2018-08-16,Valencia,M,27
1899,2019-06-26,Bilbao,f,24
3065,2019-01-15,MADRID,F,34
4149,2020-01-07,Madrid,M,32
4194,2022-04-30,Oporto,m,45
340,2022-03-21,zaragoza,Masculino,35
872,2022-05-22,lisboa,F,24
92,2018-04-29,Madrid,f,39
1396,2024-06-14,Madrid,M,34
3160,2019-06-13,Barcelona,M,44
3000,2019-07-17,Oporto,F,31
4559,2018-09-29,Barcelona,M,47
3157,2020-04-17,barcelona,f,33
1595,2023-03-26,Madrid,M,39
969,2020-02-09,A Coruña,F,24
652,2021-12-09,BILBAO,Femenino,27
4066,2024-06-08,SEVILLA,Femenino,43
512,2024-01-15,Madrid,M,49
4132,2021-01-14,BARCELONA,f,25
1688,2019-04-19,Sevilla,Masculino,31
2817,2019-04-17,VALENCIA,M,46
4463,2020-08-30,Madrid,M,41
2187,2018-01-29,A Coruña,M,41
1978,2023-02-27,barcelona,M,18
333,2020-04-06,Madrid,F,46
297,2024-03-11,Madrid,m,47
4963,2021-10-18,sevilla,Masculino,21
518,2022-10-23,Sevilla,m,55
337,,Madrid,Masculino,16
243,2023-07-21,Madrid,F,53
1492,2021-03-24,lisboa,M,52
3102,2018-10-22,Madrid,f,17
361,2023-04-14,Valencia,Masculino,48
2876,2019-01-19,Zaragoza,M,34
2046,2018-04-23,VALENCIA,M,30
4961,2021-06-15,SEVILLA,M,38
2169,2018-02-23,Madrid,Femenino,38
581,2023-06-09,Barcelona,m,43
1246,2023-06-26,Valencia,F,26
1541,2021-07-13,barcelona,M,16
586,2020-11-17,Barcelona,M,23
2689,2020-11-04,Oporto,M,21
749,2022-12-09,BARCELONA,f,16
2472,2018-01-22,zaragoza,M,43
439,2022-05-11,málaga,Masculino,35
1942,2021-04-20,Oporto,f,32
4419,2023-01-08,Barcelona,m,35
745,2021-12-15,Madrid,f,36
2887,2018-02-14,Barcelona,F,46
3528,2021-08-22,barcelona,Femenino,35
4611,2018-12-01,Barcelona,F,35
620,2022-02-06,Sevilla,m,40
1088,2023-06-15,Barcelona,M,38
1839,2021-02-10,Barcelona,f,30
2862,2023-07-09,Madrid,M,40
805,2021-04-26,Barcelona,Femenino,42
3012,2021-02-05,Madrid,m,46
2155,2020-09-01,Málaga,Femenino,34
1322,2022-08-29,Bilbao,F,38
1174,2019-05-11,Valencia,Femenino,51
815,2021-09-23,Zaragoza,f,55
4185,2018-02-04,MADRID,F,71
3811,2019-12-11,Madrid,f,40
1986,2018-09-25,LISBOA,f,34
707,2019-11-16,Barcelona,Femenino,50
4389,2024-05-20,barcelona,M,66
2387,2023-10-05,LISBOA,M,30
646,2023-12-28,Valencia,Masculino,31
1593,2018-09-20,Madrid,Masculino,45
1841,2022-11-07,Valencia,Masculino,30
3479,2022-07-04,Sevilla,M,56
3276,,A CORUÑA,F,40
2011,2021-10-20,Sevilla,f,61
1569,2020-11-09,Bilbao,m,59
4830,2021-09-30,Madrid,Femenino,51
4778,2023-09-23,Valencia,m,23
3529,2021-11-12,Madrid,f,16
1521,2024-04-05,Madrid,Femenino,33
325,2018-07-22,Madrid,f,16
3449,2018-05-16,Zaragoza,M,60
2593,2019-06-03,zaragoza,Femenino,34
1937,2020-08-06,Madrid,M,29
909,2018-09-02,sevilla,F,30
4311,2020-09-16,Sevilla,Masculino,24
4397,2020-11-26,Madrid,f,35
1149,2024-02-26,Málaga,Masculino,53
102,2022-08-05,Málaga,M,23
241,2023-02-07,madrid,m,43
3390,2018-09-02,madrid,F,51
3319,2018-06-20,Madrid,Femenino,36
2065,2019-03-09,Zaragoza,F,24
1669,2023-10-11,BARCELONA,f,21
3608,2018-12-23,Malaga,F,16
2628,2020-04-27,Barcelona,F,31
3254,2021-10-01,Madrid,m,16
4909,2020-07-21,Barcelona,m,31
3749,2023-10-13,Valencia,m,60
27,2023-03-29,Valencia,Femenino,50
1171,2022-05-26,Valencia,M,41
1162,2023-02-04,VALENCIA,Femenino,41
4908,2022-10-31,barcelona,F,16
1387,2024-03-09,BILBAO,M,24
4218,2024-03-29,Sevilla,Femenino,42
3206,2023-07-15,Málaga,m,31
2880,2023-11-10,VALENCIA,M,20
3524,2023-03-31,Madrid,M,23
2878,2024-01-19,Barcelona,Femenino,39
3860,2021-05-05,madrid,F,24
3778,2023-01-27,madrid,M,43
314,,Madrid,Femenino,33
1103,2019-03-31,OPORTO,F,40
3887,2020-01-12,Lisboa,F,20
2499,2018-04-28,Malaga,M,62
1380,2020-10-20,bilbao,M,35
1761,2018-06-26,MÁLAGA,F,16
4441,2020-02-08,Valencia,M,31
1687,2023-12-03,Madrid,M,34
1723,2021-07-03,madrid,Masculino,37
3031,2021-12-05,Madrid,M,37
2761,2020-10-28,valencia,F,31
2839,2024-05-01,valencia,Femenino,36
711,2024-01-01,Valencia,F,30
480,2024-03-20,barcelona,Masculino,51
478,2019-09-14,Barcelona,F,41
2058,2020-10-26,bilbao,M,53
2270,2018-12-07,BARCELONA,m,55
1570,2023-05-16,madrid,m,44
2438,2024-04-01,sevilla,m,31
4480,2020-01-01,Madrid,Masculino,33
2027,2020-10-09,Madrid,m,38
3408,2018-08-23,Madrid,F,22
4544,2020-08-23,Valencia,m,62
1320,2023-04-11,A Coruña,M,56
4260,2021-05-19,Valencia,Femenino,47
3526,2020-06-15,Madrid,M,36
720,2023-10-31,Madrid,Masculino,21
352,2022-05-08,Sevilla,F,35
2094,2022-09-14,MADRID,Masculino,48
3639,2023-12-24,A Coruña,M,52
1691,2021-07-04,Valencia,f,57
1861,2022-04-03,Valencia,F,55
1676,2018-11-21,Madrid,M,29
3247,2024-04-22,Madrid,M,29
1695,2018-04-17,Valencia,M,48
823,2018-10-17,A Coruña,f,47
2736,2020-03-10,VALENCIA,Femenino,38
669,2021-06-04,Barcelona,M,24
3973,2019-09-20,Madrid,M,45
473,2021-09-05,Sevilla,F,17
1250,2018-08-13,Bilbao,M,54
864,2018-02-19,Madrid,F,43
2240,2023-01-29,Barcelona,M,16
1244,2022-06-15,A Coruña,M,39
2976,2022-03-06,Zaragoza,F,32
3399,2022-12-22,Lisboa,M,41
1724,2022-02-24,Madrid,Femenino,54
1010,2020-08-23,A Coruña,F,29
2020,2021-03-01,Barcelona,M,42
2944,2020-11-09,Madrid,Femenino,29
3671,2021-05-20,Barcelona,M,30
2054,2020-05-22,Barcelona,F,51
1104,2024-04-03,zaragoza,M,56
4828,2024-04-07,Madrid,Femenino,30
1864,2018-01-01,málaga,M,54
642,2022-04-24,Barcelona,m,46
2946,2018-09-27,madrid,Masculino,20
2234,2019-03-23,Barcelona,M,39
3821,2018-12-12,Lisboa,F,45
845,2020-05-18,A CORUÑA,Masculino,51
1824,2021-06-11,Lisboa,F,27
4508,2020-10-23,madrid,F,45
2369,2022-10-24,Madrid,Femenino,34
2083,2021-02-01,sevilla,f,47
1904,2021-04-20,Madrid,f,39
1757,2018-05-15,Barcelona,m,49
731,2018-04-14,madrid,M,31
579,2021-08-11,Barcelona,F,60
4572,2019-01-13,A Coruña,Masculino,49
889,2019-07-23,Barcelona,Femenino,44
246,2019-04-08,Barcelona,F,51
1298,2020-06-06,bilbao,Femenino,45
1301,2021-10-06,madrid,Femenino,33
3088,2020-01-16,Oporto,f,48
773,2024-02-22,Lisboa,M,55
4730,2024-02-26,Barcelona,F,56
94,2021-07-21,Madrid,F,36
2521,2021-03-20,Madrid,F,16
932,2022-02-10,BARCELONA,F,26
4512,2020-01-09,Lisboa,F,43
2121,2021-11-20,Madrid,M,34
1701,2020-01-26,madrid,M,38
3364,2019-03-26,MADRID,M,44
2537,2021-03-03,Barcelona,F,33
3016,2023-10-24,Málaga,M,21
4158,2019-11-29,OPORTO,Femenino,48
2201,2020-06-30,Oporto,m,32
492,2020-08-24,Madrid,F,56
13,2018-02-14,barcelona,F,42
1447,2024-03-13,barcelona,M,16
3153,2020-07-30,Madrid,m,28
288,2021-08-06,madrid,F,24
289,2021-08-05,Madrid,F,29
29,2021-12-27,LISBOA,Masculino,53
3128,2019-05-13,Málaga,m,49
3062,2018-01-04,Madrid,F,31
2,2019-11-20,Madrid,M,31
1093,2021-10-09,lisboa,M,44
1242,2020-09-05,Madrid,M,38
2885,2019-01-08,Madrid,m,42
2188,2023-01-13,Madrid,F,41
4914,2022-06-22,Zaragoza,M,22
1108,2023-01-18,Madrid,Femenino,39
463,2022-03-12,LISBOA,M,36
3250,2019-10-25,Barcelona,Masculino,36
3525,2021-06-22,Lisboa,Masculino,62
3983,2024-01-06,Barcelona,f,62
1116,2020-03-19,MADRID,M,27
2990,2024-05-27,Barcelona,Femenino,51
306,2020-08-04,BARCELONA,f,25
1414,2021-10-31,A Coruña,f,27
3393,2019-08-13,madrid,Masculino,40
3187,2024-05-15,Barcelona,M,43
2965,2018-12-06,Barcelona,m,47
3325,2022-12-04,BARCELONA,F,16
23,2023-02-15,Barcelona,M,51
3316,2019-01-08,Zaragoza,M,42
9,2018-05-02,A Coruña,Femenino,44
3799,2021-01-07,Barcelona,F,17
1568,2021-05-15,Madrid,F,51
1277,2021-05-26,A Coruña,Femenino,59
1345,2019-04-24,Valencia,Femenino,31
2540,2024-04-19,Barcelona,M,52
2631,2023-12-19,zaragoza,M,54
2670,2020-05-14,Valencia,Masculino,39
1213,2019-10-04,madrid,m,50
924,2022-03-26,Sevilla,M,29
437,2018-09-06,SEVILLA,Masculino,43
4200,2019-07-30,barcelona,f,47
4391,2023-01-14,Madrid,m,16
3928,2021-08-15,Barcelona,F,34
2534,2023-09-29,Zaragoza,Masculino,44
3040,2019-08-20,Madrid,Femenino,28
674,2023-01-29,Madrid,Femenino,26
4912,2024-03-24,Barcelona,Masculino,16
284,2018-09-24,Bilbao,F,35
2977,2022-10-27,Bilbao,Femenino,41
85,2018-03-01,Barcelona,F,47
4478,2023-04-30,madrid,Femenino,44
2809,2020-09-21,Barcelona,M,29
2064,2019-10-15,Sevilla,f,72
4164,2022-01-08,Barcelona,m,41
412,2020-09-13,madrid,M,39
2135,2018-06-29,Madrid,F,47
1960,2021-10-14,SEVILLA,F,46
3197,2023-09-23,Madrid,Femenino,19
1582,2020-04-04,Barcelona,M,29
3612,2023-03-16,zaragoza,Masculino,16
3378,2020-10-25,barcelona,M,38
4414,2020-04-15,Barcelona,F,31
1656,2022-11-13,Barcelona,f,34
3948,2022-04-10,Madrid,M,34
4423,2022-06-27,valencia,F,55
16,2020-12-09,Barcelona,Masculino,43
1469,2023-03-03,Bilbao,f,60
4960,2018-04-17,Barcelona,M,59
2364,2020-10-03,Madrid,M,16
1156,2022-12-08,Oporto,Femenino,26
4448,2019-02-17,BARCELONA,F,51
916,2023-12-02,Madrid,F,33
3624,2018-05-30,MADRID,Femenino,56
3384,2024-01-12,barcelona,f,30
995,2022-11-22,VALENCIA,Femenino,21
678,2019-04-02,barcelona,M,51
3026,2021-04-27,A CORUÑA,F,43
3010,2020-09-21,Madrid,M,33
1064,2024-03-12,Zaragoza,F,16
1487,2022-09-06,a coruña,f,26
1406,2023-01-02,Madrid,f,41
3653,2020-11-22,Barcelona,F,36
153,2020-12-14,Madrid,F,36
1639,2020-02-04,sevilla,M,49
4400,2019-11-13,Madrid,Masculino,24
789,2022-01-01,Barcelona,f,40
4953,2023-03-22,Valencia,M,64
1158,2021-01-31,madrid,F,16
547,2022-12-26,Barcelona,M,43
2278,2019-04-27,OPORTO,F,30
1240,2019-04-04,Zaragoza,F,51
3314,2021-12-13,Barcelona,Femenino,19
1270,2020-07-05,Madrid,F,44
2390,2024-05-07,Barcelona,Femenino,58
4029,2023-10-09,Valencia,M,34
2149,2019-04-13,Madrid,M,16
3500,2023-10-01,BARCELONA,F,44
2854,2022-03-25,SEVILLA,M,37
365,2018-10-18,Madrid,F,41
2850,2024-05-16,zaragoza,m,34
3052,2018-09-14,Barcelona,F,37
2895,2022-09-24,MADRID,f,40
3285,2019-02-04,Sevilla,m,51
636,2019-07-12,Madrid,m,16
4084,2023-01-28,BARCELONA,Masculino,27
637,2024-01-11,Barcelona,Masculino,27
151,2021-11-08,BARCELONA,F,24
2157,2023-12-01,madrid,F,52
1354,2022-05-15,Valencia,M,16
4111,2019-12-21,Valencia,F,22
416,2019-11-21,MÁLAGA,F,46
1168,2019-02-14,Sevilla,Masculino,31
4513,2022-06-24,lisboa,M,51
3802,2023-01-31,Lisboa,m,44
3419,2021-08-19,Málaga,M,28
4007,2021-06-14,zaragoza,F,34
1374,2021-05-27,Madrid,Masculino,42
2336,2018-03-20,Madrid,M,28
366,2021-12-13,madrid,Masculino,23
2437,2019-12-31,Sevilla,f,16
780,2018-07-19,Barcelona,Femenino,41
574,2019-12-18,MADRID,f,36
1497,2018-03-22,A Coruña,Masculino,44
1726,2021-06-25,Valencia,f,43
4275,2018-06-13,Barcelona,m,39
45,,Madrid,M,38
3663,2021-05-31,Madrid,Femenino,37
28,2018-04-01,SEVILLA,Masculino,55
2226,2018-07-08,ZARAGOZA,Masculino,54
3372,2018-02-07,Málaga,F,23
4351,2018-08-10,Barcelona,f,250
788,2022-06-15,málaga,Femenino,53
4511,2019-11-24,Madrid,f,36
2019,2023-12-07,Barcelona,M,40
2342,2024-04-28,barcelona,Femenino,60
4901,2021-05-18,Barcelona,F,16
4179,2018-11-12,Madrid,M,56
4565,2018-07-08,Valencia,M,44
3583,2021-05-13,barcelona,f,32
86,2024-03-31,Madrid,m,36
4146,2020-03-25,barcelona,F,31
31,2021-06-10,Madrid,F,25
4900,,Barcelona,F,16
465,2022-07-10,SEVILLA,F,28
223,2023-09-09,SEVILLA,F,43
2558,2020-03-01,Valencia,F,29
356,2020-08-02,Barcelona,m,46
1118,2020-02-04,Málaga,m,49
4175,2023-09-09,A CORUÑA,M,32
3738,2022-07-20,Madrid,M,40
84,2023-06-11,Barcelona,F,41
2639,2018-09-06,Madrid,F,32
4298,2022-06-11,Barcelona,M,16
938,,Madrid,F,43
4193,2020-08-08,madrid,M,22
3571,2023-09-24,A Coruña,M,53
4959,2018-11-26,Madrid,F,47
4610,2021-09-29,Valencia,F,18
2254,2024-02-26,VALENCIA,Masculino,46
2424,2023-08-16,sevilla,f,62
3605,2022-05-25,Oporto,Femenino,24
1312,2021-11-23,Málaga,F,28
785,2022-11-04,Malaga,f,24
1752,2023-08-07,Sevilla,Femenino,42
3101,2023-12-22,MADRID,M,27
4907,2022-10-24,Barcelona,Masculino,34
871,2018-04-22,Madrid,F,49
4195,2021-08-31,MADRID,M,31
659,2019-09-24,Madrid,F,39
371,2023-07-22,Valencia,f,26
535,2018-12-25,Malaga,Masculino,34
4491,2018-09-06,Valencia,F,48
1807,2021-02-06,madrid,m,24
1026,2019-12-17,Madrid,M,23
3367,2020-02-19,A CORUÑA,F,30
1062,2020-12-12,lisboa,Femenino,16
2410,2024-05-25,Barcelona,F,52
4607,2018-08-26,Barcelona,M,36
266,2018-01-04,Bilbao,M,43
3586,2022-06-20,A CORUÑA,Masculino,53
18,2019-08-27,Valencia,f,37
1526,,Barcelona,F,19
1563,2020-09-14,Valencia,f,40
3702,2020-03-28,valencia,Masculino,53
4684,2022-04-10,zaragoza,M,50
1190,2023-06-04,Sevilla,m,38
3233,2020-09-08,Barcelona,m,20
2258,2023-09-26,valencia,m,52
4190,2022-08-13,Barcelona,F,30
128,2021-04-24,Barcelona,m,23
980,2018-05-05,Sevilla,f,41
4932,2021-04-15,Madrid,Femenino,34
3993,2022-10-24,Barcelona,M,50
4874,2022-10-25,Sevilla,f,46
1125,2018-09-10,Madrid,Femenino,30
2063,2019-01-23,Madrid,f,32
2115,2018-03-16,Madrid,Masculino,44
3269,2018-07-14,Valencia,m,32
764,2018-09-16,Barcelona,M,45
524,2021-12-13,A Coruña,M,49
280,2021-04-06,MÁLAGA,F,22
4381,,Valencia,Femenino,40
662,2023-05-16,Málaga,F,37
4522,2023-01-23,barcelona,F,28
1020,2024-01-13,Barcelona,M,24
3239,2018-09-10,sevilla,Masculino,49
1843,2023-08-16,Madrid,Femenino,47
4806,2021-03-17,A Coruña,M,52
1975,2020-04-13,Madrid,M,41
4217,2021-11-23,Sevilla,Femenino,45
4138,2022-06-05,zaragoza,f,52
130,2024-06-11,Madrid,F,46
2435,2020-12-21,Sevilla,m,27
3166,2020-02-08,Madrid,M,16
4113,2019-04-26,VALENCIA,F,38
2200,2019-04-21,BARCELONA,Masculino,26
2098,2024-03-19,málaga,F,31
1012,2018-10-19,Valencia,Masculino,48
2610,2018-05-14,ZARAGOZA,M,36
4655,2022-05-04,Valencia,Femenino,35
644,,Barcelona,Masculino,16
14,2019-06-22,madrid,Femenino,36
1863,,madrid,Masculino,45
4840,2022-10-11,Oporto,F,56
2871,2019-10-05,Sevilla,F,28
725,2019-01-26,Bilbao,M,51
3958,2021-06-03,Zaragoza,M,16
1531,2019-03-14,BILBAO,f,31
3563,2022-08-09,Sevilla,Femenino,46
4728,2019-10-14,barcelona,M,26
2899,2022-07-03,Zaragoza,Femenino,63
3955,2019-07-24,Valencia,Masculino,50
680,2018-01-11,madrid,M,25
2421,2018-06-17,barcelona,F,34
52,2019-01-19,Barcelona,F,16
2538,2021-09-15,Barcelona,m,31
1402,2019-08-05,BARCELONA,F,25
207,2024-04-07,MADRID,M,24
3545,2020-11-22,zaragoza,F,38
820,2020-08-30,Oporto,Masculino,52
4301,2023-03-27,Bilbao,F,23
3927,2021-05-22,A Coruña,Masculino,26
2819,2020-07-29,Madrid,F,34
1833,2019-09-08,Madrid,F,57
194,2024-02-16,málaga,M,45
4677,2021-02-02,Barcelona,M,28
2933,2018-04-13,Barcelona,F,37
59,2020-02-24,zaragoza,M,53
4487,2018-10-18,oporto,M,48
1123,2023-04-06,Madrid,F,35
2662,2024-05-06,Sevilla,F,33
2235,2023-07-04,Madrid,m,41
1558,2023-10-18,Bilbao,m,43
3130,2022-04-12,Madrid,M,63
311,2019-01-28,Barcelona,F,16
3981,2019-09-10,Lisboa,Femenino,27
3885,2022-03-29,Barcelona,f,16
552,2023-03-14,BILBAO,M,37
1525,2019-01-10,Lisboa,Femenino,39
2094,2022-09-14,A Coruña,Masculino,33
4695,2022-06-26,Valencia,Masculino,49
2228,2019-06-03,madrid,M,41
1016,2021-10-10,bilbao,F,55
2919,2019-02-20,A Coruña,Femenino,44
3602,2022-08-02,Barcelona,F,35
1000,2023-05-21,Valencia,f,27
1183,2019-07-12,Barcelona,F,48
1921,2020-10-15,Madrid,f,46
2939,2021-02-05,sevilla,M,26
1317,2019-09-20,Barcelona,F,48
2074,2024-05-14,Madrid,F,19
1564,2019-11-01,Barcelona,F,26
1271,2019-11-03,Lisboa,F,17
486,2021-06-23,Lisboa,Femenino,38
1605,2019-12-20,Madrid,F,40
723,2018-05-29,Valencia,Masculino,45
4270,2023-11-05,MADRID,Femenino,29
2947,2019-03-30,barcelona,F,36
4436,2020-09-22,BARCELONA,F,25
4819,2021-08-08,madrid,F,60
44,2019-10-07,bilbao,M,31
4058,2022-04-16,madrid,m,26
1063,2022-09-02,MADRID,Masculino,41
2386,2018-06-26,Valencia,F,29
3317,2018-03-10,sevilla,F,33
3039,2023-02-15,Madrid,f,44
699,,SEVILLA,F,21
4267,2024-04-07,Madrid,F,39
3949,,barcelona,M,19
2460,2020-05-12,Madrid,f,31
1884,2021-10-08,Madrid,M,38
2684,2018-02-18,Barcelona,M,30
4309,2019-07-14,Madrid,F,16
1744,2023-02-24,Lisboa,F,32
3146,2023-01-09,bilbao,Masculino,24
714,2018-12-04,MADRID,Femenino,25
1411,2018-09-03,Barcelona,Masculino,31
1819,2021-05-05,Barcelona,Femenino,43
1150,2024-03-16,Madrid,f,25
3237,2024-04-14,Madrid,F,64
3015,2019-12-27,madrid,m,34
2376,2024-02-23,Barcelona,F,32
4319,2019-12-25,Sevilla,Femenino,28
3147,2023-03-04,Oporto,f,26
2275,2023-12-30,OPORTO,m,30
1589,2020-02-24,barcelona,m,37
2923,2020-02-29,SEVILLA,m,40
3125,2018-04-26,Barcelona,M,43
1756,,Valencia,f,42
2584,2019-05-03,Valencia,f,37
2380,2021-02-06,Barcelona,m,27
4605,2022-11-18,Madrid,Femenino,58
4505,2020-07-12,madrid,F,39
4563,2023-08-27,Madrid,f,38
2279,2022-04-18,SEVILLA,F,30
2903,2020-12-26,Madrid,F,42
3362,2021-05-28,Madrid,M,16
3506,2023-01-29,MÁLAGA,M,16
3527,2023-04-09,Madrid,Masculino,37
1359,2022-06-05,Sevilla,Masculino,29
599,2022-03-23,Sevilla,F,36
3714,2024-04-30,SEVILLA,Masculino,38
1991,2023-01-29,SEVILLA,F,47
2183,2024-04-11,Madrid,F,39
4755,2023-03-20,Madrid,m,56
877,2020-05-21,Zaragoza,F,51
2396,2022-09-26,Malaga,Femenino,30
3657,2019-02-28,Madrid,F,57
2339,2022-09-19,Bilbao,F,34
2298,2018-11-04,Barcelona,Masculino,24
4500,2022-12-26,Sevilla,f,43
996,2024-02-27,MADRID,M,27
1787,2023-04-01,Valencia,F,25
2557,2019-02-09,Barcelona,Masculino,26
718,2022-11-21,Málaga,Femenino,56
4958,2023-01-08,valencia,F,38
4210,2022-07-16,Malaga,M,33
1592,2023-09-10,Sevilla,F,16
2297,2022-12-24,Barcelona,F,26
4779,2018-05-28,Barcelona,F,45
1725,2023-01-05,A Coruña,Masculino,36
146,,Barcelona,M,33
1837,2023-11-18,madrid,M,16
1737,2023-02-16,a coruña,F,38
3899,2023-02-06,Lisboa,m,31
580,2022-03-25,bilbao,M,40
3458,2019-03-28,Oporto,Masculino,37
2539,2021-08-21,madrid,Masculino,36
675,2020-11-10,BILBAO,F,39
2608,2021-10-25,BARCELONA,F,57
4386,2023-03-30,MÁLAGA,F,59
732,2021-09-18,Barcelona,F,199
1608,2020-09-07,BARCELONA,Femenino,43
838,2019-04-04,barcelona,m,45
3534,2022-02-17,Barcelona,Masculino,30
571,2020-06-29,Madrid,M,59
310,2023-03-14,sevilla,m,45
181,2023-01-20,MADRID,f,46
4492,2018-11-28,Lisboa,Masculino,16
2917,2018-07-21,Madrid,m,36
2441,2021-06-18,Málaga,Masculino,35
3838,2020-02-07,Valencia,M,18
1353,2020-07-31,Lisboa,F,59
857,2018-09-13,MADRID,F,50
1264,2019-08-19,barcelona,Femenino,27
1305,2019-07-24,Barcelona,M,29
1197,2024-02-26,Madrid,M,33
456,2023-06-21,Madrid,M,21
2265,2019-11-07,zaragoza,m,24
302,2023-02-12,Valencia,m,51
4068,2019-05-03,MADRID,m,45
1043,2023-02-20,Valencia,f,28
1324,2021-06-20,LISBOA,M,45
3398,2020-10-03,Bilbao,f,16
2948,2021-10-08,Lisboa,Femenino,33
2524,2021-10-08,Bilbao,M,24
3666,2018-03-11,Barcelona,F,47
2706,2021-02-16,VALENCIA,Masculino,16
984,2021-10-10,Valencia,Masculino,49
4731,2018-08-27,Sevilla,m,54
3707,2020-09-16,Sevilla,Masculino,63
4780,2024-02-02,MADRID,F,32
4474,2021-03-02,A Coruña,F,42
2251,2020-10-19,Bilbao,M,35
3222,2021-11-01,Oporto,F,53
1456,2019-01-12,Sevilla,Femenino,63
2291,2018-03-19,LISBOA,Femenino,43
3979,2022-07-03,MÁLAGA,Femenino,34
1096,2021-02-23,Madrid,Femenino,22
3609,2023-06-22,Barcelona,M,50
1811,2019-06-21,Madrid,M,25
399,2018-04-27,MÁLAGA,Femenino,53
3549,2019-05-04,Barcelona,F,55
1698,2023-09-05,Zaragoza,M,43
2805,2018-02-12,madrid,Masculino,46
2451,2021-08-14,Barcelona,Masculino,36
847,2023-02-12,Barcelona,f,41
2084,2018-05-06,A Coruña,F,51
2516,2023-04-26,barcelona,F,45
2194,2019-06-02,Madrid,F,49
757,2021-12-29,Barcelona,M,33
1941,2023-10-02,ZARAGOZA,F,39
2913,2021-11-07,Oporto,Masculino,38
3268,2024-03-12,Madrid,m,42
4567,2022-11-10,MÁLAGA,F,30
4722,,madrid,M,63
3808,2018-09-26,Valencia,M,31
359,2021-02-14,Lisboa,F,51
1188,2023-05-28,barcelona,M,34
936,2022-12-22,A Coruña,M,32
1473,2020-08-21,Barcelona,F,33
285,2023-10-17,Valencia,M,58
4040,2020-07-09,Valencia,Masculino,37
1788,2021-01-25,valencia,M,37
775,2018-02-03,Barcelona,F,50
3270,2022-04-09,zaragoza,Femenino,25
3757,2021-07-22,MADRID,m,24
2328,2022-12-18,Lisboa,Femenino,49
2491,2021-09-07,Madrid,m,47
3847,2023-05-25,BARCELONA,F,27
1791,2020-12-15,Barcelona,M,23
1065,2019-12-24,Madrid,M,49
4167,2019-06-09,Barcelona,m,38
1730,2020-09-28,Madrid,Femenino,34
1995,2020-11-15,Madrid,f,42
3543,2019-09-02,Lisboa,Femenino,45
1965,2022-01-06,madrid,Masculino,22
2257,2018-10-27,Valencia,Masculino,46
3126,2019-02-07,Madrid,F,40
2677,2021-11-19,lisboa,Masculino,48
3788,2019-08-13,Barcelona,M,16
124,2023-02-27,Bilbao,F,16
569,2018-01-27,madrid,m,51
1840,2020-10-21,Madrid,F,43
3576,2020-01-26,Barcelona,m,27
4172,2021-01-16,Madrid,F,48
3260,2019-08-03,Barcelona,f,48
1290,2021-05-14,Oporto,F,25
2532,2020-01-06,Zaragoza,M,48
424,2019-07-13,MADRID,F,17
426,2021-08-01,Lisboa,M,40
4524,2021-01-22,barcelona,F,36
4405,2022-01-18,Bilbao,M,48
1296,2019-10-16,Madrid,f,32
1974,2020-10-10,Madrid,M,54
604,2018-05-31,Bilbao,Masculino,42
3991,2021-10-20,ZARAGOZA,Femenino,42
2548,2020-09-15,lisboa,M,32
1124,2018-06-17,madrid,F,16
1429,2021-02-08,Valencia,F,21
3122,2021-02-23,oporto,M,18
177,2024-05-26,Madrid,Femenino,38
1361,2019-11-13,Valencia,M,46
4183,2023-01-16,valencia,F,35
672,2018-10-21,Sevilla,F,47
410,2022-01-02,Oporto,F,29
4915,2019-02-05,Barcelona,F,38
4496,2020-05-08,Barcelona,Femenino,35
4554,2020-05-15,Madrid,f,60
1848,2023-01-24,Sevilla,M,36
2249,2019-02-26,A Coruña,m,41
2434,2018-03-10,Madrid,M,50
2281,2019-01-14,bilbao,M,27
950,2019-05-29,Zaragoza,m,27
3182,2021-03-06,MADRID,F,41
1453,2022-10-02,Barcelona,M,42
4949,2022-10-29,madrid,M,31
3634,2019-02-18,Barcelona,Femenino,27
2848,2019-06-01,Barcelona,F,40
1166,2019-06-15,Sevilla,Femenino,26
1673,2021-05-09,BARCELONA,M,43
2679,2019-01-15,A Coruña,Masculino,40
4019,2023-01-17,Madrid,f,30
2096,2020-03-05,Madrid,M,26
2796,2019-11-26,Madrid,Femenino,18
4782,2018-03-23,Madrid,Femenino,38
1799,2022-09-14,Malaga,F,27
733,2022-09-20,Oporto,M,34
2287,2019-02-17,Barcelona,Masculino,36
4363,2019-08-25,Malaga,F,34
4039,2023-06-26,oporto,M,33
3236,2019-09-11,zaragoza,m,40
4317,2022-10-16,barcelona,F,28
3431,2018-12-31,Valencia,f,43
121,2022-10-30,Barcelona,Femenino,47
1741,2022-10-16,Sevilla,M,20
4367,2021-06-05,Oporto,f,31
712,2021-01-08,Valencia,M,21
3572,2019-05-10,A Coruña,m,44
2740,2024-02-14,Zaragoza,F,40
2268,2023-11-21,SEVILLA,Masculino,35
1772,2022-06-24,Madrid,Masculino,36
2428,2019-07-12,Madrid,M,52
1624,2023-09-05,Bilbao,f,29
1914,2019-12-21,Barcelona,Masculino,25
3304,2021-07-31,Madrid,Femenino,40
77,2022-11-05,Zaragoza,Masculino,35
3013,2021-03-09,Madrid,F,26
1704,2021-07-06,sevilla,M,19
3792,2020-08-09,Madrid,M,25
3150,2021-07-19,Barcelona,F,30
2205,2022-07-06,A Coruña,M,19
164,2022-09-03,Madrid,Masculino,41
3297,2020-06-12,Málaga,f,39
2568,2023-12-07,málaga,M,45
395,2021-06-20,A Coruña,M,34
1620,2021-01-01,Madrid,Femenino,33
3516,2020-01-01,Madrid,F,36
3333,2022-01-14,Madrid,M,52
4370,2018-11-29,MADRID,M,33
2272,2020-12-28,Barcelona,M,43
2553,2020-10-13,Barcelona,F,45
1514,2018-10-05,Oporto,Femenino,31
927,2020-07-02,Barcelona,m,48
956,2023-05-12,barcelona,Femenino,32
2417,2020-12-05,Lisboa,Femenino,49
2635,2018-10-25,Madrid,Masculino,32
415,,BARCELONA,Femenino,43
2596,2018-08-05,Barcelona,F,49
3161,2021-07-03,MADRID,F,47
2307,2024-03-15,sevilla,F,35
342,2024-02-01,Madrid,M,27
256,2022-04-08,Madrid,F,44
3334,2022-04-01,sevilla,F,19
928,2022-02-13,Sevilla,Femenino,33
3705,2021-10-25,MADRID,F,23
339,2023-08-26,Barcelona,m,32
154,2018-06-27,Oporto,M,25
4264,2023-04-15,Madrid,M,32
1635,2019-03-01,Madrid,f,23
4181,2021-06-04,Lisboa,F,50
3597,2022-01-16,Sevilla,F,49
696,2022-02-02,barcelona,F,35
3494,2023-08-02,Sevilla,Femenino,39
4015,2021-05-11,Barcelona,Masculino,42
3596,2020-07-13,VALENCIA,M,19
3755,2019-08-28,Madrid,M,28
2576,2020-01-16,sevilla,m,28
4420,2023-09-23,Madrid,M,26
1969,2023-01-06,Madrid,F,42
3230,2019-04-19,Malaga,Masculino,16
2698,2020-04-10,Lisboa,F,28
1483,2020-01-08,Zaragoza,Femenino,27
3192,2024-01-23,madrid,Femenino,34
1092,2018-10-07,barcelona,m,42
3611,2021-09-22,madrid,Femenino,35
380,2020-07-10,Valencia,F,53
2013,2023-08-02,Madrid,M,16
4425,2022-05-22,BARCELONA,F,42
379,2022-01-06,Zaragoza,M,51
4361,2020-10-31,Barcelona,M,42
4157,2021-09-07,SEVILLA,Masculino,41
3469,2020-06-28,lisboa,Masculino,44
4562,2018-02-09,Madrid,M,30
3924,2020-07-28,sevilla,M,34
279,2024-03-23,Valencia,F,32
174,2023-03-03,Madrid,Masculino,46
184,2018-09-07,BARCELONA,M,40
2762,2022-01-22,Madrid,F,34
3024,2023-03-15,barcelona,M,42
1855,2018-04-15,barcelona,M,37
2111,2021-07-30,Oporto,M,26
430,2023-01-09,Sevilla,M,32
357,2023-06-01,Barcelona,F,30
1760,2024-04-26,Valencia,Femenino,16
2749,2019-09-14,Valencia,F,45
1651,2022-08-03,madrid,M,19
169,2022-01-22,Valencia,Femenino,38
3242,2019-05-22,Barcelona,F,52
3340,2020-11-05,Sevilla,M,32
3373,2022-01-02,Madrid,M,36
2077,2022-09-09,bilbao,F,29
1234,2021-11-02,valencia,F,49
4886,2023-12-01,valencia,Femenino,42
2067,2023-06-07,Lisboa,F,16
3497,2024-01-20,Zaragoza,f,46
2325,2021-04-25,Zaragoza,Femenino,16
3084,2022-04-02,A Coruña,m,0
2473,2020-06-20,Barcelona,M,42
3753,,Zaragoza,F,17
3110,2019-12-31,Bilbao,F,42
4255,2018-09-11,Sevilla,m,47
1763,2020-10-26,Lisboa,F,28
3953,2021-12-19,Lisboa,Masculino,39
2767,2023-06-16,Bilbao,F,31
4242,2019-04-29,a coruña,M,39
1629,2018-03-22,Madrid,f,52
4810,2018-05-22,MÁLAGA,m,17
2035,2023-02-07,Oporto,M,46
4531,2019-12-24,Madrid,Masculino,16
4896,2021-05-12,Barcelona,f,47
3209,2021-10-06,Madrid,m,27
1560,2021-02-11,Bilbao,F,48
2985,2019-05-14,Madrid,M,29
4849,2019-01-03,Sevilla,F,36
1898,2018-03-18,Valencia,f,28
61,2021-05-23,madrid,m,47
891,2019-11-28,Málaga,Masculino,35
2468,2018-07-26,Madrid,F,26
2309,2018-08-13,Sevilla,Femenino,57
4124,2022-08-06,Lisboa,Femenino,49
2176,2021-10-27,Lisboa,M,47
1432,2023-10-16,Málaga,F,65
2030,2020-02-07,lisboa,f,25
3670,2021-06-19,Valencia,f,31
2393,2024-05-12,Madrid,Femenino,59
4285,2020-01-02,Málaga,F,31
2542,,Valencia,Femenino,45
291,2022-03-29,Valencia,F,27
2830,2018-04-21,Bilbao,F,43
4395,2021-06-10,Barcelona,f,47
2997,2019-08-12,Valencia,M,26
881,2020-01-27,A Coruña,F,31
344,,Lisboa,F,56
3245,2022-06-06,Valencia,f,38
3442,2021-01-10,A CORUÑA,F,32
3428,2024-03-06,Málaga,f,38
3736,2022-02-22,Málaga,M,27
4178,2018-04-16,Barcelona,Femenino,22
2754,2022-06-18,Sevilla,M,50
4465,2022-08-19,sevilla,f,45
2693,2022-07-03,Lisboa,M,30
1633,2023-12-19,Madrid,F,33
3620,2023-03-24,Málaga,F,36
2189,2020-03-15,Madrid,F,16
2814,2021-10-05,Málaga,M,30
3828,2024-03-01,valencia,F,26
2611,2022-12-08,MÁLAGA,f,35
4920,2020-02-12,MADRID,Femenino,30
4117,2019-10-31,bilbao,F,26
1187,2023-08-12,SEVILLA,F,30
4201,2024-05-18,madrid,M,27
4791,2018-08-11,lisboa,Masculino,29
398,2022-03-18,Bilbao,M,43
4277,2019-02-10,Madrid,F,43
4903,2019-05-23,Bilbao,M,34
802,2021-03-18,Madrid,Femenino,50
3978,2024-05-03,Lisboa,Femenino,52
3129,2022-01-03,Madrid,M,52
2886,2020-05-25,BARCELONA,F,58
1958,2021-07-26,Oporto,F,25
4678,2020-05-08,Madrid,M,27
735,2023-01-10,Lisboa,Femenino,40
449,2018-04-19,Málaga,F,48
495,2018-09-25,madrid,M,35
2375,2021-07-21,Madrid,Femenino,40
4654,2020-03-11,Valencia,F,46
4687,2020-10-08,Bilbao,f,50
3043,2024-04-03,A CORUÑA,M,41
2080,2023-03-27,BARCELONA,F,33
575,2021-03-12,Barcelona,Femenino,34
1984,2021-11-12,Madrid,m,27
491,2020-10-03,A Coruña,m,26
4227,2021-05-13,bilbao,M,57
1540,2019-04-15,Málaga,F,50
1590,2023-11-07,MÁLAGA,Femenino,24
1935,2018-02-14,Málaga,Masculino,35
4299,,MADRID,Femenino,50
2461,2022-09-13,Málaga,Femenino,58
4950,2023-08-27,Valencia,M,37
1231,2020-10-03,Valencia,M,30
4376,2021-08-31,BARCELONA,Femenino,21
3355,2020-04-01,Málaga,Femenino,33
2588,2023-10-21,Madrid,F,35
3835,2021-09-23,Madrid,Femenino,41
3496,2024-04-21,Barcelona,F,42
3096,2018-11-25,Sevilla,F,23
1779,2019-09-17,madrid,m,36
930,,VALENCIA,M,45
873,2019-05-21,Barcelona,F,38
2889,2018-05-19,MADRID,F,29
753,2018-11-21,Barcelona,Femenino,54
3474,2021-01-22,Bilbao,Femenino,34
2348,2023-12-29,Madrid,F,27
4243,2018-11-25,A CORUÑA,m,53
2195,2020-11-23,Barcelona,Masculino,36
4848,2018-05-09,Bilbao,M,31
4230,2023-05-18,lisboa,F,40
123,2023-09-23,Madrid,F,49
4308,2019-07-28,Sevilla,Femenino,45
2962,2022-04-18,Barcelona,F,53
1845,2019-07-29,OPORTO,m,50
1827,2018-04-15,Valencia,M,39
719,2022-11-29,Valencia,F,59
2273,2019-10-06,Madrid,Femenino,33
3750,2022-10-22,Lisboa,M,54
460,2020-09-20,Barcelona,m,18
3243,2018-11-06,Madrid,Masculino,25
3803,2018-01-13,Madrid,F,57
3776,,Madrid,m,19
2028,2021-05-27,MADRID,Masculino,61
2591,2018-01-06,valencia,M,25
3092,2022-04-27,Barcelona,m,38
1272,2021-09-07,Málaga,f,47
1944,2021-08-06,madrid,Femenino,51
2316,2021-01-20,zaragoza,M,25
3675,2021-01-25,barcelona,F,35
277,2018-04-07,barcelona,f,47
3741,2018-06-24,Madrid,F,51
1206,2023-12-10,valencia,M,48
3813,2021-10-04,Valencia,M,41
2280,2018-04-12,bilbao,M,41
188,2018-04-05,Barcelona,F,16
2590,2019-02-09,Barcelona,Femenino,43
1828,2018-08-22,Barcelona,m,23
4482,2024-02-05,barcelona,M,44
1809,2023-02-20,Madrid,M,43
1321,2022-01-04,Lisboa,F,43
1106,2021-10-31,Barcelona,F,16
2630,2024-02-03,Madrid,Femenino,38
272,2022-01-22,VALENCIA,f,51
931,2021-11-21,Madrid,f,57
1292,2023-12-31,Madrid,F,22
1035,2021-09-28,Lisboa,Masculino,34
2541,2018-05-03,Barcelona,M,53
1836,2019-02-22,Madrid,f,46
1328,2019-09-17,VALENCIA,F,55
3902,2020-02-27,SEVILLA,F,38
4323,2021-10-31,Sevilla,F,48
3272,2019-07-08,Barcelona,Masculino,26
2282,2023-02-02,A CORUÑA,Femenino,16
3080,,Valencia,M,51
1885,,Barcelona,M,21
129,2019-06-21,MADRID,F,36
200,2019-06-24,A Coruña,F,44
2708,2020-08-16,MÁLAGA,M,51
4321,2022-04-25,madrid,M,25
3369,2022-01-18,Barcelona,Masculino,39
1631,2020-05-31,Barcelona,m,40
2361,2020-03-07,zaragoza,f,52
2602,2022-09-11,Zaragoza,f,49
4843,2023-07-23,Bilbao,M,42
1616,,Madrid,Masculino,48
3594,2020-11-12,Madrid,Masculino,35
2303,2022-06-11,Bilbao,Masculino,31
4038,2020-08-23,Madrid,Femenino,46
4820,2021-08-18,madrid,F,40
4543,2021-03-01,A Coruña,M,45
3510,2023-08-17,Málaga,Femenino,30
3868,2018-07-09,Oporto,M,33
2312,2023-11-04,barcelona,F,45
3109,2023-07-13,valencia,f,41
3551,2023-12-30,Málaga,M,48
2219,2022-06-08,BARCELONA,Femenino,35
4355,2019-02-21,Barcelona,F,53
2940,2019-10-04,Zaragoza,f,31
665,2018-03-15,Sevilla,F,32
4816,2019-11-08,Madrid,M,39
250,,MADRID,m,39
2429,2023-05-20,Sevilla,F,50
2452,2020-12-17,barcelona,F,30
4473,2023-08-24,Madrid,M,48
3995,2019-02-04,Valencia,m,39
1636,2020-07-21,SEVILLA,Masculino,51
4743,2022-10-14,Sevilla,Masculino,44
1859,2019-05-31,Madrid,Femenino,26
3642,2018-09-18,Sevilla,Masculino,55
3366,2024-01-07,Barcelona,M,39
299,2019-02-21,Valencia,F,45
3667,2023-06-07,Barcelona,M,78
1004,2020-03-14,Zaragoza,f,35
3912,2021-07-13,Sevilla,M,29
795,2023-11-03,a coruña,M,32
2389,2024-01-15,valencia,F,30
2951,2021-04-14,madrid,Femenino,40
4945,2022-01-20,madrid,M,48
4141,2019-01-18,Barcelona,M,46
1489,2022-10-29,Bilbao,Masculino,19
1486,2018-01-03,Málaga,M,28
4944,2022-10-14,Zaragoza,F,46
2078,2019-08-27,Málaga,F,58
93,2023-03-13,BARCELONA,M,61
1458,2019-05-31,Barcelona,m,22
1578,2019-12-05,Barcelona,F,48
2688,2020-09-12,Madrid,M,45
1714,2023-07-24,ZARAGOZA,M,42
3170,2020-02-18,Madrid,M,58
513,2021-01-05,Madrid,F,58
3869,2019-05-14,Sevilla,Femenino,26
681,2022-01-22,Bilbao,m,17
1513,2021-09-24,Málaga,Masculino,40
985,2022-08-08,Barcelona,F,26
809,2018-06-23,Bilbao,f,46
650,2019-06-18,Zaragoza,m,28
4777,2022-06-10,Madrid,F,39
4481,,Barcelona,f,29
179,2019-04-16,Sevilla,f,60
4613,2018-09-16,sevilla,M,47
3244,2022-08-26,Barcelona,M,40
3664,2021-03-11,Bilbao,M,42
663,2023-08-17,Barcelona,F,48
1795,2021-11-28,Valencia,F,19
4528,2021-08-12,Madrid,f,34
3406,2023-09-16,bilbao,M,35
4104,2018-10-10,Sevilla,M,35
2469,2022-03-12,SEVILLA,M,43
2086,2019-01-29,Barcelona,F,46
592,2020-06-26,valencia,M,47
1165,2022-08-06,Barcelona,M,16
58,2019-12-29,Barcelona,f,40
4352,2024-03-27,Sevilla,f,17
1465,2020-02-15,MADRID,F,51
101,2018-11-24,barcelona,F,16
2959,2020-05-12,Zaragoza,F,50
1225,,Málaga,M,26
1410,2021-03-31,MÁLAGA,F,30
3083,2023-04-26,Madrid,M,23
888,2020-01-20,VALENCIA,M,42
817,2020-01-04,BARCELONA,F,34
3093,2023-01-21,A Coruña,F,23
617,2019-03-08,Madrid,F,24
1993,2021-11-24,madrid,Femenino,48
3265,2022-08-21,valencia,m,43
1770,2022-12-17,Madrid,Masculino,34
4679,2018-06-24,Sevilla,f,51
490,2022-05-11,Madrid,F,32
3445,2019-05-24,Lisboa,F,29
899,2022-01-15,Madrid,Masculino,56
319,2020-02-26,Madrid,Masculino,45
2039,2019-03-20,madrid,F,35
825,2022-02-08,Sevilla,F,28
51,2024-03-01,Sevilla,M,32
4273,2021-08-04,Barcelona,M,38
218,2022-09-21,Sevilla,F,50
1210,2018-02-14,Valencia,F,37
2561,2019-08-17,barcelona,f,19
1654,2020-06-01,ZARAGOZA,Masculino,42
1415,2024-02-26,Madrid,M,33
3877,2018-02-10,Madrid,F,41
3882,,valencia,m,30
2033,2022-09-20,Barcelona,m,39
2463,2023-12-30,lisboa,F,41
1082,2018-02-01,Zaragoza,M,41
1902,2023-07-08,Valencia,F,37
1953,2022-02-08,Barcelona,M,48
587,2023-07-27,A Coruña,f,33
3471,2020-11-07,zaragoza,F,25
1494,2022-09-14,A Coruña,F,61
2173,2021-06-05,Valencia,Masculino,35
4579,2018-12-15,Lisboa,Femenino,24
1308,,A Coruña,m,54
1115,2018-03-24,Barcelona,M,40
4215,2019-08-06,Valencia,F,41
3037,2018-07-04,Madrid,M,47
2983,2024-04-18,madrid,m,21
1705,2019-02-07,Madrid,F,58
3711,2020-07-02,Barcelona,M,28
4208,2020-11-22,Lisboa,Femenino,21
125,2023-07-27,A Coruña,F,56
859,2018-03-21,Madrid,Femenino,21
1488,2019-07-31,Barcelona,Femenino,46
2510,2020-10-14,Malaga,M,38
1849,2018-11-02,A Coruña,M,45
43,2018-08-01,Barcelona,M,53
3692,2018-09-18,Sevilla,Femenino,39
2130,2019-10-11,Bilbao,Femenino,51
2252,2019-04-25,madrid,F,52
754,2018-10-17,A Coruña,Femenino,35
2225,2021-12-25,Madrid,M,35
2141,2018-01-13,Valencia,M,51
4095,2020-02-10,Barcelona,Masculino,41
1672,2020-07-13,barcelona,M,55
4091,2022-06-28,Madrid,M,33
1434,2020-05-10,Barcelona,M,27
4621,2022-07-07,Madrid,M,54
4388,2022-11-02,Sevilla,M,42
2123,2024-04-29,Málaga,f,26
3263,2023-03-21,Sevilla,M,45
2555,2020-03-01,Sevilla,Femenino,50
3636,2021-09-08,Madrid,m,56
3686,2023-12-12,A Coruña,f,26
1344,2021-01-24,Madrid,m,55
3235,2024-02-04,BARCELONA,m,36
3600,2021-01-09,Madrid,M,35
1573,2019-10-14,Bilbao,Femenino,29
787,2023-01-10,Barcelona,Femenino,26
736,2018-07-22,Zaragoza,Femenino,27
1101,2023-10-09,A Coruña,M,23
249,2018-04-26,Barcelona,f,51
2792,2022-03-28,Valencia,F,59
2709,,Bilbao,f,17
2399,2023-01-21,Valencia,m,21
2547,2019-06-21,barcelona,M,33
1457,2020-12-25,Zaragoza,F,44
2757,2020-12-19,MADRID,f,23
3439,2023-09-13,Valencia,m,40
3296,2023-02-22,barcelona,M,60
953,2023-01-26,Barcelona,F,16
4879,2019-12-21,Barcelona,Femenino,19
1711,2020-04-19,Barcelona,F,54
406,2022-10-17,Barcelona,f,34
4155,2020-05-15,Lisboa,F,38
3763,2018-05-25,barcelona,f,35
3283,2019-01-23,Madrid,Masculino,26
1161,2019-11-23,Zaragoza,f,58
750,2021-12-22,Lisboa,F,37
301,2021-08-16,Madrid,f,57
560,2023-10-04,VALENCIA,Femenino,40
88,2021-07-13,MADRID,F,55
2858,2019-09-26,barcelona,Masculino,40
4322,2020-11-28,Oporto,Femenino,31
2726,2023-05-28,LISBOA,M,37
1831,2022-06-22,Barcelona,f,39
3546,2018-02-07,Madrid,F,16
5,2023-07-24,Valencia,m,54
2772,2022-03-05,Oporto,f,33
1894,2024-03-02,Málaga,Femenino,57
506,2020-12-19,Madrid,F,33
4493,2019-02-22,Malaga,Masculino,42
475,2021-08-08,Zaragoza,m,73
1413,2023-10-04,Barcelona,F,38
4970,2020-09-11,BILBAO,F,44
4204,2019-03-23,SEVILLA,M,19
4517,2021-08-24,Madrid,f,41
217,2021-02-05,Bilbao,Femenino,43
1601,2024-02-06,Barcelona,M,55
119,2018-05-23,zaragoza,F,39
3774,2023-01-08,madrid,M,46
479,2020-10-14,BARCELONA,f,18
2992,2022-02-17,Sevilla,F,41
269,2023-10-23,Barcelona,M,18
499,2021-02-21,Barcelona,F,23
1501,2023-02-13,Madrid,F,41
4630,2021-10-12,Barcelona,F,40
3187,2024-05-15,Barcelona,M,43
4617,2018-07-08,madrid,F,49
1989,2023-11-04,BARCELONA,M,47
565,2021-06-10,Valencia,Masculino,33
155,2019-06-15,Barcelona,M,39
1860,2023-12-26,Madrid,F,29
4545,2020-05-12,Zaragoza,F,24
1794,2023-10-15,Sevilla,M,33
3179,2024-02-04,MADRID,F,34
3748,2021-12-24,Zaragoza,M,52
4000,2018-04-26,Oporto,Masculino,37
1962,,ZARAGOZA,f,26
2925,2018-08-12,Barcelona,F,35
4497,2023-12-20,Valencia,f,49
830,2023-12-10,Madrid,f,48
3683,2022-10-22,A Coruña,Femenino,50
260,2020-05-04,Lisboa,M,16
3710,2024-02-24,madrid,f,25
2979,2023-10-14,Oporto,M,35
527,2022-05-06,valencia,Masculino,-1
3706,2019-01-16,A Coruña,Masculino,27
3812,2024-04-09,BARCELONA,F,29
2562,,Madrid,F,55
3046,2018-04-28,MADRID,Femenino,32
2496,2021-12-15,BARCELONA,F,40
1284,2021-01-20,madrid,M,51
4214,2022-07-01,OPORTO,m,199
1707,2019-04-03,MÁLAGA,Femenino,39
2667,2022-02-17,Barcelona,M,16
2737,2019-05-29,Madrid,m,40
1476,2021-10-11,Sevilla,M,16
3507,2021-03-20,Sevilla,Femenino,29
4314,2023-04-16,Barcelona,f,49
2704,2024-05-04,VALENCIA,Masculino,25
742,2020-06-14,Barcelona,F,25
3650,,Barcelona,Masculino,16
2535,2020-12-24,A Coruña,M,30
2310,2020-10-06,BILBAO,F,43
474,2022-01-07,MÁLAGA,F,55
238,2022-06-03,Barcelona,M,29
1768,2020-07-06,Barcelona,M,51
1644,2018-01-18,Barcelona,M,32
89,2021-11-24,Barcelona,M,29
596,2024-05-16,oporto,M,28
2552,2021-05-13,Valencia,m,34
2891,2019-07-06,Barcelona,F,23
4054,2022-09-27,Oporto,m,45
4374,2023-04-06,Málaga,m,31
616,2022-02-20,barcelona,M,23
3353,2024-04-25,MADRID,Masculino,49
3295,2018-07-19,Barcelona,F,63
2877,2023-04-15,Barcelona,M,47
4602,2021-08-24,Barcelona,F,32
4632,2018-12-21,BARCELONA,F,33
1740,2019-12-24,Barcelona,F,39
3104,2019-10-16,Madrid,F,24
4571,2022-02-25,madrid,M,20
453,2021-06-28,Oporto,Femenino,34
3360,2020-04-19,Bilbao,Masculino,23
3700,2021-08-27,madrid,M,36
3455,2021-06-02,Oporto,F,39
1668,2022-04-25,Malaga,Masculino,37
2179,2018-05-24,Barcelona,M,39
533,2021-04-15,madrid,m,22
3292,2018-05-09,Madrid,Masculino,21
2034,2021-02-06,Oporto,m,45
694,2019-08-26,Sevilla,F,21
1551,2020-11-28,zaragoza,f,38
2152,2022-12-10,Bilbao,F,44
275,2020-01-11,Málaga,F,16
4372,2023-11-15,Malaga,F,23
3465,2021-02-01,barcelona,M,41
4028,2020-10-20,Barcelona,M,29
1873,2020-04-25,Madrid,F,55
1384,2018-05-19,LISBOA,M,48
4103,2018-07-29,MADRID,F,44
4034,2020-11-23,Madrid,Masculino,39
440,2024-02-13,Valencia,F,46
2032,2023-02-20,Valencia,M,18
2943,2022-03-17,Lisboa,F,33
2408,2023-11-30,Valencia,Femenino,56
957,2020-08-27,Madrid,Femenino,55
1519,2020-10-08,Oporto,Femenino,44
4619,2019-08-03,Madrid,F,35
3410,2020-02-04,Barcelona,M,40
483,2024-04-08,Barcelona,m,17
4746,2018-05-22,Valencia,M,35
4895,2023-01-22,Sevilla,M,26
4833,2020-04-03,Málaga,Femenino,31
2618,2021-10-10,Barcelona,F,17
225,2018-03-16,Valencia,m,36
3844,2022-07-16,Bilbao,M,34
2829,2019-07-03,Valencia,F,55
2362,2018-08-28,BARCELONA,M,58
1652,2024-01-17,Barcelona,m,29
1561,2018-08-26,Barcelona,Masculino,44
800,2021-01-28,Lisboa,F,36
3503,,Barcelona,Femenino,23
1303,2023-09-22,BARCELONA,M,27
2763,2021-06-14,ZARAGOZA,m,23
3987,2023-01-07,Madrid,Masculino,56
367,2019-12-21,Barcelona,Masculino,37
2843,2021-03-19,Madrid,Femenino,39
3061,2023-10-04,Lisboa,M,25
1915,2021-01-30,Zaragoza,f,34
4821,2022-11-29,sevilla,F,38
3916,2019-04-22,Madrid,Femenino,54
2210,2021-02-20,Barcelona,F,47
2330,,Sevilla,M,27
4645,2019-12-07,Barcelona,Femenino,24
3070,2021-10-27,Madrid,M,42
150,2020-02-26,Madrid,M,53
2621,2022-01-01,Valencia,f,35
3623,2021-05-14,Barcelona,M,31
2921,2019-08-27,Madrid,Femenino,43
1363,2021-12-10,VALENCIA,M,53
1971,2019-10-01,Barcelona,m,40
2381,,Málaga,Masculino,25
3694,2020-04-06,Barcelona,m,27
1502,2021-01-31,Oporto,M,38
2520,2020-04-12,Barcelona,Femenino,38
793,2022-07-14,Sevilla,F,36
3855,2021-04-09,Barcelona,Masculino,28
673,2020-04-12,Barcelona,m,199
3158,2018-01-01,madrid,M,38
1046,2018-07-12,Madrid,F,34
274,2020-05-30,A CORUÑA,M,44
752,2023-02-05,A Coruña,F,26
2160,2023-08-08,Bilbao,F,45
3560,2022-08-12,Valencia,F,51
4691,2022-03-11,Barcelona,m,50
1398,2019-10-24,Madrid,F,37
3940,2024-01-31,Sevilla,m,19
2519,,barcelona,Femenino,43
717,2022-11-12,OPORTO,F,33
1604,2019-07-20,Madrid,M,25
726,2021-04-12,BILBAO,F,26
3659,2021-08-10,Valencia,Femenino,23
2427,2023-08-05,Valencia,F,53
2577,2021-08-07,Barcelona,Femenino,36
1402,2019-08-05,MADRID,F,25
2112,,Madrid,Femenino,42
4968,2024-02-16,Valencia,m,26
2554,2022-08-14,Madrid,M,37
3240,2018-02-27,Madrid,M,44
854,2018-02-24,Barcelona,Femenino,53
3790,,valencia,m,16
2821,2020-09-01,Barcelona,Femenino,57
510,2019-05-27,Oporto,Masculino,50
2832,2023-09-04,Bilbao,M,30
3972,2020-08-11,Barcelona,m,37
1623,2021-09-28,sevilla,f,37
4364,2022-08-18,Bilbao,M,65
3338,2018-03-30,Zaragoza,M,23
2453,2019-11-06,Oporto,F,30
851,2022-02-24,sevilla,Femenino,39
1306,2022-05-04,Madrid,M,44
2300,2022-10-28,bilbao,m,57
1662,2018-04-29,BARCELONA,M,36
4938,2022-11-14,Barcelona,M,32
4442,2022-01-10,Madrid,F,21
2661,2021-06-05,Barcelona,m,24
1919,2022-07-07,Madrid,m,47
935,2018-07-10,Sevilla,m,43
3942,2020-10-18,Madrid,F,39
4137,2019-10-26,Lisboa,Femenino,21
746,2020-10-29,Madrid,F,24
2766,2021-07-24,Valencia,F,33
4634,2023-08-10,Sevilla,M,38
2776,2020-07-11,Madrid,M,66
1389,2021-11-24,MADRID,m,26
4065,2020-08-16,barcelona,M,46
1874,2019-05-09,Valencia,F,55
3648,2024-01-17,BARCELONA,M,50
4071,2022-01-26,Madrid,F,17
1502,2021-01-31,Lisboa,M,38
3131,2020-10-08,Madrid,Femenino,40
2845,2021-01-02,Valencia,Femenino,19
2804,2019-06-12,Barcelona,F,30
4946,2019-03-04,VALENCIA,F,25
4570,2018-05-01,barcelona,F,45
4456,2019-12-10,Oporto,M,34
1520,2021-08-25,Valencia,Masculino,41
3044,2019-05-29,barcelona,m,50
4527,2023-10-25,Madrid,Masculino,42
3452,2019-02-17,málaga,F,36
1302,2018-07-08,Barcelona,Masculino,39
2869,2023-12-22,madrid,F,33
1755,2023-08-01,BARCELONA,F,27
4211,2022-01-30,Valencia,F,41
4839,2019-07-20,a coruña,f,38
1490,2024-06-02,MADRID,f,44
4860,2021-07-08,Madrid,M,51
73,2022-08-11,BARCELONA,F,32
2117,2022-12-05,lisboa,M,48
4472,2022-01-09,Barcelona,m,37
2756,2018-02-16,Madrid,m,26
3672,2018-07-08,BARCELONA,F,33
4428,2018-08-22,Barcelona,M,33
1199,2022-12-02,MADRID,M,69
1717,2021-01-12,valencia,M,64
2881,2022-07-02,Madrid,Femenino,68
1350,2021-02-01,Valencia,F,24
1694,2022-07-02,zaragoza,M,37
1916,2024-05-01,Valencia,M,28
2844,2018-01-12,Madrid,M,37
2246,2019-04-05,sevilla,F,30
944,2019-12-12,Madrid,Masculino,51
4899,2022-09-28,Valencia,M,41
2311,2020-08-17,Oporto,Masculino,40
1263,2018-09-30,Valencia,Masculino,50
4488,2023-06-30,zaragoza,M,16
3114,2020-01-27,Málaga,M,18
467,2022-03-13,Valencia,M,16
631,2022-02-24,Barcelona,M,52
2295,2021-01-16,Bilbao,Masculino,39
4831,2023-02-15,A Coruña,Masculino,39
816,2020-05-11,Barcelona,F,35
522,2020-09-22,Oporto,m,23
3224,2024-04-19,oporto,F,33
1825,2020-02-27,Bilbao,Femenino,46
1613,2020-06-19,Madrid,F,36
941,2024-04-14,málaga,f,46
1650,2018-12-22,Lisboa,F,26
3440,2022-09-29,Málaga,F,23
1482,2021-05-23,Sevilla,Masculino,42
2617,2019-10-18,Sevilla,Masculino,18
4824,2020-04-08,Valencia,F,37
676,,Madrid,M,44
2101,2023-07-01,Barcelona,f,17
2106,2023-03-22,MÁLAGA,M,35
309,2020-08-07,Zaragoza,Masculino,35
2963,2022-11-08,Barcelona,F,40
2884,2020-02-29,MADRID,m,39
1325,2023-04-29,Bilbao,M,38
2018,2022-05-24,bilbao,F,35
920,,oporto,F,32
4750,2020-05-30,valencia,Masculino,26
3041,2022-11-24,Madrid,M,48
4292,2022-04-06,barcelona,m,49
4706,2024-03-13,Barcelona,F,26
4263,2020-09-29,Zaragoza,M,51
2572,2021-06-20,BILBAO,Femenino,28
649,2024-02-11,Sevilla,Femenino,32
1911,2020-03-22,Madrid,M,56
3727,2022-10-15,Barcelona,Femenino,17
168,2019-03-10,Barcelona,M,70
1089,2019-01-01,barcelona,M,24
979,2021-11-20,Sevilla,Masculino,36
1479,2019-10-10,A Coruña,Femenino,38
4443,2018-04-22,Madrid,M,46
3123,2022-10-05,valencia,F,17
1421,2021-02-28,Barcelona,F,16
2672,2022-10-14,barcelona,f,51
3837,2019-11-16,MÁLAGA,Masculino,38
4356,2022-10-08,Madrid,F,35
1583,2022-03-27,Barcelona,Masculino,33
1575,2019-12-31,Lisboa,M,46
3815,2019-03-05,Madrid,F,49
1099,2023-04-04,Madrid,f,21
3489,2020-05-31,Lisboa,M,40
2237,2021-11-19,Barcelona,M,55
354,2018-11-27,Barcelona,m,48
2052,2023-01-07,VALENCIA,M,31
4700,2018-11-22,MADRID,f,52
1800,2019-02-23,Madrid,M,27
2061,2019-11-10,Oporto,m,45
4557,2022-10-21,Valencia,m,38
3536,2021-01-19,sevilla,F,42
1439,2020-11-30,Barcelona,Femenino,57
2493,2020-02-10,Madrid,Masculino,53
1366,2024-06-06,BARCELONA,M,55
3966,2024-02-27,BARCELONA,F,60
3448,2020-12-05,Madrid,M,39
721,2022-10-27,A Coruña,Femenino,23
4516,2022-03-12,Valencia,F,16
671,2021-07-26,valencia,Femenino,41
2213,2023-10-11,VALENCIA,M,47
2676,2018-07-31,madrid,Masculino,35
1972,2020-05-18,Zaragoza,Masculino,25
584,2022-08-26,Madrid,Femenino,47
2197,2021-08-15,Sevilla,F,45
3932,2022-03-03,Barcelona,M,39
4880,2023-09-28,Malaga,Femenino,43
2937,,Madrid,F,25
421,2020-12-11,VALENCIA,Femenino,17
2143,2020-03-15,Madrid,F,37
2365,2018-08-23,Málaga,Masculino,34
4483,2018-09-19,Madrid,Femenino,45
1485,2019-06-06,Madrid,F,20
898,2023-10-10,Bilbao,M,30
2671,2020-05-11,Valencia,F,32
2806,2021-05-03,Valencia,M,45
2586,2022-08-10,Sevilla,F,48
2458,2021-10-04,Zaragoza,f,47
994,2023-11-23,Barcelona,Masculino,31
1745,2022-07-28,Zaragoza,f,37
691,2019-02-07,Madrid,M,66
951,2020-04-03,Madrid,F,24
4207,2020-08-18,Malaga,Femenino,41
2484,2020-12-31,Sevilla,M,34
3701,2019-01-10,Madrid,m,37
2800,2019-12-02,barcelona,Femenino,34
3925,2023-06-28,ZARAGOZA,M,58
2276,2022-12-16,Lisboa,m,18
3100,2023-12-07,Valencia,M,54
3584,2023-12-19,málaga,f,44
210,2022-07-15,Barcelona,M,16
2798,2019-05-22,Málaga,M,24
3595,2023-11-19,Sevilla,F,20
1746,2020-12-28,BARCELONA,m,18
2014,2019-11-26,Valencia,m,24
2378,2024-02-06,Lisboa,f,56
1112,2018-11-18,LISBOA,F,26
3606,2018-01-08,Barcelona,Femenino,27
4609,2023-03-15,madrid,Femenino,41
968,2019-08-03,Madrid,F,49
803,2022-08-24,Barcelona,m,33
2324,2018-01-11,Barcelona,Femenino,18
485,2018-11-08,Zaragoza,F,30
1274,2020-03-02,Málaga,Masculino,59
4050,2022-02-18,Lisboa,F,27
4283,2023-01-16,madrid,M,40
3034,2019-01-26,barcelona,F,30
2775,2022-09-30,Lisboa,Masculino,59
591,2020-12-16,Barcelona,F,32
544,2023-06-18,Oporto,M,44
3984,2021-06-13,Barcelona,Masculino,71
165,2019-03-14,VALENCIA,F,26
4358,2019-10-01,Barcelona,M,33
2488,2020-11-09,Barcelona,Femenino,43
572,2022-08-14,Zaragoza,F,48
1191,2024-05-12,Sevilla,M,16
4627,2023-08-28,Madrid,Femenino,39
2716,2020-11-09,A Coruña,M,39
4721,2022-03-09,Madrid,Femenino,35
3415,2018-05-22,Barcelona,Masculino,42
1727,2021-08-16,Madrid,Femenino,23
2191,2022-01-13,Valencia,Femenino,31
1998,2019-12-03,Valencia,f,31
1649,2023-12-29,MADRID,F,31
3870,,Lisboa,F,60
4548,2019-06-10,Bilbao,Masculino,46
3259,2023-06-11,SEVILLA,M,34
2729,2018-09-06,barcelona,M,39
4340,2024-02-12,Madrid,F,38
3349,2024-06-08,sevilla,Masculino,60
2888,2018-04-08,Barcelona,M,35
231,2021-10-05,Barcelona,F,32
3105,2023-08-14,zaragoza,Masculino,33
578,2022-04-15,madrid,F,29
4749,2022-08-24,Sevilla,F,38
4310,2018-11-24,Valencia,M,30
4410,2021-04-23,Barcelona,Masculino,34
248,,Madrid,M,37
4834,2023-07-30,Lisboa,F,40
4835,2018-03-30,Valencia,M,45
2700,2022-05-28,Madrid,F,21
2725,2021-10-14,barcelona,Masculino,38
1229,2021-06-05,madrid,Femenino,59
1370,,Valencia,Femenino,38
4919,2020-08-22,Madrid,Femenino,47
2274,2020-08-12,Sevilla,F,56
2444,2021-06-01,Madrid,F,45
923,2022-07-20,Madrid,M,41
1853,2018-02-17,Oporto,m,44
4018,2023-08-15,BARCELONA,Femenino,52
3781,2023-12-10,Madrid,Femenino,49
2606,2020-05-26,Madrid,M,47
3603,2020-06-08,MADRID,Masculino,26
180,2020-03-08,Madrid,M,32
305,2021-11-02,Barcelona,F,38
1407,,MADRID,Masculino,47
634,2022-08-08,Barcelona,Femenino,36
660,2021-09-03,Barcelona,f,41
3946,2024-06-01,Barcelona,M,52
2989,2023-02-19,A Coruña,f,28
4767,2023-08-27,Sevilla,M,26
222,2018-09-24,MADRID,F,51
3779,2021-08-04,Sevilla,Femenino,34
3622,2022-12-30,Barcelona,M,48
1547,2020-09-15,Barcelona,M,40
1484,2020-03-02,Sevilla,Femenino,16
1288,2022-08-27,Valencia,Masculino,72
1056,2024-04-03,Zaragoza,Masculino,27
296,2019-09-08,lisboa,Masculino,36
3354,2022-07-26,Barcelona,f,34
1951,2024-06-09,Bilbao,M,42
1722,2022-01-26,Sevilla,F,24
2582,2020-12-08,Zaragoza,m,30
4291,2022-10-23,SEVILLA,M,51
2403,2018-06-04,madrid,Masculino,24
4205,2022-06-04,A Coruña,F,41
3019,2020-05-23,Madrid,f,30
1628,2021-09-15,Barcelona,M,23
3417,2020-05-03,Oporto,Masculino,40
999,2020-01-14,Lisboa,F,27
3288,2021-03-10,Bilbao,m,51
2259,2022-11-01,A Coruña,F,33
4540,2020-08-02,A Coruña,m,16
505,2023-04-25,Barcelona,Masculino,34
1051,2018-11-16,Zaragoza,M,32
2911,2019-08-26,BARCELONA,M,29
3690,2018-12-23,Madrid,M,55
519,2018-12-28,Madrid,F,31
1015,2021-08-24,Barcelona,Masculino,40
4042,2021-05-13,Madrid,Femenino,29
2397,2020-02-21,Oporto,M,30
905,2019-01-17,Bilbao,f,40
3477,2020-03-31,Barcelona,F,33
756,2023-01-24,madrid,m,27
3548,2022-11-13,Sevilla,M,37
161,2018-06-16,Zaragoza,m,21
2144,2023-04-14,VALENCIA,M,39
2711,2020-09-26,Barcelona,F,43
2243,2021-10-11,Lisboa,F,43
1276,2020-05-12,Barcelona,M,46
1838,2021-08-11,Valencia,Femenino,38
4375,2018-10-02,BARCELONA,m,48
3177,2022-09-10,zaragoza,Masculino,23
3256,2021-11-09,bilbao,f,49
2134,2023-04-16,Valencia,F,65
3165,2018-02-28,Lisboa,M,55
3557,2022-05-25,madrid,F,50
2079,2023-05-04,madrid,M,50
1037,2019-05-28,Barcelona,M,36
2930,2019-12-26,Madrid,Masculino,38
245,2023-06-09,Lisboa,f,39
2447,2019-10-31,Madrid,f,36
961,2021-11-28,Barcelona,Masculino,25
4744,2020-01-25,Valencia,M,23
3076,2018-12-28,Madrid,F,16
3673,2019-06-09,Lisboa,m,32
4112,2023-03-31,MADRID,F,50
3936,2021-02-27,Madrid,F,44
3530,2018-04-17,Barcelona,m,29
4287,2020-03-25,Malaga,f,17
3072,2021-10-12,MADRID,F,28
4434,2023-04-21,Madrid,f,48
2327,2020-09-30,Madrid,Masculino,38
3211,2020-07-24,Bilbao,F,25
730,2018-12-12,VALENCIA,F,22
3400,2018-01-15,barcelona,Femenino,45
1091,2021-09-03,sevilla,Masculino,26
3849,2019-03-09,Sevilla,m,37
1588,2021-02-03,Barcelona,M,-1
1677,2023-08-15,OPORTO,Femenino,18
3581,2023-04-03,Oporto,M,28
893,2020-08-29,málaga,Femenino,41
1399,2024-01-25,madrid,Masculino,20
436,2023-05-13,Madrid,F,46
1365,,Sevilla,Masculino,51
1266,2023-02-25,BILBAO,M,43
4667,,sevilla,F,45
389,2022-01-28,BARCELONA,F,45
987,2024-04-17,madrid,M,50
3274,2019-07-03,málaga,Masculino,65
1136,2019-11-27,A Coruña,Masculino,36
353,2020-09-10,Oporto,M,37
1163,2020-02-10,valencia,Masculino,55
1897,2021-07-06,Oporto,Masculino,22
2827,2020-07-03,a coruña,f,51
80,2021-08-02,madrid,F,22
1940,,Málaga,Masculino,49
2037,2023-08-24,Zaragoza,M,38
3577,2018-07-22,Zaragoza,M,36
1085,2019-10-30,BARCELONA,F,29
4262,2019-08-04,Malaga,M,39
3872,2018-08-08,Madrid,F,32
582,2020-12-08,barcelona,M,49
1069,2021-02-09,barcelona,Femenino,42
4115,2021-12-15,Sevilla,F,38
4519,2021-09-21,Zaragoza,Masculino,45
4197,2023-03-18,Zaragoza,F,53
1747,2023-02-27,MÁLAGA,Masculino,17
608,2018-12-29,barcelona,Femenino,33
3814,2022-11-09,Madrid,M,39
48,2022-08-15,Madrid,Masculino,35
548,2023-05-15,Valencia,f,48
3174,2020-02-21,BARCELONA,M,39
774,2023-06-15,Madrid,Masculino,52
4154,2021-06-05,Zaragoza,M,37
3619,2024-05-04,Zaragoza,M,38
1509,2022-03-24,Zaragoza,M,20
4718,2018-09-30,MÁLAGA,F,41
4306,2018-07-04,Madrid,F,19
461,2018-11-05,Zaragoza,Masculino,44
4594,2020-09-07,Madrid,m,53
3616,2020-06-03,Barcelona,M,60
3221,2020-11-30,Bilbao,Femenino,29
1858,2022-12-04,BARCELONA,F,39
1314,2018-09-05,BARCELONA,F,16
67,2022-02-28,Madrid,M,30
1718,2020-05-10,Sevilla,M,45
432,2019-09-24,Madrid,M,34
3833,2018-02-16,MADRID,Masculino,56
4639,2023-08-06,Barcelona,Femenino,60
3999,2023-09-21,madrid,F,65
4139,2021-03-01,A Coruña,M,53
38,2022-06-02,lisboa,Femenino,0
2320,2023-11-22,Barcelona,M,34
4307,2024-05-11,Zaragoza,Masculino,47
760,2021-09-05,Madrid,Femenino,41
3806,2019-03-29,Madrid,F,32
1948,2019-12-15,Madrid,F,27
355,2021-05-17,BARCELONA,M,25
3645,2023-07-06,Madrid,M,35
2589,2018-09-09,OPORTO,m,58
3490,2022-04-05,Málaga,F,48
606,2021-08-27,bilbao,M,58
3834,2022-02-06,Valencia,F,37
4738,2021-09-07,Madrid,Femenino,34
1706,2021-08-29,Malaga,Masculino,33
3227,2020-09-30,Bilbao,m,57
4254,2024-04-16,Madrid,m,41
3018,,valencia,F,48
710,2019-09-07,Madrid,M,23
3541,2023-06-14,VALENCIA,Femenino,48
2861,2019-09-25,Lisboa,f,41
1895,2023-02-03,Zaragoza,Masculino,41
152,2021-05-15,Lisboa,M,44
4060,2021-01-22,Málaga,Femenino,22
2059,2018-01-10,Valencia,f,48
4399,2021-12-16,Lisboa,m,24
1133,2024-03-15,Lisboa,Masculino,49
598,2021-03-29,Sevilla,Masculino,20
2145,2018-08-02,Madrid,F,42
3021,2024-05-14,Madrid,Femenino,40
2692,2023-04-25,VALENCIA,m,51
411,2020-08-05,Málaga,F,30
3688,2019-03-15,Madrid,M,18
2931,2021-05-18,lisboa,Femenino,35
811,2019-12-16,Valencia,F,49
3862,2020-09-05,zaragoza,F,43
4948,2021-02-06,Barcelona,m,41
4873,2021-12-03,Zaragoza,Femenino,36
4403,2022-12-31,A Coruña,F,47
1025,2023-01-20,Barcelona,Femenino,19
4525,2019-03-16,Oporto,Femenino,37
2238,2022-12-22,Barcelona,M,36
2206,2022-01-27,valencia,F,41
1719,2022-06-30,Valencia,m,21
3945,2023-06-25,OPORTO,f,43
3883,2019-04-18,BARCELONA,F,27
3169,2019-10-20,BARCELONA,m,76
4122,2021-04-11,Oporto,m,20
4081,2020-05-30,Sevilla,Masculino,48
4751,2019-01-14,madrid,m,39
3818,2022-07-03,Barcelona,m,40
3495,2022-03-10,Zaragoza,M,34
2893,2018-12-17,valencia,M,47
4236,2019-01-17,Barcelona,M,51
3047,2018-10-12,madrid,M,64
1440,2020-07-05,Madrid,m,23
3547,2018-09-21,barcelona,Femenino,40
687,2023-12-17,Zaragoza,Masculino,28
4053,2021-03-14,madrid,M,34
879,2023-09-10,Madrid,F,44
4108,2023-12-21,barcelona,f,33
2345,2024-05-21,Lisboa,Masculino,55
4556,,Barcelona,Masculino,47
514,2023-04-12,Málaga,F,56
4533,2019-05-26,Barcelona,f,27
4059,2024-02-18,Oporto,Femenino,35
199,2021-03-27,Valencia,M,27
1201,2021-03-14,Bilbao,m,29
4696,2020-07-11,Barcelona,f,31
3617,2024-03-15,Barcelona,Femenino,27
4147,2019-12-28,madrid,Masculino,66
268,2022-01-27,Sevilla,Masculino,21
993,2023-01-05,Zaragoza,m,59
1533,2019-02-12,Zaragoza,m,39
3976,2023-02-20,SEVILLA,M,38
1378,2020-01-15,Lisboa,Femenino,49
488,,BARCELONA,Femenino,29
1004,2020-03-14,Lisboa,f,38
1438,2021-04-24,sevilla,Masculino,40
3385,2020-04-15,MADRID,M,45
1269,2023-09-24,Oporto,f,41
3004,2021-10-25,Madrid,M,60
4097,2020-06-03,BARCELONA,Femenino,37
833,2021-09-04,VALENCIA,f,44
2419,2022-10-22,MÁLAGA,M,40
3257,2023-05-27,Madrid,f,37
4852,2018-08-04,madrid,M,23
2996,2021-11-23,Málaga,m,38
3509,2023-05-22,Valencia,Masculino,41
2637,2019-10-27,Madrid,Masculino,16
2786,2024-04-25,Zaragoza,Femenino,16
2896,2018-03-01,Barcelona,M,18
3416,2018-06-03,madrid,Masculino,35
966,2022-07-22,VALENCIA,M,27
4327,2022-02-02,Barcelona,f,33
625,,Madrid,M,61
2392,2019-08-02,Sevilla,F,36
743,2023-02-06,Valencia,m,38
3023,2021-02-25,barcelona,Femenino,54
1019,2020-01-10,Barcelona,Femenino,49
2652,2021-12-04,MADRID,Masculino,38
3063,2023-10-02,Lisboa,f,42
3190,2023-04-28,Barcelona,f,31
4966,2023-04-26,LISBOA,Femenino,45
2720,2022-03-17,Sevilla,F,31
3335,2018-09-14,Madrid,m,27
2087,2023-08-21,Barcelona,f,37
2790,2022-05-19,Sevilla,Femenino,49
1355,2022-07-26,Valencia,Masculino,19
3559,2020-12-04,Málaga,Masculino,35
3920,2024-05-14,Madrid,m,21
1812,2020-07-14,BARCELONA,Femenino,22
4045,2022-05-26,Bilbao,M,60
307,2022-03-19,Valencia,F,33
3632,2020-09-18,barcelona,M,44
4093,2018-09-10,Bilbao,M,45
1395,2023-06-16,Madrid,F,26
2674,2019-06-15,Oporto,F,40
3989,2020-09-19,valencia,F,33
3403,2018-01-02,Madrid,m,33
3570,2020-06-05,A Coruña,m,43
2097,2019-10-19,Barcelona,Femenino,40
3504,2021-10-07,Madrid,m,38
959,2020-04-29,Valencia,m,42
1622,2021-11-19,MADRID,F,40
3718,2022-10-16,valencia,M,55
2490,2019-02-06,Barcelona,M,39
3800,2023-02-19,VALENCIA,M,19
1140,2021-05-23,Madrid,M,36
740,2024-06-08,Málaga,M,27
4867,2021-11-25,Bilbao,M,39
500,2019-11-13,VALENCIA,Femenino,51
1377,2020-06-16,A Coruña,Femenino,57
1534,2024-01-25,Madrid,F,24
583,2020-05-25,madrid,F,47
1774,2021-02-23,Valencia,M,39
4056,2023-01-08,málaga,Masculino,41
3331,,SEVILLA,Femenino,31
1882,2022-03-22,Barcelona,M,30
2902,2021-09-16,Madrid,M,31
1372,2018-03-09,Barcelona,F,47
4802,2021-12-05,Zaragoza,Femenino,16
4546,2021-04-28,Zaragoza,F,19
2863,2020-04-22,Zaragoza,F,33
4954,2019-11-19,Sevilla,Femenino,24
2714,2022-04-01,Madrid,M,41
3356,2024-04-10,Oporto,F,44
2799,2021-10-10,Lisboa,M,26
1138,2019-05-01,Barcelona,M,35
1313,2021-09-09,Málaga,Masculino,30
3935,2018-04-27,madrid,Femenino,47
104,2020-03-17,Bilbao,Masculino,21
3569,2019-03-28,barcelona,F,35
1581,,barcelona,Femenino,32
4856,2018-05-13,A Coruña,F,44
1282,2020-05-14,Barcelona,f,22
4221,2020-11-12,Valencia,f,49
523,2020-02-03,Madrid,F,53
3246,2021-03-03,Lisboa,F,43
945,,Barcelona,F,54
50,2022-05-25,Madrid,M,30
4249,2021-08-05,Málaga,M,51
3521,2019-04-23,BARCELONA,m,23
4125,2019-04-17,Lisboa,f,31
1109,2018-03-29,Bilbao,M,38
3468,2022-08-17,Zaragoza,F,39
4601,2023-01-11,A Coruña,M,20
458,2021-08-26,Madrid,M,42
2127,2018-05-12,Málaga,M,39
4811,2020-06-14,Barcelona,f,63
423,2018-06-22,Sevilla,f,22
570,2021-11-28,BARCELONA,M,26
567,2023-06-09,oporto,M,25
2840,2020-09-26,Madrid,M,24
870,2018-01-05,Madrid,M,20
3625,2022-09-02,Madrid,M,16
4029,2023-10-09,Valencia,M,28
2724,2023-12-24,Bilbao,F,24
2326,2021-06-04,Madrid,m,43
3095,2022-05-15,Malaga,Femenino,61
3665,2024-04-27,Madrid,Femenino,40
2343,2018-08-21,barcelona,Femenino,32
4575,2022-09-10,Barcelona,Masculino,31
688,2021-11-29,málaga,Femenino,32
2229,2023-08-16,Sevilla,M,0
3058,2019-04-30,sevilla,F,28
1178,2024-03-17,Bilbao,F,38
162,2023-07-09,Barcelona,m,40
1220,2019-12-06,lisboa,m,42
1460,2019-05-24,barcelona,M,21
4969,2021-05-12,Bilbao,M,37
103,2023-05-17,Bilbao,M,38
267,2020-10-31,Madrid,F,21
1880,2018-08-29,Valencia,Masculino,31
917,2018-02-25,Madrid,F,43
3423,2021-06-01,A Coruña,Masculino,24
1330,2019-11-12,madrid,m,62
902,2022-09-25,Málaga,F,41
2834,2021-12-16,Madrid,m,22
2653,2021-01-05,Madrid,F,16
3223,2021-08-13,Málaga,M,36
666,2019-12-17,MADRID,F,49
4766,2023-07-09,Lisboa,Masculino,46
3382,2020-05-19,Lisboa,Femenino,32
2988,2018-02-19,Oporto,F,33
2313,2018-10-16,Madrid,F,44
3762,2023-10-14,Madrid,m,60
1426,2023-01-22,Madrid,Masculino,38
862,2023-12-29,valencia,f,38
702,2019-08-25,Sevilla,f,58
1401,2018-02-16,Madrid,M,37
1275,2022-02-27,Madrid,F,35
4328,2021-10-02,Sevilla,F,32
445,2022-05-27,Oporto,m,35
4245,2023-10-11,Sevilla,Femenino,39
2533,2022-07-08,Zaragoza,Femenino,54
1565,2022-08-17,Bilbao,M,45
1821,2021-10-17,Zaragoza,F,66
3892,2020-07-08,Barcelona,M,37
1011,2024-05-14,SEVILLA,m,23
763,,Bilbao,f,29
1527,2023-05-06,MADRID,f,25
4518,2019-06-27,barcelona,F,49
2686,2018-02-09,Barcelona,M,35
4232,2023-12-19,Valencia,m,52
3421,2020-12-27,Barcelona,M,39
3127,2019-08-24,Sevilla,M,16
2914,2019-02-27,Madrid,Femenino,40
689,2020-03-22,Barcelona,M,31
2256,2020-09-14,MADRID,Femenino,18
3068,2022-12-20,Madrid,f,31
2072,2020-10-25,Málaga,M,43
1905,2024-01-13,Barcelona,F,32
4807,2023-02-11,Madrid,Femenino,47
376,2020-08-01,oporto,F,32
159,2023-04-14,Madrid,F,42
3320,2020-02-13,A Coruña,M,33
1315,,Madrid,f,40
1295,2019-10-04,A Coruña,f,27
1826,2020-06-28,MADRID,Femenino,42
47,2020-10-21,Madrid,Femenino,31
4520,2018-03-22,MADRID,F,32
110,2018-05-04,Malaga,M,29
261,,barcelona,f,44
2771,2023-08-27,MADRID,Femenino,51
597,2022-11-21,Madrid,Femenino,24
3630,2018-06-11,Sevilla,F,22
3171,2021-02-18,Madrid,F,34
1785,2020-01-27,Lisboa,M,68
1431,,a coruña,F,39
2404,2020-05-19,Barcelona,Masculino,47
464,2018-05-11,Malaga,F,34
1079,2022-01-12,Madrid,M,39
4150,2023-12-20,A CORUÑA,Femenino,27
3728,,Madrid,Masculino,45
219,2023-08-07,Barcelona,m,25
1280,,Málaga,M,53
1679,2019-08-08,Madrid,Femenino,42
2271,2018-02-23,MÁLAGA,F,63
3910,2020-11-15,VALENCIA,F,47
3281,2021-03-11,Madrid,Femenino,42
841,2022-08-10,madrid,M,23
4764,2020-09-15,Zaragoza,F,33
1265,2019-10-11,Barcelona,F,30
4486,2020-04-08,Madrid,f,51
4624,2022-05-28,madrid,M,27
2222,2018-02-10,ZARAGOZA,F,33
3823,2022-03-16,Zaragoza,f,39
1596,2022-06-19,Valencia,M,41
1077,2019-12-09,Málaga,m,38
4339,2024-06-12,madrid,Femenino,35
828,2023-06-25,Madrid,m,31
2868,2022-07-06,Valencia,m,37
4790,2020-02-17,Sevilla,F,50
1226,2018-05-17,A Coruña,Femenino,45
3180,2021-01-28,BARCELONA,M,36
82,2024-03-09,Madrid,m,48
118,2020-08-09,Sevilla,F,40
3745,2022-02-17,Madrid,F,42
4891,2018-09-01,Bilbao,F,16
2543,2020-05-25,Valencia,Femenino,35
2382,2019-12-09,Barcelona,m,37
3735,2019-10-22,madrid,m,24
3668,2018-02-20,Madrid,Femenino,34
405,2022-01-02,Barcelona,M,32
3435,2019-06-20,Barcelona,M,29
264,2024-01-28,Lisboa,m,33
2851,2021-08-03,Madrid,Femenino,36
2445,2020-12-03,Madrid,M,37
3476,2023-05-20,a coruña,Masculino,33
327,2019-03-12,A CORUÑA,M,42
1693,2018-09-13,Madrid,Femenino,25
1762,,Valencia,M,29
4864,2019-12-14,Málaga,F,48
1856,2018-03-18,Barcelona,F,46
4468,2023-11-29,Madrid,M,50
1890,2020-12-23,Barcelona,F,45
1146,2023-03-04,valencia,Femenino,40
2204,2024-01-11,Sevilla,F,25
2707,2018-12-04,Málaga,f,33
418,2023-04-20,madrid,Femenino,22
1720,2019-03-03,BARCELONA,F,24
3241,2023-02-28,oporto,m,34
4114,2019-08-03,Sevilla,F,46
3302,2019-06-08,Madrid,Femenino,42
1686,2020-04-18,Zaragoza,M,43
4693,2023-09-07,Lisboa,F,25
1086,2018-04-23,Barcelona,M,42
648,2021-04-17,Madrid,m,46
2680,2019-04-08,Valencia,Femenino,21
3766,2024-04-27,BILBAO,F,30
883,2024-05-21,Madrid,F,46
4153,2021-12-03,madrid,Femenino,47
2659,2023-07-29,madrid,M,18
3154,2023-02-28,valencia,f,29
1549,2019-05-25,VALENCIA,M,18
4001,2020-02-09,A Coruña,M,29
336,2023-07-15,Madrid,F,22
701,2024-02-05,madrid,M,45
3906,2021-05-17,Málaga,m,49
163,2020-05-27,A Coruña,f,30
3412,2021-07-13,Madrid,F,33
846,2021-01-10,Barcelona,F,36
3498,2020-08-30,Madrid,m,39
2442,2023-07-24,Madrid,F,27
1194,2018-08-08,Madrid,M,24
695,2021-01-10,Barcelona,f,42
4902,2021-03-07,Bilbao,Femenino,50
3371,2023-12-19,MADRID,M,34
3175,2019-03-20,Barcelona,M,49
3704,2019-07-25,Oporto,M,38
4439,2019-10-10,Barcelona,m,38
270,2018-02-06,Lisboa,F,51
345,2021-03-10,sevilla,M,25
1572,2018-11-09,VALENCIA,Femenino,26
3113,2021-09-20,Lisboa,f,20
1933,2020-12-28,BILBAO,m,36
4257,2023-04-25,valencia,F,40
2346,2019-09-19,Sevilla,M,59
4795,2021-10-11,valencia,Masculino,35
3817,2019-03-05,A Coruña,F,20
75,2020-10-15,Madrid,m,55
4506,2021-03-06,Barcelona,Masculino,47
2003,2021-06-18,Barcelona,M,16
4560,2023-09-04,Madrid,F,48
215,2019-04-08,MADRID,m,33
438,2020-06-23,Madrid,F,29
1172,2023-08-08,SEVILLA,f,44
2782,2020-01-27,Barcelona,F,38
1418,2018-06-24,Zaragoza,f,18
3626,2022-08-19,MADRID,Femenino,30
2486,2023-04-22,Oporto,Femenino,27
2573,2018-01-27,Madrid,F,46
4697,2020-10-14,Lisboa,m,56
1773,2020-01-18,Madrid,m,38
729,2023-04-17,Barcelona,m,57
4911,2019-08-31,Zaragoza,M,29
294,2024-03-25,Madrid,Femenino,49
351,2022-11-14,Malaga,M,29
4682,2021-02-01,Barcelona,f,39
1169,2023-10-13,Bilbao,F,35
2024,2019-08-04,Madrid,M,-1
4842,2018-02-05,Valencia,F,18
3915,,valencia,M,37
3464,2021-04-29,BARCELONA,f,46
885,2023-02-27,MADRID,F,30
4041,2023-10-05,barcelona,M,41
708,2022-08-24,Madrid,Femenino,35
40,2018-09-28,Barcelona,M,38
2042,2020-03-16,MÁLAGA,M,29
2732,2020-06-18,Oporto,M,16
3119,2020-11-22,madrid,m,44
3151,2020-06-01,LISBOA,Masculino,35
172,2020-05-12,Madrid,M,60
2422,2019-07-12,Barcelona,m,45
2358,2018-10-25,Barcelona,m,41
2333,2024-02-16,Oporto,F,54
3014,2022-08-28,ZARAGOZA,Masculino,42
4171,2021-02-13,Madrid,F,47
2549,2023-09-27,Lisboa,M,37
120,2020-05-24,Zaragoza,F,30
4037,2022-10-29,Barcelona,M,30
1844,2020-03-05,Madrid,F,50
4815,2020-11-02,barcelona,M,46
4962,2019-01-16,BARCELONA,F,16
3742,2019-11-11,Sevilla,F,25
850,2021-02-05,Barcelona,M,28
79,2021-09-18,Barcelona,F,22
3962,2020-12-27,Bilbao,m,38
4854,2019-12-23,Bilbao,F,17
1879,2019-12-11,Lisboa,F,51
3387,2021-02-27,OPORTO,F,43
3854,2024-01-12,barcelona,m,46
3418,2018-10-17,Barcelona,Masculino,35
139,2018-12-27,Bilbao,f,26
422,2021-06-01,Barcelona,F,37
1930,2020-02-23,Málaga,M,36
1232,2019-10-23,Barcelona,f,29
1028,2020-08-23,Zaragoza,m,47
2663,,Madrid,Femenino,41
3889,2023-11-06,barcelona,M,33
3115,2021-07-22,zaragoza,M,36
3873,2019-03-18,Zaragoza,F,38
3501,2018-01-31,valencia,F,33
3426,2021-04-21,Barcelona,f,26
728,2024-06-18,bilbao,Masculino,29
4692,,Madrid,Masculino,26
4882,2019-10-30,Valencia,F,34
2721,2023-12-13,Barcelona,Masculino,23
2823,2019-07-04,SEVILLA,F,28
4735,2023-01-22,Sevilla,F,42
1765,2023-06-26,Malaga,Masculino,18
4763,2024-02-19,Madrid,Femenino,48
2022,2023-06-08,MADRID,F,17
975,2019-12-21,Barcelona,F,30
4180,2021-05-21,Oporto,Masculino,53
703,2024-06-19,madrid,F,44
1466,2021-05-15,lisboa,F,43
328,2024-03-17,Valencia,m,37
413,2022-08-31,Lisboa,Femenino,37
1435,2021-09-23,Zaragoza,Femenino,26
1186,2022-10-18,LISBOA,F,51
1585,2020-03-25,bilbao,M,16
4174,2019-10-16,Madrid,m,50
2044,2021-05-30,BILBAO,m,40
2980,2018-02-02,Madrid,m,36
638,2021-03-30,BILBAO,F,20
349,2022-03-16,Sevilla,Femenino,41
2236,2019-05-31,Lisboa,m,37
1464,2020-12-20,OPORTO,F,31
96,2019-12-04,MADRID,M,34
4574,2020-08-26,Valencia,Masculino,19
4082,2022-12-09,BARCELONA,Femenino,22
3643,2020-10-17,Valencia,F,36
3251,2019-04-17,Málaga,m,42
1061,2020-04-29,Madrid,M,49
1075,2019-04-07,Barcelona,Masculino,60
377,2022-03-26,BILBAO,Masculino,39
557,2024-01-07,Barcelona,f,16
1782,,MADRID,Femenino,27
1538,2018-04-22,Barcelona,M,17
2929,2023-09-02,Barcelona,f,44
1584,2020-10-29,Lisboa,M,23
1909,2020-08-15,Barcelona,Femenino,30
2882,2021-07-23,Madrid,Masculino,25
2132,2021-08-08,bilbao,m,32
3635,2021-09-12,zaragoza,F,33
4537,2021-06-14,Madrid,f,49
2645,2022-07-26,Barcelona,M,199
3917,2019-11-14,sevilla,Femenino,34
911,2020-08-27,Sevilla,F,59
4360,2019-05-29,MADRID,F,27
3141,2022-03-17,málaga,F,48
2615,2023-06-18,Zaragoza,F,58
3321,2024-01-15,Sevilla,M,29
3697,2023-12-15,Valencia,f,16
2870,2024-04-23,BARCELONA,f,53
4297,2020-08-26,málaga,M,67
1316,2018-11-08,Barcelona,M,47
3819,2022-09-27,Barcelona,m,42
4804,2022-08-13,BARCELONA,M,26
1060,2018-01-13,Málaga,F,32
3006,2023-06-10,Madrid,F,36
3568,2019-06-10,Barcelona,Femenino,18
4939,,Zaragoza,M,39
2633,2024-03-09,VALENCIA,M,55
1339,2020-07-28,Madrid,Femenino,45
679,2023-12-18,Valencia,Masculino,29
3933,2021-04-11,Madrid,M,37
42,2019-07-16,Madrid,F,44
1758,2024-02-16,Barcelona,F,19
4555,2024-06-02,Barcelona,Masculino,26
1907,2020-03-16,bilbao,Masculino,52
2731,2023-10-02,Madrid,F,39
3651,2019-11-16,Barcelona,m,16
1069,2021-02-09,SEVILLA,Femenino,19
744,2021-10-03,MÁLAGA,M,27
3859,2018-07-01,Madrid,F,16
4542,2019-09-29,Valencia,F,38
1917,2019-11-24,Lisboa,F,40
91,2023-11-15,MADRID,Masculino,30
3829,2020-12-30,A Coruña,M,41
3751,2022-09-22,barcelona,Femenino,42
2071,2018-10-22,Sevilla,Masculino,16
1580,2022-06-20,Lisboa,M,41
3404,2023-11-14,Barcelona,F,39
3132,2023-10-25,Valencia,F,39
1759,2022-09-13,valencia,Femenino,43
1173,2021-05-26,Zaragoza,Femenino,16
4332,2022-05-10,Madrid,Femenino,31
835,2023-03-03,BARCELONA,M,26
4173,2020-09-28,zaragoza,F,43
4024,2020-02-23,Barcelona,M,47
1340,2022-04-11,Bilbao,f,38
1417,2021-09-10,Madrid,F,39
173,2019-09-06,Barcelona,Femenino,55
4226,2018-04-05,barcelona,F,23
3311,2023-04-11,Sevilla,M,45
3533,2022-11-09,Barcelona,f,31
1927,2018-11-21,sevilla,F,41
3564,2018-06-13,a coruña,F,32
2409,2020-03-11,OPORTO,Femenino,23
1202,2021-02-23,Lisboa,F,47
1949,2018-03-04,Madrid,M,30
1777,2024-02-08,Malaga,F,40
4875,2024-06-17,Madrid,M,29
2785,2023-09-23,Madrid,m,37
1386,2020-03-05,Lisboa,M,24
3459,2024-04-15,Málaga,Femenino,28
189,2021-04-12,Madrid,M,40
943,2021-09-24,A Coruña,M,27
4690,2024-03-16,Madrid,M,51
224,2020-11-26,SEVILLA,Femenino,16
554,2022-11-30,Madrid,F,53
3036,2022-04-04,barcelona,Masculino,53
3005,2021-04-22,BARCELONA,Femenino,16
643,2021-08-14,A Coruña,F,49
1155,2022-03-20,Barcelona,Masculino,20
3201,2019-08-03,Madrid,M,57
2113,2022-10-24,Sevilla,f,46
2972,2022-09-06,Valencia,f,32
4427,2021-11-09,Madrid,f,44
684,2020-09-15,barcelona,M,25
4967,2022-11-05,barcelona,m,34
4055,2023-07-10,Madrid,Masculino,35
1045,2020-12-31,madrid,F,16
3974,2023-10-29,A CORUÑA,Femenino,33
2377,2022-01-19,Lisboa,F,53
1152,2022-01-25,Barcelona,F,16
3522,2020-08-25,oporto,M,23
1424,,A Coruña,Masculino,29
2994,2019-08-20,LISBOA,F,44
420,2021-08-22,SEVILLA,M,34
2294,2019-10-03,Bilbao,F,19
765,2019-12-14,Lisboa,M,22
1587,2020-08-07,Valencia,f,36
797,2021-07-14,Madrid,F,29
2828,2020-11-04,Sevilla,F,32
919,2019-06-18,Madrid,Masculino,53
1913,2021-08-07,Bilbao,m,23
875,2021-01-29,barcelona,Femenino,25
3768,2019-09-01,barcelona,Femenino,51
3975,2021-08-21,Sevilla,F,26
556,2018-08-06,Málaga,M,33
3271,2021-06-09,barcelona,Femenino,32
2431,2021-07-16,MADRID,M,43
4596,2021-11-24,Madrid,Masculino,28
382,2020-03-27,Valencia,f,38
4142,2022-06-24,Oporto,F,32
3891,2023-10-29,ZARAGOZA,M,55
4027,2023-06-26,Barcelona,F,40
498,2019-05-13,MÁLAGA,M,26
4789,2020-04-01,MADRID,Femenino,25
1029,2023-08-28,Barcelona,F,30
1918,2019-10-13,Madrid,Masculino,37
3300,2018-09-28,Sevilla,M,36
4661,2021-11-16,Madrid,f,33
3604,2023-04-03,Madrid,Masculino,34
1072,2021-10-17,Madrid,M,40
4794,2019-09-26,OPORTO,M,52
2703,2021-08-30,valencia,f,50
1546,2021-06-13,Zaragoza,M,23
3413,2020-06-03,Lisboa,F,42
2248,2024-01-17,Barcelona,f,25
2773,2022-08-23,VALENCIA,F,52
4152,2024-05-18,barcelona,M,46
2126,2021-10-10,Barcelona,f,26
2646,2021-10-02,lisboa,M,43
1632,2021-04-12,Madrid,f,62
347,2018-06-19,A Coruña,m,50
1715,2019-11-19,Barcelona,M,51
4898,2022-09-28,BARCELONA,Masculino,31
1716,2021-06-25,MADRID,M,31
4384,2023-04-18,Madrid,Femenino,28
4868,2023-05-20,Madrid,F,40
1034,2019-06-25,Barcelona,m,73
588,2020-06-11,Barcelona,F,21
832,2021-03-12,Sevilla,F,44
4713,2020-11-03,VALENCIA,Masculino,62
1224,2023-08-16,sevilla,F,38
4035,2020-03-27,Lisboa,M,20
4762,2023-03-10,barcelona,m,21
57,2018-11-03,bilbao,M,43
4133,2022-08-10,Lisboa,M,41
1889,2018-03-08,Barcelona,F,31
1515,2018-01-29,Valencia,Masculino,47
4166,2020-10-04,ZARAGOZA,m,32
2877,2023-04-15,Madrid,M,45
4390,2022-04-27,Barcelona,Masculino,31
1289,2019-11-19,Madrid,F,37
829,,MADRID,M,36
409,2022-08-16,Sevilla,M,38
2180,2020-10-12,Bilbao,M,47
3447,2018-11-27,Zaragoza,F,65
4705,2018-07-01,Barcelona,m,39
2694,2020-04-19,Madrid,F,38
3680,2019-10-05,Lisboa,Masculino,72
2957,2022-11-16,Bilbao,f,33
3444,2018-05-01,Zaragoza,Masculino,22
3967,2020-09-12,Sevilla,F,44
2527,2019-05-19,MADRID,Femenino,41
3943,2022-09-08,Málaga,M,58
551,2018-11-26,Bilbao,Femenino,47
698,2024-01-27,Málaga,M,30
2163,2024-02-10,Madrid,M,35
122,2020-11-26,Barcelona,f,26
3770,2021-07-31,Madrid,Femenino,62
1247,2018-08-25,madrid,F,46
1750,2022-10-16,sevilla,Femenino,38
1041,2019-12-03,Valencia,m,27
4674,2020-11-11,barcelona,M,16
922,2023-11-25,Madrid,f,41
3825,2022-06-18,Madrid,f,32
1732,2018-11-08,A Coruña,M,23
942,2018-12-06,Málaga,Femenino,48
26,2023-10-18,Zaragoza,M,40
4408,2024-01-27,MÁLAGA,M,36
2774,2018-07-27,Lisboa,M,35
3381,2018-05-31,Barcelona,f,36
385,2020-11-10,MADRID,M,38
1733,2022-01-08,barcelona,M,30
2400,2018-05-12,MADRID,Masculino,53
2702,2024-03-13,Madrid,Masculino,16
2852,2024-02-03,barcelona,F,51
2580,2018-11-06,Málaga,f,20
2710,2024-03-17,bilbao,M,34
2613,2022-03-13,Bilbao,M,34
1708,2020-04-14,madrid,Femenino,41
3090,2020-03-20,Barcelona,m,37
2803,2019-01-01,Barcelona,M,32
4883,2020-09-01,Valencia,M,38
1976,2023-07-12,Sevilla,Femenino,42
2025,2019-01-25,Valencia,m,53
3580,,Madrid,M,37
3712,2020-11-11,Zaragoza,f,28
2759,2023-04-21,Madrid,Femenino,16
2505,2020-09-16,Barcelona,M,28
900,2023-07-04,Barcelona,Masculino,24
709,2021-08-30,Valencia,Masculino,37
4784,2023-09-21,Madrid,M,51
630,2022-05-23,Oporto,M,35
3598,2019-07-15,Madrid,f,38
929,2019-01-11,Madrid,Masculino,21
2526,2022-04-11,Málaga,m,39
2746,2019-09-28,Madrid,Masculino,39
1297,2021-08-10,Madrid,F,29
2655,2018-02-09,Sevilla,Femenino,40
400,2022-10-27,Sevilla,M,44
2351,2019-09-12,A Coruña,F,49
2481,2022-04-24,Oporto,M,32
3376,2018-11-29,Barcelona,f,26
1606,2021-01-20,Oporto,M,17
1539,2020-01-22,Barcelona,M,49
358,2022-01-28,Madrid,M,49
3756,2021-07-27,Sevilla,Masculino,43
2383,2021-08-18,Bilbao,F,25
4248,2022-11-10,Lisboa,f,22
585,2023-05-01,valencia,F,16
1689,2020-08-25,Madrid,M,64
3956,2022-03-20,Barcelona,m,54
4765,2023-09-07,Oporto,M,48
2038,2020-06-26,Barcelona,Masculino,16
4447,2021-04-04,MADRID,F,43
989,2023-04-30,valencia,Masculino,30
2841,2023-05-04,madrid,F,35
865,2021-01-08,Madrid,m,37
1130,2023-06-30,sevilla,m,29
1815,2019-04-16,Barcelona,M,25
3815,2019-03-05,Bilbao,F,59
777,2018-08-06,Valencia,Femenino,27
2599,2023-10-02,Valencia,M,53
3783,2021-12-16,Málaga,F,16
971,2023-05-05,lisboa,Masculino,33
1866,2018-08-20,SEVILLA,M,25
1893,2018-06-24,Sevilla,Masculino,23
3475,2023-10-20,málaga,M,34
317,2020-02-07,valencia,M,36
4622,2019-10-15,Bilbao,M,43
2949,2019-05-21,Valencia,M,28
960,2022-09-07,Barcelona,Masculino,28
3470,2021-06-19,Barcelona,Femenino,58
2936,2023-05-17,sevilla,F,33
3078,2019-05-12,lisboa,F,28
293,2023-12-26,Bilbao,Femenino,16
2216,2019-08-18,BARCELONA,f,35
1394,2022-07-11,LISBOA,Masculino,47
4774,2020-12-01,SEVILLA,Masculino,34
157,2019-01-03,barcelona,M,42
4073,2021-07-22,A Coruña,F,33
2993,2020-09-02,zaragoza,F,28
1375,2018-01-19,Barcelona,M,45
113,2020-08-28,madrid,M,45
2867,2021-10-17,Barcelona,F,61
2865,2022-04-21,valencia,M,42
2471,2021-04-25,Barcelona,M,43
2841,2023-05-04,madrid,F,47
3896,2023-07-20,Sevilla,F,27
4350,2020-01-21,A Coruña,M,22
4196,2021-01-06,Sevilla,F,28
3029,2023-03-19,Madrid,f,58
462,2022-03-02,barcelona,f,24
4768,2023-07-11,Madrid,M,50
1260,2021-01-16,Bilbao,M,22
2116,2021-08-13,Madrid,f,45
3911,2018-10-13,Barcelona,Masculino,53
1505,2019-04-08,Malaga,f,24
186,2021-01-19,Barcelona,Femenino,37
1066,2021-02-25,Oporto,F,51
1690,2022-09-03,Sevilla,f,28
3519,2019-04-17,sevilla,M,35
2971,2022-02-21,Madrid,M,55
3279,2020-07-25,Madrid,m,26
3163,2024-06-06,Madrid,Femenino,34
3904,2019-11-26,Oporto,Femenino,43
2634,2022-06-09,SEVILLA,M,33
4844,2021-07-09,MADRID,Masculino,29
2545,2018-03-02,Oporto,m,30
1167,2018-09-05,valencia,Masculino,62
2402,2018-10-29,Sevilla,M,39
4089,2019-06-09,BILBAO,m,53
46,2020-03-20,Sevilla,M,37
4365,2022-03-06,VALENCIA,F,63
156,2021-07-07,A Coruña,F,19
408,2023-06-11,barcelona,F,45
972,2019-12-01,BARCELONA,F,48
324,2018-08-07,Barcelona,M,35
852,2019-11-21,Barcelona,m,24
1621,2020-12-04,Madrid,Femenino,36
2824,2023-04-12,valencia,M,49
2669,2021-03-20,Madrid,M,21
2317,2020-09-07,Sevilla,Femenino,39
1994,2024-05-01,VALENCIA,F,51
1087,2018-10-01,Valencia,Femenino,23
143,2024-05-19,Madrid,F,41
3601,2020-08-05,Lisboa,M,36
2685,2022-05-28,Madrid,f,28
2082,2022-10-13,Barcelona,m,29
4047,2023-06-28,madrid,Femenino,44
2856,2023-06-07,Madrid,f,33
2624,2020-07-05,VALENCIA,M,38
3922,2022-05-22,Barcelona,M,35
555,2020-03-12,Bilbao,F,46
3722,2022-06-26,bilbao,Femenino,52
229,2022-11-05,Barcelona,M,28
1857,2021-03-31,Madrid,M,40
2506,2020-02-17,MADRID,M,37
958,2024-03-08,Madrid,Masculino,23
2931,2021-05-18,lisboa,Femenino,42
1586,2023-06-02,Barcelona,M,34
1222,2024-06-01,BILBAO,M,55
4741,2018-12-03,madrid,Femenino,34
1886,2018-12-25,BARCELONA,Femenino,16
3614,2022-02-28,Zaragoza,f,31
3133,2022-07-22,Sevilla,f,34
2415,2021-04-20,sevilla,Femenino,20
1251,2018-08-30,Oporto,m,52
450,2018-06-24,Barcelona,m,29
814,2021-10-04,Sevilla,Masculino,20
3716,2024-05-15,A Coruña,M,40
2953,2018-05-26,SEVILLA,Masculino,17
715,2021-06-12,A Coruña,Femenino,32
1419,2024-01-07,Valencia,F,33
1641,2021-01-21,Barcelona,F,46
3769,2020-01-20,madrid,F,48
3540,2020-04-08,Barcelona,Femenino,20
1739,2021-08-12,madrid,Femenino,39
4140,2018-10-10,Zaragoza,M,26
4130,2023-11-07,lisboa,M,29
810,2020-06-02,A Coruña,m,46
3627,2024-04-21,Barcelona,m,45
3213,2021-01-21,Lisboa,Masculino,26
3944,2023-07-22,SEVILLA,f,52
1278,2023-05-15,Barcelona,M,41
4581,2018-12-18,barcelona,M,53
1522,2020-03-14,Barcelona,Femenino,27
4444,2023-03-06,Sevilla,Masculino,35
1048,2022-02-19,Madrid,Masculino,55
1818,2022-03-03,A Coruña,f,43
22,2019-11-21,bilbao,Femenino,45
4699,2023-08-16,Madrid,F,38
1928,2021-01-31,Barcelona,F,47
4455,2024-04-28,Valencia,F,28
1145,2024-06-13,Zaragoza,M,32
4917,2021-05-30,BARCELONA,Masculino,38
1876,2023-03-30,Madrid,m,29
3253,2018-08-02,Barcelona,Masculino,46
3025,2022-03-19,VALENCIA,M,35
141,2023-10-16,Madrid,F,37
4572,2019-01-13,Bilbao,Masculino,22
1579,2022-04-23,Barcelona,Femenino,31
1924,2022-01-15,Valencia,F,33
4396,2023-11-30,Sevilla,F,44
98,2018-01-16,barcelona,m,47
2005,2021-10-10,barcelona,Masculino,60
4587,2018-03-27,Madrid,f,28
3273,2020-04-28,Madrid,F,25
320,2022-03-31,Barcelona,M,58
2196,,VALENCIA,M,69
3558,2020-04-26,Zaragoza,Masculino,37
4633,2019-07-01,sevilla,m,32
4940,2019-06-04,Valencia,Femenino,35
4136,2018-11-16,Bilbao,F,18
1385,2020-08-20,MADRID,F,30
1334,2018-10-25,BARCELONA,F,28
3661,2023-02-22,madrid,M,35
1810,2022-10-20,madrid,m,24
3306,2019-05-29,Barcelona,F,49
1180,2019-08-07,VALENCIA,m,35
3853,2020-08-28,Barcelona,M,41
3106,2019-12-29,Barcelona,Masculino,17
2567,2023-02-09,barcelona,F,44
348,2021-01-08,A Coruña,F,23
3579,2024-06-19,BILBAO,Masculino,39
1135,2023-09-23,Valencia,M,22
2476,2021-06-17,Valencia,F,33
1500,2021-01-16,Madrid,m,35
4836,2019-12-12,Sevilla,Femenino,22
2360,,BARCELONA,F,66
1817,2020-05-02,MÁLAGA,Femenino,17
4861,2024-06-06,SEVILLA,Masculino,42
632,2022-02-21,Malaga,M,16
1205,2020-06-11,Valencia,Femenino,41
2221,2024-03-24,madrid,Masculino,36
3836,2022-08-11,Madrid,F,20
1143,2022-09-07,Madrid,Masculino,55
4192,2018-03-01,Zaragoza,f,39
2260,2018-03-08,Madrid,M,36
1057,2021-07-02,BARCELONA,Masculino,45
1640,2023-04-21,Barcelona,F,41
529,2018-06-24,Madrid,M,35
136,2024-05-20,Lisboa,m,16
4369,2021-02-24,Sevilla,Femenino,38
2780,2021-06-02,Valencia,M,42
2009,2023-03-03,Madrid,F,41
4010,2020-02-28,madrid,M,34
1793,2020-08-10,Madrid,Masculino,41
807,2018-02-04,Madrid,F,27
4156,2023-12-13,Madrid,F,47
2515,2022-01-28,Madrid,F,28
4077,2024-05-17,Bilbao,M,43
1371,2022-03-04,MADRID,M,45
1304,2018-07-03,A CORUÑA,F,30
227,2020-02-05,Sevilla,Femenino,53
3725,2019-09-28,Barcelona,M,29
1846,2022-06-22,Madrid,Masculino,48
2585,2022-03-30,Madrid,F,45
3191,2018-04-21,Madrid,F,51
4964,2019-01-14,Madrid,Masculino,19
1697,2019-11-14,bilbao,M,43
2114,2022-07-29,Malaga,M,41
1094,2019-11-03,Sevilla,M,50
3535,2020-08-04,Bilbao,F,29
1381,2023-11-06,sevilla,f,40
1667,2018-03-06,Madrid,M,16
2658,2018-02-13,Barcelona,Masculino,52
4729,2023-06-20,Madrid,F,42
3396,2023-11-24,Oporto,M,24
4244,2024-02-06,madrid,Femenino,32
195,2021-11-07,Lisboa,Femenino,37
2575,2022-07-29,LISBOA,M,32
887,2018-09-10,Málaga,F,40
1227,2021-04-30,Bilbao,F,57
2883,2018-08-29,Oporto,M,42
2512,2021-06-25,barcelona,f,33
466,2021-08-11,Madrid,f,48
3908,2022-05-24,Madrid,F,49
778,2019-04-25,BARCELONA,Femenino,28
2826,2023-09-23,madrid,M,37
2147,2021-08-04,Madrid,M,28
433,2023-10-15,Madrid,Masculino,29
4096,2021-11-03,Madrid,f,40
1405,2021-09-13,Málaga,F,58
3051,2021-08-25,Madrid,F,22
2089,2024-02-17,Madrid,M,23
316,2018-07-12,barcelona,F,49
4378,2019-09-19,Barcelona,Masculino,22
10,2021-07-24,SEVILLA,f,39
4224,2023-10-04,BARCELONA,m,28
4256,2023-05-13,Barcelona,Masculino,50
2462,2020-04-28,Valencia,M,47
335,2018-08-08,Valencia,f,47
2100,2024-05-20,Madrid,M,39
3919,2019-10-05,LISBOA,m,34
2308,2024-04-04,Valencia,F,58
861,2018-07-18,barcelona,Femenino,39
543,2022-04-15,Sevilla,m,25
2407,2022-09-30,Madrid,F,17
621,2023-06-30,A Coruña,M,28
4109,2023-05-06,BILBAO,Masculino,47
3963,2023-07-16,Valencia,M,56
4889,2023-04-21,Oporto,F,62
4676,2023-02-09,Barcelona,M,28
4331,2020-06-25,madrid,M,29
3513,2018-10-30,Zaragoza,M,51
4046,2021-02-16,Barcelona,F,24
4803,2020-12-11,Barcelona,Femenino,19
370,2024-05-24,Madrid,F,32
4228,2021-12-14,madrid,Femenino,39
3839,2021-07-27,Málaga,Femenino,43
3038,2024-06-02,Madrid,F,23
447,2019-07-28,Sevilla,M,33
37,2023-08-15,valencia,Femenino,45
2795,2018-06-06,bilbao,m,16
2966,2019-11-14,sevilla,Femenino,44
1808,2023-12-21,BARCELONA,Femenino,16
3017,2022-07-29,Valencia,Masculino,33
982,2024-03-23,barcelona,F,34
4006,2021-07-06,BARCELONA,M,16
3715,2023-10-06,Barcelona,Masculino,37
4663,2023-11-03,Madrid,M,25
295,2024-01-06,Barcelona,M,33
1738,2021-08-30,Oporto,M,62
3462,2019-12-22,Madrid,Femenino,23
1017,2018-05-08,Lisboa,F,45
4165,,Barcelona,m,54
1446,2020-02-15,Madrid,M,29
425,2021-03-09,Barcelona,M,27
1022,2018-10-02,barcelona,Femenino,42
4614,2020-11-30,Valencia,F,68
2398,2022-06-27,Málaga,M,16
1207,2021-02-15,Zaragoza,f,41
4936,2019-08-29,Zaragoza,M,42
2076,2019-06-02,zaragoza,F,30
369,2024-05-10,A CORUÑA,M,58
117,2022-02-13,Barcelona,F,34
1040,2018-01-15,Madrid,F,26
360,,Málaga,F,31
948,2020-02-29,oporto,F,26
3033,2021-10-25,Madrid,F,38
954,2021-08-09,Zaragoza,F,39
2185,2018-01-19,Barcelona,F,21
2241,2023-04-15,bilbao,F,34
3181,2023-11-20,lisboa,M,33
2353,2020-05-15,Barcelona,Femenino,23
3032,2024-02-12,Oporto,f,45
4745,2023-11-13,Bilbao,Masculino,44
3861,2021-04-10,Málaga,F,37
364,2018-05-14,sevilla,m,22
798,2020-07-04,Sevilla,Masculino,16
4536,2018-05-21,VALENCIA,m,29
470,2018-07-25,Madrid,F,30
520,2021-07-07,sevilla,F,35
4467,2020-12-10,Madrid,F,58
4169,2023-03-15,Madrid,F,38
896,2023-10-25,Madrid,M,24
1127,2024-03-25,Barcelona,m,58
2665,2024-02-05,Madrid,M,36
2193,2022-07-06,Madrid,F,33
3845,2019-12-01,Valencia,M,28
4715,2019-01-12,madrid,F,44
4416,2018-09-26,Málaga,Femenino,31
801,2020-05-07,Oporto,F,35
3199,2022-12-06,Barcelona,M,43
2842,2020-02-29,Valencia,F,36
4016,2018-08-11,sevilla,M,57
4612,2022-04-16,Madrid,M,16
1237,2022-08-23,Madrid,Femenino,16
2269,2019-07-11,MÁLAGA,M,33
2890,2019-03-14,Lisboa,F,45
2212,2023-11-29,A Coruña,m,47
4922,2023-09-06,Barcelona,f,42
2650,2021-12-13,Lisboa,f,50
4675,2020-10-26,Madrid,M,40
4476,2022-10-30,madrid,F,20
1655,2018-08-14,LISBOA,M,44
739,2020-03-24,Barcelona,Masculino,45
4223,2023-07-26,Madrid,f,54
4845,2022-06-24,Madrid,F,30
3719,2018-09-03,Barcelona,M,42
1754,2021-08-20,madrid,F,30
4422,2019-01-30,Madrid,M,47
1830,2019-12-01,barcelona,Femenino,20
2641,2021-09-24,Sevilla,F,42
160,2020-05-20,Barcelona,F,39
2909,2018-11-23,BARCELONA,M,44
2162,2020-01-01,Madrid,f,40
3069,2020-09-24,Madrid,f,57
4069,2022-07-22,SEVILLA,m,30
2131,2019-04-26,Barcelona,M,44
3613,2018-02-08,Valencia,f,29
1562,2024-06-06,Barcelona,M,38
242,2023-07-04,SEVILLA,F,31
2991,2018-03-20,Barcelona,F,36
1348,2023-02-13,sevilla,M,69
3351,2023-04-27,madrid,Femenino,55
2592,2020-12-08,Málaga,Femenino,62
1179,2018-12-01,barcelona,Masculino,24
525,2024-04-03,BARCELONA,M,57
1177,2020-06-06,Barcelona,F,57
496,2023-07-12,Madrid,m,31
615,2019-07-03,Valencia,Masculino,56
138,2020-03-11,LISBOA,M,30
2048,2018-11-26,Oporto,F,31
1451,2023-06-09,Sevilla,M,64
4349,2022-07-09,Sevilla,Femenino,34
3709,2019-11-02,Barcelona,M,24
3342,2018-12-26,Oporto,f,31
1959,2020-10-12,SEVILLA,F,35
4957,2020-03-24,Valencia,M,37
1478,2021-04-25,Barcelona,m,48
2758,2023-08-02,Sevilla,f,31
545,2019-07-22,Málaga,M,33
3876,2019-06-20,barcelona,Femenino,57
198,2020-10-31,madrid,M,31
2666,2022-05-23,bilbao,f,19
3220,2023-09-17,A Coruña,Femenino,33
281,2019-05-30,Oporto,m,33
1680,2023-12-08,OPORTO,Femenino,44
3998,,Lisboa,Femenino,23
716,2024-05-07,Bilbao,m,16
1352,2018-07-15,madrid,M,21
4234,2022-03-27,Zaragoza,M,22
3805,2018-07-02,Málaga,M,19
3204,2021-06-03,Málaga,Femenino,36
962,2018-02-20,Zaragoza,F,34
1503,2021-09-21,ZARAGOZA,F,16
2470,2023-04-01,Sevilla,f,30
876,2020-05-05,Madrid,m,59
3939,2024-01-04,Madrid,M,54
4177,2023-01-27,valencia,m,40
3056,2019-10-31,Valencia,F,54
1218,2018-11-27,Lisboa,F,34
2945,2024-01-09,Lisboa,Femenino,54
4412,2021-09-09,Madrid,Femenino,23
4206,2022-01-20,A Coruña,M,48
4429,2019-01-08,SEVILLA,M,16
925,2023-12-24,Barcelona,M,36
605,2020-04-18,Barcelona,M,53
3140,2020-07-23,Bilbao,M,39
4568,2022-10-16,a coruña,Masculino,53
1710,2021-03-11,Lisboa,F,35
2745,2021-10-02,Madrid,F,34
3059,2020-04-29,Valencia,F,31
2789,2019-01-08,Bilbao,M,41
1721,2018-03-20,MADRID,m,31
3405,2020-03-10,Sevilla,F,21
1078,2018-12-27,Madrid,M,26
1131,2018-10-14,Barcelona,Masculino,33
2012,2020-01-12,Barcelona,M,41
1663,2023-10-17,Malaga,F,42
391,2023-04-04,Madrid,F,51
849,2023-12-09,BARCELONA,Femenino,50
3797,2023-02-15,Zaragoza,F,38
2177,2022-12-31,Barcelona,F,37
1044,2020-04-04,SEVILLA,F,59
4956,2023-07-16,Madrid,F,44
2735,2019-03-31,Valencia,Femenino,32
794,2022-07-06,Madrid,m,21
2036,2021-06-25,barcelona,F,40
901,2021-03-29,Sevilla,M,62
3,2023-11-23,Valencia,Femenino,35
897,,Madrid,M,33
4435,2023-10-26,A Coruña,Femenino,60
2566,2021-01-05,A Coruña,F,45
3193,2024-06-18,Madrid,Masculino,24
4342,2023-12-06,BARCELONA,F,40
4629,2020-12-11,Oporto,M,43
1377,2020-06-16,BARCELONA,Femenino,57
2629,,Barcelona,Masculino,26
4432,2018-04-01,Barcelona,m,27
402,2021-11-04,Sevilla,F,33
1878,2022-12-28,Sevilla,Masculino,17
1612,2019-10-07,Bilbao,F,34
4865,2019-01-14,VALENCIA,Femenino,25
53,,Oporto,M,52
2211,2018-10-28,MADRID,Femenino,42
3395,2018-07-04,Zaragoza,Masculino,27
3826,2022-11-07,Barcelona,Femenino,49
2813,2022-07-27,Zaragoza,F,36
4913,2018-05-17,MADRID,m,18
4445,2020-09-23,Málaga,M,16
3309,2022-04-20,Barcelona,m,41
1964,2022-08-23,valencia,F,53
4151,2022-08-10,Barcelona,M,27
2045,2022-08-05,Valencia,Femenino,33
1347,2021-11-19,Valencia,Femenino,48
3120,2024-05-05,Madrid,f,28
2859,2022-10-25,Lisboa,F,30
4603,2022-04-03,Barcelona,Femenino,26
1702,2023-02-15,Madrid,f,21
3730,2019-05-15,Málaga,m,35
645,2023-02-26,VALENCIA,M,16
287,2024-05-18,Sevilla,Masculino,44
3156,2020-07-08,Sevilla,M,16
3121,2020-07-23,BARCELONA,M,36
2978,2024-05-21,MADRID,M,39
755,2022-11-25,Sevilla,Femenino,50
4708,2022-08-26,Valencia,f,29
4094,2018-08-22,Madrid,F,42
2136,2022-11-10,sevilla,Femenino,44
2464,2019-12-16,Málaga,Masculino,21
1970,2019-12-08,Barcelona,M,46
2172,2021-04-09,Madrid,F,43
54,2021-11-13,Valencia,m,44
4143,2018-06-03,Madrid,M,44
3880,2024-04-15,Bilbao,Masculino,44
1477,2022-04-02,A Coruña,f,51
4470,2023-01-14,Sevilla,f,31
1645,2021-02-13,barcelona,M,46
3483,2023-06-04,Madrid,f,43
1591,2020-08-25,VALENCIA,Femenino,34
4274,2023-09-11,Barcelona,F,66
3566,2018-09-16,A Coruña,Femenino,16
3865,2018-05-19,Málaga,Masculino,41
1643,2023-08-28,A Coruña,F,27
30,2022-12-31,Sevilla,M,52
4584,2022-02-06,Valencia,M,22
1967,2022-04-19,Valencia,m,35
3202,2019-08-06,madrid,F,40
2156,2021-05-05,Madrid,M,61
321,2018-08-18,barcelona,M,37
4838,2024-06-16,Madrid,F,43
4198,2021-12-06,ZARAGOZA,Masculino,38
1887,2021-06-25,MÁLAGA,Masculino,35
3208,2021-06-19,MÁLAGA,M,33
4063,2021-08-08,barcelona,M,43
1653,2022-11-07,Barcelona,F,16
1968,2018-04-28,Sevilla,f,31
4646,2021-06-28,Bilbao,M,16
4440,2023-06-28,valencia,f,37
4116,,BARCELONA,Femenino,26
4805,2024-02-18,Málaga,F,24
1865,2023-11-15,barcelona,F,26
3988,2023-05-28,Valencia,F,44
4515,,a coruña,M,50
4933,2019-03-04,BARCELONA,M,51
4393,2018-05-03,Madrid,Masculino,30
4711,2019-08-13,Lisboa,Masculino,26
4318,2018-12-21,BILBAO,F,34
2302,2022-02-10,Madrid,M,36
2040,2020-11-29,Bilbao,Femenino,36
2125,2018-04-28,Barcelona,F,45
1157,2023-07-02,Madrid,Femenino,42
4893,2022-01-15,A Coruña,m,33
837,2019-06-03,madrid,F,56
1559,2018-02-07,Madrid,f,16
2467,2018-06-14,madrid,Femenino,38
2153,2021-02-05,madrid,M,47
1496,2019-03-10,A Coruña,m,40
2495,2023-11-21,Madrid,f,25
2004,2020-12-12,Barcelona,M,41
2616,2022-10-23,Sevilla,Masculino,42
4826,2020-01-30,LISBOA,F,52
2384,2022-02-10,MADRID,M,39
1988,,Zaragoza,f,67
3027,2018-09-09,Valencia,M,34
4942,2021-02-26,Madrid,Masculino,28
1113,2021-11-03,Lisboa,Masculino,20
233,,Valencia,F,55
1358,2018-04-07,bilbao,Femenino,22
2355,2019-05-29,Valencia,m,49
3463,2020-03-16,MADRID,F,25
3282,2023-03-10,Sevilla,Masculino,47
1058,2023-11-22,Lisboa,F,54
1771,2019-10-25,ZARAGOZA,M,25
3050,2022-09-23,Valencia,M,51
3071,2018-11-08,Madrid,f,51
3822,2019-10-05,SEVILLA,M,55
607,2024-01-19,Sevilla,f,47
4083,2020-07-21,Madrid,F,36
2560,2024-05-01,Oporto,m,36
3255,2020-10-16,Barcelona,m,26
2140,2021-12-31,Bilbao,F,28
4168,2023-08-02,Madrid,m,39
612,2020-02-26,barcelona,Femenino,42
939,2021-08-15,A Coruña,M,21
2289,2023-07-27,Valencia,M,49
2139,2018-10-26,BILBAO,Masculino,27
1638,2023-01-14,Madrid,M,28
511,2018-06-17,BARCELONA,m,35
2394,2021-07-12,Barcelona,M,38
4266,2018-11-01,Madrid,Femenino,28
568,2021-04-07,Madrid,M,65
2168,2019-10-03,barcelona,Femenino,37
2262,2019-10-11,Barcelona,m,29
4937,2022-02-17,lisboa,M,25
2142,2018-04-26,ZARAGOZA,F,22
2722,2019-01-16,LISBOA,F,21
4417,2024-05-26,Madrid,F,71
3691,2024-01-31,Madrid,Masculino,16
3726,2024-03-19,Malaga,M,40
211,2018-04-16,LISBOA,F,40
3091,,Madrid,Femenino,46
1110,2024-01-16,Madrid,Femenino,22
4145,2020-10-20,Valencia,M,24
2230,2022-06-06,Valencia,F,50
3196,2019-10-01,lisboa,f,27
4394,2024-05-08,BARCELONA,Masculino,47
1475,2019-01-01,Madrid,F,60
1452,2019-07-26,bilbao,F,26
3049,2018-11-13,Madrid,F,24
1678,2023-12-28,Barcelona,M,41
2622,,Zaragoza,M,47
4921,2022-01-27,valencia,M,18
3801,2023-04-10,Barcelona,Femenino,46
2999,2021-07-26,Madrid,F,39
2563,2019-10-31,málaga,f,35
4366,2019-03-29,Madrid,Femenino,34
4043,2018-05-26,oporto,f,23
192,2020-04-07,Madrid,f,51
3649,2023-07-01,Madrid,M,37
651,2022-11-24,valencia,Femenino,50
670,2021-04-16,Bilbao,F,28
1634,2018-01-17,Barcelona,F,16
2982,2023-01-16,Barcelona,Femenino,29
3593,2020-08-09,MADRID,Masculino,32
2612,2024-05-17,A Coruña,f,38
4159,2019-10-28,oporto,f,50
2546,2021-05-22,Bilbao,F,52
3173,2018-09-24,sevilla,Masculino,32
206,2022-12-04,Malaga,M,42
1442,2019-03-26,Oporto,F,27
1792,2023-08-23,BARCELONA,f,49
2066,2022-06-09,Lisboa,M,29
4289,2020-01-03,Barcelona,M,24
2015,2024-05-31,Valencia,F,56
1493,2020-08-30,barcelona,Masculino,52
387,2018-02-11,Madrid,M,41
1031,2021-05-05,Sevilla,m,27
4894,2021-10-22,Madrid,F,38
3162,2019-04-17,Valencia,M,42
2449,2018-09-24,A Coruña,Masculino,21
2329,2020-02-06,Valencia,Femenino,31
4862,2019-05-28,valencia,F,45
4087,2024-05-29,LISBOA,M,49
2466,2022-03-27,Madrid,F,57
3914,2020-03-14,Valencia,m,31
4827,2021-03-10,Barcelona,F,39
4582,2024-03-16,Barcelona,m,28
3789,2020-06-30,Madrid,m,35
2223,2022-07-03,MADRID,Masculino,39
4665,2024-02-07,madrid,M,53
610,2020-08-26,Lisboa,Masculino,56
858,2019-02-28,Bilbao,f,38
2085,2021-05-19,A Coruña,Masculino,199
1030,2019-07-27,Barcelona,Masculino,60
1182,2020-07-06,Barcelona,f,39
112,2018-11-14,OPORTO,m,250
236,2022-02-21,BILBAO,F,16
1617,2018-02-24,Barcelona,Masculino,17
2411,2019-12-17,Barcelona,F,42
2459,2019-04-24,Madrid,m,19
4238,2020-12-08,Barcelona,F,43
24,2022-06-18,Málaga,F,34
2907,2022-09-27,A Coruña,M,37
312,2023-11-02,barcelona,m,37
2120,2019-01-27,Valencia,F,49
3994,2021-11-16,madrid,Masculino,45
1537,2023-08-03,MADRID,Masculino,50
1349,2022-05-24,barcelona,f,30
3466,2020-06-15,BARCELONA,m,48
1268,2023-11-20,valencia,m,62
3391,2021-08-04,Bilbao,Masculino,68
3520,2024-01-26,Barcelona,M,16
21,2020-01-08,barcelona,F,49
2492,2021-09-08,Barcelona,F,35
4846,2020-08-27,Valencia,m,47
1892,2018-08-05,Lisboa,M,46
2657,2019-09-20,Oporto,F,27
4377,2024-04-08,Bilbao,M,54
176,2021-11-29,Madrid,f,26
1241,2019-08-13,Málaga,Femenino,24
8,2019-04-30,Madrid,F,33
3791,2022-11-24,Oporto,f,30
656,2019-07-01,OPORTO,M,41
4134,2018-12-12,Sevilla,F,24
1253,2024-02-01,Barcelona,F,31
4788,2020-07-10,sevilla,f,28
3824,2020-04-14,valencia,Masculino,33
3827,2024-06-04,Barcelona,M,28
3460,2020-05-19,A Coruña,M,33
2620,2018-09-05,Madrid,Femenino,38
3143,2019-11-06,BARCELONA,Masculino,16
1228,2023-10-29,A CORUÑA,M,25
517,2021-04-27,málaga,Masculino,39
4952,2023-04-28,Sevilla,F,30
216,2022-02-07,Madrid,F,37
4235,2020-01-21,Lisboa,M,25
1767,2023-09-09,Lisboa,Masculino,63
2293,2018-02-23,Madrid,M,34
4890,2019-05-10,barcelona,F,42
116,2021-03-02,valencia,M,36
140,2023-09-28,Madrid,Femenino,16
2879,2018-04-30,Sevilla,m,16
3054,2019-07-31,madrid,Masculino,41
78,2021-09-08,málaga,Masculino,28
3959,2022-06-25,Bilbao,F,27
1556,2018-01-29,Bilbao,M,25
3561,2020-03-13,A Coruña,M,48
4597,2018-10-02,Málaga,f,45
1287,2021-03-19,Madrid,M,40
4044,2020-10-09,Sevilla,Femenino,29
3482,2023-02-07,Valencia,M,16
2605,2022-01-24,barcelona,Femenino,56
4431,,Málaga,M,35
4052,2020-03-13,BARCELONA,Femenino,17
4707,2024-01-03,Sevilla,M,25
4219,2019-11-22,Barcelona,f,20
4643,2018-09-26,Málaga,M,45
2778,2018-11-23,madrid,M,34
494,2021-09-08,Barcelona,F,25
868,2023-05-11,Barcelona,M,27
2433,2022-12-05,madrid,M,40
19,2022-06-15,Barcelona,F,16
3795,2023-02-21,Madrid,m,31
2413,2018-10-10,A Coruña,f,42
4869,2021-04-03,Málaga,Masculino,45
330,2020-02-19,sevilla,Masculino,46
4286,2020-05-26,bilbao,M,33
1805,2021-06-13,madrid,Masculino,54
2788,2018-09-13,Valencia,m,18
1436,2022-07-31,Zaragoza,Masculino,27
2334,2019-12-26,Lisboa,Masculino,39
1007,2021-06-03,Barcelona,F,19
4549,2022-07-14,bilbao,Femenino,27
2905,2023-07-24,BARCELONA,M,25
4841,2020-06-15,Barcelona,F,40
205,2023-03-15,Sevilla,Masculino,29
1883,2024-04-09,Barcelona,Femenino,34
1801,2023-01-15,Lisboa,F,37
1481,2019-03-23,Barcelona,M,42
2713,2023-05-22,lisboa,Masculino,22
3737,2018-05-01,Valencia,M,31
2797,2019-09-05,A Coruña,Femenino,29
4128,2020-02-02,SEVILLA,F,29
1823,2021-07-23,Madrid,f,33
4126,2024-03-03,Madrid,Masculino,43
3148,2023-04-21,Valencia,F,42
2001,2021-04-20,lisboa,M,45
1619,2022-11-14,valencia,F,34
190,2022-08-04,Valencia,M,34
776,2020-12-29,oporto,Femenino,33
1657,2021-04-08,BILBAO,m,29
3850,2018-12-07,Valencia,f,25
3107,2021-12-30,málaga,f,51
549,2018-06-23,sevilla,M,29
1291,2020-05-24,Zaragoza,m,48
1699,2019-06-01,madrid,M,32
3765,2022-10-13,Sevilla,f,47
2379,2022-05-15,BILBAO,f,26
839,2020-11-04,BARCELONA,M,29
4769,2023-07-30,barcelona,F,52
1671,2018-08-10,Barcelona,f,50
2847,2020-05-21,barcelona,F,56
4268,2022-08-29,lisboa,M,53
626,2024-03-08,Madrid,F,50
3262,2022-02-02,Madrid,M,33
2440,2020-01-15,sevilla,m,58
3773,2021-02-16,Málaga,Masculino,35
1003,2021-09-23,A Coruña,Masculino,41
4135,2021-06-14,Barcelona,Masculino,43
2964,2023-10-03,Bilbao,m,26
3117,2023-04-13,Madrid,Femenino,34
259,2018-11-06,Barcelona,F,32
403,2022-10-10,Madrid,F,32
3644,2019-12-19,barcelona,M,51
657,2021-11-24,BARCELONA,M,52
3785,2019-12-26,valencia,Masculino,41
4502,2020-10-31,OPORTO,M,29
3315,2021-01-02,Zaragoza,Masculino,44
2340,2018-09-06,MADRID,Masculino,31
3592,2022-12-17,ZARAGOZA,Femenino,24
3863,2023-12-07,Madrid,Femenino,16
1336,2023-05-04,Madrid,F,39
4475,2022-09-19,MÁLAGA,m,54
1198,2018-04-16,Madrid,Masculino,21
4526,2023-07-22,Barcelona,M,36
2231,2022-10-26,Bilbao,F,42
1517,2019-07-10,VALENCIA,Masculino,55
986,2023-02-06,Madrid,f,43
3977,2023-10-17,barcelona,F,33
469,2021-10-28,Madrid,Femenino,38
4931,2021-02-24,Barcelona,Masculino,32
3669,2022-02-23,Barcelona,m,23
2158,2021-04-24,madrid,m,39
3621,2020-01-05,Valencia,f,53
3615,2024-02-03,Barcelona,F,38
1067,2019-08-11,Sevilla,F,25
1379,2018-03-17,Malaga,f,20
1798,2018-09-09,Barcelona,f,38
2818,2020-09-20,SEVILLA,F,53
87,2024-02-24,Madrid,f,16
573,2022-01-25,MÁLAGA,Masculino,47
2199,2018-10-14,Sevilla,f,36
4951,2018-08-17,Lisboa,M,33
4902,2021-03-07,Zaragoza,Femenino,23
204,2024-05-26,bilbao,f,16
1160,2021-07-28,bilbao,Masculino,54
2069,2021-10-12,Barcelona,f,32
2874,2022-05-23,barcelona,M,39
4471,2022-01-17,A CORUÑA,m,20
1920,2018-06-13,barcelona,m,56
2416,2021-05-03,sevilla,F,49
443,2020-11-23,Madrid,F,29
705,2022-11-15,Bilbao,Masculino,54
1875,2022-10-21,Zaragoza,M,41
2815,2020-02-19,Málaga,F,25
1255,,Barcelona,M,25
3422,2023-01-12,Sevilla,F,51
1504,2020-01-21,Madrid,f,40
4202,2024-03-09,Valencia,Femenino,20
1536,2018-05-29,Sevilla,Femenino,20
4498,2024-02-11,Zaragoza,M,52
2733,2018-10-22,barcelona,m,62
2569,2021-03-25,valencia,f,22
3226,2023-02-19,Madrid,F,16
4863,2018-09-22,barcelona,F,48
4466,2020-11-29,Barcelona,f,47
4569,2018-04-02,Sevilla,F,52
2579,2020-12-01,Sevilla,F,38
1696,2019-11-06,Sevilla,M,37
7,2018-01-28,VALENCIA,m,41
142,2021-03-18,Sevilla,m,48
1368,2021-03-12,Barcelona,F,52
4469,2022-06-30,Madrid,Femenino,16
2918,2020-01-14,MADRID,Masculino,40
2263,2021-09-30,sevilla,M,24
1877,,Madrid,F,34
910,2021-10-14,Lisboa,F,28
4552,2018-02-02,OPORTO,m,32
2784,2020-05-15,Madrid,Femenino,49
4437,2018-11-29,Madrid,Masculino,39
4312,2019-06-02,Málaga,F,44
1121,2024-03-11,Barcelona,M,45
3467,2019-03-11,valencia,Femenino,16
1459,2019-01-23,Barcelona,M,35
2318,2019-12-26,lisboa,F,42
1257,2022-06-27,barcelona,m,46
1834,2021-08-01,Valencia,Masculino,28
2950,2022-06-22,Málaga,F,44
4382,2019-06-24,BILBAO,f,45
4338,2018-04-22,Oporto,Masculino,57
2998,2023-09-06,Madrid,Masculino,26
758,2023-03-18,Madrid,F,28
3383,2020-09-17,oporto,F,36
3060,2024-02-14,Barcelona,f,34
1946,2018-04-30,Barcelona,f,35
3588,2020-12-20,Bilbao,M,27
3137,2018-06-03,Barcelona,F,48
2594,2021-11-21,Madrid,m,62
4930,2020-03-22,Madrid,M,65
3491,2021-01-23,Zaragoza,f,33
3871,2021-01-12,Madrid,Femenino,44
767,2018-04-20,Zaragoza,Masculino,47
1273,2018-03-09,Málaga,f,32
4148,2024-05-06,Madrid,M,22
2373,2018-03-11,Oporto,f,35
247,2018-05-24,Barcelona,Masculino,45
1388,2023-08-15,BARCELONA,F,41
1070,2020-09-04,Zaragoza,M,30
2319,2023-03-05,Barcelona,F,29
2352,2022-02-12,Valencia,M,28
1664,2020-07-03,Sevilla,M,50
1054,2022-04-16,Madrid,M,16
1952,2020-01-01,Madrid,Femenino,51
3629,2024-06-18,BILBAO,F,32
1309,2024-04-05,Oporto,Masculino,16
115,2021-11-21,Madrid,F,28
3990,2022-12-29,sevilla,M,32
4212,2023-12-30,Málaga,Masculino,51
90,2023-02-16,Bilbao,F,39
2026,2024-05-18,Madrid,f,51
3332,2020-05-26,Barcelona,Femenino,45
792,2020-10-09,Madrid,Masculino,64
3931,2019-02-15,barcelona,F,44
3207,2019-11-26,Madrid,M,33
2739,2018-10-25,Barcelona,Masculino,40
2455,2022-08-11,Madrid,M,53
4120,2018-04-08,Barcelona,M,52
4855,2021-12-30,Sevilla,m,37
848,2021-11-19,madrid,f,28
3721,2024-05-21,Málaga,f,38
2475,2022-03-20,Málaga,Femenino,66
1122,2022-04-23,SEVILLA,f,54
228,2019-07-03,Madrid,Masculino,46
4658,2019-03-26,Málaga,F,24
4712,2019-10-29,Barcelona,M,30
2091,2023-03-02,Bilbao,M,52
914,2018-05-08,MÁLAGA,Femenino,16
1076,2023-11-07,Barcelona,M,46
1193,2023-06-10,Zaragoza,m,33
1512,2018-11-20,Madrid,M,27
99,2021-09-25,Sevilla,M,16
2793,2021-10-13,Sevilla,M,29
182,2023-07-07,Barcelona,F,45
1049,2022-10-22,BILBAO,Femenino,44
2425,2019-08-27,Lisboa,F,50
292,2019-03-09,Madrid,m,26
1024,2022-01-17,barcelona,f,26
2414,2018-08-27,SEVILLA,Masculino,18
3493,2019-02-05,A Coruña,M,44
2833,2018-04-06,Sevilla,F,29
2502,2021-09-16,Madrid,F,49
2412,2022-05-21,Madrid,M,32
3184,2023-02-27,Bilbao,Femenino,27
1129,,Oporto,F,24
536,2022-05-22,barcelona,f,41
1926,2022-04-27,Sevilla,F,34
4430,2021-09-09,Bilbao,M,27
3554,2021-10-01,Valencia,M,29
1404,2021-09-23,Bilbao,M,36
1609,2020-06-02,Oporto,F,29
3480,2023-08-08,MADRID,F,40
3512,2019-03-04,Sevilla,f,40
4280,2019-04-12,Madrid,Femenino,27
2215,2019-07-23,MÁLAGA,F,41
76,2019-10-11,Sevilla,Femenino,25
2855,2021-02-12,madrid,M,50
1748,2022-11-01,Madrid,F,39
3434,2021-12-17,BARCELONA,M,32
4239,2019-05-13,Barcelona,F,50
4905,2022-10-22,Barcelona,Femenino,26
1233,2020-07-21,Málaga,m,60
3178,2024-03-20,madrid,f,51
819,2020-01-31,valencia,Masculino,49
3377,2023-03-13,zaragoza,F,26
235,2022-07-17,Bilbao,M,18
1047,2018-10-09,Oporto,m,42
459,2020-01-08,Bilbao,Femenino,16
3472,2019-04-25,lisboa,f,40
3703,2022-11-29,Valencia,M,39
170,2018-08-01,barcelona,M,40
3739,2019-10-12,Madrid,Femenino,55
3324,2019-09-20,Madrid,F,31
4061,2021-05-12,Sevilla,Femenino,36
3203,2020-02-10,BILBAO,Masculino,43
4105,2023-10-20,Málaga,Masculino,29
468,2019-10-11,Sevilla,m,38
1735,2022-08-22,Barcelona,F,37
2825,2020-10-01,Bilbao,Masculino,48
1420,2018-09-05,Malaga,F,16
3329,2024-02-25,BARCELONA,Masculino,39
4187,2021-10-27,Sevilla,Femenino,39
251,2018-12-27,Sevilla,M,16
3322,2024-05-21,BARCELONA,M,43
3684,2023-04-09,barcelona,F,42
1216,2021-07-11,Valencia,M,33
2366,2021-08-21,Barcelona,F,35
4801,2022-02-17,Zaragoza,F,53
4032,2024-06-03,Zaragoza,M,56
3654,2022-05-28,LISBOA,F,39
769,2018-01-04,oporto,M,47
131,2022-11-15,zaragoza,F,43
4003,2021-06-23,Málaga,Masculino,23
2190,2023-07-29,Malaga,F,53
3215,2019-12-16,Madrid,Masculino,51
3743,2018-12-28,Sevilla,F,26
378,2021-06-24,A Coruña,M,27
2174,2023-11-23,Bilbao,M,50
4756,2022-04-26,barcelona,Femenino,38
4459,2023-08-09,zaragoza,f,22
1780,2019-03-10,Madrid,Femenino,43
1139,2021-03-21,Madrid,Femenino,17
3220,2023-09-17,oporto,Femenino,42
4344,2023-08-23,Barcelona,M,51
2511,2019-07-03,Barcelona,F,37
1615,2020-06-11,Madrid,m,52
2227,2021-05-21,BILBAO,F,49
1181,2018-06-22,BILBAO,M,36
3913,2024-02-04,Málaga,f,16
2056,2018-02-19,Valencia,M,27
2350,2022-06-08,BARCELONA,M,52
762,2021-04-17,BARCELONA,Masculino,34
4231,2019-07-28,Lisboa,M,39
2583,2020-03-26,valencia,M,39
2178,2023-01-17,BARCELONA,F,36
1674,2020-01-03,SEVILLA,f,44
4,2019-11-05,barcelona,F,16
4300,2020-08-16,LISBOA,M,25
947,2019-05-20,Bilbao,F,32
4539,2023-06-14,Oporto,m,20
4740,2019-07-21,madrid,F,31
4623,2021-01-10,Bilbao,M,16
4086,2023-07-29,Bilbao,M,51
388,2020-03-21,Madrid,M,31
350,2021-03-26,Barcelona,M,32
1443,2023-04-05,madrid,Femenino,35
576,2024-05-29,LISBOA,m,33
4748,2018-12-28,Barcelona,M,43
3008,2022-11-17,Zaragoza,M,35
434,2022-10-26,Oporto,Masculino,42
4131,2020-05-24,VALENCIA,M,48
2347,2022-05-16,Lisboa,F,38
4176,2019-10-19,madrid,Masculino,40
4727,2018-05-30,MADRID,Femenino,32
724,2019-07-23,Valencia,Femenino,19
4726,2023-08-24,Madrid,Masculino,36
244,2019-03-25,Oporto,F,48
768,2020-10-16,Lisboa,M,28
1923,2022-02-14,Barcelona,f,54
4282,2019-07-15,Barcelona,Femenino,39
4021,2022-07-03,Valencia,Femenino,41
2456,2018-08-08,lisboa,Femenino,42
2956,2023-08-29,LISBOA,F,42
2489,2019-07-24,Madrid,m,29
2570,2021-07-25,Lisboa,F,48
2822,2022-04-05,madrid,F,21
3310,2023-08-31,Barcelona,M,25
4701,2024-05-02,Barcelona,F,21
2846,2024-01-12,madrid,M,35
412,2020-09-13,Sevilla,M,39
2894,2023-11-28,Zaragoza,Masculino,26
3327,2023-11-15,MADRID,m,40
3484,2021-12-22,Zaragoza,F,39
806,2024-05-07,Barcelona,F,28
3652,2019-01-23,Barcelona,Masculino,42
2697,2018-01-08,Madrid,f,19
4876,2022-05-11,SEVILLA,Masculino,43
4278,2021-10-14,málaga,Femenino,25
4888,2018-06-30,Sevilla,M,48
2695,2019-07-31,Bilbao,F,39
1319,2020-01-11,Zaragoza,Masculino,36
2683,2018-04-02,A Coruña,F,44
133,2024-02-14,sevilla,Femenino,42
4288,2019-05-07,Sevilla,M,34
3138,2023-11-03,valencia,Masculino,46
981,2021-10-23,zaragoza,m,16
1126,2020-12-30,BILBAO,Masculino,36
2060,,Zaragoza,F,27
4100,2022-05-15,madrid,Femenino,49
1471,2021-11-26,Sevilla,m,41
1142,2019-07-28,Zaragoza,F,45
1510,2022-08-30,Sevilla,Masculino,50
4189,2018-01-29,MADRID,Femenino,30
4719,2019-09-26,Madrid,M,24
4716,2020-08-25,barcelona,M,33
4918,2018-12-09,zaragoza,F,32
2820,2019-12-24,Málaga,F,70
654,2023-09-26,Barcelona,Masculino,39
1803,2021-10-28,Madrid,Masculino,25
2363,2019-11-17,Valencia,M,28
4184,2019-04-06,valencia,M,37
196,2023-05-12,Bilbao,M,48
3313,2018-12-17,Lisboa,M,16
2264,2022-10-02,Sevilla,F,51
1966,2022-06-09,Barcelona,F,42
4514,2024-02-09,Bilbao,Femenino,16
2632,,sevilla,F,51
1084,,Madrid,m,17
4222,2024-04-11,Zaragoza,Femenino,32
2041,2021-11-08,Madrid,Masculino,34
171,2020-02-19,Madrid,f,36
1999,2024-01-25,Lisboa,M,41
2970,2018-02-05,zaragoza,F,40
