devolucion_id,linea_id,fecha_devolucion,talla,motivo
702838,910363,15/07/2024,36,talla incorrecta
700079,900324,18/07/2024,XL,no me gusta
704821,917455,2024-07-16,m,talla incorrecta
701713,906266,17/07/2024,s,no me gusta
701621,905938,2024-07-05,36,talla incorrecta
705037,918280,2024-07-16,m,talla incorrecta
700002,900003,4 jul 2024,L,talla incorrecta
704402,915965,2024-07-20,XL,cambió de opinión
705207,918927,2024-07-16,L,no me queda bien
703600,913118,2024-07-19,Talla 38,cambió de opinión
701141,904298,20/07/2024,L,no me queda bien
703496,912714,20/07/2024,39,talla incorrecta
700799,903035,2024-07-21,l,defecto
705339,919402,2024-07-20,M,no me queda bien
705321,919327,06/07/2024,M,talla incorrecta
703772,913765,2024-07-19,M,cambió de opinión
704842,917534,2024-07-10,39,cambió de opinión
700667,902530,10/07/2024,XS,talla incorrecta
701665,906116,2024-07-20,S,no me gusta
704621,916737,19 jul 2024,XL,no me gusta
700071,900258,2024-07-18,Talla XL,talla incorrecta
705216,918948,2024-07-13,L,no me queda bien
705118,918570,21 jul 2024,37,no me gusta
701248,904641,2024-07-14,L,defecto
703813,913917,17/07/2024,M,no me gusta
701566,905736,2024-07-15,m,talla incorrecta
704374,915899,2024-07-21,S,no me gusta
705313,919298,21/07/2024,Talla L,no me gusta
702781,910135,16/07/2024,M,no me gusta
704190,915267,2024-07-15,Talla S,no me queda bien
702000,907355,2024-07-13,L,talla incorrecta
702315,908490,15/07/2024,XS,talla incorrecta
704247,915483,11/07/2024,39,defecto
702490,909058,18/07/2024,l,talla incorrecta
700601,902294,2024-07-17,41,defecto
701769,906502,2024-07-12,M,defecto
702113,907775,15/07/2024,Talla L,defecto
704144,915060,20/07/2024,L,defecto
701750,906430,2024-07-03,m,talla incorrecta
702746,910001,14/07/2024,L,no me gusta
702597,909479,2024-07-10,XS,cambió de opinión
704438,916096,2024-07-08,S,no me gusta
703093,911272,10 jul 2024,m,no me queda bien
700331,901257,2024-07-14,L,no me gusta
700895,903438,2024-07-20,37,color distinto
704671,916896,2024-07-07,l,talla incorrecta
701743,906403,2024-07-12,Talla XL,talla incorrecta
704488,916266,17/07/2024,M,no me queda bien
704308,915661,2024-07-15,m,color distinto
704372,915895,2024-07-21,s,no me queda bien
704035,914681,10 jul 2024,S,talla incorrecta
703664,913325,12/07/2024,s,no me queda bien
702083,907666,15 jul 2024,L,no me gusta
702465,908973,2024-07-21,36,no me queda bien
704110,914945,21/07/2024,xs,talla incorrecta
701409,905194,26 jun 2024,S,no me gusta
703456,912596,16 jul 2024,S,no me queda bien
702568,909379,2024-07-22,XL,defecto
703767,913753,17/07/2024,L,talla incorrecta
703291,912053,2024-07-19,Talla 38,no me queda bien
702209,908131,15/07/2024,39,no me queda bien
703374,912325,2024-07-14,l,cambió de opinión
701038,903934,14/07/2024,M,color distinto
700096,900396,2024-07-20,Talla L,no me gusta
702755,910035,18 jul 2024,S,talla incorrecta
704076,914824,04/07/2024,XS,no me queda bien
701835,906692,2024-07-17,M,defecto
702917,910646,2024-07-16,Talla M,talla incorrecta
702682,909779,2024-07-15,M,no me queda bien
704097,914899,2024-07-16,Talla L,me queda pequeño
700624,902368,27 jun 2024,Talla L,color distinto
700322,901206,17 jul 2024,XS,no me gusta
700518,901958,14 jul 2024,XL,no me gusta
701676,906149,2024-07-19,M,cambió de opinión
703967,914459,18/07/2024,M,defecto
704912,917807,2024-07-19,36,no me gusta
703920,914330,20/07/2024,M,cambió de opinión
704960,917963,2024-07-15,39,talla incorrecta
701939,907089,2024-07-03,M,talla incorrecta
702359,908627,2024-07-05,l,no me queda bien
703221,911757,09/07/2024,40,talla incorrecta
702660,909701,2024-07-19,S,defecto
702446,908900,13 jul 2024,L,no me queda bien
701812,906635,2024-07-21,M,no me queda bien
700199,900774,2024-07-16,XL,no me gusta
701221,904562,21 jul 2024,M,talla incorrecta
703868,914093,16/07/2024,XL,cambió de opinión
703321,912153,19/07/2024,M,defecto
704612,916704,18/07/2024,38,no me queda bien
700731,902780,21/07/2024,M,no me gusta
704504,916311,2024-07-16,41,cambió de opinión
705132,918620,2024-07-20,L,talla incorrecta
704979,918065,19/07/2024,39,cambió de opinión
700283,901061,21/07/2024,40,defecto
700193,900751,2024-07-14,37,no me gusta
703497,912718,2024-07-20,42,color distinto
700027,900114,2024-07-20,M,no me queda bien
702728,909950,10 jul 2024,39,defecto
700602,902295,19/07/2024,M,talla incorrecta
700537,902017,2024-07-17,S,no me gusta
705408,919665,06/07/2024,S,talla incorrecta
700551,902100,2024-07-09,S,talla incorrecta
702786,910152,16 jul 2024,L,no me queda bien
703045,911089,15/07/2024,M,color distinto
704899,917743,19/07/2024,39,no me gusta
701244,904633,2024-07-06,39,defecto
704195,915289,2024-07-03,L,defecto
704734,917115,02/07/2024,XL,no me gusta
702587,909443,9 jul 2024,L,cambió de opinión
702719,909920,10 jul 2024,l,no me queda bien
703777,913776,2024-07-09,L,no me queda bien
705246,919076,16/07/2024,M,talla incorrecta
700189,900742,14/07/2024,XL,cambió de opinión
703907,914264,2024-07-21,XS,no me gusta
700352,901345,2024-07-05,l,no me queda bien
703728,913582,2024-07-20,M,talla incorrecta
703572,913012,14/07/2024,XS,talla incorrecta
703167,911553,2024-07-17,m,no me queda bien
703506,912742,2024-07-21,XS,talla incorrecta
704302,915634,2024-07-16,Talla M,talla incorrecta
705292,919219,12/07/2024,XL,color distinto
703537,912871,2024-07-12,L,talla incorrecta
705130,918602,16 jul 2024,M,talla incorrecta
704292,915611,16/07/2024,M,no me queda bien
701171,904402,2024-07-16,S,color distinto
700912,903478,20 jul 2024,Talla L,talla incorrecta
700867,903314,2024-07-18,39,no me gusta
703411,912445,12 jul 2024,39,no me gusta
701337,904965,18/07/2024,S,no me queda bien
704896,917736,19 jul 2024,M,talla incorrecta
704037,914685,2024-07-20,42,no me queda bien
700874,903355,2024-07-09,L,no me gusta
703563,912972,2024-07-17,M,talla incorrecta
704542,916458,21/07/2024,m,talla incorrecta
704106,914933,2024-07-09,M,cambió de opinión
700063,900237,2024-07-11,S,color distinto
701990,907324,17 jul 2024,Talla L,defecto
702103,907748,2024-07-22,M,talla incorrecta
701982,907273,2024-07-21,XL,defecto
703248,911849,13 jul 2024,L,no me queda bien
700065,900248,15 jul 2024,XS,no me gusta
701068,904029,20/07/2024,S,no me gusta
705227,919005,11/07/2024,S,talla incorrecta
701899,906939,2024-07-08,M,no me gusta
701661,906100,2024-07-18,40,no me queda bien
703541,912886,2024-07-20,M,no me gusta
704730,917106,08/07/2024,M,defecto
705201,918900,2024-07-20,S,cambió de opinión
703938,914371,2024-07-20,s,talla incorrecta
705417,919696,16 jul 2024,XL,defecto
701189,904461,2024-07-17,XL,talla incorrecta
704196,915293,20 jul 2024,xs,no me gusta
703042,911081,2024-07-10,S,talla incorrecta
705516,919998,2024-07-08,Talla L,no me queda bien
701943,907106,2024-07-02,38,talla incorrecta
700457,901725,19 jul 2024,L,talla incorrecta
700442,901676,2024-07-17,S,talla incorrecta
704583,916611,2024-07-08,S,no me queda bien
701862,906765,2024-07-08,S,color distinto
702779,910132,5 jul 2024,37,color distinto
704846,917547,2024-07-14,XS,no me gusta
703776,913774,2024-07-09,S,defecto
702997,910931,10/07/2024,Talla 36,no me gusta
705274,919162,2024-07-16,39,defecto
700904,903458,16/07/2024,Talla M,cambió de opinión
704829,917494,03/07/2024,S,no me gusta
700484,901840,2024-07-02,S,no me queda bien
704499,916292,2024-07-09,XL,no me gusta
701130,904243,14/07/2024,XL,talla incorrecta
704419,916038,2024-07-06,L,talla incorrecta
703859,914064,2024-07-07,Talla S,talla incorrecta
701397,905153,13 jul 2024,39,talla incorrecta
700698,902641,2024-07-15,XS,color distinto
705056,918342,14/07/2024,42,color distinto
700655,902484,2024-07-16,M,no me queda bien
703761,913718,17/07/2024,XL,no me gusta
702680,909771,2024-07-20,S,talla incorrecta
701936,907081,2024-07-07,Talla 40,no me queda bien
705217,918951,15/07/2024,XL,no me gusta
703149,911479,21/07/2024,M,talla incorrecta
704217,915368,14/07/2024,S,talla incorrecta
701854,906745,11 jul 2024,S,talla incorrecta
704668,916891,2024-07-12,38,talla incorrecta
702503,909091,2024-07-14,l,no me queda bien
703465,912616,2024-07-19,XL,no me gusta
702406,908771,2024-07-09,XS,talla incorrecta
700288,901070,2024-07-12,xl,defecto
701219,904552,08/07/2024,M,talla incorrecta
701824,906663,2024-07-03,L,talla incorrecta
700162,900627,17/07/2024,Talla XS,no me queda bien
703354,912263,2024-07-18,L,talla incorrecta
700103,900408,2024-07-18,XS,no me queda bien
702021,907444,2024-07-19,Talla XL,no me gusta
700567,902132,2024-07-16,Talla XL,cambió de opinión
702278,908347,21 jul 2024,L,me queda pequeño
704769,917255,2024-07-17,37,color distinto
700386,901502,2024-07-19,XL,defecto
705406,919663,12 jul 2024,M,defecto
701783,906545,2024-07-20,XS,no me gusta
700333,901262,13/07/2024,M,cambió de opinión
701005,903803,2024-07-14,36,talla incorrecta
700822,903115,2024-07-15,M,cambió de opinión
700546,902075,18/07/2024,M,talla incorrecta
700821,903114,2024-07-14,38,defecto
704304,915644,2024-07-10,Talla M,no me queda bien
702485,909045,2024-07-14,l,cambió de opinión
705203,918921,2024-07-16,M,no me gusta
705105,918535,21/07/2024,L,talla incorrecta
700976,903703,05/07/2024,Talla S,no me queda bien
704747,917185,2024-07-16,Talla XS,no me gusta
701515,905554,2024-07-16,Talla L,color distinto
701230,904589,07/07/2024,s,no me gusta
704162,915164,2024-07-16,37,color distinto
704491,916271,2024-07-17,L,talla incorrecta
701104,904136,20/07/2024,Talla 41,talla incorrecta
704024,914643,15/07/2024,39,no me queda bien
703457,912599,20 jul 2024,m,talla incorrecta
705557,2034641,2024-07-19,38,color distinto
703962,914438,13/07/2024,XS,talla incorrecta
704034,914679,15 jul 2024,L,no me gusta
704776,917287,15/07/2024,38,defecto
704111,914950,2024-07-18,M,talla incorrecta
704020,914625,18 jul 2024,M,defecto
705476,919902,2024-07-19,L,talla incorrecta
702525,909193,17/07/2024,41,color distinto
701607,905891,2024-07-19,Talla 39,defecto
702623,909572,17/07/2024,40,talla incorrecta
705322,919329,2024-07-13,xl,no me queda bien
704283,915595,08/07/2024,XS,no me gusta
700423,901621,2024-07-20,40,no me gusta
701996,907348,2024-07-10,l,color distinto
704468,916208,2024-07-16,xl,no me queda bien
701852,906740,2024-07-07,M,defecto
702887,910547,18/07/2024,s,no me gusta
703937,914368,2024-07-16,38,talla incorrecta
700114,900442,07/07/2024,M,talla incorrecta
701603,905878,2024-07-18,S,defecto
701942,907102,07/07/2024,38,talla incorrecta
700104,900418,2024-07-19,L,no me queda bien
705231,919022,2024-07-07,M,no me gusta
704961,917965,14 jul 2024,39,no me queda bien
702161,907928,17/07/2024,M,no me gusta
701973,907233,21/07/2024,s,talla incorrecta
701751,906432,15/07/2024,s,defecto
705089,918468,2024-07-19,L,no me gusta
702008,907389,16/07/2024,Talla 40,cambió de opinión
700826,903157,18/07/2024,M,talla incorrecta
703189,911633,2024-07-20,XS,talla incorrecta
702377,908697,2024-07-17,M,no me queda bien
703857,914060,2024-07-20,S,defecto
703070,911170,2024-07-11,Talla XL,defecto
700100,900404,18 jul 2024,S,talla incorrecta
702386,908717,2024-07-09,L,talla incorrecta
700831,903173,21/07/2024,M,talla incorrecta
703263,911934,2024-07-13,XL,color distinto
703547,912898,21 jul 2024,L,color distinto
702090,907695,17/07/2024,Talla L,no me queda bien
701223,904564,16/07/2024,38,talla incorrecta
705286,919200,2024-07-13,37,no me queda bien
700419,901606,2024-07-20,M,no me queda bien
702948,910761,20 jul 2024,Talla XS,no me gusta
702501,909086,2024-07-20,S,talla incorrecta
700516,901952,2024-07-20,L,talla incorrecta
701508,905509,2024-07-18,S,no me gusta
703142,911457,14 jul 2024,S,no me queda bien
700504,901905,11 jul 2024,XS,no me queda bien
703268,911955,2024-07-09,M,no me gusta
705186,918833,19 jul 2024,XL,talla incorrecta
705365,919516,2024-07-18,36,no me gusta
700209,900803,19 jul 2024,38,color distinto
703363,912286,2024-07-11,L,cambió de opinión
703424,912469,2024-07-20,L,no me gusta
702454,908932,6 jul 2024,Talla XL,no me gusta
702852,910420,13 jul 2024,41,no me queda bien
702099,907736,20/07/2024,Talla M,talla incorrecta
702768,910083,2024-07-15,38,no me queda bien
705126,918591,2024-07-16,40,color distinto
702840,910365,2024-07-17,40,defecto
703984,914515,18/07/2024,XS,no me queda bien
701963,907193,2024-07-17,39,talla incorrecta
702643,909634,2024-07-20,L,no me queda bien
701871,906803,19/07/2024,M,no me gusta
701532,905621,16/07/2024,M,talla incorrecta
700488,901845,2024-07-20,S,defecto
700836,903194,09/07/2024,l,no me queda bien
700009,900045,16/07/2024,L,color distinto
702899,910583,14/07/2024,M,color distinto
700728,902766,20/07/2024,M,defecto
704523,916364,17/07/2024,XL,no me queda bien
703895,914204,14/07/2024,XL,cambió de opinión
705279,919186,19 jul 2024,M,no me queda bien
703209,911726,2024-07-17,S,no me queda bien
705097,918489,16/07/2024,38,no me queda bien
704350,915808,19/07/2024,XL,color distinto
704284,915596,2024-07-19,XL,talla incorrecta
703806,913884,2024-07-22,40,no me queda bien
701175,904418,2024-07-20,40,defecto
700531,901994,2024-07-12,S,talla incorrecta
701954,907149,2024-07-20,L,no me queda bien
704511,916330,13/07/2024,xs,no me gusta
704325,915722,11/07/2024,L,cambió de opinión
700132,900506,11/07/2024,M,no me gusta
703486,912680,16/07/2024,40,no me gusta
701682,906173,7 jul 2024,M,color distinto
703936,914360,21/07/2024,Talla M,no me gusta
704029,914660,2024-07-11,Talla L,no me queda bien
705065,918369,2024-07-18,S,cambió de opinión
701470,905383,13/07/2024,XS,defecto
700973,903685,19 jul 2024,l,no me queda bien
701360,905024,20/07/2024,M,talla incorrecta
701908,906977,11/07/2024,Talla L,no me queda bien
701832,906689,11 jul 2024,L,no me gusta
703840,913997,09/07/2024,Talla S,defecto
704731,917109,2024-07-19,M,no me gusta
704806,917402,2024-07-19,XS,talla incorrecta
700606,902303,2024-07-21,xs,no me gusta
704270,915549,16/07/2024,XL,no me gusta
701279,904756,2024-07-10,L,no me queda bien
704791,917346,17/07/2024,m,cambió de opinión
700782,902973,18/07/2024,37,talla incorrecta
700886,903403,18 jul 2024,m,talla incorrecta
700241,900923,19/07/2024,Talla XL,cambió de opinión
701204,904504,18/07/2024,M,no me gusta
701102,904133,05/07/2024,S,no me queda bien
701530,905619,2024-07-19,Talla 39,talla incorrecta
700564,902126,19/07/2024,L,talla incorrecta
701922,907020,14/07/2024,S,no me queda bien
702357,908623,18/07/2024,S,talla incorrecta
702364,908660,17 jul 2024,S,no me queda bien
703692,913417,2024-07-14,S,talla incorrecta
703626,913204,2024-07-15,XL,talla incorrecta
700303,901130,17/07/2024,L,color distinto
700341,901299,17/07/2024,M,no me queda bien
703317,912131,22/07/2024,m,talla incorrecta
703006,910954,2024-07-19,Talla 39,talla incorrecta
703067,911163,2024-07-20,S,no me gusta
703247,911844,2024-07-16,S,no me queda bien
703474,912631,2024-07-21,37,no me gusta
702439,908869,19/07/2024,L,no me gusta
701777,906528,2024-07-21,M,no me gusta
701250,904651,11/07/2024,L,talla incorrecta
705230,919020,2024-07-13,39,talla incorrecta
702864,910453,2024-07-21,Talla M,talla incorrecta
704538,916440,2024-07-14,M,talla incorrecta
704857,917607,17/07/2024,38,talla incorrecta
701441,905299,2024-07-22,XL,talla incorrecta
700609,902316,2024-07-10,L,defecto
700892,903433,2024-07-16,L,no me gusta
700577,902178,2024-07-12,S,talla incorrecta
701318,904889,2024-07-17,Talla L,defecto
704688,916949,21/07/2024,37,talla incorrecta
701256,904674,21/07/2024,l,no me gusta
704655,916829,2024-07-16,S,color distinto
704839,917526,2024-07-19,XL,no me gusta
701261,904684,26/06/2024,S,no me queda bien
704000,914574,2024-07-20,S,talla incorrecta
703968,914461,2024-07-16,38,no me gusta
705531,2011474,09/07/2024,38,color distinto
702217,908154,9 jul 2024,M,talla incorrecta
701961,907179,2024-07-21,S,talla incorrecta
700991,903760,21/07/2024,40,no me queda bien
705515,919997,02/07/2024,M,no me gusta
700035,900156,2024-07-19,M,cambió de opinión
703577,913036,2024-07-19,M,no me queda bien
704844,917544,03/07/2024,L,cambió de opinión
700866,903310,2024-07-14,M,color distinto
705184,918810,17/07/2024,L,no me gusta
704723,917075,2024-07-20,M,no me queda bien
701357,905021,2024-07-16,Talla S,no me gusta
701487,905461,20/07/2024,L,defecto
704276,915567,08/07/2024,XL,talla incorrecta
700404,901557,2024-07-13,41,no me gusta
700049,900190,2024-07-15,XS,color distinto
700372,901417,16/07/2024,38,no me queda bien
700623,902357,2024-07-18,XL,no me gusta
703890,914188,15/07/2024,XL,color distinto
702759,910049,13/07/2024,XL,talla incorrecta
700384,901483,15/07/2024,38,talla incorrecta
703584,913066,2024-07-21,42,talla incorrecta
703404,912430,14/07/2024,L,no me queda bien
702939,910729,19 jul 2024,36,no me queda bien
705191,918849,2024-07-19,M,no me queda bien
704544,916466,2024-07-21,Talla M,cambió de opinión
702226,908177,15/07/2024,37,talla incorrecta
701391,905135,2024-07-19,39,no me queda bien
705243,919068,17/07/2024,l,no me queda bien
701778,906529,2024-07-16,L,no me gusta
703901,914233,2024-07-12,L,no me queda bien
705403,919656,13/07/2024,xs,no me gusta
705433,919749,14/07/2024,S,cambió de opinión
705156,918713,22/07/2024,36,talla incorrecta
704524,916367,2024-07-17,L,no me gusta
705108,918542,16/07/2024,S,talla incorrecta
702791,910177,2024-07-11,39,no me queda bien
700952,903609,2024-07-14,XS,no me gusta
702504,909095,2024-07-20,S,color distinto
704004,914588,21 jul 2024,Talla M,no me gusta
700547,902088,11/07/2024,S,color distinto
704724,917076,2024-07-18,XL,no me queda bien
702670,909738,15/07/2024,M,no me queda bien
703498,912720,22 jul 2024,39,no me gusta
704400,915963,2024-07-13,m,color distinto
704861,917622,16/07/2024,S,talla incorrecta
702236,908205,2024-07-19,Talla M,no me queda bien
700363,901401,15/07/2024,L,no me gusta
701128,904233,19/07/2024,l,no me queda bien
703281,912007,2024-07-16,S,no me queda bien
700239,900913,2024-07-08,M,talla incorrecta
704827,917491,2024-07-15,41,no me queda bien
700747,902831,2024-07-19,Talla 40,talla incorrecta
700586,902225,16 jul 2024,L,talla incorrecta
701006,903806,2024-07-18,M,cambió de opinión
703848,914016,15 jul 2024,37,no me gusta
700025,900108,2024-07-16,M,no me queda bien
703794,913823,18 jul 2024,Talla S,no me queda bien
701373,905062,18/07/2024,s,no me gusta
703536,912859,2024-07-09,XL,defecto
705367,919524,16/07/2024,L,talla incorrecta
701335,904956,2024-07-20,L,defecto
704674,916902,12 jul 2024,L,no me queda bien
705479,919907,5 jul 2024,S,no me queda bien
700770,902915,2024-07-18,XS,talla incorrecta
704573,916575,16/07/2024,XS,defecto
705093,918478,14 jul 2024,L,no me queda bien
703212,911732,18/07/2024,l,talla incorrecta
700324,901213,15/07/2024,S,no me gusta
701342,904974,2024-07-10,40,talla incorrecta
702958,910789,19/07/2024,L,no me queda bien
704429,916069,2024-07-15,L,talla incorrecta
704759,917233,17/07/2024,39,no me queda bien
705198,918881,16/07/2024,s,no me queda bien
702938,910725,18/07/2024,M,no me queda bien
704575,916586,2024-07-13,41,defecto
702857,910439,2024-07-18,M,talla incorrecta
700692,902631,2024-07-19,42,cambió de opinión
704795,917366,19/07/2024,S,no me gusta
700464,901771,2024-07-18,M,no me queda bien
705534,2027240,2024-07-09,L,no me queda bien
703367,912302,3 jul 2024,39,no me queda bien
703020,911002,2024-07-17,42,no me gusta
702933,910711,2024-07-17,M,no me queda bien
701080,904075,20/07/2024,38,no me gusta
703590,913089,2024-07-14,38,talla incorrecta
704518,916343,13/07/2024,XS,no me gusta
701595,905836,21 jul 2024,Talla M,Talla
700751,902844,2024-07-06,39,defecto
702524,909178,14/07/2024,L,talla incorrecta
703408,912440,2024-07-20,Talla M,talla incorrecta
704214,915355,2024-07-14,m,no me gusta
702975,910851,10 jul 2024,40,cambió de opinión
700737,902804,15/07/2024,40,no me queda bien
702828,910314,13/07/2024,XS,cambió de opinión
705079,918428,2024-07-13,L,defecto
704608,916685,20/07/2024,M,no me queda bien
700072,900261,19/07/2024,S,talla incorrecta
703236,911813,05/07/2024,36,color distinto
700034,900151,2024-07-20,m,talla incorrecta
703862,914081,16/07/2024,S,color distinto
704977,918057,2024-07-16,Talla XL,no me queda bien
701449,905319,12 jul 2024,41,no me queda bien
705359,919487,08/07/2024,Talla S,no me queda bien
704481,916249,2024-07-12,38,talla incorrecta
700452,901708,17 jul 2024,XL,talla incorrecta
701351,905002,2024-07-08,Talla L,no me gusta
700823,903134,21/07/2024,M,no me queda bien
702149,907893,2024-07-16,S,no me gusta
703550,912908,03/07/2024,L,no me queda bien
702610,909527,2024-07-18,41,no me queda bien
703082,911220,06/07/2024,S,no me queda bien
704614,916711,2024-07-19,XL,talla incorrecta
704031,914667,2024-07-20,m,talla incorrecta
704115,914966,13/07/2024,M,color distinto
702128,907830,2024-07-10,L,defecto
700509,901924,18 jul 2024,M,cambió de opinión
702017,907432,2024-07-14,40,talla incorrecta
703617,913168,13/07/2024,XL,no me gusta
701614,905913,2024-07-22,M,talla incorrecta
700722,902745,14/07/2024,S,color distinto
701239,904623,21/07/2024,M,no me gusta
702175,907979,12 jul 2024,L,defecto
705053,918325,2024-07-15,36,no me gusta
704722,917072,2024-07-01,L,no me gusta
703808,913899,2024-07-16,M,color distinto
703587,913071,08/07/2024,S,defecto
700362,901397,2024-07-15,M,no me gusta
705232,919024,2024-07-12,L,talla incorrecta
704678,916920,05/07/2024,S,talla incorrecta
702443,908893,2024-07-18,M,talla incorrecta
703672,913349,04/07/2024,L,color distinto
704179,915235,2024-07-13,L,talla incorrecta
700771,902919,2024-07-18,xs,color distinto
700908,903468,2024-07-18,xl,talla incorrecta
700197,900772,2024-07-17,XL,talla incorrecta
703101,911298,16/07/2024,S,no me queda bien
701734,906357,11/07/2024,L,no me queda bien
702744,909995,2024-07-04,M,defecto
705529,2046423,2024-07-22,Talla M,no me queda bien
702451,908920,2024-06-29,S,no me gusta
702146,907889,2024-07-16,s,talla incorrecta
701203,904499,19 jul 2024,m,talla incorrecta
701243,904632,19/07/2024,XL,no me gusta
703450,912565,2024-07-12,S,defecto
705249,919082,2024-07-17,S,no me queda bien
704361,915851,2024-06-28,38,defecto
705486,919926,2024-07-15,M,no me gusta
702288,908373,2024-07-13,S,talla incorrecta
700738,902806,2024-07-17,XL,color distinto
703628,913206,2024-07-11,XS,no me queda bien
705307,919286,19 jul 2024,M,defecto
703697,913448,12 jul 2024,Talla L,talla incorrecta
701709,906258,14/07/2024,S,no me queda bien
701784,906546,13/07/2024,L,no me gusta
702517,909140,2024-07-16,M,defecto
704321,915711,2024-07-19,M,no me queda bien
703714,913515,8 jul 2024,xl,cambió de opinión
701569,905757,2024-07-22,s,no me gusta
701240,904625,15 jul 2024,m,no me queda bien
705543,2014402,22 jul 2024,S,cambió de opinión
701170,904399,2024-07-15,40,no me gusta
702421,908820,2024-07-18,38,no me gusta
704973,918024,2024-07-05,S,no me gusta
703214,911739,2024-07-18,L,no me queda bien
701548,905685,2024-07-20,L,cambió de opinión
702068,907616,2024-07-08,M,defecto
701192,904468,10 jul 2024,xl,defecto
702047,907555,12/07/2024,S,no me queda bien
704036,914682,17/07/2024,37,talla incorrecta
705338,919395,10/07/2024,M,no me gusta
705160,918728,2024-07-21,M,talla incorrecta
702740,909989,2024-07-17,Talla XL,cambió de opinión
702342,908558,14 jul 2024,L,cambió de opinión
700693,902632,2024-07-16,S,no me gusta
700786,902997,2024-07-19,Talla L,no me gusta
701073,904050,2024-07-18,Talla 39,color distinto
704633,916766,2024-07-10,40,no me gusta
704340,915782,19/07/2024,L,no me gusta
703750,913671,2024-07-18,S,no me gusta
700843,903229,2024-07-19,XL,no me queda bien
701108,904146,2024-07-15,L,no me queda bien
703197,911660,11/07/2024,Talla 39,talla incorrecta
700487,901844,21/07/2024,XS,talla incorrecta
700562,902122,21/07/2024,XL,defecto
700392,901511,14/07/2024,m,color distinto
704101,914912,2024-07-07,S,talla incorrecta
702910,910616,2024-07-05,37,cambió de opinión
703976,914487,2024-07-17,M,cambió de opinión
704714,917048,11/07/2024,Talla S,cambió de opinión
701109,904147,14 jul 2024,39,talla incorrecta
705497,919949,15 jul 2024,S,no me gusta
700890,903420,17/07/2024,Talla 40,no me gusta
700955,903615,2024-07-13,XL,talla incorrecta
701937,907086,2024-06-29,XS,no me gusta
703065,911156,2024-07-05,Talla 40,color distinto
705260,919117,2024-07-17,L,cambió de opinión
705382,919570,2024-07-16,L,talla incorrecta
700909,903469,10 jul 2024,S,defecto
701950,907132,2024-07-11,Talla 38,talla incorrecta
703242,911837,08/07/2024,Talla M,no me queda bien
703860,914065,2024-07-20,40,talla incorrecta
703401,912422,14 jul 2024,S,color distinto
700627,902390,20/07/2024,M,cambió de opinión
704535,916429,7 jul 2024,39,talla incorrecta
702548,909288,2024-07-18,L,talla incorrecta
700611,902322,6 jul 2024,xl,defecto
705552,2015021,21/07/2024,M,no me gusta
703066,911160,2024-07-19,37,talla incorrecta
704770,917260,15/07/2024,S,defecto
703099,911296,2024-07-14,39,no me queda bien
703314,912123,2024-07-21,39,talla incorrecta
702419,908817,2024-07-21,36,cambió de opinión
702912,910620,20/07/2024,38,no me gusta
705328,919353,17 jul 2024,40,talla incorrecta
701412,905200,17/07/2024,s,no me gusta
705206,918926,2024-07-09,m,no me gusta
702635,909610,2024-07-17,39,talla incorrecta
704708,917024,2024-07-10,L,no me gusta
701013,903843,2024-07-21,L,cambió de opinión
701511,905536,16/07/2024,M,no me gusta
705473,919898,2024-07-15,L,no me gusta
702224,908168,2024-07-19,Talla 38,talla incorrecta
704513,916334,02/07/2024,xs,no me queda bien
703152,911493,20/07/2024,L,talla incorrecta
702968,910834,04/07/2024,L,cambió de opinión
704775,917284,2024-07-20,l,talla incorrecta
702984,910891,2024-07-21,S,no me queda bien
704637,916773,2024-07-10,40,talla incorrecta
704470,916210,2024-07-02,m,no me queda bien
702110,907764,2024-07-10,S,defecto
701332,904949,18/07/2024,l,color distinto
704695,916967,13/07/2024,Talla XS,defecto
703734,913609,2024-07-18,XS,no me queda bien
700661,902502,2024-07-20,40,defecto
703755,913686,2024-07-16,Talla S,cambió de opinión
701813,906640,2024-07-14,XL,defecto
700833,903188,2024-07-12,L,no me gusta
703663,913324,09/07/2024,Talla M,no me gusta
701761,906476,20/07/2024,M,talla incorrecta
703222,911761,06/07/2024,M,talla incorrecta
701364,905046,17/07/2024,41,talla incorrecta
700713,902716,2024-07-18,l,no me gusta
701574,905768,19 jul 2024,XL,talla incorrecta
703834,913985,13/07/2024,M,defecto
701600,905861,2024-07-18,M,talla incorrecta
705536,2046624,2024-07-07,Talla M,no me queda bien
701480,905447,2024-07-11,l,color distinto
704108,914935,08/07/2024,xs,talla incorrecta
700566,902130,20/07/2024,S,defecto
702020,907442,2024-07-11,Talla L,no me queda bien
700137,900532,2024-07-20,S,talla incorrecta
700126,900485,17 jul 2024,L,defecto
700405,901560,10/07/2024,Talla XL,defecto
705061,918350,08/07/2024,L,no me queda bien
703290,912052,2024-07-12,37,talla incorrecta
702053,907573,15/07/2024,37,defecto
700526,901982,2024-07-19,L,defecto
702626,909578,20/07/2024,S,no me queda bien
705446,919801,2024-07-15,L,me queda pequeño
702148,907892,19/07/2024,XS,cambió de opinión
703846,914013,13/07/2024,M,no me gusta
703487,912682,2024-07-17,42,color distinto
704082,914840,2024-07-19,Talla M,no me queda bien
703245,911841,2024-07-21,XL,talla incorrecta
701463,905359,2024-07-09,XS,cambió de opinión
702395,908736,10 jul 2024,S,no me queda bien
702374,908691,21/07/2024,L,no me queda bien
702368,908666,5 jul 2024,M,defecto
703057,911135,11 jul 2024,39,talla incorrecta
703532,912846,19/07/2024,38,talla incorrecta
703386,912372,7 jul 2024,M,no me gusta
700934,903543,19/07/2024,42,defecto
703718,913546,2024-07-13,M,no me queda bien
704783,917321,2024-07-12,L,no me queda bien
700489,901846,2024-07-22,S,defecto
703961,914437,17/07/2024,Talla L,defecto
702532,909225,10 jul 2024,M,no me gusta
702593,909457,2024-07-21,XS,color distinto
705122,918576,2024-07-13,M,talla incorrecta
702122,907805,04/07/2024,36,cambió de opinión
700690,902627,2024-07-13,S,no me queda bien
704948,917923,09/07/2024,l,no me queda bien
700390,901508,12/07/2024,36,no me queda bien
702159,907918,2024-07-21,Talla S,defecto
703578,913042,10/07/2024,m,no me queda bien
704119,914976,2024-07-13,xs,talla incorrecta
701749,906426,11/07/2024,m,cambió de opinión
703198,911666,2024-07-18,L,no me queda bien
703576,913030,17/07/2024,M,talla incorrecta
701781,906541,2024-07-08,38,talla incorrecta
705081,918437,2024-07-09,s,no me gusta
700243,900930,13/07/2024,L,no me queda bien
705088,918463,2024-07-18,40,no me queda bien
700629,902392,2024-07-21,L,no me gusta
702814,910268,16/07/2024,39,no me gusta
701957,907170,2024-07-18,36,defecto
702186,908034,17/07/2024,S,no me gusta
703582,913056,2024-07-04,Talla S,no me queda bien
702837,910356,2024-07-20,M,no me queda bien
703366,912300,22/07/2024,Talla XS,no me queda bien
703864,914084,2024-07-14,Talla XS,talla incorrecta
704041,914696,2024-07-21,39,talla incorrecta
704297,915624,2024-07-18,s,talla incorrecta
704926,917856,14 jul 2024,40,no me gusta
704376,915902,2024-07-08,M,no me queda bien
703079,911206,14/07/2024,39,no me gusta
702581,909426,17 jul 2024,L,no me gusta
702051,907567,20/07/2024,M,cambió de opinión
701639,906004,17/07/2024,37,no me queda bien
704984,918082,13/07/2024,42,talla incorrecta
705267,919142,2024-07-13,S,no me queda bien
700834,903190,2024-07-05,Talla M,no me queda bien
701033,903916,15/07/2024,Talla M,talla incorrecta
700772,902930,2024-07-07,XS,defecto
704636,916772,2024-07-12,Talla 39,talla incorrecta
700983,903729,2024-07-20,m,no me gusta
701184,904447,15 jul 2024,M,cambió de opinión
702248,908239,2024-07-12,M,talla incorrecta
704271,915550,2024-07-20,39,no me queda bien
702754,910032,11/07/2024,41,no me queda bien
702305,908448,20 jul 2024,M,talla incorrecta
700741,902814,18 jul 2024,M,no me gusta
703607,913142,2024-07-19,Talla 37,talla incorrecta
702790,910172,10/07/2024,S,no me gusta
705459,919859,2024-07-05,XL,no me gusta
704114,914960,2024-07-18,L,defecto
703685,913383,2024-07-11,M,talla incorrecta
701294,904814,2024-07-13,M,no me gusta
700872,903347,17/07/2024,m,cambió de opinión
702651,909666,2024-07-08,M,defecto
700530,901992,02/07/2024,Talla S,cambió de opinión
701979,907263,13 jul 2024,S,no me gusta
701851,906738,15 jul 2024,39,talla incorrecta
702604,909505,17 jul 2024,s,cambió de opinión
704493,916278,2024-07-09,S,no me gusta
700759,902879,09/07/2024,XS,defecto
703089,911260,2024-07-14,S,no me queda bien
704919,917837,19/07/2024,m,no me queda bien
705193,918864,2024-07-11,Talla M,no me queda bien
701392,905139,16/07/2024,XS,talla incorrecta
704117,914969,11/07/2024,Talla XS,talla incorrecta
701059,903993,18 jul 2024,Talla L,Talla
705405,919659,17 jul 2024,m,no me queda bien
700528,901987,17 jul 2024,S,talla incorrecta
701498,905490,29/06/2024,m,no me queda bien
704698,916975,2024-07-07,S,talla incorrecta
703835,913986,2024-07-20,L,color distinto
700315,901175,16/07/2024,M,no me gusta
703073,911196,17 jul 2024,39,talla incorrecta
701912,906993,18/07/2024,S,cambió de opinión
705021,918218,22/07/2024,M,talla incorrecta
700710,902704,21/07/2024,m,no me gusta
702995,910926,2024-07-17,S,defecto
700323,901210,12/07/2024,S,no me gusta
701235,904611,2024-07-20,M,no me gusta
703407,912439,2024-07-18,XS,cambió de opinión
701870,906802,20/07/2024,M,defecto
700476,901814,2024-07-17,S,no me queda bien
703481,912667,17/07/2024,L,cambió de opinión
703024,911011,13/07/2024,S,talla incorrecta
704201,915306,18/07/2024,M,talla incorrecta
700542,902036,2024-07-19,s,talla incorrecta
701535,905633,14/07/2024,39,talla incorrecta
705147,918679,2024-07-11,39,color distinto
704381,915916,2024-07-14,39,no me gusta
705116,918559,2024-07-21,42,no me gusta
704215,915364,2024-07-14,Talla M,no me gusta
702656,909688,20 jul 2024,L,talla incorrecta
702436,908866,2024-07-11,S,defecto
701571,905764,19 jul 2024,S,no me gusta
701467,905377,15 jul 2024,Talla M,Talla
702119,907798,18/07/2024,S,talla incorrecta
701597,905840,15/07/2024,S,color distinto
705456,919848,10/07/2024,l,talla incorrecta
701346,904988,2024-07-14,37,no me queda bien
701406,905175,08/07/2024,XL,no me queda bien
700400,901545,12 jul 2024,M,no me queda bien
701758,906469,05/07/2024,M,defecto
701570,905763,2024-07-10,XL,talla incorrecta
702410,908790,09/07/2024,L,no me queda bien
701343,904979,2024-07-17,XL,talla incorrecta
703028,911023,12/07/2024,M,cambió de opinión
701580,905792,19 jul 2024,L,defecto
703205,911703,2024-07-08,XS,cambió de opinión
704505,916312,14 jul 2024,36,no me gusta
700618,902339,14/07/2024,S,color distinto
705134,918623,2024-07-16,s,talla incorrecta
704245,915471,18/07/2024,XS,talla incorrecta
705465,919876,2024-07-08,36,no me queda bien
700473,901804,14 jul 2024,L,talla incorrecta
700191,900747,11/07/2024,M,color distinto
703811,913911,19/07/2024,S,defecto
704341,915791,18/07/2024,38,no me gusta
702727,909947,17/07/2024,M,no me gusta
705155,918707,4 jul 2024,XS,no me queda bien
705100,918497,2024-07-13,S,talla incorrecta
705075,918410,20 jul 2024,S,talla incorrecta
705539,2039735,11 jul 2024,Talla M,cambió de opinión
704837,917512,18/07/2024,Talla 37,talla incorrecta
701802,906611,2024-07-04,S,no me queda bien
703723,913565,2024-07-10,S,talla incorrecta
705197,918880,06/07/2024,XL,defecto
701246,904637,11/07/2024,l,defecto
702046,907549,2024-07-16,M,no me gusta
700215,900828,2024-07-20,L,talla incorrecta
700709,902701,17 jul 2024,l,no me queda bien
703009,910960,2024-07-16,l,no me queda bien
703323,912163,18 jul 2024,M,talla incorrecta
702544,909261,14/07/2024,xl,talla incorrecta
705445,919798,19 jul 2024,M,cambió de opinión
702681,909774,2024-07-17,m,no me gusta
704760,917234,2024-07-17,XS,defecto
703037,911064,20 jul 2024,l,no me gusta
702875,910502,2024-07-15,XL,no me queda bien
700635,902408,2024-07-03,S,talla incorrecta
700507,901921,2024-07-17,S,defecto
703234,911803,21/07/2024,M,defecto
700349,901336,20/07/2024,M,no me queda bien
702258,908285,15/07/2024,XL,defecto
701001,903789,2024-07-07,Talla S,defecto
704252,915492,19 jul 2024,L,Talla
702341,908557,2024-07-19,XS,no me queda bien
700265,900996,2024-07-15,xl,no me gusta
700083,900340,2024-07-06,Talla M,no me gusta
705149,918690,15 jul 2024,Talla XL,talla incorrecta
703343,912221,16/07/2024,M,color distinto
704085,914847,2024-07-13,L,no me gusta
702934,910712,14 jul 2024,Talla XL,talla incorrecta
702486,909049,2024-07-20,M,no me queda bien
703504,912738,2024-07-07,S,talla incorrecta
702164,907935,17/07/2024,M,color distinto
702094,907712,18 jul 2024,M,defecto
705144,918672,18/07/2024,38,no me queda bien
701472,905401,2024-07-11,xl,talla incorrecta
701083,904081,2024-07-04,S,talla incorrecta
703225,911780,21 jul 2024,Talla XL,no me queda bien
705011,918183,21/07/2024,m,talla incorrecta
703471,912628,19/07/2024,m,talla incorrecta
701433,905282,2024-07-17,M,no me queda bien
703981,914501,2024-07-04,S,no me gusta
703477,912642,2024-07-06,Talla 37,color distinto
702841,910368,19 jul 2024,S,color distinto
701869,906801,19 jul 2024,M,color distinto
702218,908156,2024-07-12,XL,no me gusta
704172,915213,10 jul 2024,36,cambió de opinión
700326,901240,2024-07-22,L,color distinto
704850,917571,20/07/2024,S,no me queda bien
702539,909250,2024-07-19,37,talla incorrecta
701238,904621,2024-07-21,S,talla incorrecta
701925,907028,2024-07-19,M,no me queda bien
704275,915566,20 jul 2024,XL,defecto
702239,908209,18/07/2024,XS,color distinto
704741,917144,2024-07-19,M,talla incorrecta
700865,903307,2024-07-20,S,defecto
701100,904128,20/07/2024,xl,talla incorrecta
701164,904371,19/07/2024,L,talla incorrecta
700628,902391,2024-07-20,M,no me queda bien
700343,901304,15/07/2024,M,no me queda bien
703683,913380,2024-07-20,M,no me queda bien
701893,906906,2024-07-09,38,defecto
700346,901322,2024-07-16,L,talla incorrecta
703230,911793,16/07/2024,37,cambió de opinión
700913,903480,18/07/2024,Talla S,talla incorrecta
705112,918550,16 jul 2024,S,no me queda bien
703886,914161,2024-07-19,39,color distinto
702391,908731,18/07/2024,S,no me queda bien
703702,913461,2024-07-09,37,defecto
700329,901249,09/07/2024,38,defecto
704690,916951,12/07/2024,41,no me queda bien
702187,908035,18/07/2024,L,no me queda bien
702750,910015,17/07/2024,L,talla incorrecta
704173,915214,17/07/2024,M,defecto
703318,912139,19/07/2024,38,talla incorrecta
700965,903668,11/07/2024,XL,color distinto
702279,908349,21 jul 2024,S,defecto
703980,914498,12 jul 2024,M,talla incorrecta
704532,916401,2024-07-15,S,no me gusta
701338,904966,2024-07-14,Talla XL,talla incorrecta
702615,909542,18 jul 2024,M,talla incorrecta
705493,919939,19/07/2024,S,no me queda bien
704766,917247,2024-07-22,Talla XS,talla incorrecta
705215,918945,2024-07-21,XL,no me gusta
704255,915498,18/07/2024,38,talla incorrecta
700148,900563,2024-07-16,S,no me queda bien
701822,906661,2024-07-13,XS,talla incorrecta
701327,904923,12/07/2024,M,talla incorrecta
702184,908019,19/07/2024,L,talla incorrecta
704425,916057,15/07/2024,m,talla incorrecta
705361,919498,2024-07-22,XS,no me queda bien
704929,917868,12/07/2024,S,defecto
701382,905079,06/07/2024,L,color distinto
703694,913426,2024-07-08,XL,talla incorrecta
703909,914273,2024-07-17,Talla M,color distinto
701728,906338,2024-07-03,39,defecto
701322,904906,14 jul 2024,S,no me queda bien
704250,915488,2024-07-16,40,talla incorrecta
704887,917704,2024-07-15,36,talla incorrecta
703754,913680,12/07/2024,XL,no me gusta
703589,913088,12/07/2024,XS,cambió de opinión
705428,919732,18/07/2024,S,no me queda bien
703061,911142,2024-07-18,37,talla incorrecta
705545,2038685,2024-07-11,S,talla incorrecta
701053,903980,2024-07-14,M,no me gusta
703131,911411,18/07/2024,M,no me gusta
702743,909994,20 jul 2024,38,no me gusta
700845,903239,2024-07-14,XS,defecto
705327,919343,13/07/2024,S,talla incorrecta
704007,914592,2024-07-18,L,defecto
705095,918480,28/06/2024,XL,talla incorrecta
703823,913940,7 jul 2024,L,no me queda bien
702367,908664,10/07/2024,Talla L,no me queda bien
704664,916872,12/07/2024,L,defecto
701692,906207,11/07/2024,XS,talla incorrecta
703565,912980,2024-07-19,37,no me gusta
701947,907117,2024-07-18,M,no me queda bien
701524,905590,2024-07-15,M,cambió de opinión
703130,911410,13 jul 2024,XS,no me gusta
700966,903670,18/07/2024,L,defecto
701552,905694,21/07/2024,M,color distinto
703927,914342,09/07/2024,XL,talla incorrecta
701896,906919,2024-07-18,M,no me queda bien
704059,914764,2024-07-21,XL,defecto
705035,918266,8 jul 2024,M,talla incorrecta
703325,912177,2024-07-07,S,talla incorrecta
700614,902325,2024-07-14,Talla M,defecto
704164,915177,2024-07-19,M,defecto
703978,914494,20/07/2024,xl,no me gusta
702627,909582,2024-07-19,S,defecto
702876,910507,2024-07-12,S,color distinto
700166,900646,17/07/2024,S,no me gusta
704790,917344,2024-07-11,L,color distinto
703679,913369,2024-07-16,M,color distinto
702150,907895,2024-07-17,L,cambió de opinión
705069,918391,19/07/2024,M,talla incorrecta
703515,912782,05/07/2024,L,no me gusta
700270,901012,2024-07-18,XS,color distinto
703459,912601,2024-07-19,Talla 38,talla incorrecta
705379,919558,10/07/2024,Talla L,color distinto
703098,911292,2024-07-19,M,talla incorrecta
700365,901405,17/07/2024,m,cambió de opinión
704332,915757,2024-07-14,40,no me queda bien
705354,919460,2024-07-19,l,no me gusta
701764,906489,2024-07-10,M,no me queda bien
703328,912184,11/07/2024,L,defecto
701341,904973,2024-07-17,l,no me gusta
701367,905053,16/07/2024,S,no me queda bien
700727,902765,2024-07-14,Talla L,color distinto
701980,907264,2024-07-19,L,no me queda bien
703168,911558,16 jul 2024,42,no me queda bien
700553,902106,11/07/2024,Talla L,cambió de opinión
702192,908052,2024-07-19,L,defecto
704384,915923,09/07/2024,xs,talla incorrecta
703164,911537,09/07/2024,l,color distinto
700108,900428,18/07/2024,m,no me queda bien
703831,913964,2024-07-08,39,talla incorrecta
704978,918063,16/07/2024,Talla 39,defecto
701430,905275,17/07/2024,36,no me queda bien
701023,903864,19/07/2024,M,talla incorrecta
703793,913821,2024-07-18,M,talla incorrecta
703695,913433,2024-07-19,36,no me gusta
700240,900914,2024-07-13,S,no me queda bien
702129,907836,2024-07-20,S,no me queda bien
702940,910731,06/07/2024,M,talla incorrecta
705487,919932,2024-07-08,XL,no me gusta
705443,919795,03/07/2024,M,no me queda bien
703154,911507,17/07/2024,Talla 37,no me queda bien
701542,905670,16/07/2024,m,no me queda bien
701090,904100,10/07/2024,S,no me gusta
700417,901600,2024-07-15,L,talla incorrecta
702896,910574,2024-07-08,XL,defecto
705247,919077,2024-07-17,M,no me queda bien
704944,917899,17 jul 2024,M,cambió de opinión
704761,917239,17/07/2024,Talla 37,no me queda bien
700258,900973,18 jul 2024,xl,defecto
704699,916979,2024-07-08,l,talla incorrecta
704897,917737,2024-07-17,38,talla incorrecta
703843,914001,2024-07-17,M,color distinto
701018,903850,2024-07-13,XS,no me gusta
700686,902619,15/07/2024,41,talla incorrecta
703078,911205,2024-07-19,M,Talla
704885,917700,2024-07-20,L,no me gusta
702710,909893,18/07/2024,XL,color distinto
700477,901816,20/07/2024,M,no me gusta
704874,917662,2024-07-19,M,talla incorrecta
703847,914014,14/07/2024,XS,cambió de opinión
705351,919451,2024-07-19,40,cambió de opinión
700427,901629,2024-07-16,l,color distinto
703594,913096,09/07/2024,M,color distinto
705303,919263,2024-06-28,L,talla incorrecta
701369,905057,2024-07-19,S,cambió de opinión
700226,900872,2024-07-19,XL,no me queda bien
704811,917417,2024-07-17,XL,talla incorrecta
705270,919148,2024-07-14,40,no me gusta
700921,903499,2024-07-20,M,talla incorrecta
701786,906564,2024-07-16,L,talla incorrecta
704925,917855,2024-07-06,s,talla incorrecta
704985,918087,2024-07-18,M,talla incorrecta
700255,900968,16/07/2024,L,talla incorrecta
700263,900990,19/07/2024,L,talla incorrecta
700368,901413,20/07/2024,L,no me queda bien
704520,916359,15/07/2024,38,talla incorrecta
701117,904181,18/07/2024,L,no me gusta
701906,906974,21/07/2024,M,no me gusta
703088,911252,2024-07-12,M,cambió de opinión
705481,919913,17 jul 2024,XL,talla incorrecta
700949,903599,2024-07-02,XL,cambió de opinión
704898,917741,14 jul 2024,XL,defecto
703624,913196,2024-07-11,38,talla incorrecta
704982,918077,2024-07-14,XS,no me queda bien
705109,918543,2024-07-18,XL,no me queda bien
702155,907903,11/07/2024,L,cambió de opinión
703237,911814,2024-07-21,L,talla incorrecta
704704,916996,2024-07-20,XL,color distinto
705452,919836,2024-06-28,37,no me queda bien
701055,903983,2024-07-14,39,talla incorrecta
704531,916396,2024-07-17,M,defecto
703837,913988,2024-07-11,m,talla incorrecta
703406,912437,2024-07-21,l,color distinto
702866,910457,16/07/2024,xl,cambió de opinión
700532,901996,2024-07-16,S,no me gusta
705013,918187,14/07/2024,L,no me gusta
701598,905842,2024-07-19,XL,cambió de opinión
705496,919947,12/07/2024,L,no me queda bien
703744,913650,14/07/2024,m,cambió de opinión
700183,900712,11/07/2024,s,no me queda bien
703158,911517,16/07/2024,M,no me queda bien
703690,913407,2024-07-15,Talla XS,cambió de opinión
705170,918764,2024-07-18,M,color distinto
702376,908693,19/07/2024,M,no me gusta
702769,910086,05/07/2024,38,talla incorrecta
701997,907349,2024-07-12,M,color distinto
705266,919141,17 jul 2024,M,no me gusta
703319,912148,15/07/2024,XL,color distinto
701208,904511,17/07/2024,xs,cambió de opinión
701098,904126,14 jul 2024,S,defecto
700029,900135,2024-07-15,37,color distinto
702062,907591,10/07/2024,M,color distinto
703897,914214,2024-07-18,S,no me gusta
700085,900349,15/07/2024,M,defecto
700701,902664,2024-07-12,L,no me queda bien
701934,907072,13/07/2024,L,no me gusta
702208,908125,2024-07-14,M,defecto
703662,913323,17/07/2024,M,cambió de opinión
700964,903665,14/07/2024,36,no me gusta
700455,901713,2024-07-21,XS,talla incorrecta
704815,917431,2024-07-14,l,no me queda bien
704749,917187,18 jul 2024,S,talla incorrecta
701627,905958,2024-07-20,37,no me gusta
701144,904310,20/07/2024,l,talla incorrecta
700978,903714,2024-07-20,XS,talla incorrecta
705416,919691,07/07/2024,S,defecto
703970,914472,10 jul 2024,m,talla incorrecta
704593,916638,2024-07-12,37,talla incorrecta
703573,913017,11/07/2024,xs,no me gusta
700743,902818,20 jul 2024,Talla M,talla incorrecta
701790,906577,10/07/2024,M,talla incorrecta
702165,907941,2024-07-21,36,talla incorrecta
705432,919748,2024-07-16,Talla L,no me gusta
701445,905312,4 jul 2024,Talla XS,no me queda bien
704023,914642,17/07/2024,XL,talla incorrecta
701829,906677,08/07/2024,M,cambió de opinión
703062,911146,2024-07-19,S,no me gusta
701646,906029,21 jul 2024,Talla L,no me gusta
702233,908196,20/07/2024,XS,color distinto
704530,916394,8 jul 2024,m,no me queda bien
703686,913392,2024-07-18,M,no me gusta
702753,910027,18 jul 2024,L,no me gusta
701584,905803,2024-07-09,M,no me gusta
701393,905141,2024-07-12,xs,color distinto
705355,919466,2024-07-16,L,cambió de opinión
705120,918574,14/07/2024,S,no me queda bien
703348,912240,2024-07-16,Talla L,no me gusta
701544,905677,15/07/2024,xl,no me queda bien
704728,917099,14/07/2024,L,no me gusta
705538,2020650,2024-07-15,38,no me queda bien
704205,915326,14/07/2024,XL,defecto
701978,907259,2024-07-18,Talla S,color distinto
701543,905674,2024-07-06,M,talla incorrecta
701211,904527,2024-07-15,M,no me gusta
704240,915447,2024-07-17,L,cambió de opinión
702011,907404,14/07/2024,36,talla incorrecta
701753,906449,2024-06-30,38,talla incorrecta
700907,903467,18 jul 2024,36,talla incorrecta
704838,917514,2024-07-19,M,cambió de opinión
702960,910802,2024-07-20,Talla 38,no me queda bien
702748,910005,19 jul 2024,xl,no me gusta
703010,910961,17/07/2024,L,cambió de opinión
705296,919231,19 jul 2024,42,no me gusta
703040,911075,2024-07-17,XS,defecto
702006,907371,16 jul 2024,L,no me gusta
700429,901637,2024-07-20,XS,defecto
700590,902234,2024-07-14,XS,color distinto
700290,901073,16/07/2024,S,defecto
701416,905214,2024-07-17,Talla XS,no me gusta
702370,908672,2024-07-08,s,no me queda bien
703007,910956,2024-07-21,l,no me gusta
700658,902494,2024-07-20,M,color distinto
705157,918715,2024-07-08,S,defecto
700023,900104,6 jul 2024,39,color distinto
704677,916913,2024-07-08,l,no me queda bien
701258,904678,22/07/2024,Talla XL,no me queda bien
705320,919326,2024-07-21,Talla S,color distinto
702872,910487,2024-07-18,XS,no me gusta
700001,900002,2024-07-20,XL,cambió de opinión
702514,909123,2024-07-10,m,color distinto
703443,912548,2024-07-08,S,cambió de opinión
704970,918012,2024-07-19,L,no me queda bien
700095,900390,17 jul 2024,M,cambió de opinión
704104,914921,2024-07-19,M,no me queda bien
703227,911785,21/07/2024,38,no me queda bien
702283,908361,2024-07-12,Talla L,color distinto
704191,915274,2024-07-19,Talla S,talla incorrecta
703893,914199,9 jul 2024,XL,no me queda bien
701685,906182,18 jul 2024,S,talla incorrecta
704711,917037,2024-07-22,L,no me queda bien
704203,915321,2024-07-14,Talla XS,no me gusta
701681,906170,2024-07-05,M,no me gusta
700640,902426,12/07/2024,XL,cambió de opinión
700790,903011,2024-07-13,40,talla incorrecta
700600,902276,16/07/2024,L,no me queda bien
705062,918357,18 jul 2024,40,no me gusta
704369,915872,13/07/2024,m,talla incorrecta
703492,912702,21/07/2024,L,color distinto
702170,907962,2024-07-20,XL,talla incorrecta
702240,908211,2024-07-13,Talla 39,talla incorrecta
701901,906942,2024-07-18,40,defecto
701209,904518,2024-07-04,36,talla incorrecta
702644,909635,2024-07-20,L,no me queda bien
702505,909096,21/07/2024,XL,talla incorrecta
701259,904679,13 jul 2024,Talla S,no me gusta
702322,908505,19 jul 2024,L,talla incorrecta
705555,2007302,2024-07-07,L,no me queda bien
703595,913098,20 jul 2024,S,no me gusta
703445,912553,21 jul 2024,M,talla incorrecta
701903,906952,2024-07-18,XL,cambió de opinión
702016,907425,12/07/2024,M,color distinto
701688,906193,2024-07-20,M,defecto
702402,908761,2024-07-16,S,no me gusta
705002,918135,2024-07-18,Talla M,no me gusta
701039,903939,2024-07-12,L,no me gusta
702201,908098,2024-07-18,L,no me queda bien
704081,914839,18/07/2024,Talla L,no me queda bien
704269,915541,2024-07-17,S,no me gusta
704354,915832,12/07/2024,39,defecto
703345,912226,2024-07-16,XL,defecto
704204,915324,09/07/2024,S,talla incorrecta
701683,906174,20 jul 2024,Talla M,talla incorrecta
704693,916961,2024-07-19,M,talla incorrecta
702796,910204,15 jul 2024,XL,no me gusta
700992,903767,2024-07-13,L,no me gusta
703132,911415,19/07/2024,XS,defecto
700779,902961,18/07/2024,Talla L,no me queda bien
701074,904056,12/07/2024,38,no me queda bien
703780,913785,11 jul 2024,M,no me gusta
700894,903435,2024-07-18,38,no me queda bien
700081,900336,21/07/2024,Talla S,no me gusta
702807,910248,2024-07-20,L,cambió de opinión
704954,917948,2024-07-19,l,no me gusta
700570,902154,19/07/2024,M,no me queda bien
704084,914843,10/07/2024,XS,color distinto
701387,905116,11/07/2024,Talla 37,no me gusta
702718,909914,19 jul 2024,40,talla incorrecta
701882,906855,2024-07-16,Talla 37,no me gusta
702088,907687,2024-07-20,M,no me gusta
702396,908737,2024-07-17,Talla M,no me queda bien
703542,912887,2024-06-29,L,no me gusta
703941,914384,12/07/2024,M,no me queda bien
701427,905258,04/07/2024,S,no me queda bien
702430,908842,2024-07-03,XL,talla incorrecta
705453,919840,06/07/2024,L,no me gusta
701158,904352,19/07/2024,XS,no me gusta
700813,903083,2024-07-14,40,color distinto
703779,913784,2024-07-21,M,no me queda bien
702104,907751,2024-07-18,M,cambió de opinión
700581,902189,15/07/2024,m,defecto
702250,908242,2024-07-18,37,talla incorrecta
705550,2016964,12/07/2024,S,no me queda bien
703249,911854,2024-07-17,S,talla incorrecta
704453,916156,2024-07-18,l,defecto
701095,904118,2024-07-15,XL,talla incorrecta
703414,912451,2024-07-19,36,no me gusta
702448,908913,2024-07-07,Talla 40,talla incorrecta
700318,901196,2024-07-20,36,no me queda bien
705110,918545,18/07/2024,XS,no me queda bien
701602,905875,20/07/2024,Talla S,no me queda bien
701105,904138,20/07/2024,M,defecto
705143,918660,15/07/2024,40,talla incorrecta
703206,911706,2024-07-16,XS,no me gusta
705469,919890,2024-07-19,M,no me gusta
701545,905678,2024-07-08,M,no me gusta
705028,918248,18/07/2024,M,no me queda bien
705236,919039,2024-07-18,L,talla incorrecta
702947,910760,2024-07-19,M,talla incorrecta
703510,912757,18/07/2024,XL,defecto
701986,907310,2024-07-10,Talla XL,talla incorrecta
705369,919531,2024-07-16,Talla S,talla incorrecta
702509,909114,16/07/2024,38,no me gusta
703763,913723,2024-07-21,38,talla incorrecta
700708,902699,17/07/2024,L,color distinto
704433,916079,20/07/2024,39,talla incorrecta
705189,918841,2024-07-14,M,talla incorrecta
703295,912068,03/07/2024,Talla M,no me gusta
703543,912888,2024-07-18,s,cambió de opinión
701675,906148,2024-07-16,S,no me gusta
700202,900778,20/07/2024,L,talla incorrecta
702244,908224,2024-07-05,41,defecto
703267,911950,8 jul 2024,XL,no me queda bien
705549,2043220,2024-07-20,S,color distinto
700214,900827,10/07/2024,37,no me queda bien
701119,904186,16/07/2024,38,color distinto
702301,908427,2024-07-18,M,talla incorrecta
705316,919311,2024-07-20,S,talla incorrecta
700885,903388,2024-07-14,s,color distinto
705399,919641,2024-07-12,S,defecto
702482,909037,15/07/2024,L,talla incorrecta
701428,905264,2024-07-19,40,talla incorrecta
704812,917420,2024-07-14,39,no me queda bien
702782,910136,13/07/2024,39,cambió de opinión
700308,901147,04/07/2024,Talla M,no me gusta
701647,906030,21/07/2024,XL,talla incorrecta
704090,914879,20/07/2024,L,no me gusta
704510,916326,2024-07-15,M,talla incorrecta
705356,919468,16 jul 2024,L,no me queda bien
703392,912394,2024-07-20,XS,cambió de opinión
705084,918452,2024-07-13,S,no me gusta
701400,905159,2024-07-20,S,no me gusta
704886,917701,2024-07-19,XS,talla incorrecta
702438,908868,07/07/2024,XS,no me queda bien
700097,900398,16/07/2024,M,no me gusta
703109,911343,16 jul 2024,L,no me gusta
705014,918188,11 jul 2024,M,cambió de opinión
704254,915497,18/07/2024,m,defecto
703494,912707,10 jul 2024,S,no me queda bien
701444,905309,15 jul 2024,41,cambió de opinión
703883,914154,13/07/2024,S,no me queda bien
702198,908095,09/07/2024,XL,talla incorrecta
705072,918402,2024-07-19,XS,no me queda bien
705272,919157,2024-07-18,Talla L,talla incorrecta
703427,912477,21/07/2024,XL,talla incorrecta
701448,905317,2024-07-14,Talla S,no me gusta
704571,916573,21/07/2024,XS,talla incorrecta
705502,919964,19/07/2024,l,no me gusta
701839,906704,11 jul 2024,XL,no me gusta
704064,914776,2024-07-12,39,color distinto
701626,905953,2024-07-18,M,no me gusta
702614,909540,2024-07-16,L,color distinto
701286,904777,08/07/2024,S,talla incorrecta
702214,908147,16/07/2024,M,no me queda bien
701362,905033,2024-07-14,l,no me queda bien
704062,914770,2024-07-19,M,cambió de opinión
700540,902033,2024-07-14,XS,defecto
703134,911423,2024-07-17,s,cambió de opinión
700454,901712,2024-07-15,S,no me gusta
704352,915826,2024-07-10,XL,cambió de opinión
704464,916201,2024-07-07,l,no me gusta
704553,916495,16/07/2024,S,no me queda bien
703349,912246,2024-07-19,XL,talla incorrecta
702528,909202,2024-07-17,M,no me gusta
704610,916696,16/07/2024,l,no me queda bien
703699,913453,2024-07-19,S,color distinto
701585,905804,13/07/2024,XL,defecto
703521,912806,2024-07-16,XL,color distinto
704667,916878,19/07/2024,M,defecto
705071,918400,21/07/2024,Talla S,no me queda bien
703599,913117,2024-07-09,L,defecto
702232,908195,2024-07-13,Talla M,no me queda bien
700282,901053,13/07/2024,Talla XL,defecto
702171,907964,2024-07-20,L,cambió de opinión
702693,909815,20 jul 2024,Talla M,talla incorrecta
701910,906987,2024-07-16,XS,no me queda bien
703092,911271,07/07/2024,L,no me queda bien
702058,907585,2024-07-14,36,talla incorrecta
702668,909729,2024-07-05,Talla M,no me queda bien
701214,904537,2024-07-18,S,no me gusta
704163,915172,2024-07-20,M,no me queda bien
704921,917849,14/07/2024,M,color distinto
701599,905852,2024-07-13,XS,no me queda bien
702886,910543,2024-07-12,S,talla incorrecta
701333,904950,2024-07-19,36,no me gusta
703525,912818,2024-07-21,Talla S,talla incorrecta
702699,909840,20/07/2024,l,no me gusta
701249,904642,2024-07-19,M,no me gusta
701326,904918,16 jul 2024,L,cambió de opinión
701176,904419,19/07/2024,L,defecto
705448,919819,19/07/2024,36,no me gusta
704207,915330,21/07/2024,Talla XS,talla incorrecta
703681,913377,17/07/2024,40,defecto
703623,913193,2024-07-21,l,defecto
703788,913810,20/07/2024,Talla XS,no me gusta
702764,910066,2024-07-16,L,talla incorrecta
702435,908865,2024-07-21,XL,talla incorrecta
700431,901640,2024-07-01,M,cambió de opinión
704362,915852,06/07/2024,S,no me queda bien
700147,900558,19 jul 2024,XL,cambió de opinión
705080,918436,2024-07-09,XS,no me queda bien
705000,918128,2024-07-09,l,defecto
701285,904776,12/07/2024,M,no me gusta
701331,904946,19/07/2024,Talla L,talla incorrecta
700840,903217,14 jul 2024,S,no me gusta
701900,906941,20/07/2024,S,color distinto
700995,903778,2024-07-07,M,talla incorrecta
703350,912252,11 jul 2024,36,talla incorrecta
703297,912073,12/07/2024,S,talla incorrecta
704615,916714,2024-07-19,s,cambió de opinión
701298,904826,2024-07-17,M,talla incorrecta
703334,912202,2024-07-15,XS,talla incorrecta
700074,900290,11 jul 2024,L,talla incorrecta
704675,916904,2024-07-13,M,talla incorrecta
700647,902454,2024-07-17,S,talla incorrecta
703264,911935,2024-07-19,XS,no me gusta
702228,908186,2024-07-12,40,no me gusta
704002,914576,2024-07-20,37,no me queda bien
702812,910264,14/07/2024,s,talla incorrecta
703746,913655,17/07/2024,M,defecto
702494,909070,2024-07-21,l,talla incorrecta
702723,909928,2024-07-18,L,no me gusta
704309,915671,2024-06-29,38,talla incorrecta
700664,902507,2024-07-21,M,no me queda bien
700056,900217,2024-07-20,S,talla incorrecta
701945,907110,20 jul 2024,M,no me queda bien
702064,907600,2024-07-11,S,no me queda bien
704387,915928,2024-07-18,XS,cambió de opinión
702124,907817,13/07/2024,M,talla incorrecta
704772,917270,18/07/2024,Talla L,color distinto
700641,902429,2024-07-19,M,color distinto
702915,910636,13/07/2024,L,talla incorrecta
703502,912736,2024-07-06,M,no me queda bien
703185,911623,2024-07-07,XL,no me gusta
702923,910664,2024-07-18,XL,talla incorrecta
701630,905963,2024-07-19,L,talla incorrecta
703275,911974,2024-07-17,S,no me gusta
703437,912532,16 jul 2024,M,talla incorrecta
702181,908012,14/07/2024,M,defecto
702638,909617,13/07/2024,M,no me gusta
700967,903671,20/07/2024,S,talla incorrecta
705512,919990,19/07/2024,XS,talla incorrecta
704953,917947,16 jul 2024,XL,defecto
701506,905507,2024-07-21,39,color distinto
704333,915763,2024-07-15,M,no me gusta
704482,916251,2024-07-21,S,cambió de opinión
700619,902343,07/07/2024,Talla M,cambió de opinión
700808,903060,2024-07-19,XL,talla incorrecta
704736,917119,2024-07-11,S,cambió de opinión
700394,901522,2024-07-17,XL,color distinto
704147,915069,2024-07-21,XS,talla incorrecta
700393,901521,2024-07-17,M,talla incorrecta
704993,918103,2024-07-15,L,color distinto
705049,918308,16 jul 2024,M,talla incorrecta
705334,919385,11 jul 2024,Talla L,cambió de opinión
705494,919943,06/07/2024,L,cambió de opinión
702608,909519,16/07/2024,S,no me gusta
705038,918283,10 jul 2024,L,color distinto
702853,910423,15/07/2024,Talla S,color distinto
700038,900163,20/07/2024,L,me queda pequeño
703194,911646,03/07/2024,40,no me queda bien
703764,913735,2024-07-03,XS,talla incorrecta
705067,918379,2024-07-16,Talla M,no me queda bien
700212,900821,15 jul 2024,L,no me gusta
700855,903279,2024-07-17,L,no me gusta
703884,914155,15/07/2024,L,defecto
703524,912816,2024-07-12,Talla XS,defecto
705525,2029665,22/07/2024,M,no me gusta
701981,907267,2024-07-20,S,color distinto
705205,918925,12/07/2024,S,talla incorrecta
703505,912741,2024-07-17,Talla S,no me queda bien
704802,917393,12/07/2024,37,no me gusta
700970,903676,20 jul 2024,l,defecto
703905,914250,16/07/2024,L,no me queda bien
700298,901115,2024-07-15,L,talla incorrecta
700234,900906,15/07/2024,40,no me gusta
700006,900009,12/07/2024,M,no me gusta
701052,903979,20/07/2024,Talla XL,talla incorrecta
703280,912000,2024-07-10,M,no me gusta
705162,918736,2024-07-18,L,defecto
703711,913487,2024-07-18,L,no me gusta
701977,907257,13/07/2024,S,defecto
704832,917501,2024-07-19,Talla M,talla incorrecta
701437,905294,2024-07-12,Talla M,no me gusta
703358,912272,21/07/2024,M,no me queda bien
704537,916439,12/07/2024,xl,talla incorrecta
700853,903273,17/07/2024,40,talla incorrecta
703409,912442,2024-07-18,M,cambió de opinión
700230,900892,2024-07-18,36,no me queda bien
703507,912753,2024-07-19,M,no me gusta
702858,910441,18/07/2024,L,no me gusta
701516,905556,2024-07-16,XS,talla incorrecta
702584,909431,2024-07-14,M,talla incorrecta
700257,900970,11/07/2024,M,no me gusta
701027,903886,14/07/2024,XL,no me gusta
702619,909552,2024-07-14,41,color distinto
702973,910846,2024-07-14,L,color distinto
702010,907399,2024-07-13,S,no me gusta
700340,901296,19 jul 2024,XS,talla incorrecta
700446,901688,07/07/2024,XS,no me gusta
704986,918089,2024-07-19,M,color distinto
702138,907859,2024-07-20,S,color distinto
704581,916605,11/07/2024,S,cambió de opinión
700482,901836,2024-07-17,42,no me gusta
701960,907177,16/07/2024,L,me queda pequeño
700812,903081,2024-07-17,M,defecto
703370,912312,2024-07-19,Talla S,no me queda bien
703745,913654,17/07/2024,s,defecto
704457,916174,13/07/2024,37,cambió de opinión
703341,912219,22 jul 2024,l,talla incorrecta
703538,912872,12/07/2024,36,talla incorrecta
701174,904410,14/07/2024,38,cambió de opinión
700856,903281,16/07/2024,37,defecto
702500,909084,2024-07-12,L,no me gusta
705245,919074,2024-07-21,L,no me queda bien
702072,907632,30/06/2024,36,no me queda bien
700015,900062,2024-07-05,37,cambió de opinión
703048,911096,2024-07-14,M,no me queda bien
703344,912224,15 jul 2024,39,talla incorrecta
704230,915413,17/07/2024,M,no me gusta
703747,913660,2 jul 2024,l,no me gusta
700068,900255,13 jul 2024,l,no me queda bien
701422,905237,2024-07-05,41,cambió de opinión
703798,913835,2024-07-20,S,talla incorrecta
702556,909331,19/07/2024,M,cambió de opinión
700338,901293,13 jul 2024,37,no me queda bien
703546,912893,12/07/2024,S,no me gusta
704780,917299,2024-07-12,L,no me queda bien
700224,900862,21/07/2024,S,no me gusta
701850,906734,16/07/2024,L,cambió de opinión
700613,902324,2024-07-14,L,defecto
700889,903415,22 jul 2024,37,cambió de opinión
703987,914524,10/07/2024,L,defecto
702314,908485,2024-07-21,M,color distinto
700761,902889,12/07/2024,40,no me gusta
703276,911987,08/07/2024,XS,no me queda bien
703259,911921,05/07/2024,XL,no me gusta
700498,901888,2024-07-17,39,talla incorrecta
700017,900069,2024-07-12,L,talla incorrecta
700593,902250,20/07/2024,Talla L,talla incorrecta
702296,908403,20/07/2024,M,no me queda bien
702200,908097,2024-07-21,L,no me gusta
704149,915078,2024-07-19,Talla S,no me gusta
700232,900897,12 jul 2024,37,no me queda bien
700268,901006,17/07/2024,Talla L,talla incorrecta
703113,911353,18 jul 2024,S,talla incorrecta
703585,913068,2024-07-13,S,no me gusta
705045,918298,20/07/2024,40,talla incorrecta
704294,915616,2024-07-18,M,no me queda bien
702135,907850,2024-07-10,L,talla incorrecta
705288,919208,2024-07-06,XS,no me queda bien
701245,904634,2024-07-09,XL,talla incorrecta
704167,915204,20/07/2024,M,talla incorrecta
701868,906796,12/07/2024,xs,no me gusta
704715,917050,2024-07-18,42,talla incorrecta
704474,916227,21/07/2024,M,me queda pequeño
704799,917379,2024-07-12,S,color distinto
704055,914751,18/07/2024,M,talla incorrecta
703139,911445,3 jul 2024,36,color distinto
704540,916450,16/07/2024,M,talla incorrecta
702762,910062,13/07/2024,Talla XS,no me gusta
701310,904870,2024-07-02,M,no me queda bien
700213,900822,2024-07-19,38,color distinto
704957,917959,12/07/2024,42,no me queda bien
704702,916985,15 jul 2024,Talla 38,talla incorrecta
702151,907897,2024-07-15,M,cambió de opinión
700060,900232,16/07/2024,41,talla incorrecta
700012,900056,16/07/2024,Talla 38,no me queda bien
702154,907901,2024-07-10,xl,cambió de opinión
705141,918652,2024-07-14,XL,talla incorrecta
701736,906363,2024-07-18,XL,cambió de opinión
704360,915848,11/07/2024,S,talla incorrecta
704743,917147,22/07/2024,S,no me queda bien
700521,901966,4 jul 2024,XL,defecto
702987,910900,2024-07-11,39,defecto
700325,901225,2024-07-17,M,no me gusta
703110,911344,2024-07-15,S,cambió de opinión
700620,902344,2024-07-07,42,talla incorrecta
703153,911497,20/07/2024,39,no me queda bien
705254,919099,2024-07-12,L,talla incorrecta
701156,904350,18/07/2024,M,talla incorrecta
703517,912790,19 jul 2024,L,no me gusta
701789,906572,11/07/2024,XS,talla incorrecta
700471,901801,2024-07-18,S,no me gusta
702595,909465,19/07/2024,S,defecto
702167,907946,19/07/2024,37,no me gusta
703741,913640,14/07/2024,XL,no me queda bien
700397,901534,17 jul 2024,S,no me queda bien
701178,904426,05/07/2024,S,no me gusta
702497,909075,18 jul 2024,m,no me gusta
704373,915898,21 jul 2024,Talla 40,defecto
700300,901118,2024-07-18,XL,no me gusta
703000,910934,2024-07-08,M,no me queda bien
701071,904042,14/07/2024,Talla S,no me gusta
704139,915045,2024-07-12,XL,defecto
701329,904941,12/07/2024,39,talla incorrecta
701008,903812,15/07/2024,37,cambió de opinión
700062,900235,2024-07-15,S,talla incorrecta
703606,913134,03/07/2024,S,cambió de opinión
701932,907067,17/07/2024,38,color distinto
704465,916202,2024-07-15,S,talla incorrecta
702420,908818,18/07/2024,xs,defecto
704422,916046,2024-07-21,M,Talla
705348,919440,2024-07-21,L,no me gusta
700127,900488,20/07/2024,l,Talla
701455,905333,2024-07-18,L,talla incorrecta
700933,903539,12 jul 2024,XS,talla incorrecta
700695,902634,18/07/2024,38,talla incorrecta
703633,913235,15 jul 2024,M,color distinto
703885,914156,2024-07-13,Talla L,talla incorrecta
701120,904189,16 jul 2024,M,talla incorrecta
702849,910405,2024-07-19,XS,no me gusta
700075,900292,30/06/2024,S,talla incorrecta
704541,916453,2024-07-18,41,no me queda bien
702434,908861,2024-07-20,Talla 42,no me gusta
705176,918777,11/07/2024,M,color distinto
704932,917873,2024-06-30,M,talla incorrecta
703508,912754,09/07/2024,S,talla incorrecta
702513,909122,2024-07-12,L,cambió de opinión
704152,915091,21 jul 2024,L,no me queda bien
704264,915527,15 jul 2024,M,no me queda bien
705016,918199,21/07/2024,xl,talla incorrecta
701816,906648,2024-07-10,L,cambió de opinión
700683,902589,2024-07-18,M,no me queda bien
703557,912947,11/07/2024,M,cambió de opinión
704098,914901,2024-07-13,Talla 39,defecto
704816,917437,18/07/2024,37,talla incorrecta
704853,917579,19/07/2024,m,defecto
702952,910773,2024-07-14,38,no me queda bien
702207,908120,2024-07-11,XL,no me queda bien
704915,917822,2024-07-10,M,cambió de opinión
702698,909831,2024-07-10,XS,defecto
702277,908344,2024-07-03,39,no me queda bien
704142,915052,18/07/2024,M,no me gusta
702380,908702,2024-07-13,Talla S,cambió de opinión
702664,909712,2024-07-18,Talla M,talla incorrecta
700066,900249,14/07/2024,M,talla incorrecta
700827,903158,2024-07-15,L,no me gusta
703916,914309,2024-07-20,M,cambió de opinión
705276,919168,16/07/2024,M,talla incorrecta
701695,906216,11/07/2024,S,color distinto
702097,907726,2024-07-20,39,no me gusta
705046,918300,2024-07-21,S,no me queda bien
700534,902002,2024-07-21,37,cambió de opinión
700134,900512,2024-07-17,m,defecto
700401,901546,14/07/2024,s,no me queda bien
704703,916994,18/07/2024,XS,no me gusta
704709,917033,2024-07-16,39,talla incorrecta
700884,903387,14/07/2024,39,no me gusta
702054,907574,16 jul 2024,S,talla incorrecta
704489,916267,10 jul 2024,M,no me gusta
704424,916056,9 jul 2024,m,no me gusta
700805,903053,2024-07-10,39,no me gusta
702405,908769,12 jul 2024,S,talla incorrecta
704616,916718,14/07/2024,S,no me gusta
702913,910627,13/07/2024,M,color distinto
701618,905930,13/07/2024,Talla XS,cambió de opinión
703338,912212,22/07/2024,L,talla incorrecta
701690,906200,2024-07-09,41,cambió de opinión
701103,904134,2024-07-21,S,cambió de opinión
701299,904832,2024-07-15,M,no me queda bien
701759,906470,2024-07-12,37,defecto
704495,916281,11 jul 2024,39,no me queda bien
704803,917394,2024-07-18,S,cambió de opinión
701468,905380,19 jul 2024,M,no me gusta
704746,917183,2024-07-16,M,no me gusta
704364,915859,2024-07-18,L,talla incorrecta
702332,908534,2024-07-20,XL,cambió de opinión
701376,905065,2024-07-12,41,no me queda bien
701394,905144,2024-07-19,S,no me gusta
703911,914280,21/07/2024,M,talla incorrecta
703923,914334,03/07/2024,S,no me gusta
703729,913584,2024-07-05,S,no me queda bien
704983,918078,2024-07-10,M,Talla
704102,914913,2024-07-14,l,defecto
700032,900145,20/07/2024,M,defecto
700396,901528,2024-07-06,36,talla incorrecta
703388,912377,09/07/2024,S,no me queda bien
704631,916757,22/07/2024,M,talla incorrecta
701262,904692,2024-07-21,Talla S,no me queda bien
700047,900186,2024-07-17,37,talla incorrecta
703016,910986,13/07/2024,S,no me queda bien
700145,900552,15/07/2024,S,talla incorrecta
701148,904325,2024-07-10,M,defecto
704380,915914,21/07/2024,l,no me queda bien
701518,905568,2024-07-13,S,defecto
701554,905701,2024-07-06,M,cambió de opinión
702990,910910,2024-07-18,39,talla incorrecta
704113,914957,15/07/2024,Talla L,no me queda bien
702609,909520,17/07/2024,XL,no me gusta
705540,2037162,2024-07-17,M,color distinto
703478,912647,17/07/2024,s,no me queda bien
700633,902403,19 jul 2024,M,no me queda bien
705489,919934,20 jul 2024,XS,defecto
701032,903904,2024-07-18,S,defecto
704936,917881,15/07/2024,M,talla incorrecta
704980,918073,2024-07-17,S,talla incorrecta
703144,911467,2024-07-17,S,talla incorrecta
701637,905998,19/07/2024,39,no me queda bien
702105,907753,19/07/2024,L,no me gusta
703254,911878,16/07/2024,S,defecto
701917,907005,05/07/2024,41,defecto
702977,910866,20/07/2024,m,talla incorrecta
703499,912723,2024-07-16,M,no me queda bien
705440,919783,13/07/2024,S,no me queda bien
701499,905491,18/07/2024,S,color distinto
702423,908831,2024-07-20,40,defecto
701712,906265,2024-07-19,M,talla incorrecta
701021,903857,21/07/2024,s,talla incorrecta
703433,912512,19 jul 2024,L,no me gusta
703873,914123,2024-07-17,s,talla incorrecta
701200,904491,6 jul 2024,Talla S,talla incorrecta
702897,910580,09/07/2024,M,defecto
703752,913675,07/07/2024,Talla 38,talla incorrecta
704930,917869,2024-07-16,S,cambió de opinión
704527,916382,2024-07-15,M,no me queda bien
704243,915464,2024-07-18,Talla L,no me gusta
704075,914822,2024-07-21,38,talla incorrecta
702919,910651,17/07/2024,M,talla incorrecta
702687,909793,2 jul 2024,Talla M,color distinto
704407,915984,17 jul 2024,S,color distinto
704009,914600,2024-07-15,S,no me gusta
703461,912606,2024-07-11,XL,talla incorrecta
705345,919427,2024-07-11,XL,defecto
700697,902640,18/07/2024,M,no me gusta
702942,910738,2024-07-11,39,no me gusta
701064,904001,2024-07-16,37,no me gusta
703244,911840,2024-07-19,M,talla incorrecta
704789,917339,2024-07-17,XL,no me gusta
703867,914089,2024-07-03,M,defecto
700880,903371,16/07/2024,M,defecto
700766,902897,19/07/2024,S,no me gusta
701577,905780,2024-07-14,Talla L,no me queda bien
700869,903340,01/07/2024,L,color distinto
701009,903817,15/07/2024,36,no me queda bien
700262,900988,2024-07-14,m,no me queda bien
700221,900844,9 jul 2024,M,cambió de opinión
703147,911475,2024-07-17,XS,no me gusta
705264,919136,2024-07-15,XL,no me gusta
701212,904531,2024-07-08,XS,color distinto
705302,919258,19 jul 2024,XS,defecto
702836,910355,2024-07-14,M,no me queda bien
702696,909824,14/07/2024,41,no me queda bien
705319,919323,15/07/2024,39,cambió de opinión
704351,915815,2024-07-15,M,talla incorrecta
700687,902620,15/07/2024,l,defecto
700902,903454,2024-07-20,40,no me queda bien
702834,910341,2024-07-17,S,talla incorrecta
702751,910018,21 jul 2024,Talla L,talla incorrecta
704458,916178,2024-07-14,M,talla incorrecta
701864,906776,14 jul 2024,xl,talla incorrecta
703453,912580,13/07/2024,Talla 39,talla incorrecta
704263,915521,7 jul 2024,M,defecto
702835,910348,11 jul 2024,M,talla incorrecta
701417,905222,2024-07-15,Talla M,no me queda bien
702551,909307,19 jul 2024,M,talla incorrecta
702029,907476,21/07/2024,S,defecto
703287,912037,19/07/2024,Talla M,no me gusta
704462,916194,10/07/2024,L,no me queda bien
703157,911516,08/07/2024,39,cambió de opinión
703330,912189,17 jul 2024,m,no me gusta
704246,915472,18 jul 2024,S,defecto
700381,901478,2024-07-13,40,talla incorrecta
704863,917629,17/07/2024,L,cambió de opinión
701196,904473,2024-07-20,M,talla incorrecta
704356,915840,18 jul 2024,XS,talla incorrecta
703179,911606,13/07/2024,37,color distinto
702959,910790,20/07/2024,L,talla incorrecta
701656,906059,2024-07-16,L,talla incorrecta
700444,901682,2024-07-12,Talla L,no me queda bien
701766,906496,2024-07-17,XL,talla incorrecta
702706,909881,2024-07-18,S,cambió de opinión
704858,917609,20/07/2024,L,cambió de opinión
701093,904113,16/07/2024,m,cambió de opinión
701185,904451,2024-07-16,39,color distinto
702339,908554,2024-07-16,XS,cambió de opinión
703135,911429,16/07/2024,S,no me gusta
705020,918210,2024-07-16,M,cambió de opinión
705344,919425,15/07/2024,XL,defecto
702043,907534,2024-07-21,M,cambió de opinión
701111,904157,09/07/2024,XL,talla incorrecta
703641,913251,2024-07-16,Talla 40,talla incorrecta
701847,906730,2024-07-17,39,no me gusta
703929,914344,13/07/2024,S,no me gusta
701567,905741,2024-07-19,Talla 37,no me queda bien
705310,919292,2024-07-12,M,talla incorrecta
701648,906035,2024-07-21,37,no me gusta
702962,910809,2024-07-18,XS,defecto
703964,914444,22 jul 2024,XL,no me queda bien
704225,915390,2024-07-17,M,Talla
700167,900648,14/07/2024,S,defecto
703052,911109,2024-07-17,m,color distinto
702518,909150,2024-07-14,S,no me gusta
703420,912461,22 jul 2024,36,color distinto
704026,914655,18/07/2024,XS,no me gusta
703655,913295,19/07/2024,XS,no me queda bien
704503,916306,18/07/2024,m,color distinto
701684,906180,2024-07-17,XL,no me queda bien
705386,919578,16 jul 2024,L,defecto
705461,919861,19/07/2024,L,no me gusta
700781,902970,14/07/2024,L,talla incorrecta
704870,917651,16 jul 2024,XL,cambió de opinión
705454,919842,2024-07-17,M,talla incorrecta
701642,906014,2024-07-05,S,talla incorrecta
703653,913290,13/07/2024,37,no me queda bien
700579,902183,06/07/2024,L,cambió de opinión
702203,908102,15/07/2024,M,no me queda bien
705210,918930,2024-07-17,S,defecto
700963,903658,20 jul 2024,L,talla incorrecta
705008,918166,18 jul 2024,m,talla incorrecta
700929,903526,16 jul 2024,XS,talla incorrecta
703682,913378,09/07/2024,XS,talla incorrecta
702794,910190,2024-07-06,37,defecto
700178,900697,2024-07-18,S,cambió de opinión
702516,909139,16/07/2024,S,talla incorrecta
702613,909537,18/07/2024,S,talla incorrecta
704158,915133,2024-07-14,L,defecto
700276,901031,19 jul 2024,s,defecto
704848,917566,14/07/2024,41,no me gusta
704875,917665,2024-07-14,XL,no me gusta
701403,905163,18 jul 2024,XL,cambió de opinión
701236,904612,2024-07-20,XL,color distinto
704170,915209,07/07/2024,M,defecto
700704,902675,2024-07-19,Talla M,talla incorrecta
703012,910965,13/07/2024,41,cambió de opinión
701151,904334,16/07/2024,S,talla incorrecta
703068,911165,16/07/2024,M,no me queda bien
700622,902354,2024-07-09,M,defecto
705444,919796,15 jul 2024,M,no me queda bien
701715,906270,2024-07-10,Talla S,no me gusta
703706,913476,20 jul 2024,36,defecto
703912,914293,2024-07-09,Talla XL,no me gusta
703760,913706,2024-07-17,37,no me queda bien
704891,917713,2024-07-15,37,no me queda bien
702007,907379,2024-07-08,Talla 38,no me gusta
700515,901950,20/07/2024,40,talla incorrecta
704958,917961,2024-07-14,L,no me queda bien
704659,916840,2024-07-20,L,cambió de opinión
701660,906081,11/07/2024,XS,no me queda bien
701474,905407,2024-07-09,40,no me gusta
700375,901437,2024-07-12,Talla S,talla incorrecta
700286,901066,2024-07-20,L,no me queda bien
700069,900256,2024-07-14,M,talla incorrecta
700107,900427,18/07/2024,Talla M,talla incorrecta
704045,914701,2024-07-15,XL,talla incorrecta
704680,916927,2024-07-17,L,no me queda bien
704451,916133,2024-07-19,l,cambió de opinión
701081,904078,2024-07-03,XL,talla incorrecta
701775,906521,2024-07-11,Talla XL,no me gusta
704070,914792,16/07/2024,Talla XS,talla incorrecta
703448,912561,09/07/2024,38,cambió de opinión
701311,904875,2024-07-18,Talla S,no me gusta
701283,904771,2024-07-17,L,talla incorrecta
700797,903030,18/07/2024,XS,color distinto
703736,913620,2024-07-20,XS,no me gusta
701450,905320,2024-07-17,Talla M,cambió de opinión
700407,901570,2024-07-14,L,no me queda bien
703272,911967,21/07/2024,M,color distinto
705323,919331,2024-07-08,M,no me queda bien
700700,902660,2024-07-11,S,defecto
701881,906846,13/07/2024,M,no me gusta
704413,916010,2024-07-22,M,no me queda bien
703001,910935,2024-07-10,L,no me gusta
703090,911261,2024-07-20,Talla L,color distinto
700621,902347,19 jul 2024,40,talla incorrecta
704872,917656,2024-07-12,M,color distinto
701097,904125,2024-07-17,M,cambió de opinión
701014,903845,21 jul 2024,S,color distinto
701491,905470,17/07/2024,L,no me gusta
701658,906069,2024-07-11,S,no me gusta
704635,916771,19/07/2024,L,color distinto
704065,914777,17/07/2024,XL,defecto
705556,2040494,8 jul 2024,Talla M,no me queda bien
700862,903298,09/07/2024,S,defecto
703340,912217,14 jul 2024,38,no me queda bien
704800,917382,2024-07-14,Talla S,defecto
701553,905697,10/07/2024,XL,no me queda bien
701888,906895,2024-07-20,m,talla incorrecta
704018,914622,12 jul 2024,m,talla incorrecta
702220,908161,2024-07-07,S,color distinto
703239,911828,15/07/2024,40,no me gusta
701742,906397,18/07/2024,XS,no me gusta
702441,908882,2024-07-05,S,cambió de opinión
701729,906341,2024-07-12,M,cambió de opinión
701132,904245,2024-07-20,Talla XS,talla incorrecta
702027,907465,2024-07-18,36,no me queda bien
705352,919457,2024-07-18,s,defecto
703417,912457,20 jul 2024,S,color distinto
702254,908276,30 jun 2024,S,no me queda bien
704182,915241,21/07/2024,41,talla incorrecta
702529,909204,2024-07-18,38,no me queda bien
703129,911408,02/07/2024,L,defecto
702640,909626,2024-07-11,M,no me gusta
703700,913454,2024-07-20,38,defecto
704879,917676,2024-07-22,M,color distinto
701992,907330,2024-07-17,41,no me gusta
703030,911039,2024-07-19,M,no me queda bien
702611,909534,11/07/2024,M,no me queda bien
703217,911750,20 jul 2024,L,talla incorrecta
702166,907944,2024-07-02,L,no me gusta
703336,912205,16/07/2024,M,Talla
705329,919364,18/07/2024,M,me queda pequeño
700374,901424,2024-07-17,L,defecto
701670,906130,07/07/2024,l,no me queda bien
701867,906783,2024-07-16,S,no me gusta
700824,903155,20/07/2024,M,no me queda bien
704567,916560,17/07/2024,L,talla incorrecta
701390,905131,18/07/2024,XL,color distinto
701820,906655,08/07/2024,L,no me gusta
700036,900158,15/07/2024,Talla L,talla incorrecta
705468,919884,2024-07-17,39,talla incorrecta
702460,908950,30/06/2024,M,talla incorrecta
702531,909222,7 jul 2024,XS,talla incorrecta
702270,908331,20/07/2024,XL,no me gusta
701425,905250,2024-07-04,36,no me gusta
702967,910832,16/07/2024,S,no me queda bien
705501,919960,2024-07-09,37,defecto
704525,916368,2024-07-13,Talla S,cambió de opinión
700541,902035,18/07/2024,41,no me queda bien
703778,913779,04/07/2024,38,no me queda bien
702275,908338,06/07/2024,m,cambió de opinión
700304,901135,10/07/2024,S,talla incorrecta
703229,911789,13 jul 2024,Talla 40,no me queda bien
701300,904835,2024-07-11,L,defecto
700804,903048,2024-07-15,Talla S,no me queda bien
701625,905952,2024-07-15,Talla XL,no me queda bien
702596,909469,12 jul 2024,42,no me gusta
701659,906070,12 jul 2024,S,color distinto
703419,912459,15 jul 2024,S,defecto
703870,914102,2024-07-20,XS,cambió de opinión
700818,903097,19/07/2024,M,no me gusta
701195,904472,2024-07-16,XS,no me gusta
703307,912098,5 jul 2024,Talla XL,defecto
701703,906242,15 jul 2024,37,talla incorrecta
703390,912390,2024-07-21,L,talla incorrecta
702137,907858,2024-07-20,Talla 38,talla incorrecta
704060,914766,19/07/2024,XL,no me queda bien
702298,908409,2024-07-20,Talla M,talla incorrecta
703393,912398,21/07/2024,Talla L,color distinto
700603,902296,2024-07-14,L,talla incorrecta
705048,918303,2024-07-10,38,defecto
702499,909083,2024-07-11,M,no me queda bien
702708,909889,21/07/2024,M,cambió de opinión
703900,914231,16/07/2024,m,no me queda bien
702871,910485,2024-07-12,39,cambió de opinión
704602,916674,18 jul 2024,S,no me queda bien
705114,918552,2024-07-15,L,defecto
700706,902683,15/07/2024,L,talla incorrecta
703945,914398,18/07/2024,XL,color distinto
701426,905255,08/07/2024,38,color distinto
704353,915828,09/07/2024,40,talla incorrecta
703618,913172,18/07/2024,40,cambió de opinión
700106,900426,2024-07-18,Talla 38,no me gusta
701383,905083,14/07/2024,m,no me gusta
701555,905705,15/07/2024,40,no me queda bien
702385,908715,2024-07-18,M,no me gusta
703640,913248,2024-07-17,39,defecto
700033,900148,2024-07-15,Talla S,no me queda bien
700815,903091,14/07/2024,42,talla incorrecta
700039,900164,2024-07-20,M,no me gusta
704630,916753,2024-07-04,M,no me queda bien
701217,904542,10/07/2024,s,no me gusta
702925,910670,17 jul 2024,Talla M,talla incorrecta
702898,910581,2024-07-10,S,no me gusta
700254,900967,19 jul 2024,38,no me gusta
704112,914956,2024-07-17,L,talla incorrecta
705547,2019583,17/07/2024,L,talla incorrecta
700020,900096,12/07/2024,L,talla incorrecta
702571,909395,2024-07-18,XS,no me gusta
702304,908441,04/07/2024,m,color distinto
702880,910518,2024-07-18,l,talla incorrecta
700481,901833,2024-06-29,37,defecto
702903,910594,2024-07-11,38,no me gusta
703026,911018,2024-07-19,S,talla incorrecta
705301,919256,2024-07-19,XS,no me queda bien
700503,901894,16/07/2024,S,defecto
700253,900960,19/07/2024,Talla M,no me gusta
700355,901370,22/07/2024,Talla S,defecto
701408,905184,20/07/2024,S,talla incorrecta
700639,902421,12/07/2024,XL,talla incorrecta
700863,903300,2024-07-10,M,no me gusta
703114,911354,18/07/2024,s,no me queda bien
701610,905896,2024-07-20,M,no me queda bien
705183,918807,2024-07-16,L,cambió de opinión
703872,914119,18 jul 2024,l,no me gusta
702927,910678,15/07/2024,XS,no me gusta
700946,903592,20/07/2024,S,talla incorrecta
705255,919102,2024-07-16,M,color distinto
705221,918974,21/07/2024,XS,defecto
703645,913266,1 jul 2024,36,talla incorrecta
700811,903077,03/07/2024,L,defecto
703454,912588,18/07/2024,S,cambió de opinión
700109,900432,2024-07-03,S,color distinto
702690,909797,2024-07-20,M,talla incorrecta
704385,915924,17/07/2024,XL,no me queda bien
704753,917208,11/07/2024,XL,cambió de opinión
704015,914617,2024-07-15,XS,talla incorrecta
701035,903925,2024-07-13,Talla S,no me queda bien
701679,906163,15 jul 2024,S,talla incorrecta
704435,916084,2024-07-11,Talla S,no me gusta
700668,902531,16/07/2024,M,talla incorrecta
704501,916298,08/07/2024,S,defecto
702537,909247,2024-07-18,39,talla incorrecta
702432,908846,2024-07-13,XL,cambió de opinión
703163,911535,2024-07-17,S,no me gusta
700055,900216,2024-07-21,M,talla incorrecta
704428,916067,18/07/2024,XS,no me queda bien
702297,908406,2024-07-20,XS,no me queda bien
700844,903238,13/07/2024,L,no me queda bien
705350,919446,2024-07-13,m,no me queda bien
703670,913341,15 jul 2024,XS,talla incorrecta
704735,917116,2024-07-20,M,no me gusta
700208,900801,17/07/2024,xl,cambió de opinión
703902,914242,18 jul 2024,S,no me gusta
703410,912443,7 jul 2024,l,talla incorrecta
702306,908449,2024-07-18,XL,defecto
703759,913704,19 jul 2024,Talla 38,talla incorrecta
704908,917799,2024-07-21,L,talla incorrecta
702811,910262,2024-07-09,S,no me gusta
700448,901693,19 jul 2024,37,no me queda bien
705009,918167,2024-07-19,L,talla incorrecta
705318,919319,2024-07-15,L,cambió de opinión
700273,901023,2024-07-15,L,defecto
701050,903977,18/07/2024,XL,no me gusta
700497,901876,17 jul 2024,M,no me gusta
705419,919702,2024-07-14,L,defecto
701806,906620,22/07/2024,M,talla incorrecta
701841,906709,13 jul 2024,XL,color distinto
704987,918091,2024-07-08,S,defecto
704019,914624,17/07/2024,XS,color distinto
702049,907559,2024-07-05,M,defecto
702559,909346,18 jul 2024,L,defecto
701495,905481,2024-06-29,38,cambió de opinión
700903,903456,2024-07-17,L,defecto
703479,912648,10/07/2024,XL,no me gusta
700685,902609,2024-07-18,S,no me gusta
700906,903466,2024-07-21,S,no me gusta
704943,917897,2024-07-11,xl,defecto
702689,909795,5 jul 2024,m,cambió de opinión
704445,916110,22/07/2024,Talla S,talla incorrecta
703015,910976,2024-07-11,Talla XL,no me gusta
702118,907791,16/07/2024,L,cambió de opinión
704295,915621,17/07/2024,M,cambió de opinión
705463,919868,17/07/2024,M,no me queda bien
703708,913481,17/07/2024,Talla S,no me queda bien
704649,916808,2024-07-20,L,talla incorrecta
700842,903228,15/07/2024,L,defecto
700313,901168,2024-07-10,M,no me gusta
701611,905897,17/07/2024,L,talla incorrecta
701983,907281,8 jul 2024,L,no me gusta
704950,917929,2024-07-08,39,defecto
705410,919677,20/07/2024,S,defecto
700383,901482,2024-07-07,39,no me gusta
704155,915117,07/07/2024,L,no me gusta
703064,911154,18 jul 2024,XS,cambió de opinión
703972,914477,15/07/2024,M,talla incorrecta
701931,907063,12/07/2024,Talla 40,no me queda bien
700796,903023,2024-07-18,s,no me queda bien
703817,913926,10/07/2024,XS,no me queda bien
702684,909785,2024-07-11,S,no me gusta
704613,916710,17 jul 2024,XL,talla incorrecta
705415,919689,2024-07-09,M,cambió de opinión
703394,912400,2024-07-16,L,talla incorrecta
705052,918324,19/07/2024,L,defecto
700111,900435,2024-07-08,38,no me queda bien
702971,910841,2024-07-20,Talla L,defecto
704767,917251,18/07/2024,S,cambió de opinión
700773,902931,17 jul 2024,42,defecto
704399,915961,11/07/2024,M,talla incorrecta
704487,916264,2024-07-21,M,talla incorrecta
701396,905152,2024-07-15,S,no me gusta
702679,909770,18 jul 2024,Talla XS,no me gusta
704497,916283,17/07/2024,39,no me gusta
703260,911925,15/07/2024,S,defecto
705546,2005546,08/07/2024,L,defecto
705387,919579,2024-07-20,m,no me gusta
702932,910709,17 jul 2024,Talla 37,no me gusta
703612,913152,2024-07-10,XS,no me gusta
702093,907711,2024-07-16,XS,no me queda bien
703312,912115,18/07/2024,S,color distinto
705397,919628,08/07/2024,L,talla incorrecta
700501,901892,20/07/2024,39,talla incorrecta
700158,900610,2024-07-17,Talla L,talla incorrecta
703894,914202,2024-07-11,S,no me queda bien
701700,906229,18/07/2024,L,no me gusta
701036,903927,12/07/2024,M,talla incorrecta
702521,909157,7 jul 2024,41,no me gusta
700924,903510,15/07/2024,Talla M,no me gusta
700361,901395,2024-07-17,M,talla incorrecta
700990,903755,20 jul 2024,M,color distinto
701796,906595,11/07/2024,41,talla incorrecta
703118,911382,2024-07-21,M,talla incorrecta
702065,907603,9 jul 2024,L,cambió de opinión
702107,907759,20/07/2024,39,no me gusta
703689,913405,2024-07-07,M,defecto
700748,902837,2024-07-19,Talla 40,no me queda bien
704805,917399,18/07/2024,L,cambió de opinión
701541,905666,2024-07-12,Talla 40,talla incorrecta
703488,912687,2024-07-15,Talla S,talla incorrecta
705086,918460,2024-07-11,39,talla incorrecta
702662,909710,16 jul 2024,40,no me gusta
700852,903268,2024-07-17,37,talla incorrecta
702157,907913,21/07/2024,S,no me queda bien
703523,912815,14/07/2024,38,talla incorrecta
703161,911530,11/07/2024,XL,talla incorrecta
702235,908203,09/07/2024,S,talla incorrecta
701557,905715,13/07/2024,M,defecto
704689,916950,2024-07-20,Talla M,no me queda bien
705335,919389,2024-07-10,xl,no me gusta
700783,902982,07/07/2024,M,color distinto
700589,902233,17/07/2024,M,no me queda bien
703240,911829,01/07/2024,XS,talla incorrecta
700187,900726,17 jul 2024,S,no me gusta
705135,918635,2024-07-01,XL,talla incorrecta
701576,905772,12 jul 2024,S,no me queda bien
701462,905351,2024-07-16,XL,defecto
705520,2002530,2024-07-12,M,color distinto
703469,912624,18/07/2024,Talla XS,no me gusta
703458,912600,13 jul 2024,S,cambió de opinión
704480,916247,13/07/2024,S,no me gusta
705472,919896,2024-07-19,S,no me gusta
705096,918486,2024-07-12,40,no me queda bien
702255,908277,2024-07-11,XL,no me gusta
702109,907763,2024-07-10,37,no me queda bien
705123,918582,2024-07-15,M,talla incorrecta
703841,913998,21 jul 2024,l,no me gusta
700220,900841,2024-07-05,S,talla incorrecta
703625,913199,2024-07-19,M,no me gusta
701568,905754,06/07/2024,L,talla incorrecta
703036,911055,2024-07-16,M,color distinto
704626,916748,13 jul 2024,XL,cambió de opinión
700595,902262,7 jul 2024,XL,talla incorrecta
701523,905589,2024-07-20,L,no me queda bien
704890,917712,2024-07-07,M,color distinto
702102,907746,2024-07-20,39,defecto
703473,912630,16 jul 2024,38,color distinto
705017,918200,2024-07-21,L,cambió de opinión
705087,918462,20/07/2024,L,no me gusta
700332,901258,18/07/2024,M,no me queda bien
705325,919336,2024-07-19,42,talla incorrecta
705142,918655,2024-07-07,Talla XS,defecto
705490,919936,13/07/2024,39,talla incorrecta
702654,909681,12/07/2024,37,talla incorrecta
700915,903483,2024-07-02,Talla S,defecto
704473,916226,2024-07-19,40,talla incorrecta
702712,909899,2024-07-15,xs,defecto
702558,909339,2024-07-07,M,no me gusta
702356,908621,2024-07-15,L,no me queda bien
703035,911052,19/07/2024,M,talla incorrecta
700502,901893,2024-07-12,Talla M,no me gusta
703766,913750,2024-07-19,M,no me queda bien
701466,905376,2024-07-12,41,defecto
703136,911430,20/07/2024,M,defecto
701002,903793,13/07/2024,L,no me queda bien
705025,918239,09/07/2024,m,talla incorrecta
703333,912197,2024-07-15,xs,no me gusta
703996,914560,08/07/2024,42,no me queda bien
702686,909792,2024-06-29,M,talla incorrecta
701987,907313,2024-07-14,36,no me queda bien
705188,918839,2024-07-19,M,no me gusta
701938,907087,19/07/2024,S,talla incorrecta
700306,901140,2024-07-05,Talla L,talla incorrecta
702760,910051,2024-07-11,M,cambió de opinión
700441,901675,20/07/2024,m,no me gusta
702349,908594,2024-07-13,Talla M,talla incorrecta
702988,910901,11/07/2024,M,cambió de opinión
705450,919822,21/07/2024,M,no me queda bien
700480,901827,2024-07-09,L,no me gusta
702031,907493,2024-07-09,L,color distinto
700882,903382,2024-07-18,39,talla incorrecta
702284,908363,2024-07-10,M,no me gusta
703285,912033,2024-07-10,XL,no me gusta
701594,905833,2024-07-18,37,no me queda bien
700653,902476,2024-07-11,M,talla incorrecta
700997,903782,8 jul 2024,42,talla incorrecta
703975,914485,17/07/2024,S,talla incorrecta
702885,910541,2024-07-16,S,cambió de opinión
700870,903344,15/07/2024,XS,talla incorrecta
700682,902586,15/07/2024,38,cambió de opinión
703799,913839,2024-07-15,XL,no me gusta
702290,908380,20/07/2024,l,me queda pequeño
704742,917146,2024-07-20,Talla S,no me queda bien
704564,916547,8 jul 2024,XL,no me gusta
700988,903743,18/07/2024,XL,no me gusta
700267,901003,2024-07-09,XL,defecto
700561,902121,20/07/2024,39,talla incorrecta
702242,908218,2024-07-12,l,no me gusta
701731,906348,2024-07-07,S,no me queda bien
702070,907630,20/07/2024,S,talla incorrecta
700472,901803,2024-07-15,S,color distinto
703080,911208,2024-07-20,M,cambió de opinión
702817,910280,2024-07-18,M,no me gusta
704463,916195,19/07/2024,38,color distinto
700588,902230,17/07/2024,xs,talla incorrecta
704554,916499,2024-07-15,Talla S,no me gusta
701776,906526,16 jul 2024,37,color distinto
700918,903491,2024-07-17,L,me queda pequeño
700860,903293,16/07/2024,Talla XS,defecto
703560,912958,06/07/2024,Talla XL,defecto
700720,902732,18 jul 2024,39,no me gusta
703575,913027,2024-07-16,XS,color distinto
702092,907710,2024-07-14,XS,no me gusta
700749,902838,06/07/2024,s,no me queda bien
702673,909748,2024-07-17,M,defecto
700539,902031,2024-07-17,S,no me gusta
705166,918752,2024-07-21,M,defecto
701281,904769,2024-07-18,M,talla incorrecta
702714,909904,2024-07-11,l,no me queda bien
701423,905241,14/07/2024,XS,talla incorrecta
704439,916097,10/07/2024,XL,color distinto
701153,904338,2024-07-09,M,defecto
705368,919530,2024-07-19,Talla M,color distinto
704906,917796,3 jul 2024,40,no me gusta
703549,912906,11/07/2024,M,color distinto
705168,918759,12 jul 2024,L,talla incorrecta
704253,915493,21 jul 2024,M,talla incorrecta
702557,909335,2024-07-11,L,no me queda bien
702477,909020,2024-07-15,S,defecto
702095,907715,19/07/2024,38,defecto
702600,909489,2024-07-16,xl,defecto
700373,901419,12/07/2024,m,cambió de opinión
700677,902557,2024-07-14,38,no me gusta
704221,915377,2024-07-21,L,talla incorrecta
703567,912990,14/07/2024,XL,no me queda bien
700878,903364,17/07/2024,L,talla incorrecta
702819,910286,2024-07-07,Talla XL,talla incorrecta
703357,912267,2024-07-10,m,no me gusta
703231,911795,2024-07-14,S,defecto
701114,904164,2024-07-10,38,talla incorrecta
701891,906903,13 jul 2024,M,talla incorrecta
701159,904356,2024-07-18,38,talla incorrecta
704337,915769,2024-07-10,42,talla incorrecta
704796,917370,2024-07-08,Talla S,color distinto
702747,910003,2024-07-22,L,no me queda bien
704831,917497,2024-07-09,Talla M,no me gusta
701042,903951,21/07/2024,l,no me gusta
700201,900777,15/07/2024,38,no me gusta
704758,917232,2024-07-11,xs,no me gusta
704412,915998,2024-07-11,l,no me queda bien
702830,910325,2024-07-17,M,no me gusta
703353,912261,2024-07-14,M,talla incorrecta
702081,907658,12 jul 2024,S,no me queda bien
701154,904348,2024-07-16,XS,no me gusta
700734,902799,2024-07-12,L,no me gusta
701454,905331,20 jul 2024,Talla 37,color distinto
701435,905288,13/07/2024,l,talla incorrecta
702390,908726,14/07/2024,L,color distinto
700538,902020,18 jul 2024,L,no me gusta
705129,918600,2024-07-14,L,no me queda bien
704606,916681,2024-07-18,XS,talla incorrecta
704454,916168,20/07/2024,xl,color distinto
700135,900519,2024-07-15,M,no me gusta
705154,918702,06/07/2024,S,color distinto
701252,904656,2024-07-20,M,defecto
705401,919649,2024-07-17,S,talla incorrecta
702639,909622,2024-07-19,XL,defecto
703548,912905,2024-07-09,L,talla incorrecta
702904,910596,2024-07-12,M,color distinto
704679,916925,21 jul 2024,XL,no me queda bien
704822,917461,18/07/2024,S,no me gusta
703186,911626,2024-07-17,Talla XS,cambió de opinión
703495,912708,2024-07-08,M,talla incorrecta
702478,909028,18/07/2024,L,talla incorrecta
702895,910573,21/07/2024,XL,talla incorrecta
705388,919581,17 jul 2024,XS,color distinto
704260,915516,2024-07-06,M,cambió de opinión
701529,905616,2024-07-20,l,defecto
705234,919029,13/07/2024,L,defecto
703365,912299,11 jul 2024,m,no me gusta
700974,903690,12/07/2024,36,color distinto
705427,919731,2024-07-17,M,no me gusta
703011,910963,2024-07-17,XS,talla incorrecta
705133,918621,20/07/2024,L,no me gusta
705171,918765,2024-07-20,L,no me queda bien
700791,903012,09/07/2024,L,no me queda bien
700493,901862,14/07/2024,M,no me queda bien
700512,901941,12/07/2024,XL,no me queda bien
702752,910024,14/07/2024,L,no me gusta
700334,901268,2024-07-11,S,talla incorrecta
704646,916788,2024-07-20,Talla M,no me queda bien
702267,908321,2024-07-08,L,no me gusta
704256,915500,19/07/2024,S,talla incorrecta
700070,900257,2024-07-20,M,defecto
704427,916065,2024-07-20,M,talla incorrecta
705211,918933,2024-07-17,M,no me queda bien
704600,916668,2024-07-19,Talla L,talla incorrecta
701134,904254,2024-07-15,l,talla incorrecta
700041,900166,11 jul 2024,Talla S,defecto
702457,908944,2024-07-15,M,no me gusta
704864,917633,2024-07-19,M,no me gusta
702892,910561,2024-07-20,40,talla incorrecta
704951,917932,20 jul 2024,39,talla incorrecta
703854,914053,12/07/2024,40,no me queda bien
700144,900550,16/07/2024,M,no me gusta
701254,904665,2024-07-13,L,no me gusta
704249,915486,13/07/2024,M,no me gusta
704054,914749,2024-07-16,XS,no me queda bien
703346,912228,19/07/2024,S,defecto
702299,908418,10/07/2024,XL,talla incorrecta
705437,919763,09/07/2024,42,no me queda bien
700278,901045,2024-07-17,39,talla incorrecta
704315,915691,2024-07-19,M,cambió de opinión
702108,907760,19/07/2024,S,cambió de opinión
703250,911858,2024-07-06,M,talla incorrecta
705250,919084,12 jul 2024,Talla M,no me queda bien
703399,912412,2024-07-15,M,defecto
700558,902116,14 jul 2024,S,no me gusta
700977,903713,21 jul 2024,xl,no me gusta
703284,912029,2024-07-13,L,talla incorrecta
704565,916548,2024-07-12,M,talla incorrecta
705265,919138,06/07/2024,Talla XL,defecto
705128,918599,2024-07-13,m,no me gusta
704181,915237,8 jul 2024,Talla S,color distinto
703378,912339,2024-07-20,XL,cambió de opinión
700636,902412,2024-07-19,38,no me gusta
703022,911006,09/07/2024,39,no me gusta
705333,919384,15/07/2024,M,talla incorrecta
702292,908384,19/07/2024,M,no me gusta
700011,900054,2024-07-15,Talla S,talla incorrecta
702401,908759,19/07/2024,M,no me gusta
704859,917610,2024-07-13,s,no me gusta
702545,909267,15/07/2024,M,no me gusta
702538,909248,2024-07-16,S,talla incorrecta
702578,909418,15/07/2024,S,talla incorrecta
700149,900564,16/07/2024,S,color distinto
705226,919001,17/07/2024,XL,no me queda bien
701955,907168,2024-07-18,L,talla incorrecta
700105,900421,17/07/2024,L,cambió de opinión
701137,904269,2024-07-13,XL,no me gusta
703385,912364,2024-07-18,41,color distinto
704910,917803,2024-07-11,L,talla incorrecta
702878,910514,2024-07-12,L,defecto
700594,902255,19 jul 2024,L,no me gusta
702730,909955,05/07/2024,L,defecto
700414,901594,2024-07-18,XL,talla incorrecta
700711,902707,2024-07-15,S,no me gusta
705063,918365,2024-07-15,L,defecto
701814,906643,2024-07-12,XS,defecto
700428,901636,2024-07-19,37,talla incorrecta
705509,919981,14 jul 2024,S,talla incorrecta
702474,909011,2024-07-19,L,talla incorrecta
703732,913592,2024-07-15,39,no me gusta
700439,901671,18/07/2024,M,talla incorrecta
701804,906616,08/07/2024,M,color distinto
700252,900957,2024-07-16,S,defecto
700760,902880,15 jul 2024,39,no me gusta
700563,902124,20/07/2024,Talla S,no me gusta
702073,907633,2024-07-01,S,defecto
701460,905344,18/07/2024,L,talla incorrecta
701267,904709,2024-07-14,M,talla incorrecta
705375,919549,14/07/2024,S,color distinto
702507,909105,2024-07-17,38,defecto
704952,917936,2024-07-12,L,talla incorrecta
702802,910225,18/07/2024,M,no me queda bien
705420,919703,2024-07-10,L,no me queda bien
701356,905017,06/07/2024,XS,no me queda bien
703856,914057,20 jul 2024,L,no me queda bien
700026,900112,2024-07-14,36,no me queda bien
701797,906597,15/07/2024,L,talla incorrecta
705464,919870,13/07/2024,XL,color distinto
702234,908199,2024-07-20,L,defecto
700559,902117,2024-07-17,38,no me gusta
704371,915883,2024-07-18,39,no me queda bien
701293,904808,2024-07-10,xl,color distinto
700937,903557,2024-07-20,M,talla incorrecta
704218,915370,2024-07-14,L,talla incorrecta
703830,913963,16 jul 2024,M,talla incorrecta
705312,919297,2024-07-16,XS,no me gusta
701461,905347,2024-07-09,Talla XL,talla incorrecta
704375,915900,2024-07-21,Talla XS,talla incorrecta
704717,917054,2024-07-18,m,talla incorrecta
703940,914376,14 jul 2024,39,color distinto
701666,906117,30 jun 2024,39,no me queda bien
702805,910233,21/07/2024,M,Talla
702565,909370,2024-07-15,M,no me queda bien
703384,912362,2024-07-19,L,talla incorrecta
702868,910476,2024-07-12,41,color distinto
705001,918134,18 jul 2024,XS,no me queda bien
701956,907169,2024-07-09,xl,defecto
704483,916255,04/07/2024,L,no me queda bien
700451,901706,04/07/2024,XS,no me queda bien
701323,904911,2024-07-03,L,no me queda bien
700435,901654,2024-07-16,39,no me gusta
700550,902099,2024-07-09,S,no me gusta
703727,913578,16/07/2024,L,talla incorrecta
701691,906205,15/07/2024,l,no me gusta
705148,918684,11/07/2024,XS,no me queda bien
702253,908270,2024-07-16,Talla 42,defecto
701147,904319,20/07/2024,L,talla incorrecta
703749,913666,2024-07-15,S,color distinto
703180,911607,10/07/2024,M,no me queda bien
702862,910450,15/07/2024,Talla L,no me queda bien
704586,916622,2024-07-17,l,cambió de opinión
702450,908919,2024-07-21,Talla M,no me gusta
701507,905508,22/07/2024,m,talla incorrecta
705304,919267,2024-07-17,xs,defecto
702972,910845,2024-07-11,L,no me gusta
700175,900689,2024-07-18,XL,no me gusta
700784,902991,13/07/2024,L,color distinto
703995,914555,16/07/2024,37,defecto
701380,905071,2024-07-12,L,no me queda bien
703889,914185,2024-07-18,M,defecto
701550,905688,2024-07-16,XS,no me gusta
703111,911345,2024-07-20,m,cambió de opinión
702261,908303,8 jul 2024,l,cambió de opinión
702860,910444,03/07/2024,L,color distinto
703838,913990,12 jul 2024,Talla 36,talla incorrecta
700203,900784,2024-07-18,37,no me queda bien
703449,912562,18/07/2024,M,talla incorrecta
702901,910591,2024-07-10,M,no me gusta
700508,901922,2024-07-20,36,defecto
705209,918929,2024-07-16,L,no me queda bien
703997,914562,2024-07-13,L,no me gusta
700940,903576,15/07/2024,L,color distinto
705036,918274,2024-07-15,Talla XS,talla incorrecta
703159,911520,2024-07-11,39,no me gusta
702182,908014,16/07/2024,S,no me queda bien
700237,900909,2024-07-20,xs,defecto
704446,916111,2024-07-11,XL,talla incorrecta
703402,912425,2024-07-15,S,cambió de opinión
703029,911037,2024-07-18,L,no me gusta
704594,916651,15 jul 2024,L,talla incorrecta
701215,904538,2024-07-15,M,no me queda bien
703849,914019,16 jul 2024,L,talla incorrecta
704140,915047,2024-07-10,XL,cambió de opinión
700185,900718,17/07/2024,M,defecto
704460,916182,2024-07-17,S,no me gusta
705006,918161,20/07/2024,M,no me queda bien
704072,914803,15/07/2024,XS,no me gusta
703258,911920,2024-07-10,XS,defecto
702418,908814,2024-07-19,L,no me gusta
703544,912889,21 jul 2024,XL,defecto
704808,917409,19/07/2024,L,me queda pequeño
702522,909158,15/07/2024,s,defecto
703758,913702,2024-07-21,39,color distinto
704648,916807,20/07/2024,XL,no me gusta
704444,916106,18/07/2024,38,no me gusta
705238,919043,2024-07-12,XS,no me gusta
701528,905608,9 jul 2024,XS,talla incorrecta
703002,910942,19/07/2024,M,no me gusta
705311,919293,2024-06-29,41,color distinto
700926,903514,13/07/2024,M,no me queda bien
702369,908668,18 jul 2024,38,talla incorrecta
702707,909885,2024-06-27,41,defecto
700998,903783,14/07/2024,L,talla incorrecta
701107,904144,2024-07-19,M,talla incorrecta
704229,915409,2024-07-19,S,no me gusta
702810,910259,09/07/2024,L,talla incorrecta
704975,918050,2024-06-26,XL,color distinto
704001,914575,18 jul 2024,Talla 36,defecto
704379,915913,21/07/2024,L,cambió de opinión
700271,901019,2024-07-13,36,no me queda bien
702908,910609,2024-07-17,XL,talla incorrecta
701307,904853,18/07/2024,S,talla incorrecta
703748,913664,2024-07-12,m,no me queda bien
703252,911861,2024-07-10,S,cambió de opinión
705404,919657,2024-07-16,l,defecto
705172,918766,2024-07-10,M,no me gusta
704103,914917,2024-07-19,L,no me queda bien
700064,900247,2024-07-12,Talla L,talla incorrecta
700835,903193,09/07/2024,M,color distinto
704873,917661,2024-07-19,l,no me queda bien
704598,916661,2024-07-21,XL,no me gusta
700092,900383,19 jul 2024,S,talla incorrecta
702169,907953,16/07/2024,L,talla incorrecta
703659,913306,18/07/2024,M,defecto
705003,918138,12/07/2024,S,no me gusta
703851,914025,2024-07-10,XS,defecto
700969,903674,13/07/2024,38,cambió de opinión
700652,902475,07/07/2024,XS,no me queda bien
703693,913421,2024-07-13,Talla 37,talla incorrecta
704578,916599,2024-07-18,M,no me queda bien
703428,912488,2024-07-14,S,cambió de opinión
705240,919057,2024-07-20,l,talla incorrecta
702675,909759,2024-07-05,S,defecto
701345,904984,18/07/2024,L,talla incorrecta
700297,901108,2024-07-19,M,no me gusta
705409,919672,22/07/2024,XS,defecto
700337,901292,2024-07-18,S,talla incorrecta
702848,910400,21/07/2024,M,no me gusta
701492,905476,07/07/2024,M,talla incorrecta
702338,908551,2024-07-12,40,talla incorrecta
703720,913553,20/07/2024,XS,no me queda bien
701929,907050,2024-07-13,L,no me gusta
704892,917717,2024-07-17,S,talla incorrecta
703124,911394,2024-06-29,L,no me gusta
700745,902826,2024-07-19,M,cambió de opinión
703503,912737,08/07/2024,L,talla incorrecta
704442,916103,2024-07-19,L,no me gusta
701088,904096,19/07/2024,L,no me queda bien
702371,908674,2024-07-15,M,color distinto
703123,911392,15 jul 2024,XL,color distinto
702631,909592,2024-07-20,XS,talla incorrecta
704738,917128,2024-07-15,M,talla incorrecta
702625,909576,2024-07-15,L,no me queda bien
704632,916764,09/07/2024,39,no me queda bien
700707,902693,2024-07-21,m,no me queda bien
702483,909042,19/07/2024,L,talla incorrecta
700646,902449,21/07/2024,XL,no me gusta
701593,905830,20/07/2024,M,defecto
705317,919318,2024-07-15,L,color distinto
701469,905382,2024-07-21,M,talla incorrecta
702002,907360,12 jul 2024,37,defecto
702055,907576,2024-07-11,L,talla incorrecta
702951,910769,2024-07-20,L,cambió de opinión
702924,910669,2024-07-16,S,no me queda bien
701521,905586,2024-07-17,36,cambió de opinión
702831,910327,10/07/2024,L,no me queda bien
703172,911580,2024-07-12,37,talla incorrecta
703219,911752,2024-07-21,XL,color distinto
701842,906712,05/07/2024,S,no me queda bien
704869,917650,2024-07-16,Talla 38,defecto
701149,904330,2024-07-13,XS,talla incorrecta
700102,900407,2024-07-14,L,defecto
702969,910838,04/07/2024,XL,talla incorrecta
703562,912964,15 jul 2024,39,no me queda bien
705158,918724,18/07/2024,36,talla incorrecta
704328,915729,04/07/2024,40,talla incorrecta
701669,906129,2024-07-06,XL,defecto
703210,911728,12/07/2024,Talla L,defecto
702344,908563,2024-07-21,XL,defecto
705299,919240,2024-07-21,Talla M,color distinto
701844,906717,17 jul 2024,M,talla incorrecta
702075,907637,2024-07-04,m,talla incorrecta
701162,904363,14 jul 2024,L,cambió de opinión
702601,909490,12/07/2024,l,no me gusta
705077,918419,20/07/2024,39,talla incorrecta
703915,914303,2024-07-14,38,no me queda bien
700523,901971,20 jul 2024,S,talla incorrecta
703397,912408,21/07/2024,XL,no me gusta
701340,904971,2024-07-18,S,cambió de opinión
701765,906495,09/07/2024,36,talla incorrecta
702022,907447,15/07/2024,S,cambió de opinión
703096,911288,12 jul 2024,37,talla incorrecta
700314,901173,07/07/2024,39,no me gusta
701872,906810,16 jul 2024,37,no me queda bien
703058,911137,2024-07-13,M,color distinto
702607,909516,20 jul 2024,Talla XL,cambió de opinión
701687,906192,21/07/2024,39,talla incorrecta
701723,906310,12/07/2024,M,no me queda bien
703359,912273,2024-07-14,S,no me gusta
702480,909032,2024-07-13,l,no me queda bien
700478,901823,18 jul 2024,m,no me queda bien
702523,909168,20 jul 2024,XS,color distinto
705058,918345,2024-07-13,s,no me queda bien
705503,919965,2024-07-13,S,no me queda bien
704881,917681,22/07/2024,Talla L,talla incorrecta
701320,904894,18 jul 2024,XS,no me gusta
705153,918701,06/07/2024,XS,defecto
704485,916260,20/07/2024,S,color distinto
703675,913362,2024-07-19,l,talla incorrecta
701861,906764,17/07/2024,S,no me queda bien
704095,914896,2024-07-12,L,talla incorrecta
700669,902536,2024-07-20,Talla L,cambió de opinión
700583,902208,2024-07-05,Talla S,cambió de opinión
700864,903304,2024-07-19,S,cambió de opinión
702741,909990,2024-07-17,Talla 37,talla incorrecta
703128,911406,2024-07-21,L,no me gusta
704123,914993,13/07/2024,xs,defecto
701724,906311,2024-07-19,M,defecto
702536,909246,21 jul 2024,M,talla incorrecta
701010,903820,17 jul 2024,Talla L,no me gusta
702540,909253,2024-07-16,S,color distinto
702576,909409,13 jul 2024,S,no me queda bien
700264,900994,2024-07-19,S,no me gusta
700642,902437,2024-07-03,S,talla incorrecta
702734,909972,2024-07-21,l,no me gusta
705161,918734,14 jul 2024,s,no me gusta
704319,915704,22/07/2024,M,talla incorrecta
701904,906964,11/07/2024,Talla 37,color distinto
701757,906467,18/07/2024,l,talla incorrecta
700246,900939,2024-07-20,l,talla incorrecta
701301,904839,2024-07-18,S,no me gusta
702777,910116,17/07/2024,38,no me queda bien
701985,907297,13/07/2024,S,defecto
705241,919060,19/07/2024,M,no me queda bien
700094,900388,2024-07-17,XS,no me gusta
703087,911242,21/07/2024,XS,talla incorrecta
700932,903538,19/07/2024,xs,no me gusta
705031,918256,2024-07-09,S,color distinto
701701,906236,2024-07-02,36,no me gusta
703432,912508,12/07/2024,L,no me gusta
700492,901858,2024-07-11,37,no me queda bien
700013,900057,2024-07-19,37,no me queda bien
701447,905314,2024-07-13,L,defecto
702336,908548,19/07/2024,m,defecto
700289,901071,2024-07-18,39,no me gusta
702863,910452,2024-07-21,Talla L,cambió de opinión
702121,907804,17/07/2024,L,no me queda bien
702050,907562,19/07/2024,Talla M,talla incorrecta
701242,904631,09/07/2024,XL,no me gusta
704707,917023,11 jul 2024,M,no me queda bien
702770,910089,12/07/2024,39,talla incorrecta
702850,910412,2024-07-18,M,no me queda bien
700463,901766,17/07/2024,L,me queda pequeño
703966,914457,2024-07-09,Talla S,no me queda bien
703957,914429,2024-07-18,L,no me gusta
704880,917679,2024-07-10,39,talla incorrecta
701116,904176,2024-07-16,XL,color distinto
705054,918339,2024-07-07,s,cambió de opinión
702636,909611,2024-07-20,Talla M,no me queda bien
701414,905206,2024-07-13,M,talla incorrecta
701133,904248,2024-07-21,S,talla incorrecta
702023,907448,15/07/2024,M,no me queda bien
705300,919241,2024-07-15,l,cambió de opinión
703820,913932,10 jul 2024,L,talla incorrecta
703925,914337,9 jul 2024,XS,no me gusta
702057,907581,17/07/2024,Talla L,talla incorrecta
702642,909632,19/07/2024,40,talla incorrecta
701277,904747,2024-07-16,S,talla incorrecta
703104,911316,07/07/2024,XL,talla incorrecta
704585,916616,15 jul 2024,S,talla incorrecta
701213,904536,16/07/2024,L,no me gusta
700437,901664,12/07/2024,XS,talla incorrecta
703261,911929,2024-07-07,Talla M,cambió de opinión
704550,916485,2024-06-28,L,no me queda bien
701546,905681,12/07/2024,39,talla incorrecta
703097,911290,2024-07-18,L,talla incorrecta
700674,902552,2024-07-20,Talla S,no me queda bien
703921,914331,5 jul 2024,L,defecto
700284,901064,19 jul 2024,Talla XS,talla incorrecta
702133,907848,2024-07-15,Talla XL,no me queda bien
704209,915338,2024-07-10,S,defecto
703619,913177,19 jul 2024,M,cambió de opinión
700412,901588,2024-07-11,L,talla incorrecta
703899,914228,21/07/2024,Talla S,no me queda bien
701582,905797,19 jul 2024,M,defecto
705277,919170,17/07/2024,Talla L,no me gusta
704895,917735,2024-07-21,38,defecto
700016,900067,2024-07-14,XL,talla incorrecta
703602,913127,2024-07-12,41,talla incorrecta
702893,910568,2024-07-14,36,no me gusta
704920,917841,2024-07-16,L,no me gusta
700916,903486,17/07/2024,Talla L,talla incorrecta
700678,902564,2024-07-15,Talla L,defecto
703277,911991,2024-07-13,Talla XL,defecto
700153,900581,2024-07-16,M,cambió de opinión
700789,903009,2024-07-14,S,no me gusta
704718,917062,2024-07-19,M,cambió de opinión
702783,910138,14 jul 2024,m,talla incorrecta
701270,904720,13/07/2024,L,talla incorrecta
705423,919712,17/07/2024,XS,no me gusta
705174,918772,10/07/2024,L,talla incorrecta
703710,913483,19/07/2024,M,no me gusta
704008,914594,14 jul 2024,S,no me queda bien
701167,904387,2024-07-09,L,color distinto
700637,902413,2024-07-20,XL,defecto
700151,900569,12 jul 2024,xs,no me queda bien
705040,918286,10/07/2024,s,defecto
701354,905012,08/07/2024,S,talla incorrecta
704118,914972,18/07/2024,XS,talla incorrecta
704557,916513,14/07/2024,m,no me gusta
700416,901598,18/07/2024,L,no me queda bien
701168,904388,12 jul 2024,L,color distinto
705117,918567,2024-07-13,Talla M,talla incorrecta
701061,903995,7 jul 2024,M,talla incorrecta
703053,911110,14/07/2024,Talla M,no me gusta
704692,916960,15/07/2024,M,Talla
701374,905063,17 jul 2024,XS,no me gusta
702854,910427,2024-07-16,XL,talla incorrecta
702424,908832,2024-07-18,L,cambió de opinión
702333,908535,20/07/2024,M,no me queda bien
700366,901407,20 jul 2024,s,no me queda bien
702285,908365,02/07/2024,L,cambió de opinión
702337,908549,2024-07-17,L,color distinto
702957,910787,17/07/2024,XL,no me gusta
705194,918866,2024-07-09,S,no me queda bien
700780,902965,2024-07-10,XS,defecto
700574,902168,2024-07-21,Talla L,no me gusta
701497,905485,2024-07-19,Talla M,no me gusta
702508,909112,17/07/2024,39,cambió de opinión
701726,906326,2024-07-21,XS,talla incorrecta
703387,912374,14/07/2024,S,no me gusta
704406,915983,2024-07-12,L,talla incorrecta
700045,900184,14/07/2024,XL,no me gusta
701890,906901,01/07/2024,Talla L,cambió de opinión
700028,900128,19/07/2024,40,defecto
702955,910782,20/07/2024,m,no me queda bien
701782,906542,2024-07-12,XS,no me gusta
704088,914862,2024-07-15,XL,no me gusta
700788,903005,18 jul 2024,M,talla incorrecta
705233,919026,2024-07-16,M,no me queda bien
704013,914611,2024-07-18,40,no me gusta
702019,907439,07/07/2024,L,cambió de opinión
704923,917852,19/07/2024,Talla L,no me gusta
704053,914743,21/07/2024,L,talla incorrecta
704180,915236,16 jul 2024,xs,no me gusta
704509,916325,2024-07-21,XL,no me gusta
704236,915431,2024-07-04,M,talla incorrecta
700086,900354,2024-07-19,Talla M,no me queda bien
702204,908112,2024-07-12,XL,cambió de opinión
704595,916655,2024-07-20,L,talla incorrecta
703858,914063,19/07/2024,M,talla incorrecta
700031,900141,18/07/2024,M,talla incorrecta
705436,919762,09/07/2024,XS,talla incorrecta
700465,901778,2024-07-19,M,cambió de opinión
700223,900851,09/07/2024,Talla 39,defecto
704242,915457,19 jul 2024,L,talla incorrecta
700356,901373,2024-07-19,S,no me gusta
701118,904185,2024-07-12,Talla 42,talla incorrecta
703819,913929,2024-07-20,37,talla incorrecta
703803,913872,20 jul 2024,39,talla incorrecta
702437,908867,2024-07-17,Talla XS,no me queda bien
700084,900342,2024-07-20,M,talla incorrecta
703224,911776,2024-07-02,XS,no me gusta
702742,909993,2024-07-10,M,no me gusta
700938,903560,16/07/2024,l,no me queda bien
703616,913159,2024-07-15,Talla XL,no me gusta
702331,908533,03/07/2024,L,talla incorrecta
705517,2012275,2024-07-14,38,no me queda bien
703003,910945,16/07/2024,XS,no me gusta
705099,918496,2024-07-15,XS,color distinto
703441,912543,2024-07-10,Talla M,no me queda bien
702202,908099,2024-07-17,L,no me queda bien
703362,912283,2024-07-16,M,no me gusta
704014,914612,2024-07-20,M,talla incorrecta
701295,904815,14 jul 2024,XL,talla incorrecta
705107,918540,2024-07-15,XL,no me gusta
701312,904876,2024-07-11,M,no me queda bien
700785,902994,2024-07-20,41,talla incorrecta
701752,906441,2024-07-14,L,talla incorrecta
703610,913147,2024-07-14,M,talla incorrecta
703468,912622,20 jul 2024,S,cambió de opinión
700871,903345,2024-07-14,M,color distinto
705460,919860,2024-07-08,S,no me queda bien
704650,916811,2024-07-18,36,defecto
702479,909029,12/07/2024,S,no me queda bien
700659,902495,2024-07-20,Talla M,defecto
700371,901416,15/07/2024,Talla 39,color distinto
700535,902010,21/07/2024,M,no me queda bien
703380,912345,17/07/2024,38,talla incorrecta
704966,917991,2024-07-08,XS,no me queda bien
701807,906623,2024-07-18,l,no me queda bien
705195,918871,19/07/2024,39,talla incorrecta
701026,903877,16/07/2024,L,no me queda bien
704587,916624,19 jul 2024,39,talla incorrecta
701062,903996,15 jul 2024,M,no me gusta
703379,912340,2024-07-20,s,talla incorrecta
702946,910758,20/07/2024,XS,color distinto
704665,916876,2024-07-20,S,talla incorrecta
700266,900998,2024-07-17,36,talla incorrecta
702286,908366,2024-07-02,XL,no me queda bien
704237,915433,2024-07-10,L,no me gusta
700018,900082,2024-07-20,s,color distinto
702188,908037,09/07/2024,XS,talla incorrecta
705447,919811,2024-07-12,XS,no me queda bien
704334,915764,2024-07-18,L,no me queda bien
701526,905596,2024-07-10,XS,defecto
701563,905726,21 jul 2024,L,talla incorrecta
705294,919221,16/07/2024,XL,no me gusta
705187,918835,14/07/2024,Talla L,talla incorrecta
701190,904465,2024-07-22,M,defecto
703942,914386,2024-07-14,M,defecto
702761,910056,30/06/2024,38,defecto
703518,912793,05/07/2024,M,no me queda bien
700042,900173,2024-07-18,s,cambió de opinión
700128,900490,10/07/2024,Talla S,talla incorrecta
700980,903719,09/07/2024,L,talla incorrecta
704778,917292,2024-07-12,L,cambió de opinión
702206,908115,11 jul 2024,S,talla incorrecta
703195,911655,10 jul 2024,39,no me queda bien
705421,919710,14/07/2024,M,no me gusta
701125,904218,2024-07-16,M,cambió de opinión
702063,907594,18/07/2024,M,no me gusta
702115,907783,2024-07-20,XL,no me queda bien
703989,914537,2024-07-16,S,talla incorrecta
700764,902894,2024-07-08,L,talla incorrecta
700524,901979,04/07/2024,S,defecto
700280,901050,2024-07-21,M,cambió de opinión
705146,918677,19 jul 2024,Talla 37,color distinto
700662,902503,2024-07-17,Talla L,no me gusta
703717,913533,2024-07-21,M,talla incorrecta
701020,903853,13/07/2024,Talla L,cambió de opinión
703950,914414,2024-07-20,xl,defecto
701843,906715,2024-07-08,39,talla incorrecta
705064,918368,6 jul 2024,XL,no me gusta
701975,907247,12/07/2024,39,no me queda bien
704672,916899,16 jul 2024,39,no me gusta
704836,917508,2024-07-15,40,defecto
700130,900504,2024-07-20,m,no me gusta
703855,914056,11 jul 2024,M,no me queda bien
704768,917252,2024-07-20,39,no me queda bien
702530,909208,1 jul 2024,M,no me gusta
702354,908613,19 jul 2024,39,no me queda bien
704559,916519,21/07/2024,XS,defecto
702691,909800,2024-07-16,37,no me queda bien
702098,907732,2024-07-19,L,talla incorrecta
701012,903837,2024-07-11,XS,cambió de opinión
703192,911641,2024-07-13,XS,no me queda bien
704150,915081,2024-07-15,L,no me gusta
704584,916613,2024-07-12,l,no me queda bien
700644,902440,19/07/2024,s,defecto
704327,915725,21 jul 2024,S,talla incorrecta
700014,900061,16/07/2024,Talla M,talla incorrecta
704317,915698,16 jul 2024,S,no me gusta
701863,906766,16/07/2024,M,talla incorrecta
705364,919508,2024-07-15,M,talla incorrecta
705010,918170,19/07/2024,Talla L,talla incorrecta
700725,902755,02/07/2024,XS,no me queda bien
705396,919626,15/07/2024,42,no me queda bien
703200,911681,2024-07-10,L,no me gusta
700409,901575,19/07/2024,Talla L,talla incorrecta
701531,905620,18 jul 2024,Talla L,defecto
701330,904942,15/07/2024,M,no me gusta
704301,915632,2024-07-16,l,cambió de opinión
705251,919088,2024-07-14,Talla M,color distinto
702335,908546,10/07/2024,Talla L,cambió de opinión
704862,917628,2024-07-13,Talla 42,talla incorrecta
700680,902568,20/07/2024,Talla XS,talla incorrecta
704604,916679,2024-07-10,S,cambió de opinión
705050,918313,15/07/2024,M,no me queda bien
702222,908164,12/07/2024,XS,no me gusta
702961,910803,19/07/2024,s,cambió de opinión
700052,900199,2024-07-21,S,no me gusta
703102,911301,2024-07-12,XS,color distinto
703431,912506,2024-07-20,L,talla incorrecta
703243,911839,2024-07-11,L,no me gusta
700207,900794,18/07/2024,S,no me queda bien
703620,913185,18 jul 2024,s,talla incorrecta
700820,903110,18 jul 2024,Talla S,color distinto
703696,913447,2024-07-16,S,no me queda bien
703298,912076,05/07/2024,38,no me queda bien
703430,912504,19/07/2024,L,no me queda bien
704577,916598,2024-07-16,m,no me gusta
701833,906690,17/07/2024,Talla S,talla incorrecta
700194,900755,2024-07-18,40,talla incorrecta
704905,917790,21/07/2024,L,no me queda bien
703574,913021,19 jul 2024,M,no me queda bien
700059,900222,2024-07-17,Talla 38,talla incorrecta
704562,916537,2024-07-10,Talla L,talla incorrecta
701123,904214,26/06/2024,38,defecto
704378,915909,2024-07-19,M,cambió de opinión
702736,909977,2024-07-19,L,talla incorrecta
701558,905717,01/07/2024,XS,defecto
702738,909984,2024-07-10,Talla 41,no me queda bien
702628,909588,17 jul 2024,L,talla incorrecta
702321,908503,2024-07-14,37,cambió de opinión
700311,901164,2024-07-14,S,cambió de opinión
700942,903581,2024-07-21,XL,no me gusta
702266,908320,10/07/2024,M,talla incorrecta
703671,913347,2024-07-20,XS,color distinto
703903,914244,21/07/2024,42,color distinto
700552,902104,2024-07-11,L,no me gusta
702323,908507,21/07/2024,M,talla incorrecta
701525,905591,15/07/2024,XL,no me gusta
704968,918003,16/07/2024,Talla M,defecto
704751,917195,2024-07-15,S,color distinto
705200,918894,19 jul 2024,xl,no me queda bien
703608,913143,2024-07-15,L,cambió de opinión
701016,903848,2024-07-12,Talla 40,talla incorrecta
703556,912943,11/07/2024,M,no me gusta
704248,915485,12/07/2024,L,no me queda bien
701000,903788,14 jul 2024,39,no me gusta
701183,904444,2024-07-20,M,talla incorrecta
701921,907019,17/07/2024,M,no me gusta
703580,913052,11/07/2024,Talla M,cambió de opinión
703228,911788,14 jul 2024,M,defecto
701317,904888,10/07/2024,XS,talla incorrecta
702074,907635,11/07/2024,Talla 38,defecto
703935,914355,2024-07-13,S,no me gusta
701564,905731,2024-07-18,Talla XL,no me gusta
701271,904721,14/07/2024,40,color distinto
700486,901842,03/07/2024,M,talla incorrecta
701605,905886,14/07/2024,42,defecto
700723,902751,21/07/2024,39,cambió de opinión
704813,917422,10 jul 2024,S,no me queda bien
703591,913090,17/07/2024,L,no me queda bien
702247,908233,19/07/2024,M,defecto
702851,910414,08/07/2024,Talla 41,no me gusta
705371,919538,17/07/2024,40,no me gusta
700044,900179,2024-07-20,l,talla incorrecta
704611,916702,17/07/2024,S,no me gusta
701063,903999,2024-07-18,40,no me gusta
702916,910641,2024-07-04,40,no me gusta
704048,914718,18/07/2024,39,no me queda bien
705422,919711,2024-07-09,M,talla incorrecta
702245,908229,2024-07-17,40,color distinto
700699,902650,2024-07-22,Talla XL,no me queda bien
704725,917084,2024-07-14,Talla 41,talla incorrecta
700057,900220,2024-07-14,XL,color distinto
702388,908721,2024-07-10,M,no me queda bien
702954,910778,21/07/2024,L,no me queda bien
704854,917589,16/07/2024,M,no me gusta
701884,906871,08/07/2024,M,no me gusta
702944,910746,2024-07-12,M,no me gusta
704774,917280,18/07/2024,Talla L,talla incorrecta
701744,906407,19/07/2024,S,talla incorrecta
704644,916785,2024-07-17,l,talla incorrecta
700714,902720,21/07/2024,L,me queda pequeño
701411,905199,6 jul 2024,42,cambió de opinión
702487,909052,19/07/2024,XL,cambió de opinión
701819,906654,16/07/2024,Talla XL,no me queda bien
703083,911227,20/07/2024,xs,defecto
701150,904332,19/07/2024,39,no me queda bien
703303,912089,14/07/2024,37,no me queda bien
703678,913367,19/07/2024,Talla S,no me queda bien
704322,915713,19/07/2024,XS,no me queda bien
705411,919679,17 jul 2024,M,no me gusta
703266,911946,19/07/2024,Talla L,no me gusta
704654,916826,17/07/2024,XS,no me queda bien
701589,905820,2024-07-12,XS,talla incorrecta
705152,918697,12/07/2024,S,talla incorrecta
703809,913901,19 jul 2024,M,cambió de opinión
701756,906463,2024-07-17,39,talla incorrecta
703792,913814,2024-07-12,L,Talla
705513,919991,12/07/2024,XS,cambió de opinión
705094,918479,30/06/2024,L,defecto
704981,918075,2024-07-09,38,no me gusta
703934,914351,2024-07-22,L,cambió de opinión
705305,919277,2024-07-12,s,no me gusta
704673,916901,2024-07-15,S,talla incorrecta
701718,906285,2024-07-22,S,talla incorrecta
703299,912077,04/07/2024,s,no me queda bien
700050,900195,20 jul 2024,XS,no me gusta
701359,905023,06/07/2024,M,talla incorrecta
700599,902275,2024-07-16,M,cambió de opinión
705167,918756,17 jul 2024,L,no me gusta
702677,909766,2024-07-17,S,no me queda bien
701991,907327,2024-07-16,m,no me gusta
702183,908016,2024-07-12,m,defecto
703265,911942,2024-07-11,38,no me gusta
705269,919146,19/07/2024,Talla L,talla incorrecta
700877,903360,2024-07-11,M,no me queda bien
703986,914520,2024-07-15,37,no me queda bien
704729,917101,2024-07-19,L,no me queda bien
704216,915367,7 jul 2024,Talla S,color distinto
702809,910254,13 jul 2024,S,no me gusta
702889,910556,2024-07-17,XL,no me gusta
700996,903780,2024-07-19,M,no me gusta
701787,906565,2024-07-18,M,talla incorrecta
703126,911400,2024-07-19,M,no me queda bien
700718,902730,2024-07-15,M,no me queda bien
705383,919571,2024-07-19,Talla L,talla incorrecta
700351,901339,2024-07-18,L,no me gusta
701592,905829,2024-07-18,S,no me gusta
702574,909405,2024-07-18,M,talla incorrecta
703232,911799,2024-07-12,S,talla incorrecta
705297,919232,2024-07-15,Talla M,color distinto
701725,906316,2024-07-18,XL,no me gusta
700146,900556,2024-07-14,M,no me gusta
703782,913788,2024-07-20,S,color distinto
704710,917036,2024-07-20,S,no me gusta
701837,906701,17/07/2024,S,defecto
701737,906368,2024-07-13,Talla XL,no me gusta
704432,916076,18/07/2024,xs,defecto
700580,902186,18/07/2024,XL,no me gusta
704902,917782,20 jul 2024,S,no me queda bien
703103,911304,2024-07-08,Talla 39,talla incorrecta
702426,908835,2024-07-14,M,color distinto
700675,902553,2024-07-10,s,talla incorrecta
703166,911550,2024-07-11,L,color distinto
703416,912454,2024-07-17,M,no me gusta
702598,909480,14/07/2024,L,defecto
703775,913773,2024-07-16,42,talla incorrecta
700732,902787,2024-07-20,S,no me gusta
701608,905892,10/07/2024,m,no me gusta
700838,903210,2024-07-02,38,cambió de opinión
704213,915350,13/07/2024,Talla L,talla incorrecta
700571,902157,2024-07-15,M,color distinto
700310,901155,2024-07-16,M,talla incorrecta
700181,900703,21 jul 2024,XL,talla incorrecta
704967,917994,2024-07-09,39,no me gusta
703551,912914,2024-07-16,40,color distinto
702801,910222,2024-07-21,M,no me queda bien
703382,912355,18 jul 2024,L,no me queda bien
702985,910895,18/07/2024,L,color distinto
705041,918290,05/07/2024,M,defecto
701353,905011,15/07/2024,XS,color distinto
705381,919568,2024-07-08,M,defecto
700857,903282,11/07/2024,S,no me queda bien
701264,904698,2024-07-11,Talla S,no me gusta
701305,904851,2024-07-05,XL,defecto
701197,904476,21 jul 2024,L,talla incorrecta
700456,901720,18/07/2024,Talla S,talla incorrecta
702265,908317,2024-07-20,S,no me queda bien
700302,901122,19/07/2024,M,talla incorrecta
705283,919197,2024-07-07,M,no me gusta
701043,903953,17/07/2024,39,defecto
701324,904914,2024-07-05,S,defecto
700411,901587,15/07/2024,S,defecto
703965,914455,2024-06-29,Talla XS,no me gusta
702498,909081,2024-07-04,L,defecto
702669,909732,2024-07-10,s,defecto
703084,911235,21/07/2024,M,talla incorrecta
704551,916486,02/07/2024,S,no me queda bien
702974,910850,2024-07-09,M,no me queda bien
703526,912824,20/07/2024,39,no me queda bien
700984,903730,16/07/2024,s,no me gusta
703904,914245,7 jul 2024,xs,defecto
704645,916786,20/07/2024,39,color distinto
705298,919234,10/07/2024,S,defecto
704947,917920,2024-07-12,L,no me gusta
702251,908248,2024-07-16,M,no me gusta
703930,914347,13/07/2024,36,color distinto
701456,905334,2024-07-20,xl,talla incorrecta
702291,908381,18/07/2024,Talla L,defecto
701316,904885,2024-07-16,L,no me gusta
702816,910276,2024-07-16,37,no me queda bien
701096,904121,2024-07-19,XL,color distinto
704251,915491,19 jul 2024,L,no me gusta
701811,906630,14/07/2024,Talla L,no me gusta
700399,901539,07/07/2024,39,no me gusta
703112,911346,14 jul 2024,L,talla incorrecta
702647,909643,16/07/2024,38,color distinto
702787,910157,2024-07-19,L,no me queda bien
701698,906223,19 jul 2024,xl,talla incorrecta
703529,912833,2024-07-11,37,talla incorrecta
704160,915142,20/07/2024,S,no me queda bien
700847,903250,11/07/2024,38,defecto
702084,907669,2024-07-16,XS,no me queda bien
703075,911199,15 jul 2024,S,no me gusta
704423,916048,22/07/2024,L,no me gusta
702194,908065,10/07/2024,Talla 38,defecto
702550,909297,19/07/2024,l,no me gusta
700757,902876,2024-07-10,XL,talla incorrecta
701941,907099,2024-07-10,L,no me gusta
704627,916749,2024-07-15,M,talla incorrecta
702678,909768,2024-07-14,41,talla incorrecta
704965,917985,21 jul 2024,L,no me queda bien
704329,915733,12/07/2024,M,talla incorrecta
702648,909648,16/07/2024,39,talla incorrecta
702873,910489,18/07/2024,L,no me gusta
704273,915558,2024-07-21,XS,no me gusta
702986,910896,2024-07-19,38,defecto
700359,901392,19/07/2024,M,cambió de opinión
701188,904460,19/07/2024,38,talla incorrecta
702372,908679,2024-07-22,L,me queda pequeño
700936,903555,12/07/2024,s,talla incorrecta
701473,905405,2024-07-14,S,talla incorrecta
700285,901065,13/07/2024,Talla S,talla incorrecta
704507,916318,2024-07-07,L,no me gusta
704401,915964,2024-07-19,l,cambió de opinión
702534,909244,13/07/2024,L,no me queda bien
701788,906570,2024-07-03,S,no me gusta
700775,902944,2024-07-14,XL,no me gusta
705347,919439,2024-07-18,L,no me gusta
704348,915806,2024-07-15,Talla 38,color distinto
702328,908523,2024-07-15,M,no me gusta
704543,916462,10/07/2024,M,no me gusta
702472,909008,2024-07-21,L,talla incorrecta
704405,915980,18/07/2024,M,talla incorrecta
701791,906578,2024-07-18,L,talla incorrecta
701065,904002,2024-07-19,XS,no me gusta
704534,916416,20/07/2024,L,talla incorrecta
701730,906342,2024-07-17,xs,cambió de opinión
701995,907344,2024-07-14,XS,no me queda bien
704281,915588,17 jul 2024,L,no me queda bien
701965,907204,17/07/2024,XS,color distinto
702257,908282,2024-07-14,M,talla incorrecta
703810,913908,16 jul 2024,Talla M,defecto
703269,911961,2024-07-16,M,talla incorrecta
701186,904458,7 jul 2024,39,talla incorrecta
700124,900480,12/07/2024,XS,color distinto
700569,902146,2024-07-15,L,talla incorrecta
701840,906708,19/07/2024,S,talla incorrecta
704232,915420,2024-07-16,l,no me gusta
705477,919905,15/07/2024,m,no me gusta
702935,910714,17/07/2024,M,talla incorrecta
702387,908718,13 jul 2024,S,cambió de opinión
701290,904798,2024-07-13,Talla M,no me gusta
705275,919164,19/07/2024,40,no me queda bien
700424,901626,2024-07-19,S,color distinto
700426,901628,2024-07-19,S,defecto
703844,914008,2024-07-13,S,color distinto
703150,911480,2024-07-20,Talla S,no me gusta
704877,917673,2024-07-11,XS,no me queda bien
701296,904824,2024-07-19,L,no me queda bien
701974,907242,10/07/2024,38,no me gusta
700604,902297,2024-07-16,41,talla incorrecta
703707,913479,2024-07-04,s,no me gusta
703155,911509,10 jul 2024,M,no me gusta
703116,911374,20 jul 2024,xl,cambió de opinión
701124,904217,2024-07-17,M,no me gusta
701429,905269,2024-07-20,Talla 38,talla incorrecta
703452,912576,2024-06-30,Talla S,talla incorrecta
700177,900694,2024-07-14,39,cambió de opinión
701361,905026,19/07/2024,L,talla incorrecta
704634,916770,15/07/2024,M,color distinto
700672,902544,2024-07-12,L,cambió de opinión
700410,901581,11/07/2024,L,color distinto
705451,919826,2024-07-14,L,no me gusta
704971,918018,18/07/2024,L,defecto
704866,917643,2024-07-19,XL,defecto
701848,906731,18/07/2024,S,cambió de opinión
702249,908241,06/07/2024,l,color distinto
704486,916261,2024-07-14,S,no me gusta
705418,919697,2024-07-16,L,cambió de opinión
702603,909500,2024-07-18,M,talla incorrecta
702281,908351,21/07/2024,38,talla incorrecta
700950,903604,07/07/2024,41,color distinto
702553,909322,2024-07-16,L,no me queda bien
703882,914151,17/07/2024,40,no me queda bien
703622,913188,07/07/2024,Talla L,no me gusta
701453,905329,2024-07-15,l,cambió de opinión
705488,919933,16/07/2024,L,talla incorrecta
703489,912690,2024-07-12,M,no me queda bien
702491,909059,21/07/2024,xl,defecto
704784,917322,10/07/2024,39,no me queda bien
701166,904376,2024-07-11,38,talla incorrecta
701673,906143,2024-07-19,41,color distinto
703271,911965,2024-07-19,Talla M,talla incorrecta
704496,916282,2024-07-18,XS,cambió de opinión
702724,909931,2024-07-07,Talla M,talla incorrecta
704515,916337,2024-07-15,M,defecto
702096,907716,12 jul 2024,37,no me queda bien
705505,919969,2024-07-15,XL,no me queda bien
704810,917414,20 jul 2024,M,talla incorrecta
703553,912921,2024-07-17,S,no me gusta
701799,906606,13/07/2024,Talla M,cambió de opinión
702900,910585,19 jul 2024,Talla 39,no me gusta
700733,902798,12/07/2024,M,talla incorrecta
702287,908368,2024-07-02,Talla 39,cambió de opinión
704079,914834,2024-07-04,S,defecto
704830,917496,2024-07-16,37,no me gusta
703947,914410,16/07/2024,M,no me gusta
704782,917316,2024-07-20,Talla 38,talla incorrecta
705554,2010324,16/07/2024,L,cambió de opinión
700121,900474,18 jul 2024,XL,color distinto
703637,913243,08/07/2024,39,talla incorrecta
701741,906393,2024-07-15,XL,no me gusta
704447,916112,19/07/2024,M,talla incorrecta
703356,912266,12 jul 2024,L,color distinto
700712,902713,17 jul 2024,S,talla incorrecta
702313,908479,09/07/2024,m,cambió de opinión
702839,910364,2024-07-17,M,color distinto
703982,914502,21 jul 2024,39,cambió de opinión
702268,908325,2024-07-17,M,no me gusta
701772,906514,08/07/2024,37,defecto
702428,908837,05/07/2024,XL,talla incorrecta
701624,905946,17/07/2024,Talla L,defecto
701914,907000,14/07/2024,XS,color distinto
704033,914675,2024-07-16,L,talla incorrecta
700077,900306,7 jul 2024,xl,no me gusta
703676,913363,2024-07-18,L,defecto
701704,906243,2024-07-13,m,talla incorrecta
703635,913240,13/07/2024,Talla S,no me queda bien
703842,914000,19/07/2024,XL,no me gusta
702205,908114,2024-07-14,40,talla incorrecta
700164,900640,09/07/2024,M,cambió de opinión
704363,915857,13 jul 2024,38,talla incorrecta
704867,917644,2024-07-13,M,defecto
700395,901526,14/07/2024,L,cambió de opinión
704339,915775,2024-07-11,M,no me queda bien
701620,905936,11/07/2024,Talla 39,talla incorrecta
705282,919192,2024-07-20,L,talla incorrecta
704066,914778,13/07/2024,S,no me queda bien
702749,910006,2024-07-19,S,no me queda bien
704841,917530,17/07/2024,l,cambió de opinión
704448,916113,16 jul 2024,M,no me queda bien
702272,908335,20 jul 2024,40,talla incorrecta
703122,911391,2024-07-17,M,talla incorrecta
702941,910732,2024-07-20,l,talla incorrecta
702701,909860,2024-07-10,s,no me gusta
701514,905551,20/07/2024,M,no me queda bien
700927,903516,21/07/2024,xs,defecto
700956,903617,2024-07-14,Talla M,no me queda bien
702417,908810,13/07/2024,36,no me queda bien
705033,918261,17/07/2024,XL,no me gusta
703218,911751,2024-07-16,Talla XS,no me gusta
700415,901596,15 jul 2024,37,no me gusta
704306,915646,05/07/2024,L,talla incorrecta
703415,912452,2024-07-18,M,no me queda bien
702307,908450,22/07/2024,S,defecto
700342,901301,15/07/2024,L,no me gusta
700256,900969,13/07/2024,41,no me queda bien
704067,914780,19/07/2024,41,no me queda bien
700928,903525,16/07/2024,S,no me queda bien
704512,916331,05/07/2024,M,talla incorrecta
702346,908585,19 jul 2024,Talla M,cambió de opinión
700339,901294,2024-07-19,M,talla incorrecta
702767,910079,2024-07-22,L,cambió de opinión
702649,909649,2024-07-20,m,no me queda bien
700154,900592,2024-07-11,36,no me queda bien
702721,909922,12/07/2024,XL,cambió de opinión
703439,912536,13/07/2024,Talla XS,defecto
704683,916933,2024-07-09,39,color distinto
701635,905976,15/07/2024,42,no me queda bien
703031,911042,2024-07-04,38,talla incorrecta
703738,913630,12 jul 2024,l,talla incorrecta
700696,902637,20/07/2024,L,no me queda bien
704272,915555,2024-07-14,Talla S,no me queda bien
702351,908606,2024-07-11,L,cambió de opinión
704244,915467,18/07/2024,m,no me gusta
703288,912043,2024-07-03,L,talla incorrecta
703086,911241,13/07/2024,M,no me gusta
705208,918928,2024-07-13,M,talla incorrecta
701969,907223,2024-07-19,M,no me gusta
704856,917593,05/07/2024,Talla XS,color distinto
703292,912056,2024-07-11,38,defecto
701483,905451,2024-07-15,Talla S,no me gusta
702906,910603,2024-07-18,L,talla incorrecta
703326,912181,18/07/2024,S,no me queda bien
701092,904102,2024-07-13,XS,talla incorrecta
703373,912324,21 jul 2024,M,no me gusta
700380,901469,19/07/2024,Talla XL,talla incorrecta
702013,907409,2024-07-20,M,no me gusta
704038,914687,20/07/2024,M,color distinto
705285,919199,14/07/2024,38,no me queda bien
700379,901464,09/07/2024,S,color distinto
703650,913279,2024-07-19,42,cambió de opinión
704607,916684,2024-07-17,XS,defecto
703892,914195,2024-07-22,xl,defecto
702715,909910,2024-07-11,L,no me queda bien
703658,913304,19 jul 2024,XS,no me gusta
703055,911123,13/07/2024,L,talla incorrecta
701315,904882,2024-07-20,M,no me queda bien
700279,901046,18/07/2024,XS,no me queda bien
700174,900688,16 jul 2024,XS,talla incorrecta
700184,900713,11/07/2024,37,no me queda bien
703360,912274,2024-07-21,m,defecto
703688,913399,2024-07-21,M,no me queda bien
701855,906754,2024-07-20,l,color distinto
702111,907765,20/07/2024,38,defecto
700430,901638,2024-07-17,XL,defecto
700357,901378,14/07/2024,XS,defecto
701760,906473,14 jul 2024,XL,talla incorrecta
703347,912230,2024-07-14,Talla S,defecto
701651,906044,20/07/2024,M,no me queda bien
700169,900665,20/07/2024,Talla M,defecto
703953,914420,20/07/2024,S,defecto
704125,914997,2024-07-16,36,no me gusta
705372,919539,18/07/2024,XS,talla incorrecta
702077,907640,2024-07-16,XL,cambió de opinión
701234,904609,2024-07-13,37,cambió de opinión
704068,914788,18/07/2024,36,cambió de opinión
702067,907613,19/07/2024,XL,cambió de opinión
702922,910663,22/07/2024,Talla L,color distinto
705435,919758,12/07/2024,S,no me gusta
702325,908509,16/07/2024,M,color distinto
703757,913694,11/07/2024,S,talla incorrecta
702473,909010,2024-07-15,S,defecto
704346,915800,2024-07-19,Talla M,talla incorrecta
703790,913812,15/07/2024,M,no me queda bien
704421,916044,2024-07-08,L,no me gusta
704785,917325,2024-07-18,l,talla incorrecta
704684,916936,2024-07-08,M,no me gusta
701763,906483,17 jul 2024,L,cambió de opinión
704461,916186,13/07/2024,XS,no me gusta
704359,915847,2024-07-10,M,no me gusta
703438,912535,18 jul 2024,L,no me queda bien
701629,905960,08/07/2024,L,no me queda bien
705331,919372,2024-07-13,38,no me queda bien
702035,907504,03/07/2024,XS,talla incorrecta
702920,910652,20/07/2024,37,no me queda bien
705012,918185,19/07/2024,m,talla incorrecta
703305,912095,7 jul 2024,41,no me queda bien
705082,918442,2024-07-15,42,no me queda bien
701560,905719,2024-07-15,M,talla incorrecta
704091,914881,2024-07-14,M,talla incorrecta
703642,913256,17 jul 2024,Talla L,defecto
705377,919554,2024-07-19,37,defecto
701898,906923,2024-07-15,M,no me queda bien
700061,900234,2024-07-08,S,cambió de opinión
700891,903430,2024-07-14,XL,defecto
703013,910966,17/07/2024,M,talla incorrecta
702468,908983,2024-07-14,40,no me gusta
702309,908457,2024-07-13,38,no me gusta
702564,909369,2024-07-10,Talla XS,no me gusta
704570,916570,2024-07-16,39,defecto
702176,907984,2024-07-17,XL,cambió de opinión
703948,914412,17 jul 2024,S,talla incorrecta
701432,905281,2024-07-08,XS,cambió de opinión
704027,914656,20/07/2024,L,defecto
702030,907482,2024-07-15,Talla M,defecto
704291,915608,2024-07-15,Talla XS,no me gusta
702393,908733,2024-07-17,40,no me gusta
704546,916469,09/07/2024,S,color distinto
701708,906253,17/07/2024,40,no me gusta
702542,909257,07/07/2024,S,no me gusta
700291,901079,20/07/2024,39,no me gusta
703442,912547,17/07/2024,M,no me queda bien
703829,913960,12/07/2024,Talla S,talla incorrecta
703656,913298,15 jul 2024,M,color distinto
700881,903372,18/07/2024,L,no me queda bien
700344,901317,16/07/2024,s,no me queda bien
702705,909877,14/07/2024,Talla 40,no me gusta
704071,914796,20 jul 2024,S,talla incorrecta
701378,905067,13 jul 2024,L,color distinto
704208,915331,2024-07-19,40,talla incorrecta
704330,915752,10 jul 2024,M,no me queda bien
704629,916752,2024-07-08,41,color distinto
703352,912257,12 jul 2024,Talla S,no me queda bien
703077,911204,2024-07-20,L,no me gusta
704937,917882,2024-07-14,XL,talla incorrecta
703286,912035,2024-07-11,Talla 38,talla incorrecta
701633,905973,13 jul 2024,L,no me queda bien
704121,914981,2024-07-19,l,talla incorrecta
704259,915513,2024-06-29,S,defecto
702189,908038,10/07/2024,L,color distinto
703425,912471,2024-07-16,xl,no me gusta
701060,903994,17/07/2024,M,color distinto
704893,917719,18 jul 2024,36,talla incorrecta
702655,909686,2024-07-08,S,defecto
703928,914343,2024-07-17,M,talla incorrecta
702992,910913,2024-07-15,XS,defecto
704563,916541,15/07/2024,xl,no me gusta
701187,904459,2024-07-03,37,defecto
704494,916280,4 jul 2024,37,cambió de opinión
704290,915607,2024-07-16,39,cambió de opinión
700398,901537,16 jul 2024,Talla M,defecto
703674,913360,14/07/2024,41,no me queda bien
704737,917127,18/07/2024,S,no me queda bien
705439,919779,2024-07-10,M,talla incorrecta
700802,903044,2024-07-13,xl,cambió de opinión
702994,910918,2024-07-17,M,cambió de opinión
704479,916237,10/07/2024,41,no me queda bien
703879,914139,07/07/2024,XL,no me gusta
703511,912758,17/07/2024,XS,talla incorrecta
701958,907171,2024-07-13,S,color distinto
705159,918725,2024-07-09,L,no me gusta
705180,918790,2024-07-19,S,no me queda bien
700735,902800,11/07/2024,XL,color distinto
702965,910830,19 jul 2024,S,no me gusta
700449,901696,20/07/2024,XS,talla incorrecta
700495,901871,14 jul 2024,M,talla incorrecta
702375,908692,16/07/2024,XS,cambió de opinión
703771,913763,2024-07-16,m,no me gusta
705151,918695,14/07/2024,L,cambió de opinión
705190,918847,15/07/2024,S,talla incorrecta
704641,916782,12 jul 2024,M,no me queda bien
702080,907656,10/07/2024,39,talla incorrecta
700575,902172,2024-07-11,M,no me gusta
701984,907296,2024-07-18,39,no me gusta
702926,910677,2024-07-18,S,cambió de opinión
702928,910680,2024-07-16,XL,color distinto
700491,901856,21/07/2024,M,talla incorrecta
702983,910889,18 jul 2024,s,no me gusta
704682,916932,16 jul 2024,S,color distinto
701540,905664,10 jul 2024,S,cambió de opinión
701590,905822,2024-07-21,M,no me queda bien
701935,907077,2024-07-16,S,color distinto
703878,914134,18 jul 2024,M,talla incorrecta
702461,908953,17/07/2024,S,defecto
703960,914433,09/07/2024,L,defecto
701231,904591,14/07/2024,L,no me queda bien
704847,917559,16/07/2024,S,talla incorrecta
704093,914891,2024-07-11,M,talla incorrecta
702588,909446,22/07/2024,M,defecto
704398,915958,10 jul 2024,L,defecto
704186,915253,21/07/2024,40,no me queda bien
703774,913772,18 jul 2024,M,no me queda bien
701779,906530,2024-07-17,M,talla incorrecta
700930,903529,2024-07-04,Talla L,talla incorrecta
700873,903350,2024-07-21,l,talla incorrecta
703514,912770,2024-07-15,xl,talla incorrecta
700753,902858,2024-07-20,41,talla incorrecta
703398,912410,2024-07-17,M,color distinto
702348,908593,2024-07-10,M,cambió de opinión
704700,916980,2024-07-09,L,cambió de opinión
702195,908070,17/07/2024,L,no me queda bien
705376,919551,14 jul 2024,XL,color distinto
704685,916940,2024-07-15,Talla XL,defecto
700123,900478,20/07/2024,S,color distinto
704773,917276,2024-07-15,39,no me gusta
703609,913146,2024-07-15,S,no me queda bien
701845,906718,2024-07-19,XS,no me gusta
701827,906671,2024-07-17,S,no me queda bien
700719,902731,2024-07-17,L,no me queda bien
702273,908336,2024-07-01,37,no me queda bien
704343,915795,2024-07-13,39,talla incorrecta
700460,901739,2024-07-11,L,talla incorrecta
703954,914423,2024-07-16,40,no me queda bien
701075,904058,2024-06-27,M,no me gusta
704183,915243,21/07/2024,39,talla incorrecta
704732,917111,2024-07-07,S,cambió de opinión
702028,907475,2024-07-21,37,no me gusta
702591,909454,11 jul 2024,40,talla incorrecta
703146,911472,15 jul 2024,Talla 42,cambió de opinión
703768,913754,2024-07-17,40,talla incorrecta
701272,904728,15/07/2024,L,cambió de opinión
703043,911083,2024-07-06,L,talla incorrecta
701944,907109,2024-07-08,L,no me gusta
702316,908491,2024-07-18,39,talla incorrecta
704293,915615,12/07/2024,M,defecto
700277,901039,2024-07-19,38,talla incorrecta
702422,908821,2024-07-19,l,no me gusta
701206,904507,14/07/2024,Talla L,no me gusta
704267,915533,2024-07-19,L,cambió de opinión
702280,908350,2024-07-21,L,cambió de opinión
703233,911801,19 jul 2024,xs,talla incorrecta
702808,910253,20/07/2024,L,talla incorrecta
700188,900731,2024-07-18,L,no me gusta
702590,909452,2024-07-08,Talla M,no me queda bien
704522,916361,20/07/2024,M,no me queda bien
701828,906676,2024-07-22,L,no me gusta
701282,904770,2024-07-18,S,no me gusta
701809,906627,09/07/2024,XS,no me gusta
705101,918513,03/07/2024,M,no me gusta
701321,904902,2024-07-14,38,color distinto
701106,904142,2024-07-12,37,no me gusta
702630,909591,15 jul 2024,L,no me gusta
700272,901021,17 jul 2024,L,no me queda bien
700931,903533,2024-07-09,M,color distinto
701292,904805,2024-07-13,m,defecto
703289,912049,20/07/2024,M,cambió de opinión
702541,909254,14/07/2024,M,no me gusta
701836,906698,13/07/2024,Talla S,cambió de opinión
701328,904939,17/07/2024,Talla L,cambió de opinión
701587,905815,2024-07-16,Talla S,no me queda bien
704788,917338,2024-07-16,Talla M,cambió de opinión
703992,914547,2024-07-12,M,talla incorrecta
702282,908360,2024-07-11,l,talla incorrecta
703753,913677,2024-07-10,L,cambió de opinión
701885,906879,2024-07-16,Talla 38,no me gusta
700129,900502,10 jul 2024,M,color distinto
703039,911071,2024-07-16,s,color distinto
700200,900776,2024-07-20,S,no me queda bien
703304,912090,12/07/2024,M,no me gusta
702481,909036,2024-07-09,XL,no me queda bien
702320,908500,2024-06-28,Talla 40,talla incorrecta
701631,905964,17 jul 2024,XS,defecto
702361,908647,2024-07-17,S,no me queda bien
702602,909493,2024-07-20,39,defecto
705219,918968,06/07/2024,M,talla incorrecta
705378,919556,14/07/2024,XL,no me queda bien
703571,913010,2024-06-28,xl,no me queda bien
701616,905917,2024-07-10,L,defecto
703516,912788,12/07/2024,36,cambió de opinión
702303,908439,2024-07-14,L,no me gusta
704367,915863,18/07/2024,L,talla incorrecta
705341,919418,10/07/2024,L,no me gusta
705026,918240,21/07/2024,L,no me queda bien
705175,918774,2024-07-07,S,color distinto
704415,916018,11 jul 2024,XL,talla incorrecta
702312,908475,10/07/2024,36,talla incorrecta
705085,918455,18/07/2024,M,no me gusta
704056,914752,2024-07-08,m,no me queda bien
704556,916512,2024-07-17,XL,talla incorrecta
702219,908157,12/07/2024,XS,no me gusta
704823,917462,18/07/2024,L,cambió de opinión
703583,913058,21/07/2024,Talla L,talla incorrecta
700665,902515,2024-07-15,37,no me queda bien
705337,919392,2024-07-10,M,no me queda bien
700250,900948,18 jul 2024,S,no me gusta
702765,910071,2024-07-17,M,no me queda bien
702429,908841,13/07/2024,Talla M,no me queda bien
702452,908930,2024-07-05,XL,no me gusta
704946,917905,17 jul 2024,Talla M,no me queda bien
704467,916204,05/07/2024,38,no me queda bien
701636,905995,04/07/2024,36,talla incorrecta
701785,906549,2024-07-12,S,no me queda bien
701859,906762,2024-07-16,XL,no me queda bien
703877,914129,2024-07-02,L,no me gusta
704687,916948,2024-07-21,m,defecto
702025,907451,2024-07-20,XL,color distinto
700299,901117,2024-07-20,L,no me queda bien
705526,2043495,14/07/2024,S,talla incorrecta
705535,2002575,20 jul 2024,Talla M,color distinto
702431,908845,2024-07-20,40,no me gusta
700795,903022,19/07/2024,XL,no me gusta
703188,911632,12/07/2024,L,talla incorrecta
702389,908724,13 jul 2024,XS,color distinto
703724,913566,2024-07-16,XL,talla incorrecta
705261,919126,2024-07-20,M,talla incorrecta
704589,916630,21/07/2024,Talla M,no me queda bien
701489,905464,17 jul 2024,S,color distinto
701486,905459,18/07/2024,M,no me queda bien
702717,909913,15/07/2024,XL,defecto
705482,919916,2024-07-19,M,talla incorrecta
702078,907647,12 jul 2024,Talla L,talla incorrecta
700093,900386,2024-07-12,Talla L,no me gusta
701458,905341,14/07/2024,38,color distinto
701578,905783,18/07/2024,39,color distinto
702688,909794,2024-07-05,S,no me queda bien
701714,906267,2024-07-15,M,no me gusta
703866,914088,2024-06-30,Talla 38,color distinto
700513,901943,2024-07-15,S,no me queda bien
704416,916020,2024-07-09,S,color distinto
700681,902574,2024-07-09,M,no me queda bien
701513,905540,11/07/2024,XS,defecto
700985,903731,2024-07-17,L,no me gusta
700809,903061,2024-07-20,S,talla incorrecta
700650,902468,2024-07-09,M,color distinto
705295,919229,2024-07-13,S,cambió de opinión
705462,919863,04/07/2024,Talla L,defecto
700179,900698,2024-07-20,38,cambió de opinión
705103,918517,2024-07-20,36,defecto
703955,914424,2024-07-18,S,color distinto
705533,2020998,13 jul 2024,Talla M,cambió de opinión
701146,904317,2024-07-11,39,defecto
700663,902504,17/07/2024,M,no me gusta
701795,906593,10/07/2024,M,talla incorrecta
703974,914481,15 jul 2024,Talla L,no me queda bien
704129,915009,12/07/2024,s,talla incorrecta
704739,917133,2024-06-30,M,color distinto
702469,908988,2024-07-21,XL,no me queda bien
702086,907677,2024-07-21,M,no me queda bien
700592,902246,2024-07-18,m,talla incorrecta
701165,904375,12 jul 2024,L,talla incorrecta
700058,900221,2024-07-12,39,no me gusta
704819,917450,20/07/2024,38,no me queda bien
701465,905371,2024-07-19,39,defecto
700101,900406,16 jul 2024,s,color distinto
703605,913131,2024-07-04,S,talla incorrecta
701225,904576,19 jul 2024,l,Talla
701410,905197,2024-07-16,XS,no me gusta
703756,913693,2024-07-06,XL,talla incorrecta
700888,903407,2024-07-16,S,no me queda bien
700817,903096,2024-07-10,M,no me queda bien
703770,913759,12/07/2024,XL,color distinto
700617,902337,08/07/2024,L,defecto
701993,907336,19/07/2024,XL,no me gusta
703985,914517,06/07/2024,M,no me queda bien
701770,906507,2024-07-16,Talla M,no me gusta
705182,918804,17 jul 2024,39,no me queda bien
700490,901853,2024-07-14,S,no me queda bien
701438,905295,2024-07-13,s,defecto
700899,903451,2024-07-08,L,no me gusta
700319,901197,2024-07-19,L,talla incorrecta
705127,918597,2024-07-20,XL,no me queda bien
705412,919681,2024-07-16,l,talla incorrecta
703581,913054,2024-07-02,S,defecto
705039,918285,13 jul 2024,L,no me queda bien
702039,907520,2024-07-19,L,cambió de opinión
700825,903156,22/07/2024,Talla M,no me queda bien
700051,900197,2024-07-16,S,no me queda bien
704963,917974,13 jul 2024,XL,color distinto
700218,900834,14 jul 2024,41,talla incorrecta
701210,904523,2024-07-08,XL,talla incorrecta
702561,909359,2024-07-19,m,talla incorrecta
701654,906050,2024-07-09,41,defecto
701415,905207,2024-07-17,M,Talla
700943,903583,21/07/2024,XS,defecto
704601,916672,19/07/2024,39,no me queda bien
703665,913327,17/07/2024,S,color distinto
702033,907500,06/07/2024,XS,no me queda bien
704851,917572,2024-07-17,Talla M,talla incorrecta
702463,908968,2024-07-07,m,no me queda bien
701082,904080,17 jul 2024,S,talla incorrecta
703145,911471,21/07/2024,Talla 40,color distinto
701902,906945,11 jul 2024,41,no me gusta
701953,907141,2024-07-14,s,defecto
700587,902229,2024-07-22,Talla XS,no me queda bien
704313,915679,17/07/2024,37,cambió de opinión
701494,905479,2024-07-18,XL,defecto
703182,911618,2024-07-21,39,no me queda bien
702173,907971,16/07/2024,L,no me gusta
705068,918384,1 jul 2024,L,talla incorrecta
701308,904860,2024-07-16,xl,defecto
702979,910877,18/07/2024,Talla S,talla incorrecta
701115,904175,2024-07-17,M,no me gusta
704670,916895,2024-07-02,M,no me queda bien
705442,919792,17/07/2024,L,no me gusta
703559,912957,18/07/2024,36,talla incorrecta
704763,917242,2024-07-18,Talla L,no me queda bien
701705,906247,19/07/2024,38,no me queda bien
705244,919072,08/07/2024,Talla 40,no me queda bien
704663,916867,19/07/2024,m,color distinto
700125,900483,13/07/2024,l,no me gusta
700859,903288,16/07/2024,XL,cambió de opinión
701488,905463,2024-07-17,Talla M,talla incorrecta
702510,909116,2024-07-19,XL,talla incorrecta
701849,906733,16/07/2024,Talla S,no me queda bien
700043,900178,18 jul 2024,39,no me queda bien
704303,915635,2024-07-15,42,no me gusta
702130,907839,21 jul 2024,XS,cambió de opinión
702252,908257,2024-07-19,L,no me gusta
700754,902859,10 jul 2024,M,talla incorrecta
702225,908174,2024-07-06,Talla M,color distinto
702141,907865,19 jul 2024,S,talla incorrecta
703705,913472,2024-07-17,L,no me queda bien
704408,915985,2024-07-14,S,no me gusta
701672,906139,2024-07-17,M,talla incorrecta
705527,2001534,2024-07-15,S,no me gusta
700972,903681,01/07/2024,l,no me gusta
701434,905283,21/07/2024,M,defecto
705111,918549,05/07/2024,M,cambió de opinión
704860,917618,2024-07-19,S,talla incorrecta
702123,907815,2024-07-19,Talla L,no me queda bien
703983,914509,19 jul 2024,XL,talla incorrecta
703421,912462,07/07/2024,Talla L,no me queda bien
702555,909330,18 jul 2024,S,defecto
704969,918011,2024-07-19,S,talla incorrecta
704764,917243,19/07/2024,l,no me gusta
701344,904980,2024-07-16,L,talla incorrecta
704335,915765,21/07/2024,Talla XL,talla incorrecta
704686,916947,19/07/2024,Talla S,no me gusta
701573,905767,2024-07-19,36,talla incorrecta
700787,902999,2024-07-21,40,no me queda bien
700736,902801,2024-07-11,39,talla incorrecta
704922,917850,2024-07-17,S,talla incorrecta
701101,904130,2024-07-19,xl,defecto
700249,900946,2024-07-16,L,color distinto
702792,910183,2024-07-17,L,talla incorrecta
702709,909891,19/07/2024,M,talla incorrecta
702399,908749,2024-07-18,38,cambió de opinión
702547,909287,17/07/2024,XS,no me queda bien
701457,905339,15/07/2024,Talla 40,color distinto
702757,910040,2024-07-15,M,cambió de opinión
700993,903769,2024-07-17,XS,no me queda bien
705500,919959,2024-07-14,M,no me gusta
700953,903613,2024-07-19,Talla S,defecto
705413,919686,2024-07-15,M,no me gusta
701711,906260,08/07/2024,L,talla incorrecta
704137,915032,2024-07-13,M,no me queda bien
703539,912876,2024-07-20,L,talla incorrecta
700406,901561,2024-07-15,38,no me queda bien
703812,913913,2024-07-19,XL,cambió de opinión
701930,907061,12/07/2024,M,cambió de opinión
704133,915015,20/07/2024,S,cambió de opinión
704336,915766,2024-07-21,L,no me queda bien
701161,904361,2024-07-15,m,no me queda bien
702861,910445,2024-07-13,M,color distinto
700750,902840,2024-07-16,M,defecto
700301,901120,17 jul 2024,xl,no me queda bien
700560,902119,2024-07-21,S,no me gusta
700088,900369,2024-07-18,m,no me queda bien
704508,916324,16/07/2024,M,talla incorrecta
704787,917337,12/07/2024,l,talla incorrecta
702726,909945,12 jul 2024,s,talla incorrecta
701831,906684,2024-07-19,XS,defecto
704988,918092,2024-06-29,38,color distinto
700005,900007,2024-07-19,S,no me gusta
703235,911806,19/07/2024,s,no me gusta
702772,910100,2024-07-19,Talla M,no me gusta
701894,906908,10 jul 2024,36,no me queda bien
700506,901919,2024-07-18,XS,color distinto
704865,917640,2024-07-17,m,talla incorrecta
700475,901807,2024-07-17,XL,talla incorrecta
701413,905202,15 jul 2024,39,talla incorrecta
705544,2034881,2024-07-22,38,defecto
704605,916680,18/07/2024,M,talla incorrecta
704997,918121,8 jul 2024,Talla L,color distinto
700217,900833,2024-07-13,Talla L,no me gusta
701601,905866,18 jul 2024,M,color distinto
700119,900472,2024-07-19,M,no me gusta
700959,903627,2024-07-16,XS,no me queda bien
700479,901825,17/07/2024,M,talla incorrecta
703651,913282,18/07/2024,39,no me gusta
700269,901010,2024-07-10,Talla XL,cambió de opinión
703372,912322,2024-07-09,L,talla incorrecta
700499,901889,16 jul 2024,M,no me gusta
703170,911570,2024-07-16,l,no me gusta
701501,905493,2024-07-19,XS,cambió de opinión
704370,915882,2024-07-13,M,no me gusta
704089,914869,17/07/2024,M,no me queda bien
704166,915201,2024-07-15,m,no me queda bien
701989,907323,2024-07-19,M,color distinto
700565,902127,2024-07-20,L,cambió de opinión
700155,900595,2024-07-12,M,talla incorrecta
701860,906763,2024-07-16,M,talla incorrecta
703375,912327,17/07/2024,M,defecto
704889,917711,22/07/2024,M,defecto
701794,906587,2024-07-15,XL,no me gusta
704653,916821,2024-07-14,41,defecto
704894,917732,2024-07-16,M,color distinto
700445,901683,12/07/2024,Talla S,cambió de opinión
704576,916588,2024-07-17,42,no me queda bien
703369,912309,11/07/2024,m,no me queda bien
701962,907185,2024-07-22,36,no me queda bien
704039,914690,19 jul 2024,M,defecto
703187,911629,2024-07-06,L,color distinto
703216,911745,21 jul 2024,36,no me gusta
704972,918020,2024-07-10,42,talla incorrecta
702981,910879,2024-07-14,39,talla incorrecta
700830,903167,2024-07-15,M,color distinto
705522,2011802,10/07/2024,S,color distinto
700260,900979,2024-07-17,L,talla incorrecta
702003,907364,2024-07-15,m,color distinto
703631,913230,2024-07-14,Talla L,no me queda bien
700527,901983,2024-07-11,M,cambió de opinión
704314,915680,2024-07-16,S,talla incorrecta
702132,907846,2024-07-18,M,no me queda bien
702562,909364,2024-07-08,L,talla incorrecta
703713,913513,08/07/2024,M,no me gusta
702496,909073,20/07/2024,42,talla incorrecta
701284,904774,2024-07-03,S,no me gusta
703509,912756,2024-07-18,XL,cambió de opinión
704287,915602,2024-07-05,XL,color distinto
701707,906252,12/07/2024,L,no me queda bien
702667,909727,3 jul 2024,40,no me queda bien
703316,912126,2024-07-20,S,color distinto
702737,909981,01/07/2024,S,no me gusta
703530,912836,2024-07-15,L,no me gusta
701476,905424,20/07/2024,l,no me gusta
703528,912832,2024-07-08,XL,talla incorrecta
703400,912416,19 jul 2024,XL,talla incorrecta
703993,914548,13/07/2024,39,cambió de opinión
704193,915279,18/07/2024,36,no me queda bien
703085,911239,17/07/2024,M,no me queda bien
704779,917295,2024-07-21,Talla XL,color distinto
702704,909875,12 jul 2024,XS,no me queda bien
700742,902817,2024-07-18,XL,color distinto
705060,918349,2024-07-18,37,talla incorrecta
703361,912280,2024-07-19,39,talla incorrecta
702535,909245,2024-07-14,M,no me queda bien
703423,912467,2024-07-20,S,defecto
702310,908467,20/07/2024,42,no me queda bien
700474,901805,19/07/2024,39,cambió de opinión
700238,900912,9 jul 2024,L,talla incorrecta
701768,906500,15/07/2024,XL,no me queda bien
701644,906025,2024-07-16,S,talla incorrecta
700089,900371,2024-07-15,XS,talla incorrecta
700596,902266,14/07/2024,38,talla incorrecta
702552,909316,11 jul 2024,XS,defecto
702891,910560,2024-07-14,M,talla incorrecta
704516,916339,19/07/2024,M,talla incorrecta
704845,917546,2024-07-17,S,defecto
700616,902330,21/07/2024,M,no me queda bien
702976,910861,09/07/2024,XL,cambió de opinión
703611,913151,09/07/2024,S,no me gusta
705551,2013055,2024-07-08,L,talla incorrecta
703429,912495,2024-07-14,XL,no me queda bien
703569,912999,18/07/2024,36,talla incorrecta
703712,913506,2024-07-17,l,no me queda bien
705521,2047096,17 jul 2024,38,no me gusta
705091,918471,2 jul 2024,M,no me queda bien
704358,915844,2024-07-06,L,talla incorrecta
701740,906391,2024-07-13,41,defecto
703784,913796,18/07/2024,L,no me queda bien
704310,915673,2024-07-17,38,no me gusta
703638,913245,2024-07-09,M,defecto
700453,901710,03/07/2024,L,cambió de opinión
704099,914906,21/07/2024,M,defecto
704307,915655,10 jul 2024,L,no me gusta
704161,915154,18 jul 2024,S,talla incorrecta
701668,906128,2024-07-19,37,no me gusta
702179,908003,2024-07-11,37,defecto
703023,911009,20 jul 2024,L,no me queda bien
700533,901998,2024-07-10,40,defecto
703074,911197,12/07/2024,XL,color distinto
704017,914621,2024-07-21,42,defecto
702034,907502,2024-07-21,XS,talla incorrecta
700694,902633,19/07/2024,M,color distinto
701551,905692,2024-07-16,M,no me queda bien
702152,907898,6 jul 2024,36,no me queda bien
700275,901028,2024-07-15,L,defecto
704843,917541,9 jul 2024,40,defecto
703301,912081,21 jul 2024,M,no me queda bien
703787,913804,2024-07-13,39,no me gusta
703687,913394,15/07/2024,Talla S,no me gusta
702038,907515,15/07/2024,L,no me gusta
701873,906811,21/07/2024,S,defecto
701384,905086,2024-07-17,Talla M,no me gusta
704547,916478,2024-07-12,s,no me queda bien
703294,912063,2024-07-21,XL,no me queda bien
701815,906644,2024-07-12,Talla L,talla incorrecta
700440,901672,2024-07-17,S,talla incorrecta
702032,907498,2024-07-04,xs,cambió de opinión
705290,919213,2024-07-15,XS,talla incorrecta
702943,910745,17/07/2024,XS,talla incorrecta
702408,908779,2024-07-18,XS,no me gusta
700957,903620,2024-07-18,S,no me queda bien
701519,905580,19/07/2024,S,no me gusta
702059,907587,2024-07-03,XS,defecto
703081,911216,11/07/2024,Talla XL,no me gusta
704132,915014,12 jul 2024,Talla S,talla incorrecta
700483,901839,17/07/2024,XS,color distinto
705259,919110,20/07/2024,38,defecto
705431,919747,18 jul 2024,M,color distinto
705357,919477,12 jul 2024,Talla M,talla incorrecta
702618,909551,18 jul 2024,S,defecto
700225,900869,2024-07-18,S,no me gusta
704580,916603,18/07/2024,S,no me queda bien
702829,910319,2024-07-05,XS,color distinto
703337,912206,2024-07-15,41,no me gusta
702362,908649,21/07/2024,M,no me gusta
701652,906046,14/07/2024,xl,defecto
701561,905721,05/07/2024,XL,talla incorrecta
700800,903038,17/07/2024,L,no me queda bien
705514,919993,09/07/2024,41,talla incorrecta
701303,904844,13 jul 2024,S,no me gusta
703308,912099,15/07/2024,Talla M,no me queda bien
702763,910065,14/07/2024,XS,defecto
704484,916259,2024-07-13,S,talla incorrecta
700367,901408,18/07/2024,XL,cambió de opinión
703108,911332,13/07/2024,XL,cambió de opinión
702843,910377,2024-07-17,38,no me queda bien
703555,912938,17/07/2024,XL,no me queda bien
703731,913590,2024-07-12,38,talla incorrecta
701915,907001,2024-07-18,Talla L,no me gusta
705343,919421,20/07/2024,XS,no me gusta
703278,911996,2024-07-16,M,talla incorrecta
704721,917070,13/07/2024,l,no me queda bien
702210,908133,10/07/2024,S,talla incorrecta
702330,908529,21/07/2024,XS,defecto
705139,918649,2024-07-21,Talla L,no me gusta
703094,911286,2024-07-16,M,talla incorrecta
704107,914934,10 jul 2024,41,cambió de opinión
703364,912297,2024-07-11,42,no me queda bien
704818,917448,13 jul 2024,L,no me queda bien
703490,912694,2024-07-22,M,no me gusta
700150,900565,3 jul 2024,42,defecto
703639,913246,12/07/2024,S,talla incorrecta
702621,909565,15/07/2024,xl,defecto
704262,915518,17/07/2024,M,no me queda bien
703534,912854,2024-07-18,XL,talla incorrecta
702921,910662,18/07/2024,M,no me gusta
701363,905034,2024-07-19,M,no me queda bien
701971,907226,2024-07-10,40,no me gusta
702381,908703,2024-07-09,42,no me gusta
703339,912216,2024-07-14,Talla L,talla incorrecta
700336,901273,2024-07-19,XS,talla incorrecta
704012,914609,19/07/2024,36,no me queda bien
704194,915285,2024-07-12,L,cambió de opinión
702520,909156,2024-07-09,L,no me queda bien
700793,903015,2024-07-04,s,no me gusta
701173,904409,8 jul 2024,36,talla incorrecta
700673,902548,2024-07-13,M,no me gusta
703852,914030,2024-07-15,M,no me queda bien
701046,903959,2024-07-09,S,defecto
700274,901026,17/07/2024,XS,color distinto
700752,902855,2024-07-02,L,no me queda bien
702160,907926,18 jul 2024,L,talla incorrecta
701880,906845,2024-07-17,XS,no me gusta
704574,916585,2024-07-17,XS,no me gusta
701398,905154,18/07/2024,42,no me gusta
704455,916169,21 jul 2024,L,talla incorrecta
702519,909152,14/07/2024,40,talla incorrecta
700717,902729,17/07/2024,Talla S,talla incorrecta
703046,911092,2024-07-09,S,cambió de opinión
701604,905880,2024-07-22,M,talla incorrecta
700726,902757,2024-07-11,S,talla incorrecta
701762,906481,19/07/2024,Talla M,no me queda bien
703451,912567,08/07/2024,38,cambió de opinión
703545,912890,2024-07-14,M,cambió de opinión
703527,912827,21/07/2024,39,no me queda bien
702427,908836,2024-07-20,39,no me queda bien
702577,909412,17/07/2024,M,no me gusta
701402,905162,12/07/2024,S,defecto
702112,907769,15 jul 2024,s,cambió de opinión
705510,919982,2024-07-14,XL,no me queda bien
702554,909323,20/07/2024,M,no me queda bien
703951,914416,19/07/2024,M,no me gusta
700854,903274,10/07/2024,L,no me gusta
704625,916747,10/07/2024,S,defecto
702821,910291,2024-07-02,XS,talla incorrecta
703570,913000,14 jul 2024,38,no me gusta
700510,901927,2024-07-13,M,no me gusta
702832,910335,2024-07-06,40,no me gusta
705242,919061,15 jul 2024,S,no me queda bien
701623,905940,20/07/2024,42,no me gusta
704833,917503,8 jul 2024,S,defecto
704073,914808,2024-07-19,41,no me gusta
702453,908931,10/07/2024,S,color distinto
700851,903260,2024-07-15,37,defecto
701306,904852,02/07/2024,M,cambió de opinión
702300,908425,2024-07-18,M,talla incorrecta
701662,906108,15/07/2024,M,talla incorrecta
703952,914418,30/06/2024,37,no me gusta
704914,917814,2024-06-28,L,talla incorrecta
702661,909703,7 jul 2024,41,cambió de opinión
701919,907008,2024-07-17,L,no me gusta
700935,903553,2024-07-13,m,no me gusta
701034,903919,10/07/2024,S,no me queda bien
704745,917163,2024-07-17,38,talla incorrecta
700746,902829,2024-07-17,S,no me gusta
702766,910072,17/07/2024,m,defecto
704909,917802,14 jul 2024,XS,no me gusta
702776,910111,2024-07-17,l,no me queda bien
701389,905125,18/07/2024,40,no me gusta
704651,916813,2024-07-15,m,color distinto
703436,912530,15/07/2024,Talla M,no me queda bien
701874,906814,10/07/2024,36,cambió de opinión
704154,915108,2024-07-17,l,no me gusta
702382,908707,2024-07-10,XS,no me queda bien
704277,915574,12 jul 2024,L,talla incorrecta
701502,905496,2024-07-14,39,no me gusta
703818,913927,2024-07-16,m,talla incorrecta
703176,911593,19 jul 2024,L,talla incorrecta
702845,910379,2024-07-13,m,defecto
702804,910232,2024-07-16,S,no me queda bien
705485,919925,2024-07-11,36,talla incorrecta
705057,918343,2024-07-10,S,no me gusta
704928,917867,06/07/2024,S,no me queda bien
701520,905584,17/07/2024,Talla 40,no me queda bien
703044,911085,18/07/2024,XS,no me queda bien
703704,913468,16 jul 2024,L,no me gusta
705007,918165,17/07/2024,S,talla incorrecta
705248,919079,18 jul 2024,Talla M,talla incorrecta
701302,904840,2024-07-02,XS,cambió de opinión
703596,913100,2024-07-15,M,talla incorrecta
702869,910480,19/07/2024,Talla L,talla incorrecta
703636,913241,2024-07-10,M,talla incorrecta
701755,906459,19/07/2024,M,cambió de opinión
704666,916877,21 jul 2024,Talla M,talla incorrecta
705363,919507,2024-07-05,M,no me gusta
701490,905469,2024-07-09,Talla XL,cambió de opinión
705389,919583,05/07/2024,L,defecto
700073,900278,2024-07-15,XL,color distinto
702117,907788,2024-07-15,L,no me queda bien
704945,917902,2024-07-15,XL,defecto
702756,910038,17/07/2024,XL,no me gusta
701686,906187,2024-07-21,XL,defecto
704900,917747,14/07/2024,Talla XL,defecto
701199,904488,17/07/2024,M,defecto
701717,906282,10/07/2024,Talla L,no me gusta
702881,910519,2024-07-14,L,no me gusta
701350,904993,2024-07-12,l,no me gusta
703296,912072,11/07/2024,M,defecto
703666,913329,2024-07-11,S,no me queda bien
701694,906214,13 jul 2024,XL,no me gusta
703183,911619,2024-07-12,Talla M,no me queda bien
701916,907002,2024-07-22,L,talla incorrecta
702844,910378,16/07/2024,XS,color distinto
702246,908232,2024-07-20,M,no me queda bien
700944,903589,16 jul 2024,L,no me queda bien
704638,916774,2024-07-17,L,talla incorrecta
702311,908471,2024-07-18,L,no me queda bien
701263,904696,15/07/2024,39,no me gusta
704127,915005,03/07/2024,Talla 37,defecto
703796,913828,21/07/2024,Talla M,defecto
700467,901791,20/07/2024,Talla L,cambió de opinión
700631,902400,2024-07-16,m,Talla
702295,908398,2024-07-18,s,no me queda bien
702773,910101,18/07/2024,m,no me gusta
703376,912328,2024-07-13,M,cambió de opinión
700816,903095,2024-07-08,L,color distinto
700522,901970,09/07/2024,M,no me gusta
704396,915953,22/07/2024,37,cambió de opinión
701825,906666,2024-07-09,39,cambió de opinión
703125,911399,20/07/2024,XS,talla incorrecta
701613,905911,2024-07-14,L,color distinto
703368,912304,7 jul 2024,S,cambió de opinión
700941,903580,21/07/2024,40,no me queda bien
701650,906038,21/07/2024,Talla S,cambió de opinión
704241,915450,2024-07-11,L,defecto
701533,905622,11/07/2024,M,talla incorrecta
703630,913213,2024-07-14,XL,no me queda bien
701482,905449,17 jul 2024,m,talla incorrecta
702617,909545,19/07/2024,M,cambió de opinión
705346,919437,2024-07-19,L,color distinto
703283,912016,2024-07-20,XS,talla incorrecta
700676,902555,2024-07-16,L,no me queda bien
702101,907742,16 jul 2024,Talla M,color distinto
702106,907754,2024-07-20,M,color distinto
700309,901154,2024-07-18,XS,cambió de opinión
705414,919687,2024-07-16,M,no me gusta
702963,910821,2024-07-18,s,defecto
702884,910530,2024-07-15,l,no me queda bien
701325,904915,16/07/2024,S,cambió de opinión
702018,907435,2024-07-11,L,talla incorrecta
700920,903493,2024-07-21,Talla 38,talla incorrecta
705263,919131,2024-07-20,M,color distinto
703041,911077,2024-07-17,L,no me queda bien
704755,917218,20/07/2024,XL,defecto
705213,918940,2024-07-16,38,defecto
704720,917067,19 jul 2024,XL,cambió de opinión
703973,914479,17/07/2024,38,no me queda bien
703160,911525,19/07/2024,XL,defecto
702572,909401,2024-07-15,M,no me queda bien
700649,902465,19/07/2024,M,no me queda bien
701911,906992,19/07/2024,L,talla incorrecta
704323,915716,30/06/2024,Talla S,talla incorrecta
704028,914658,11 jul 2024,S,no me gusta
700168,900660,17 jul 2024,XL,defecto
701089,904097,2024-07-09,xl,talla incorrecta
700979,903716,03/07/2024,xs,talla incorrecta
701479,905444,18/07/2024,m,talla incorrecta
703586,913070,17/07/2024,Talla XS,talla incorrecta
704211,915341,2024-07-19,41,cambió de opinión
703807,913892,12 jul 2024,L,no me queda bien
701421,905235,2024-07-09,L,talla incorrecta
702672,909747,2024-07-15,XL,no me gusta
705532,2031758,19/07/2024,38,no me queda bien
704824,917474,20 jul 2024,S,talla incorrecta
701583,905800,2024-07-17,36,color distinto
701575,905770,2024-07-20,39,no me gusta
703355,912264,2024-07-11,Talla L,talla incorrecta
704386,915926,20/07/2024,XL,talla incorrecta
704834,917506,2024-07-06,S,defecto
701099,904127,19 jul 2024,M,color distinto
705483,919917,2024-07-18,M,no me queda bien
702237,908206,2024-07-21,M,cambió de opinión
703597,913104,18 jul 2024,L,no me queda bien
700354,901369,18 jul 2024,S,talla incorrecta
702052,907570,22/07/2024,M,no me queda bien
702071,907631,16/07/2024,S,defecto
703668,913332,2024-07-18,XS,color distinto
701800,906608,12/07/2024,M,color distinto
702061,907590,19 jul 2024,XL,no me gusta
705044,918295,2024-07-20,XL,no me queda bien
705332,919379,12 jul 2024,39,no me gusta
701439,905296,2024-07-09,39,cambió de opinión
704449,916116,10/07/2024,M,talla incorrecta
702493,909067,20/07/2024,XL,defecto
701366,905049,2024-07-08,XL,no me queda bien
705271,919156,16/07/2024,S,no me gusta
704157,915125,15/07/2024,37,no me queda bien
700721,902736,19/07/2024,m,talla incorrecta
703647,913270,2024-07-17,38,no me queda bien
705289,919211,2024-07-13,39,no me gusta
700671,902542,2024-07-11,S,no me queda bien
702213,908145,2024-07-20,Talla L,cambió de opinión
702676,909760,6 jul 2024,40,color distinto
703470,912625,20 jul 2024,M,color distinto
701972,907227,2024-07-14,M,no me queda bien
703533,912848,14/07/2024,Talla L,no me queda bien
700584,902220,08/07/2024,S,defecto
702197,908085,2024-07-17,XS,talla incorrecta
703781,913787,2024-07-19,M,cambió de opinión
703969,914468,17/07/2024,S,no me gusta
705287,919205,2024-07-16,Talla L,talla incorrecta
703875,914127,2024-07-09,M,no me queda bien
702937,910720,2024-07-11,l,color distinto
700421,901613,19/07/2024,L,talla incorrecta
702143,907878,2024-07-15,L,cambió de opinión
702365,908661,2024-07-15,L,no me queda bien
704956,917958,16/07/2024,M,talla incorrecta
701485,905454,2024-07-13,s,no me queda bien
700898,903449,22 jul 2024,M,no me gusta
703814,913918,2024-07-18,M,talla incorrecta
702671,909742,2024-07-20,XS,no me queda bien
702806,910235,2024-07-21,L,no me gusta
702586,909439,07/07/2024,S,color distinto
702458,908945,2024-07-16,S,no me gusta
700994,903772,2024-07-21,M,defecto
701745,906410,15 jul 2024,XS,cambió de opinión
700691,902630,21 jul 2024,M,talla incorrecta
700951,903607,2024-07-21,L,talla incorrecta
704662,916866,21/07/2024,S,talla incorrecta
703917,914311,12/07/2024,39,no me gusta
702484,909043,20 jul 2024,L,no me gusta
701572,905765,2024-07-07,L,no me gusta
702800,910221,14/07/2024,M,no me gusta
701072,904044,2024-07-12,L,no me queda bien
702276,908340,2024-07-16,M,no me queda bien
704025,914649,2024-07-18,S,cambió de opinión
703100,911297,2024-07-05,M,no me gusta
701821,906659,2024-07-13,36,no me gusta
700210,900808,2024-07-07,S,color distinto
702798,910217,2024-07-16,Talla S,no me gusta
700689,902625,19/07/2024,M,talla incorrecta
701746,906413,13/07/2024,38,talla incorrecta
702014,907412,13/07/2024,XL,defecto
702378,908700,19 jul 2024,L,defecto
703815,913920,19 jul 2024,39,color distinto
703869,914098,03/07/2024,S,no me gusta
703446,912556,2024-07-19,xl,cambió de opinión
701112,904160,22/07/2024,S,no me gusta
701826,906668,22 jul 2024,L,talla incorrecta
704694,916966,2024-07-19,37,no me gusta
700968,903673,15/07/2024,Talla 38,talla incorrecta
703657,913299,16 jul 2024,L,defecto
700803,903046,2024-07-08,s,no me queda bien
702324,908508,14/07/2024,M,cambió de opinión
700485,901841,2024-07-14,L,no me gusta
701274,904738,2024-07-20,37,no me queda bien
703485,912677,16/07/2024,S,defecto
700293,901089,2024-06-29,36,defecto
704744,917152,2024-07-09,XS,cambió de opinión
703034,911049,18/07/2024,XL,talla incorrecta
702775,910108,08/07/2024,M,no me queda bien
700591,902237,16/07/2024,S,no me gusta
700544,902057,2024-07-20,L,defecto
702774,910104,21/07/2024,38,color distinto
700165,900644,12 jul 2024,M,defecto
704826,917483,9 jul 2024,L,no me gusta
702488,909054,2024-07-13,39,talla incorrecta
700572,902163,13/07/2024,s,cambió de opinión
701191,904467,2024-07-20,M,no me gusta
705119,918571,11/07/2024,S,color distinto
702716,909912,08/07/2024,L,defecto
703906,914257,2024-07-19,XL,talla incorrecta
705229,919013,2024-07-15,Talla M,cambió de opinión
703898,914222,21/07/2024,M,talla incorrecta
703667,913331,21 jul 2024,L,talla incorrecta
704533,916405,17 jul 2024,M,no me gusta
701727,906331,09/07/2024,s,talla incorrecta
702191,908050,20/07/2024,XL,defecto
701998,907352,16 jul 2024,39,talla incorrecta
701649,906037,2024-07-21,L,color distinto
701949,907127,15/07/2024,L,no me queda bien
705034,918264,2024-07-21,L,no me queda bien
704078,914829,2024-07-07,42,talla incorrecta
704042,914697,2024-07-12,L,color distinto
702729,909951,2024-06-27,S,no me gusta
704807,917405,21/07/2024,41,color distinto
704618,916724,2024-07-21,M,talla incorrecta
703302,912085,2024-07-17,L,no me queda bien
702888,910555,2024-07-13,L,talla incorrecta
700231,900894,2024-07-12,XS,talla incorrecta
703105,911323,2024-07-16,L,talla incorrecta
700578,902180,08/07/2024,M,defecto
703735,913615,2024-07-20,XL,no me queda bien
705262,919127,20 jul 2024,37,no me queda bien
705030,918255,2024-07-13,38,no me queda bien
704882,917682,4 jul 2024,XS,talla incorrecta
700248,900942,2024-07-21,S,no me gusta
705358,919480,2024-07-11,S,no me queda bien
703238,911824,2024-07-21,S,no me gusta
704566,916551,14/07/2024,XS,no me queda bien
702700,909842,2024-07-16,S,no me gusta
702725,909934,2024-07-20,S,no me queda bien
701229,904588,2024-07-12,M,no me queda bien
701370,905059,2024-07-08,42,no me gusta
705495,919944,14/07/2024,M,no me queda bien
702274,908337,2024-07-01,M,color distinto
702444,908895,2024-07-12,m,no me queda bien
700923,903508,2024-07-17,L,Talla
701853,906742,15/07/2024,XL,cambió de opinión
703910,914279,19/07/2024,m,no me queda bien
703832,913972,2024-07-19,XS,no me queda bien
701606,905889,2024-07-10,Talla M,talla incorrecta
705051,918315,20/07/2024,l,talla incorrecta
702606,909511,2024-07-18,39,talla incorrecta
704051,914734,2024-07-15,L,defecto
700180,900701,09/07/2024,Talla XS,color distinto
700305,901137,2024-07-19,39,talla incorrecta
701407,905178,17/07/2024,S,color distinto
700634,902404,17 jul 2024,XS,talla incorrecta
700660,902498,11/07/2024,M,defecto
701224,904573,19/07/2024,39,talla incorrecta
702989,910906,14 jul 2024,Talla L,talla incorrecta
704657,916833,20/07/2024,M,cambió de opinión
700222,900849,2024-07-05,M,cambió de opinión
703413,912450,2024-07-10,m,me queda pequeño
703786,913803,2024-07-15,xs,cambió de opinión
703887,914173,2024-07-11,L,no me queda bien
704365,915860,14/07/2024,M,defecto
704261,915517,12 jul 2024,S,talla incorrecta
703293,912061,2024-07-18,S,cambió de opinión
703802,913857,2024-07-20,36,talla incorrecta
701547,905684,18/07/2024,Talla M,no me queda bien
701484,905453,2024-07-17,xs,no me gusta
701288,904786,2024-07-20,36,no me queda bien
701056,903984,2024-07-18,XS,no me gusta
703270,911962,2024-07-13,XS,talla incorrecta
703828,913958,2024-07-14,42,defecto
700296,901102,09/07/2024,L,no me queda bien
703660,913308,2024-07-11,L,no me gusta
704092,914885,2024-07-15,XL,color distinto
703918,914313,21/07/2024,L,talla incorrecta
701951,907134,18/07/2024,39,no me gusta
701722,906302,2024-07-19,M,talla incorrecta
702582,909428,2024-07-11,40,talla incorrecta
704754,917212,20/07/2024,XS,no me gusta
702403,908762,15/07/2024,M,talla incorrecta
704660,916843,17/07/2024,M,Talla
703019,910997,19 jul 2024,S,defecto
701628,905959,2024-07-16,m,no me queda bien
704390,915932,2024-07-13,m,no me gusta
700999,903784,2024-07-18,L,defecto
704011,914608,17/07/2024,Talla 41,no me gusta
702259,908295,19 jul 2024,M,no me gusta
705022,918228,12 jul 2024,S,talla incorrecta
700505,901918,2024-07-10,Talla L,color distinto
701051,903978,20/07/2024,Talla M,color distinto
702911,910619,2024-07-17,M,defecto
704188,915263,2024-07-16,L,no me queda bien
703632,913232,2024-07-04,m,defecto
703956,914426,19/07/2024,L,talla incorrecta
700519,901961,18 jul 2024,M,talla incorrecta
701015,903846,21/07/2024,XS,talla incorrecta
704174,915216,14 jul 2024,XS,talla incorrecta
702397,908741,2024-07-04,Talla L,no me queda bien
700905,903464,2024-07-16,L,no me gusta
704452,916155,19/07/2024,XS,defecto
700756,902867,11/07/2024,m,talla incorrecta
704220,915376,15 jul 2024,L,no me queda bien
700161,900625,22 jul 2024,XL,cambió de opinión
702144,907886,2024-07-20,38,no me gusta
702711,909895,19/07/2024,m,defecto
703762,913720,14/07/2024,38,color distinto
702243,908220,11/07/2024,S,no me queda bien
701276,904746,18 jul 2024,L,talla incorrecta
701838,906702,2024-07-10,Talla M,cambió de opinión
704490,916268,2024-07-18,S,talla incorrecta
703177,911595,2024-07-17,l,talla incorrecta
703256,911913,21 jul 2024,L,no me gusta
702134,907849,20/07/2024,40,talla incorrecta
703165,911540,2024-07-06,s,no me gusta
703924,914336,18 jul 2024,M,defecto
703634,913237,13/07/2024,S,no me queda bien
704058,914760,10/07/2024,S,no me queda bien
702079,907650,2024-07-18,L,talla incorrecta
701037,903928,15/07/2024,S,talla incorrecta
702930,910689,16 jul 2024,XS,no me queda bien
700245,900936,16/07/2024,XS,cambió de opinión
702447,908909,07/07/2024,S,color distinto
700961,903632,17 jul 2024,38,cambió de opinión
705256,919106,2024-07-15,M,talla incorrecta
704669,916894,6 jul 2024,l,no me gusta
703076,911203,11/07/2024,M,no me gusta
704572,916574,18/07/2024,L,Talla
703603,913129,2024-07-15,L,no me gusta
703552,912918,2024-07-20,Talla M,defecto
704558,916515,19/07/2024,S,no me queda bien
700347,901325,2024-07-10,XL,no me queda bien
703701,913456,2024-07-16,38,color distinto
704210,915340,2024-07-17,M,no me queda bien
704793,917349,20/07/2024,41,no me gusta
703072,911190,2024-07-13,Talla S,cambió de opinión
704391,915934,20/07/2024,xl,no me gusta
702327,908515,2024-07-16,Talla M,no me gusta
703211,911731,2024-07-18,S,defecto
704414,916017,2024-07-16,M,no me queda bien
700730,902778,03/07/2024,40,talla incorrecta
704124,914994,2024-07-09,L,no me gusta
703979,914495,19 jul 2024,S,defecto
701091,904101,2024-07-16,L,Talla
705257,919107,19/07/2024,41,color distinto
701588,905816,2024-07-12,36,talla incorrecta
701677,906153,2024-07-17,39,no me gusta
704296,915623,20/07/2024,L,talla incorrecta
700893,903434,2024-07-15,XS,no me queda bien
701399,905156,2024-07-20,L,talla incorrecta
700436,901662,11 jul 2024,M,talla incorrecta
701365,905047,2024-07-16,Talla XS,no me gusta
701266,904707,2024-07-12,M,talla incorrecta
705169,918761,2024-07-17,S,talla incorrecta
700389,901507,09/07/2024,Talla M,talla incorrecta
700987,903741,10/07/2024,M,color distinto
703274,911973,2024-07-17,S,defecto
701136,904263,2024-07-17,L,no me gusta
700353,901353,2024-07-10,M,defecto
701163,904368,2024-07-07,XL,no me gusta
701897,906922,12/07/2024,39,no me queda bien
703389,912383,2024-07-15,M,no me gusta
702827,910312,2024-07-20,S,no me queda bien
700080,900330,21/07/2024,s,talla incorrecta
703500,912725,16/07/2024,39,talla incorrecta
701940,907093,2024-07-13,S,talla incorrecta
702037,907513,2024-07-20,L,no me queda bien
704233,915422,22 jul 2024,M,talla incorrecta
701085,904083,2024-07-14,38,talla incorrecta
705537,2018999,2024-07-09,Talla M,defecto
705029,918250,2024-07-19,XS,talla incorrecta
703648,913274,20/07/2024,Talla S,talla incorrecta
703698,913450,11/07/2024,Talla M,no me gusta
700582,902205,20/07/2024,S,no me gusta
703531,912844,2024-07-09,40,no me gusta
704074,914815,2024-07-20,M,no me gusta
701069,904033,17/07/2024,l,no me gusta
704561,916536,14/07/2024,M,talla incorrecta
704999,918124,20/07/2024,l,no me queda bien
704652,916814,2024-07-15,M,no me queda bien
701747,906414,19/07/2024,S,cambió de opinión
700608,902311,02/07/2024,XS,talla incorrecta
705019,918209,2024-07-16,S,defecto
700048,900188,2024-07-17,S,cambió de opinión
700548,902092,2024-07-17,M,defecto
703174,911584,2024-07-16,L,talla incorrecta
700774,902937,20/07/2024,M,color distinto
704603,916678,18 jul 2024,M,cambió de opinión
704258,915510,2024-07-17,XS,talla incorrecta
703888,914175,2024-07-14,xs,defecto
701509,905518,2024-07-13,S,talla incorrecta
705225,918986,2024-07-15,M,no me queda bien
704771,917261,18/07/2024,l,no me gusta
700461,901748,12/07/2024,Talla XL,no me queda bien
705470,919892,21/07/2024,L,me queda pequeño
703958,914430,2024-07-21,M,no me queda bien
701431,905279,2024-07-18,S,talla incorrecta
704305,915645,3 jul 2024,m,defecto
701858,906760,2024-07-14,S,defecto
701314,904879,2024-07-02,XS,talla incorrecta
700067,900251,17/07/2024,s,defecto
700432,901646,2024-07-15,l,talla incorrecta
704395,915946,2024-07-12,l,talla incorrecta
705131,918612,2024-07-17,s,defecto
703677,913366,2024-07-18,XS,color distinto
701948,907118,2024-07-17,XL,defecto
703646,913268,10 jul 2024,M,defecto
703740,913637,2024-07-19,L,no me gusta
702589,909451,2024-07-07,Talla 42,talla incorrecta
704397,915956,17 jul 2024,s,talla incorrecta
701706,906250,20/07/2024,XL,no me gusta
703018,910991,2024-07-06,Talla 39,talla incorrecta
703999,914569,20/07/2024,39,talla incorrecta
701895,906909,2024-07-11,41,talla incorrecta
700152,900573,16/07/2024,Talla M,color distinto
704521,916360,2024-07-13,36,no me gusta
705330,919369,2024-07-19,m,no me queda bien
704871,917653,2024-07-09,M,defecto
703673,913358,12/07/2024,38,defecto
700598,902274,07/07/2024,XS,no me gusta
702145,907887,2024-07-16,L,no me gusta
703021,911005,19 jul 2024,39,no me queda bien
702692,909810,2024-07-20,l,talla incorrecta
705124,918586,2024-07-20,L,no me queda bien
702931,910696,4 jul 2024,38,no me queda bien
704661,916865,19/07/2024,L,no me gusta
704410,915989,17/07/2024,Talla M,no me queda bien
703825,913951,17 jul 2024,S,talla incorrecta
703971,914475,17 jul 2024,Talla XL,no me queda bien
701025,903876,17/07/2024,M,talla incorrecta
705005,918160,2024-07-14,L,talla incorrecta
702238,908208,2024-07-20,39,color distinto
701719,906286,14/07/2024,L,no me queda bien
705220,918973,20/07/2024,XS,no me gusta
700643,902438,04/07/2024,s,cambió de opinión
703169,911565,16/07/2024,L,talla incorrecta
704568,916561,2024-07-17,Talla L,defecto
703440,912538,2024-07-14,M,no me gusta
705237,919041,2024-07-21,M,no me gusta
704185,915251,14/07/2024,Talla L,no me queda bien
704691,916955,18/07/2024,S,no me queda bien
703047,911094,2024-07-21,L,talla incorrecta
701440,905298,10 jul 2024,S,talla incorrecta
701395,905146,2024-07-14,S,cambió de opinión
700879,903365,2024-07-10,Talla L,talla incorrecta
704057,914758,2024-07-17,S,talla incorrecta
702345,908572,14 jul 2024,XL,no me queda bien
705042,918292,17/07/2024,S,no me gusta
700514,901945,2024-07-21,XS,no me gusta
701201,904494,10/07/2024,L,no me queda bien
704257,915502,2024-07-21,m,talla incorrecta
704596,916659,21 jul 2024,36,talla incorrecta
704477,916234,2024-07-12,L,talla incorrecta
703874,914125,08/07/2024,M,defecto
703455,912590,2024-07-14,37,cambió de opinión
701004,903798,15/07/2024,Talla XS,no me queda bien
701269,904718,2024-07-08,xl,color distinto
703004,910949,10/07/2024,37,talla incorrecta
703257,911915,18 jul 2024,S,talla incorrecta
705380,919567,2024-07-14,Talla S,no me gusta
702996,910929,20/07/2024,L,talla incorrecta
704197,915294,2024-07-15,41,no me queda bien
702637,909613,2024-06-30,S,no me queda bien
704792,917348,15/07/2024,42,no me queda bien
700625,902378,2024-07-14,xs,no me queda bien
702392,908732,2024-07-15,L,talla incorrecta
701019,903851,20/07/2024,M,no me gusta
702652,909672,2024-07-17,Talla L,talla incorrecta
703063,911147,18/07/2024,L,defecto
703190,911638,2024-07-15,XL,cambió de opinión
705508,919979,20/07/2024,XL,talla incorrecta
702720,909921,20 jul 2024,36,talla incorrecta
703335,912203,2024-07-16,M,defecto
702087,907681,2024-07-19,L,no me gusta
701355,905015,04/07/2024,M,color distinto
704706,917018,2024-07-21,41,no me gusta
700307,901144,2024-07-09,37,no me queda bien
705115,918555,13 jul 2024,40,defecto
702674,909753,2024-07-10,L,talla incorrecta
703403,912428,2024-07-19,Talla M,no me gusta
703933,914350,2024-07-15,M,no me queda bien
703331,912190,2024-07-21,L,no me queda bien
701622,905939,5 jul 2024,M,cambió de opinión
704279,915584,2024-07-19,40,talla incorrecta
704178,915228,2024-07-13,L,no me queda bien
701140,904291,2024-07-03,m,cambió de opinión
700740,902811,2024-07-16,L,no me queda bien
705398,919639,2024-07-21,S,no me gusta
700500,901891,2024-07-21,L,no me gusta
701534,905632,2024-07-18,L,no me gusta
701774,906520,10/07/2024,37,talla incorrecta
702993,910915,20/07/2024,l,talla incorrecta
702902,910593,2024-07-20,XL,no me queda bien
701372,905061,2024-07-14,M,defecto
703800,913847,12 jul 2024,XS,no me gusta
703949,914413,2024-07-17,m,no me queda bien
703733,913595,10/07/2024,M,no me gusta
702442,908892,2024-07-14,36,talla incorrecta
702799,910218,2024-07-20,38,no me gusta
701138,904282,2024-07-07,S,defecto
701313,904877,08/07/2024,S,talla incorrecta
701632,905971,17/07/2024,S,no me gusta
704200,915305,22 jul 2024,M,talla incorrecta
701581,905795,2024-07-19,Talla L,defecto
705385,919576,2024-07-19,38,no me queda bien
704676,916909,22/07/2024,M,no me queda bien
703246,911843,2024-07-20,Talla L,defecto
700945,903591,20 jul 2024,M,no me queda bien
704146,915066,16 jul 2024,39,no me gusta
704345,915799,2024-07-14,l,color distinto
701418,905223,2024-07-19,36,no me gusta
703804,913875,20/07/2024,XS,no me gusta
705090,918469,14/07/2024,S,cambió de opinión
700458,901730,2024-07-06,S,no me gusta
702127,907828,2024-07-14,XS,no me queda bien
704030,914663,21/07/2024,M,talla incorrecta
704326,915724,19/07/2024,s,talla incorrecta
704941,917889,2024-07-17,36,no me gusta
702326,908514,2024-07-15,M,defecto
703095,911287,2024-07-18,Talla M,no me queda bien
702343,908562,2024-07-14,M,no me queda bien
700688,902622,2024-07-17,s,no me queda bien
702229,908187,2024-06-30,39,talla incorrecta
701220,904557,12/07/2024,xs,no me gusta
705511,919989,2024-07-14,38,no me queda bien
704199,915304,2024-07-07,S,color distinto
700917,903488,2024-07-15,XS,cambió de opinión
703821,913933,2024-07-13,M,talla incorrecta
702653,909674,2024-07-14,M,no me gusta
703223,911767,2024-07-15,S,no me gusta
700666,902527,2024-07-14,L,defecto
705281,919191,2024-07-16,M,talla incorrecta
700702,902671,2024-07-18,S,defecto
701401,905161,16/07/2024,Talla XL,talla incorrecta
701275,904739,10 jul 2024,L,talla incorrecta
702533,909235,2024-07-19,38,no me gusta
701565,905734,2024-07-19,M,cambió de opinión
701011,903828,2024-07-18,37,no me queda bien
700763,902892,20 jul 2024,M,color distinto
701527,905605,19 jul 2024,M,no me queda bien
704998,918123,21/07/2024,S,defecto
704357,915843,18/07/2024,M,no me gusta
703127,911403,16/07/2024,M,no me queda bien
702914,910631,2024-07-13,M,talla incorrecta
702256,908279,2024-07-20,Talla L,talla incorrecta
704298,915626,19/07/2024,40,color distinto
701905,906972,19/07/2024,Talla S,no me gusta
700376,901451,15/07/2024,L,no me queda bien
700159,900611,19/07/2024,37,no me gusta
703320,912152,2024-07-19,Talla XS,no me queda bien
705342,919420,2024-07-15,M,color distinto
700110,900434,07/07/2024,L,no me gusta
700261,900983,10/07/2024,L,no me gusta
702771,910094,2024-07-18,M,talla incorrecta
700597,902269,2024-07-18,Talla M,no me gusta
704265,915529,2024-07-17,S,no me gusta
703171,911578,18 jul 2024,M,no me gusta
702404,908768,19/07/2024,39,no me queda bien
701079,904073,17/07/2024,40,no me queda bien
704599,916662,21 jul 2024,41,defecto
704324,915721,12/07/2024,36,no me queda bien
700219,900837,16 jul 2024,38,no me queda bien
701280,904764,2024-07-22,S,color distinto
702271,908334,16/07/2024,XS,no me queda bien
700841,903227,2024-07-22,Talla M,talla incorrecta
701265,904702,2024-07-18,39,no me queda bien
704392,915936,12 jul 2024,S,talla incorrecta
701596,905839,2024-07-17,XL,no me gusta
701077,904066,2024-07-14,M,talla incorrecta
700828,903161,2024-07-12,S,no me queda bien
705309,919290,07/07/2024,XS,color distinto
701226,904578,15 jul 2024,S,no me gusta
700082,900337,18/07/2024,M,cambió de opinión
700118,900457,20/07/2024,S,talla incorrecta
702471,908998,17/07/2024,XL,talla incorrecta
702543,909260,18/07/2024,Talla M,no me gusta
704619,916729,2024-07-20,L,talla incorrecta
703991,914545,2024-07-19,Talla L,talla incorrecta
703833,913982,15/07/2024,Talla S,defecto
703435,912525,2024-07-21,L,defecto
702445,908899,13/07/2024,XL,cambió de opinión
703476,912641,30 jun 2024,S,talla incorrecta
700327,901241,2024-07-19,l,no me gusta
701693,906212,2024-07-05,L,talla incorrecta
703926,914341,2024-07-07,Talla S,no me gusta
705394,919610,2024-07-21,Talla 37,color distinto
701856,906757,2024-07-22,L,talla incorrecta
704040,914691,2024-07-19,36,talla incorrecta
700418,901601,2024-07-17,XL,no me queda bien
701720,906287,16/07/2024,S,defecto
703241,911831,19 jul 2024,m,talla incorrecta
705043,918293,18/07/2024,XS,no me queda bien
701086,904090,2024-07-12,M,talla incorrecta
700648,902457,2024-07-21,Talla L,defecto
704355,915833,2024-07-16,Talla L,no me queda bien
700883,903385,2024-07-20,M,no me queda bien
702659,909699,12 jul 2024,36,no me queda bien
701549,905687,14/07/2024,XL,no me gusta
704080,914836,2024-07-21,m,no me queda bien
704411,915995,2024-07-10,Talla S,talla incorrecta
700163,900628,2024-07-19,l,cambió de opinión
703412,912449,2024-07-12,40,talla incorrecta
700846,903246,2024-06-25,M,talla incorrecta
701194,904470,21 jul 2024,41,cambió de opinión
705438,919774,2024-07-17,Talla 37,talla incorrecta
703371,912315,2024-07-13,L,no me gusta
703175,911589,2024-07-16,M,defecto
700345,901321,06/07/2024,S,talla incorrecta
704388,915929,13 jul 2024,Talla L,talla incorrecta
701933,907068,12/07/2024,M,talla incorrecta
703151,911485,2024-07-15,40,no me queda bien
705315,919304,2024-07-19,L,talla incorrecta
700911,903476,17 jul 2024,M,defecto
704171,915212,2024-07-12,Talla M,talla incorrecta
704311,915675,16/07/2024,XS,talla incorrecta
700438,901665,19/07/2024,39,color distinto
701172,904406,2024-07-19,L,no me gusta
702573,909402,15/07/2024,39,talla incorrecta
705202,918911,2024-07-12,Talla M,defecto
701773,906518,2024-07-05,M,color distinto
700729,902768,13 jul 2024,M,talla incorrecta
700294,901094,26/06/2024,XS,talla incorrecta
705185,918816,2024-07-16,M,defecto
701169,904393,2024-07-20,S,defecto
702024,907450,2024-07-22,M,no me queda bien
705113,918551,2024-07-19,s,no me gusta
704591,916634,17 jul 2024,40,cambió de opinión
703464,912614,20/07/2024,40,no me gusta
704050,914728,13 jul 2024,M,cambió de opinión
700040,900165,20/07/2024,xl,no me gusta
702042,907532,21/07/2024,M,no me queda bien
702732,909961,21/07/2024,Talla 39,no me queda bien
703119,911383,14/07/2024,Talla L,defecto
700172,900681,13/07/2024,s,talla incorrecta
702358,908625,10 jul 2024,39,no me queda bien
703946,914405,16/07/2024,38,color distinto
704005,914589,18 jul 2024,XL,no me gusta
703014,910971,20/07/2024,M,talla incorrecta
704757,917229,2024-07-12,l,cambió de opinión
702549,909292,21 jul 2024,XL,no me queda bien
700120,900473,2024-07-16,M,no me queda bien
704383,915920,11/07/2024,L,no me queda bien
702599,909482,2024-07-13,37,no me gusta
705336,919391,16/07/2024,S,no me gusta
705504,919966,9 jul 2024,L,no me queda bien
703742,913641,14/07/2024,S,talla incorrecta
700850,903255,10/07/2024,l,talla incorrecta
704175,915218,21/07/2024,M,talla incorrecta
701879,906844,2024-07-17,Talla 40,defecto
703418,912458,18 jul 2024,M,no me queda bien
700139,900536,2024-07-15,S,no me queda bien
700422,901615,21/07/2024,M,cambió de opinión
701232,904593,2024-07-09,40,talla incorrecta
701028,903887,2024-07-18,41,cambió de opinión
704555,916505,2024-07-08,S,cambió de opinión
702663,909711,2024-07-15,S,no me queda bien
700684,902606,15/07/2024,Talla 38,no me queda bien
703115,911371,11/07/2024,41,talla incorrecta
704418,916029,2024-07-09,S,defecto
703501,912734,20/07/2024,M,talla incorrecta
703426,912473,9 jul 2024,XS,cambió de opinión
705196,918875,10 jul 2024,L,defecto
704049,914720,2024-07-13,Talla 37,color distinto
704022,914641,21 jul 2024,M,no me queda bien
702823,910303,4 jul 2024,M,defecto
705278,919177,2024-07-10,S,cambió de opinión
700975,903700,2024-07-16,S,color distinto
700703,902673,18/07/2024,XS,no me gusta
700328,901242,2024-07-17,Talla XL,defecto
700413,901589,2024-07-15,S,no me gusta
702044,907541,20/07/2024,39,cambió de opinión
702980,910878,17/07/2024,L,talla incorrecta
700638,902415,19/07/2024,M,defecto
701464,905367,2024-07-17,37,talla incorrecta
704647,916805,2024-07-14,S,defecto
704609,916692,2024-07-17,S,no me gusta
705370,919534,2024-07-20,S,color distinto
703643,913264,2024-07-11,M,no me queda bien
703251,911859,20 jul 2024,M,defecto
700377,901456,2024-07-10,Talla M,cambió de opinión
700557,902113,13/07/2024,M,color distinto
701538,905637,8 jul 2024,40,no me gusta
702929,910687,15 jul 2024,M,no me gusta
703816,913923,2024-07-12,s,color distinto
701909,906984,19 jul 2024,40,talla incorrecta
702882,910520,2024-07-14,Talla L,no me gusta
702645,909640,21/07/2024,Talla M,no me gusta
704441,916102,13/07/2024,M,no me queda bien
703881,914145,16/07/2024,L,talla incorrecta
704548,916480,10 jul 2024,M,talla incorrecta
705393,919608,18/07/2024,m,no me queda bien
703141,911452,2024-07-20,XL,talla incorrecta
702870,910484,9 jul 2024,L,talla incorrecta
703568,912991,2024-07-11,39,talla incorrecta
702633,909596,2024-07-09,39,no me gusta
701339,904969,13/07/2024,M,talla incorrecta
703932,914349,11/07/2024,Talla L,defecto
700679,902565,22 jul 2024,XL,no me gusta
704450,916125,2024-07-16,s,defecto
704138,915033,2024-07-16,38,defecto
701907,906975,2024-07-19,39,defecto
702731,909957,16 jul 2024,L,defecto
705223,918978,19/07/2024,37,talla incorrecta
700744,902825,2024-07-13,37,talla incorrecta
704409,915986,18/07/2024,M,talla incorrecta
700091,900381,10 jul 2024,l,defecto
703751,913674,2024-07-16,37,defecto
704798,917378,07/07/2024,L,no me gusta
704624,916743,2024-07-17,36,no me queda bien
704500,916296,2024-07-15,L,defecto
700173,900684,2024-07-15,37,color distinto
704681,916930,20/07/2024,40,defecto
703311,912112,2024-07-13,41,defecto
701927,907040,11/07/2024,40,no me queda bien
703564,912975,2024-07-18,M,defecto
702409,908784,2024-07-12,XL,no me gusta
701202,904497,21/07/2024,M,talla incorrecta
705407,919664,13/07/2024,39,talla incorrecta
702785,910148,20/07/2024,M,talla incorrecta
701386,905114,20/07/2024,M,talla incorrecta
704285,915598,2024-07-15,Talla XL,talla incorrecta
704320,915706,2024-07-20,Talla M,talla incorrecta
700554,902108,10/07/2024,L,no me gusta
703005,910951,10/07/2024,L,defecto
701155,904349,15/07/2024,m,no me gusta
703201,911685,14/07/2024,39,no me queda bien
700186,900725,2024-07-20,m,no me queda bien
701045,903958,11/07/2024,s,no me gusta
704476,916232,13 jul 2024,Talla XS,cambió de opinión
701152,904335,2024-07-19,M,talla incorrecta
703522,912811,2024-07-20,XS,talla incorrecta
701424,905247,7 jul 2024,Talla S,no me gusta
700420,901612,2024-07-13,XL,defecto
702294,908396,17/07/2024,XL,talla incorrecta
700765,902895,18/07/2024,M,no me gusta
700919,903492,2024-07-07,l,cambió de opinión
701913,906996,10/07/2024,Talla S,color distinto
700875,903357,2024-07-17,S,no me queda bien
700556,902112,11/07/2024,39,talla incorrecta
700382,901481,2024-07-16,M,color distinto
703891,914194,2024-07-14,40,no me queda bien
705235,919032,13/07/2024,S,no me gusta
704777,917290,16 jul 2024,xs,no me queda bien
701029,903888,15/07/2024,Talla XS,talla incorrecta
701918,907007,2024-07-08,s,talla incorrecta
703300,912078,2024-07-13,l,defecto
704903,917783,2024-07-12,L,no me queda bien
703604,913130,11 jul 2024,Talla 38,no me gusta
702703,909870,2024-07-12,M,no me queda bien
705150,918693,15/07/2024,L,talla incorrecta
702126,907821,11/07/2024,40,no me queda bien
702646,909642,2024-07-12,M,talla incorrecta
704443,916105,2024-07-16,39,talla incorrecta
705434,919753,2024-07-13,L,no me queda bien
701716,906280,2024-07-09,M,no me queda bien
704855,917591,10/07/2024,37,talla incorrecta
700832,903177,16/07/2024,Talla XL,no me gusta
705542,2046852,2024-07-16,38,no me gusta
704153,915097,2024-07-20,S,no me gusta
704579,916601,2024-07-16,S,no me queda bien
701889,906897,2024-07-15,S,talla incorrecta
704617,916722,2024-07-19,S,no me gusta
702877,910509,2024-07-14,L,talla incorrecta
701289,904794,2024-07-16,38,talla incorrecta
700829,903163,2024-07-21,M,defecto
702180,908004,2024-07-13,L,no me gusta
703447,912558,2024-07-16,XL,color distinto
705212,918934,2024-07-15,M,no me gusta
702694,909816,19 jul 2024,Talla L,talla incorrecta
703680,913373,21/07/2024,M,talla incorrecta
703444,912550,12/07/2024,XL,no me queda bien
704472,916223,2024-07-18,Talla L,defecto
702527,909200,20/07/2024,XL,no me gusta
703943,914391,20/07/2024,36,no me gusta
702163,907934,17/07/2024,L,talla incorrecta
700122,900477,17/07/2024,xs,no me gusta
701247,904639,2024-07-17,L,talla incorrecta
701041,903950,21 jul 2024,38,color distinto
704426,916062,2024-07-06,XS,defecto
700922,903500,2024-07-15,m,no me gusta
701732,906354,2024-07-12,S,cambió de opinión
704122,914989,2024-07-08,XL,talla incorrecta
703381,912352,04/07/2024,L,no me queda bien
700385,901501,2024-07-15,XS,no me gusta
701733,906355,2024-07-11,M,talla incorrecta
702400,908753,2024-07-06,Talla M,talla incorrecta
702702,909869,2024-07-10,M,no me gusta
702580,909420,2024-07-09,M,talla incorrecta
702803,910230,2024-07-21,M,no me queda bien
704331,915753,2024-07-18,l,talla incorrecta
701976,907252,2024-07-09,XL,no me gusta
700900,903452,7 jul 2024,L,cambió de opinión
700630,902397,18 jul 2024,L,no me gusta
703598,913112,22 jul 2024,XL,talla incorrecta
702526,909196,2024-07-16,Talla M,no me gusta
701297,904825,2024-07-19,M,no me gusta
701539,905654,2024-07-05,40,no me queda bien
700358,901379,2024-07-20,42,no me gusta
702383,908709,2024-07-20,39,no me queda bien
704705,917001,16/07/2024,xl,defecto
700585,902224,21/07/2024,M,defecto
701689,906196,2024-07-14,M,no me gusta
705280,919188,17/07/2024,XL,talla incorrecta
700989,903754,18 jul 2024,l,no me gusta
700777,902955,2024-07-17,M,no me gusta
703783,913790,2024-07-16,39,no me gusta
700971,903678,2024-07-14,m,no me queda bien
701866,906781,17/07/2024,S,no me gusta
703475,912638,15 jul 2024,XL,no me queda bien
700317,901195,21/07/2024,S,color distinto
702949,910762,21 jul 2024,M,defecto
700960,903628,2024-07-20,S,cambió de opinión
702936,910717,12/07/2024,L,no me queda bien
704389,915931,2024-07-15,XS,no me queda bien
702216,908150,18 jul 2024,40,no me queda bien
704938,917885,13/07/2024,38,no me gusta
700157,900600,2024-07-06,38,no me queda bien
704529,916392,13 jul 2024,Talla 40,no me gusta
701375,905064,14/07/2024,L,no me gusta
700113,900440,22/07/2024,XS,talla incorrecta
702867,910472,2024-07-17,L,talla incorrecta
702865,910455,2024-07-17,L,me queda pequeño
705558,2046928,2024-07-17,Talla M,talla incorrecta
703896,914209,10 jul 2024,M,no me queda bien
704817,917443,17/07/2024,M,talla incorrecta
700462,901762,08/07/2024,Talla S,no me queda bien
701260,904680,2024-07-10,L,talla incorrecta
702116,907785,11/07/2024,XL,no me queda bien
701505,905502,2024-07-10,L,talla incorrecta
704835,917507,2024-07-20,M,talla incorrecta
701066,904009,15 jul 2024,l,no me queda bien
703519,912797,2024-07-17,L,no me gusta
703279,911999,19 jul 2024,L,no me gusta
702634,909600,2024-07-16,l,defecto
704536,916434,19/07/2024,Talla L,no me gusta
700046,900185,2024-07-05,39,defecto
700156,900598,2024-07-12,37,no me queda bien
700408,901573,2024-07-19,Talla XL,talla incorrecta
704420,916041,2024-07-17,s,no me gusta
702824,910306,16/07/2024,Talla 39,no me gusta
702317,908492,2024-07-06,M,defecto
701994,907342,2024-07-16,L,defecto
701087,904093,16/07/2024,39,defecto
704141,915048,22/07/2024,M,talla incorrecta
700143,900549,21 jul 2024,Talla L,no me gusta
703601,913122,13/07/2024,Talla 38,no me gusta
702685,909788,2024-07-19,M,talla incorrecta
702082,907662,2024-07-18,m,cambió de opinión
704047,914714,14 jul 2024,M,no me queda bien
702856,910436,18/07/2024,L,talla incorrecta
702624,909575,12/07/2024,M,no me queda bien
703922,914333,2024-07-09,XL,defecto
700555,902111,2024-07-13,XS,cambió de opinión
703722,913564,13 jul 2024,M,talla incorrecta
700229,900887,19/07/2024,38,talla incorrecta
704959,917962,2024-07-17,38,talla incorrecta
705553,2036087,17/07/2024,M,defecto
701857,906759,10/07/2024,L,no me gusta
702506,909101,2024-07-14,M,talla incorrecta
700958,903625,20/07/2024,39,talla incorrecta
705541,2035822,14/07/2024,L,talla incorrecta
701586,905814,11/07/2024,s,talla incorrecta
701222,904563,19 jul 2024,41,no me gusta
705253,919091,17/07/2024,L,talla incorrecta
701886,906888,2024-07-01,s,no me queda bien
703614,913157,20/07/2024,XL,no me queda bien
703133,911420,2024-07-11,XS,defecto
702415,908806,15/07/2024,M,no me queda bien
701251,904654,15 jul 2024,36,talla incorrecta
700450,901698,20/07/2024,S,no me queda bien
700814,903089,18/07/2024,Talla 41,no me gusta
703716,913528,20/07/2024,XL,no me queda bien
702953,910776,18/07/2024,40,no me queda bien
700715,902723,9 jul 2024,39,talla incorrecta
701419,905225,2024-07-21,38,color distinto
701641,906009,12/07/2024,XL,no me queda bien
703769,913758,2024-07-10,M,color distinto
703540,912880,2024-07-18,XL,no me queda bien
701739,906387,2024-07-21,XL,defecto
704588,916626,2024-07-16,L,no me queda bien
704404,915970,14/07/2024,l,no me queda bien
704130,915012,21/07/2024,XS,defecto
700810,903071,2024-07-06,L,no me queda bien
703627,913205,2024-07-17,L,no me gusta
704226,915396,21/07/2024,M,talla incorrecta
703213,911737,2024-07-22,m,talla incorrecta
703944,914394,2024-07-15,L,no me gusta
701278,904752,18/07/2024,XS,talla incorrecta
704752,917197,2024-07-11,XL,cambió de opinión
701522,905587,2024-07-14,L,Talla
705070,918394,17 jul 2024,Talla 37,talla incorrecta
704916,917824,2024-07-08,L,talla incorrecta
701048,903968,2024-07-15,S,no me queda bien
701818,906650,2024-07-08,S,talla incorrecta
700022,900103,18/07/2024,s,no me queda bien
705204,918922,14 jul 2024,L,color distinto
701928,907044,08/07/2024,M,no me queda bien
704927,917858,18 jul 2024,L,talla incorrecta
701145,904313,2024-07-15,S,no me queda bien
705163,918743,12 jul 2024,Talla M,no me queda bien
701876,906828,10/07/2024,XS,cambió de opinión
703253,911868,2024-07-19,S,defecto
703025,911016,2024-07-14,S,no me gusta
700141,900546,13/07/2024,M,talla incorrecta
705059,918347,07/07/2024,S,no me gusta
701579,905787,12/07/2024,38,no me queda bien
704368,915869,18 jul 2024,xl,no me gusta
701924,907027,2024-07-08,L,no me gusta
704868,917646,15/07/2024,L,no me gusta
700098,900400,11 jul 2024,xl,defecto
702005,907368,2024-07-16,XL,defecto
704519,916351,2024-07-08,42,no me queda bien
705076,918411,15/07/2024,M,talla incorrecta
703273,911969,2024-07-17,XS,no me queda bien
700320,901201,2024-07-15,37,no me queda bien
702196,908074,2024-07-19,S,no me gusta
703558,912956,03/07/2024,M,talla incorrecta
705125,918590,16 jul 2024,36,talla incorrecta
705478,919906,15/07/2024,39,no me queda bien
704136,915030,2024-07-20,XS,defecto
701385,905107,15/07/2024,Talla L,color distinto
701334,904952,2024-07-19,38,talla incorrecta
703661,913319,2024-07-09,S,no me gusta
701810,906628,10/07/2024,L,talla incorrecta
703306,912097,07/07/2024,L,no me queda bien
701180,904431,2024-07-18,m,color distinto
703853,914047,2024-07-09,xs,no me queda bien
703106,911326,2024-07-07,38,talla incorrecta
702567,909378,19/07/2024,L,defecto
700348,901335,17/07/2024,xl,color distinto
703579,913050,20/07/2024,M,no me gusta
701135,904259,2024-07-11,S,no me queda bien
702476,909018,14/07/2024,39,no me gusta
701500,905492,2024-07-19,Talla 38,no me queda bien
705360,919488,3 jul 2024,M,defecto
702360,908634,2024-07-17,m,talla incorrecta
701817,906649,2024-07-10,38,no me queda bien
705390,919596,14/07/2024,36,defecto
700632,902401,2024-07-17,M,talla incorrecta
701205,904505,2024-07-12,38,no me gusta
702221,908163,2024-07-08,XS,no me queda bien
704227,915405,15/07/2024,S,color distinto
704299,915627,2024-07-20,38,defecto
704316,915696,20/07/2024,38,talla incorrecta
703836,913987,12/07/2024,L,defecto
705308,919288,2024-07-03,l,talla incorrecta
701143,904304,2024-07-18,39,no me gusta
704192,915278,19 jul 2024,40,no me queda bien
702260,908299,16/07/2024,S,no me queda bien
701057,903988,20 jul 2024,M,cambió de opinión
701640,906008,2024-07-13,39,no me gusta
700529,901991,2 jul 2024,M,no me gusta
700136,900522,21/07/2024,m,talla incorrecta
704840,917528,2024-07-21,Talla L,color distinto
702780,910134,2024-07-06,L,defecto
702009,907393,2024-07-19,L,cambió de opinión
704010,914606,2024-07-21,Talla L,talla incorrecta
701793,906586,20/07/2024,42,no me queda bien
700807,903059,2024-07-07,38,no me queda bien
704156,915119,20/07/2024,M,cambió de opinión
702515,909134,12/07/2024,M,talla incorrecta
704077,914827,11 jul 2024,L,no me queda bien
701371,905060,16 jul 2024,M,defecto
701304,904846,2024-07-16,S,talla incorrecta
700227,900874,18 jul 2024,L,defecto
703725,913573,19/07/2024,39,no me gusta
701846,906728,17 jul 2024,40,color distinto
702585,909436,2024-07-17,M,no me queda bien
703191,911639,2024-07-18,L,talla incorrecta
705506,919970,2024-07-13,M,defecto
701697,906222,20/07/2024,37,no me queda bien
702114,907780,2024-07-10,S,talla incorrecta
701094,904116,2024-07-14,m,no me queda bien
703535,912858,2024-07-01,M,no me queda bien
701381,905077,21/07/2024,Talla S,no me queda bien
701667,906124,2024-07-20,Talla L,no me queda bien
702658,909691,19 jul 2024,Talla M,cambió de opinión
705239,919045,2024-07-18,m,no me gusta
703396,912405,19/07/2024,S,talla incorrecta
705507,919976,2024-07-12,Talla S,no me gusta
700195,900769,9 jul 2024,L,talla incorrecta
702575,909408,20 jul 2024,36,talla incorrecta
700887,903406,09/07/2024,40,talla incorrecta
701227,904581,17 jul 2024,M,no me gusta
702883,910528,2024-07-09,Talla L,defecto
702512,909120,21/07/2024,XL,talla incorrecta
700466,901785,16/07/2024,M,cambió de opinión
703908,914272,2024-07-21,M,no me queda bien
700778,902956,16/07/2024,S,defecto
702826,910311,2024-07-19,Talla M,talla incorrecta
702147,907891,2024-07-18,XS,talla incorrecta
700433,901647,2024-07-16,39,no me queda bien
704492,916273,18 jul 2024,Talla L,talla incorrecta
704096,914897,22 jul 2024,XL,color distinto
701405,905169,19/07/2024,M,no me gusta
703051,911108,2024-07-11,L,defecto
704592,916635,20/07/2024,L,talla incorrecta
702089,907694,2024-07-14,S,defecto
700316,901184,10/07/2024,XL,no me queda bien
704849,917570,2024-07-20,40,no me queda bien
700010,900046,16/07/2024,L,no me gusta
704224,915386,2024-07-19,42,no me gusta
704713,917045,15 jul 2024,L,cambió de opinión
702462,908962,2024-07-17,L,no me queda bien
700335,901270,2024-07-17,M,no me gusta
702100,907738,2024-07-06,S,no me gusta
703919,914319,07/07/2024,M,no me queda bien
702308,908452,20 jul 2024,40,defecto
700861,903296,2024-07-18,L,no me queda bien
700543,902040,15/07/2024,XL,color distinto
702407,908773,17 jul 2024,38,cambió de opinión
705523,2035467,10/07/2024,S,no me queda bien
704109,914938,17/07/2024,L,defecto
703963,914441,16/07/2024,XL,defecto
705425,919715,17/07/2024,M,no me queda bien
705178,918786,14 jul 2024,M,defecto
704797,917372,11 jul 2024,XL,no me queda bien
703513,912760,13/07/2024,S,cambió de opinión
704046,914702,2024-07-12,Talla M,talla incorrecta
705324,919333,19 jul 2024,Talla L,cambió de opinión
700370,901415,15 jul 2024,XS,talla incorrecta
704478,916236,18/07/2024,38,no me gusta
704228,915406,19/07/2024,S,no me queda bien
703839,913995,14 jul 2024,M,Talla
703038,911066,2024-07-21,M,no me gusta
700447,901691,2024-07-12,S,no me gusta
700037,900159,18 jul 2024,XS,defecto
704628,916750,17/07/2024,L,cambió de opinión
702795,910203,2024-07-19,M,no me gusta
704517,916342,2024-07-18,37,no me gusta
702966,910831,15/07/2024,L,cambió de opinión
701808,906625,17/07/2024,L,talla incorrecta
703017,910989,2024-07-05,S,no me gusta
700982,903726,2024-07-18,XL,no me gusta
704006,914590,2024-07-13,M,no me gusta
703715,913523,07/07/2024,S,defecto
705164,918744,2024-07-16,L,no me queda bien
700295,901096,12 jul 2024,40,talla incorrecta
701738,906380,15/07/2024,S,talla incorrecta
703462,912609,2024-07-18,Talla 38,color distinto
701017,903849,2024-07-08,S,color distinto
704165,915182,15/07/2024,37,no me gusta
704656,916831,20/07/2024,L,talla incorrecta
701446,905313,6 jul 2024,L,cambió de opinión
700425,901627,2024-07-20,M,cambió de opinión
704347,915805,2024-07-19,37,talla incorrecta
704403,915967,15/07/2024,XL,no me gusta
701022,903858,2024-07-16,S,talla incorrecta
705104,918533,17/07/2024,S,talla incorrecta
702398,908743,12/07/2024,L,talla incorrecta
701207,904509,14 jul 2024,XS,color distinto
705474,919900,2024-07-21,m,no me queda bien
702076,907638,2024-07-16,L,no me gusta
700369,901414,16/07/2024,38,no me gusta
700117,900451,20 jul 2024,Talla L,talla incorrecta
701040,903944,2024-07-11,Talla S,no me queda bien
700360,901394,2024-07-18,40,no me queda bien
704622,916739,2024-07-21,S,color distinto
700948,903598,20/07/2024,39,talla incorrecta
703033,911048,13 jul 2024,XL,no me gusta
700954,903614,2024-07-17,38,defecto
702185,908030,18 jul 2024,XS,no me queda bien
702241,908216,2024-07-12,XS,defecto
703181,911610,2024-07-18,S,no me queda bien
704436,916091,18/07/2024,Talla M,talla incorrecta
702353,908611,2024-07-15,L,color distinto
703032,911045,14 jul 2024,36,defecto
705258,919108,2024-07-19,XS,talla incorrecta
703861,914076,2024-07-15,XS,cambió de opinión
700364,901403,2024-07-16,m,no me queda bien
700798,903032,2024-07-18,L,defecto
705018,918204,10/07/2024,l,no me queda bien
700470,901800,21/07/2024,Talla M,talla incorrecta
700520,901965,2024-07-14,S,defecto
704939,917886,21/07/2024,s,talla incorrecta
704169,915207,2024-07-04,m,no me gusta
700896,903442,14 jul 2024,38,defecto
701127,904224,2024-07-21,39,talla incorrecta
702665,909715,11 jul 2024,M,talla incorrecta
702193,908059,2024-07-11,XL,cambió de opinión
703845,914010,20 jul 2024,xl,defecto
705402,919654,2024-07-17,S,cambió de opinión
705519,2007475,7 jul 2024,38,defecto
700801,903041,18/07/2024,S,no me queda bien
703199,911677,22 jul 2024,xl,talla incorrecta
702842,910369,21/07/2024,S,color distinto
704016,914618,13/07/2024,S,no me queda bien
705102,918515,07/07/2024,m,no me gusta
701237,904619,16/07/2024,M,no me queda bien
702269,908330,2024-07-11,S,color distinto
702890,910557,2024-07-17,S,cambió de opinión
702212,908141,2024-07-21,l,talla incorrecta
705458,919853,2024-07-19,XS,talla incorrecta
704750,917193,2024-07-13,S,no me gusta
702650,909654,2024-07-14,L,talla incorrecta
705353,919458,2024-07-13,L,cambió de opinión
704949,917927,29/06/2024,41,no me queda bien
701655,906058,15/07/2024,M,no me gusta
700739,902810,16/07/2024,M,no me queda bien
704223,915385,15/07/2024,Talla M,cambió de opinión
705373,919546,2024-07-16,s,no me queda bien
703719,913547,19 jul 2024,M,cambió de opinión
701754,906452,2024-07-16,M,Talla
704809,917412,2024-07-18,XL,color distinto
704434,916082,2024-07-01,M,talla incorrecta
701830,906678,20/07/2024,37,no me gusta
702641,909631,14/07/2024,L,defecto
700160,900617,17 jul 2024,xl,no me gusta
702909,910613,16/07/2024,M,talla incorrecta
702162,907930,2024-07-16,XS,cambió de opinión
703069,911166,17/07/2024,m,no me gusta
704069,914791,2024-07-13,42,no me gusta
702131,907844,2024-07-19,Talla M,talla incorrecta
703613,913155,2024-07-14,M,cambió de opinión
701562,905724,2024-07-07,38,no me queda bien
700242,900929,2024-07-11,S,talla incorrecta
702991,910912,2024-07-15,36,cambió de opinión
701348,904990,15/07/2024,xl,no me gusta
703351,912253,2024-07-14,L,no me gusta
702592,909456,2024-07-20,40,no me queda bien
701179,904427,2024-07-12,37,cambió de opinión
704696,916968,2024-07-18,XL,color distinto
700525,901981,04/07/2024,xs,talla incorrecta
701177,904423,14/07/2024,XL,talla incorrecta
700496,901874,2024-07-20,XL,talla incorrecta
700615,902328,2024-07-19,36,cambió de opinión
700138,900535,2024-07-15,38,no me queda bien
702048,907558,2024-07-14,36,talla incorrecta
701451,905321,2024-07-08,m,talla incorrecta
704349,915807,2024-07-19,42,no me gusta
704506,916317,20/07/2024,M,no me queda bien
703709,913482,2024-07-15,m,no me queda bien
703342,912220,2024-07-15,s,defecto
701959,907172,2024-07-20,Talla M,defecto
704545,916468,2024-07-17,S,cambió de opinión
705499,919956,10/07/2024,M,talla incorrecta
704456,916173,10/07/2024,37,no me gusta
701478,905431,9 jul 2024,XL,defecto
702758,910042,15/07/2024,XL,color distinto
700545,902073,2024-07-12,M,defecto
703876,914128,2024-07-09,39,talla incorrecta
700198,900773,2024-07-18,M,no me gusta
702666,909717,13/07/2024,40,talla incorrecta
705524,2046359,11/07/2024,38,no me gusta
700281,901051,11/07/2024,39,no me gusta
701680,906169,2024-07-11,L,no me queda bien
703998,914568,2024-07-19,S,talla incorrecta
700716,902724,2024-07-09,L,no me gusta
701352,905009,2024-07-19,37,cambió de opinión
704234,915423,2024-07-22,37,talla incorrecta
703805,913876,08/07/2024,M,defecto
703204,911699,20 jul 2024,Talla M,talla incorrecta
700962,903648,18/07/2024,M,talla incorrecta
701503,905497,2024-07-05,M,talla incorrecta
702470,908996,04/07/2024,40,no me gusta
700876,903358,17/07/2024,M,defecto
703939,914372,2024-07-19,XL,talla incorrecta
704177,915224,13 jul 2024,Talla S,no me queda bien
704794,917352,3 jul 2024,S,no me queda bien
703056,911127,2024-07-11,L,talla incorrecta
701218,904549,2024-07-17,L,Talla
702945,910754,14/07/2024,XL,no me gusta
704884,917696,2024-07-14,s,talla incorrecta
704206,915328,13/07/2024,M,defecto
704901,917776,04/07/2024,xl,talla incorrecta
700925,903512,2024-07-12,M,talla incorrecta
700605,902302,2024-07-21,S,talla incorrecta
703140,911448,2024-07-09,M,cambió de opinión
705055,918340,17/07/2024,xl,talla incorrecta
701710,906259,2024-07-09,Talla S,defecto
702745,910000,4 jul 2024,XL,no me queda bien
703059,911138,2024-07-19,S,no me queda bien
702789,910167,11 jul 2024,l,no me gusta
701721,906293,2024-07-05,L,defecto
703405,912432,05/07/2024,M,color distinto
701078,904069,17 jul 2024,XS,cambió de opinión
701131,904244,2024-07-10,M,defecto
702012,907408,2024-07-18,m,no me queda bien
701663,906110,04/07/2024,M,no me gusta
700391,901509,20/07/2024,M,talla incorrecta
700849,903254,2024-07-19,M,talla incorrecta
703797,913833,11/07/2024,M,talla incorrecta
702177,907990,21 jul 2024,L,defecto
701044,903955,2024-07-18,Talla M,cambió de opinión
705498,919950,12 jul 2024,38,no me queda bien
702735,909976,16/07/2024,L,talla incorrecta
700794,903017,11/07/2024,S,talla incorrecta
702036,907506,11 jul 2024,37,no me gusta
700901,903453,21/07/2024,XL,defecto
700003,900005,14 jul 2024,S,no me queda bien
700897,903447,2024-07-21,37,no me queda bien
704907,917798,06/07/2024,38,no me queda bien
702566,909376,17/07/2024,Talla 38,defecto
703193,911643,10 jul 2024,l,cambió de opinión
704342,915792,2024-07-20,m,no me gusta
705121,918575,2024-07-15,S,no me gusta
701377,905066,2024-07-12,M,no me gusta
702629,909589,19/07/2024,m,no me gusta
704904,917786,11 jul 2024,40,cambió de opinión
700402,901549,12 jul 2024,40,talla incorrecta
701878,906835,2024-07-15,S,color distinto
701612,905901,2024-07-18,M,cambió de opinión
705395,919618,06/07/2024,Talla M,color distinto
700053,900206,18/07/2024,Talla M,talla incorrecta
702211,908139,20/07/2024,36,no me queda bien
703395,912404,08/07/2024,S,defecto
703826,913953,18/07/2024,S,no me gusta
702813,910265,22 jul 2024,M,talla incorrecta
705449,919820,2024-07-17,M,talla incorrecta
704917,917825,13/07/2024,S,no me gusta
703309,912104,2024-07-14,Talla M,no me gusta
701964,907198,2024-07-18,l,defecto
704151,915085,20/07/2024,Talla L,cambió de opinión
702045,907546,2024-07-14,M,talla incorrecta
701347,904989,20/07/2024,M,talla incorrecta
703120,911384,2024-07-13,S,defecto
702859,910443,2024-07-05,XL,talla incorrecta
705092,918473,17/07/2024,l,defecto
701702,906239,20 jul 2024,m,defecto
703730,913587,2024-07-17,M,no me queda bien
700645,902446,18 jul 2024,XS,no me gusta
700287,901067,2024-07-10,M,cambió de opinión
703156,911514,2024-07-14,m,talla incorrecta
703121,911390,2024-07-14,XS,color distinto
702978,910868,2024-07-18,38,talla incorrecta
700755,902861,22/07/2024,S,no me queda bien
705145,918673,14/07/2024,m,cambió de opinión
704094,914894,2024-07-19,Talla L,talla incorrecta
702136,907852,2024-07-15,L,talla incorrecta
702464,908971,14/07/2024,XL,no me queda bien
701970,907225,2024-07-17,s,no me gusta
702172,907966,21/07/2024,38,no me gusta
700054,900208,21 jul 2024,39,no me queda bien
704143,915059,2024-07-17,M,talla incorrecta
703880,914143,2024-07-17,XL,no me gusta
701477,905426,2024-07-11,Talla 37,no me queda bien
704942,917893,12/07/2024,XS,color distinto
701645,906027,20/07/2024,S,no me queda bien
703483,912670,14/07/2024,S,no me gusta
701591,905823,21/07/2024,M,no me gusta
704274,915562,2024-07-14,S,color distinto
703566,912982,2024-07-15,XS,no me queda bien
703865,914087,10/07/2024,38,defecto
701643,906020,21 jul 2024,xl,no me gusta
704697,916974,20 jul 2024,39,no me gusta
700030,900136,11/07/2024,S,talla incorrecta
705073,918404,17/07/2024,M,talla incorrecta
701967,907212,2024-07-21,L,talla incorrecta
703202,911694,16/07/2024,S,talla incorrecta
702156,907905,9 jul 2024,38,no me queda bien
700321,901202,2024-07-21,l,talla incorrecta
705362,919502,18/07/2024,xs,color distinto
704198,915299,11/07/2024,M,no me gusta
701887,906890,2024-07-04,Talla S,no me gusta
703208,911717,2024-07-06,XS,cambió de opinión
704063,914774,18 jul 2024,M,defecto
701653,906049,2024-07-15,38,no me gusta
701968,907221,2024-07-11,S,talla incorrecta
705140,918650,2024-07-19,S,no me gusta
704440,916100,14/07/2024,M,talla incorrecta
704116,914967,2024-07-19,l,no me queda bien
704639,916776,21 jul 2024,M,color distinto
705326,919340,20 jul 2024,L,no me queda bien
704733,917114,2024-07-20,m,no me gusta
701865,906779,2024-07-19,XS,no me queda bien
703988,914527,13/07/2024,38,no me gusta
704994,918107,2024-07-18,M,color distinto
705471,919895,17/07/2024,M,defecto
704393,915937,2024-07-18,XL,defecto
705218,918953,10/07/2024,l,no me queda bien
704318,915702,2024-07-22,40,defecto
702302,908438,2024-07-13,M,talla incorrecta
702040,907521,2024-07-14,XL,talla incorrecta
704762,917241,21/07/2024,XL,talla incorrecta
702125,907819,2024-07-15,Talla S,no me queda bien
701157,904351,2024-07-19,40,talla incorrecta
705429,919736,2024-07-16,Talla XL,no me queda bien
700837,903201,2024-07-19,M,cambió de opinión
701559,905718,2024-07-15,s,color distinto
702467,908982,2024-07-14,S,no me gusta
702153,907900,11/07/2024,S,no me gusta
701496,905483,9 jul 2024,L,talla incorrecta
704814,917425,2024-07-17,37,talla incorrecta
702495,909072,2024-07-16,L,no me gusta
702004,907365,2024-07-13,XS,no me gusta
702616,909543,17/07/2024,L,talla incorrecta
705530,2046093,2024-07-12,38,cambió de opinión
704528,916383,21/07/2024,m,talla incorrecta
704781,917312,2024-07-08,L,talla incorrecta
702384,908714,2024-07-18,m,color distinto
701988,907322,14/07/2024,40,talla incorrecta
703027,911020,18/07/2024,XL,talla incorrecta
705480,919908,13/07/2024,Talla M,cambió de opinión
701113,904162,2024-07-20,XS,no me queda bien
700233,900900,2024-07-20,S,no me gusta
704642,916783,2024-07-08,s,defecto
701358,905022,06/07/2024,S,no me queda bien
702355,908620,2024-07-14,39,cambió de opinión
703463,912613,20/07/2024,39,defecto
703282,912010,20/07/2024,M,talla incorrecta
701058,903990,18/07/2024,37,no me gusta
701771,906513,30 jun 2024,L,defecto
703050,911105,2024-07-18,Talla M,no me gusta
703071,911182,2024-07-10,Talla M,defecto
703822,913935,2024-07-10,XL,talla incorrecta
700607,902310,12 jul 2024,XS,color distinto
704083,914842,18/07/2024,L,talla incorrecta
702560,909352,21/07/2024,L,no me gusta
703255,911898,14/07/2024,l,no me queda bien
702140,907863,2024-07-14,S,no me gusta
704786,917329,13/07/2024,38,no me gusta
704168,915206,13/07/2024,Talla S,defecto
700612,902323,2024-07-12,L,no me gusta
704934,917877,2024-07-16,36,no me gusta
700939,903573,20/07/2024,S,color distinto
702289,908377,06/07/2024,XS,no me gusta
702139,907862,18/07/2024,s,no me queda bien
701638,906001,17/07/2024,M,cambió de opinión
700511,901938,12/07/2024,S,no me gusta
702394,908734,17 jul 2024,Talla 39,talla incorrecta
704266,915532,2024-07-13,L,cambió de opinión
700568,902145,13/07/2024,Talla S,talla incorrecta
702168,907951,2024-07-19,XS,no me queda bien
702262,908304,04/07/2024,XL,no me queda bien
704640,916781,17/07/2024,L,talla incorrecta
705475,919901,2024-07-19,S,no me gusta
702142,907871,2024-07-20,L,no me queda bien
702722,909926,2024-07-14,M,no me queda bien
704820,917451,2024-07-14,XL,cambió de opinión
704417,916025,2024-07-09,M,defecto
704620,916734,18/07/2024,M,color distinto
703691,913413,9 jul 2024,39,talla incorrecta
704765,917245,22/07/2024,M,no me queda bien
703726,913574,2024-07-18,M,no me gusta
700211,900819,21/07/2024,l,cambió de opinión
703091,911266,2024-07-14,M,talla incorrecta
701110,904153,2024-07-19,S,talla incorrecta
704145,915063,19/07/2024,37,defecto
702230,908192,2024-07-12,Talla S,no me gusta
703196,911658,13/07/2024,L,no me gusta
704394,915942,2024-07-19,XL,no me queda bien
701475,905416,12 jul 2024,M,no me gusta
701452,905324,2024-07-15,Talla M,no me gusta
704560,916533,18/07/2024,XL,defecto
703049,911099,17/07/2024,S,no me queda bien
701678,906156,13 jul 2024,38,no me gusta
702622,909569,18 jul 2024,M,no me queda bien
705457,919851,18/07/2024,L,cambió de opinión
703801,913849,2024-07-15,XL,talla incorrecta
702999,910933,10/07/2024,36,no me queda bien
702563,909366,2024-07-11,L,color distinto
704366,915861,2024-07-16,L,cambió de opinión
704043,914699,16/07/2024,M,talla incorrecta
700192,900749,17/07/2024,Talla L,talla incorrecta
703649,913278,9 jul 2024,39,no me queda bien
700651,902469,14/07/2024,L,no me queda bien
700670,902537,2024-07-15,Talla L,talla incorrecta
701634,905974,2024-07-15,M,talla incorrecta
702982,910881,16/07/2024,L,color distinto
703593,913093,2024-07-16,M,defecto
704590,916632,2024-07-16,M,color distinto
702612,909535,2024-07-18,M,no me queda bien
704159,915135,05/07/2024,L,color distinto
702546,909279,2024-07-19,M,no me gusta
703173,911582,14 jul 2024,S,defecto
700206,900793,11/07/2024,M,talla incorrecta
705484,919922,2024-07-16,L,no me gusta
701442,905305,11 jul 2024,s,cambió de opinión
701792,906583,2024-07-18,M,no me gusta
702066,907606,18 jul 2024,37,talla incorrecta
704289,915605,21/07/2024,S,no me gusta
702015,907423,09/07/2024,L,no me queda bien
701493,905478,2024-07-18,m,defecto
700387,901504,16 jul 2024,S,no me gusta
701031,903899,12/07/2024,M,talla incorrecta
705430,919740,16 jul 2024,XS,cambió de opinión
703162,911533,2024-07-16,40,no me queda bien
702449,908918,2024-07-12,Talla 41,talla incorrecta
702329,908528,16/07/2024,M,no me queda bien
705391,919606,2024-07-13,S,no me gusta
704087,914856,15 jul 2024,m,defecto
702466,908977,20/07/2024,Talla XS,no me queda bien
703914,914301,17 jul 2024,xs,no me queda bien
705349,919445,18/07/2024,Talla 37,talla incorrecta
704582,916609,01/07/2024,M,color distinto
703789,913811,2024-07-19,M,defecto
702223,908166,2024-07-16,Talla S,talla incorrecta
705137,918638,21/07/2024,M,talla incorrecta
700610,902319,17 jul 2024,l,cambió de opinión
700858,903284,2024-07-17,M,defecto
702085,907670,2024-07-11,M,talla incorrecta
701030,903893,18/07/2024,L,talla incorrecta
701182,904440,2024-07-11,Talla XS,defecto
700112,900436,2024-07-10,38,no me queda bien
700236,900908,18/07/2024,L,no me queda bien
701617,905919,2024-07-12,42,talla incorrecta
702411,908794,14/07/2024,38,cambió de opinión
702459,908947,19 jul 2024,Talla S,no me gusta
704238,915435,19/07/2024,XS,no me queda bien
700024,900107,2024-07-07,XL,no me gusta
704825,917478,15/07/2024,S,no me queda bien
702907,910607,2024-07-15,40,no me gusta
700312,901165,16/07/2024,XL,no me queda bien
702120,907800,2024-07-12,Talla M,no me gusta
703994,914554,17/07/2024,38,defecto
701537,905636,2024-07-22,M,talla incorrecta
701349,904992,2024-07-15,S,cambió de opinión
703466,912617,22/07/2024,M,talla incorrecta
701268,904712,2024-07-19,L,color distinto
703391,912393,2024-07-13,S,defecto
703520,912805,13/07/2024,S,no me gusta
700021,900101,14/07/2024,L,me queda pequeño
705074,918409,20 jul 2024,Talla S,talla incorrecta
702492,909063,13 jul 2024,XS,defecto
705374,919548,13/07/2024,L,no me gusta
701892,906904,19/07/2024,L,no me gusta
702657,909690,07/07/2024,Talla M,talla incorrecta
704992,918101,2024-07-14,Talla XL,no me queda bien
704377,915907,09/07/2024,M,no me gusta
700176,900690,2024-07-19,L,talla incorrecta
701241,904627,2024-07-13,M,cambió de opinión
700008,900040,16/07/2024,xl,talla incorrecta
703791,913813,2024-07-14,XL,color distinto
700656,902491,04/07/2024,XL,no me queda bien
704134,915020,18/07/2024,M,talla incorrecta
701253,904659,15/07/2024,Talla S,no me queda bien
705306,919278,2024-07-16,M,no me queda bien
703824,913943,2024-07-10,L,talla incorrecta
703827,913957,2024-07-19,Talla L,no me queda bien
703460,912603,2024-07-22,S,no me gusta
702620,909560,2024-07-15,L,talla incorrecta
703143,911459,19/07/2024,39,no me gusta
701228,904584,2024-07-15,40,no me gusta
700517,901956,11/07/2024,40,talla incorrecta
705518,2005708,16 jul 2024,38,no me queda bien
704804,917398,18/07/2024,XS,defecto
704962,917967,07/07/2024,L,no me queda bien
700216,900829,09/07/2024,Talla XS,talla incorrecta
704235,915426,2024-07-14,XS,talla incorrecta
701767,906498,2024-07-16,XL,defecto
702293,908395,17/07/2024,M,no me gusta
705426,919729,17 jul 2024,38,talla incorrecta
700116,900449,18/07/2024,S,no me queda bien
700140,900543,2024-07-16,L,talla incorrecta
702879,910517,20/07/2024,M,no me queda bien
704974,918027,2024-07-20,s,talla incorrecta
704852,917577,2024-07-07,M,no me gusta
704940,917888,2024-07-20,S,no me gusta
703054,911115,2024-07-15,41,no me queda bien
700078,900312,2024-07-21,L,no me gusta
703959,914431,2024-07-17,L,talla incorrecta
701556,905709,16/07/2024,38,no me gusta
703561,912963,15/07/2024,M,talla incorrecta
704597,916660,19/07/2024,M,talla incorrecta
704911,917804,2024-07-16,S,talla incorrecta
701287,904783,2024-07-19,38,no me queda bien
705228,919012,19/07/2024,M,no me queda bien
704044,914700,17/07/2024,Talla 41,talla incorrecta
703482,912668,2024-07-14,S,defecto
702605,909509,2024-07-18,XL,no me queda bien
704431,916075,10 jul 2024,M,talla incorrecta
704052,914738,2024-07-13,s,no me gusta
705252,919090,19/07/2024,42,defecto
704931,917871,18 jul 2024,l,no me gusta
705214,918941,2024-07-18,l,Talla
704219,915374,16/07/2024,S,no me gusta
705023,918231,2024-07-13,M,no me queda bien
704643,916784,2024-07-10,L,no me gusta
702778,910130,20/07/2024,Talla S,defecto
700494,901864,2024-07-17,S,defecto
700868,903325,21 jul 2024,M,no me gusta
702433,908858,2024-07-19,40,no me gusta
700019,900088,20/07/2024,XL,talla incorrecta
703795,913826,2024-07-20,XS,talla incorrecta
702413,908802,2024-07-19,M,no me gusta
705400,919642,12/07/2024,S,talla incorrecta
700330,901254,17/07/2024,37,no me gusta
704286,915599,2024-07-18,S,no me gusta
701805,906617,18/07/2024,M,no me queda bien
702788,910163,13/07/2024,M,talla incorrecta
701436,905292,2024-07-19,Talla M,no me queda bien
704933,917874,2024-07-21,S,talla incorrecta
702334,908540,2024-07-13,36,defecto
701007,903807,2024-07-20,XS,no me gusta
704549,916481,04/07/2024,xl,no me gusta
702905,910598,2024-07-12,XL,no me gusta
705366,919518,16 jul 2024,XS,color distinto
700205,900788,2024-07-20,M,talla incorrecta
701883,906856,08/07/2024,L,no me queda bien
701801,906609,16/07/2024,39,talla incorrecta
701481,905448,17 jul 2024,L,talla incorrecta
702713,909902,10/07/2024,S,no me gusta
703737,913625,2024-07-13,M,cambió de opinión
705004,918149,2024-07-20,39,cambió de opinión
702797,910215,19/07/2024,M,no me queda bien
704128,915007,19/07/2024,S,defecto
701823,906662,2024-07-15,XS,talla incorrecta
704913,917813,2024-07-17,M,defecto
704126,915000,15/07/2024,L,no me queda bien
703148,911477,2024-07-17,M,talla incorrecta
702001,907357,6 jul 2024,L,cambió de opinión
701619,905935,2024-07-17,41,no me queda bien
700190,900746,2024-07-08,XL,color distinto
700776,902952,2024-07-15,XL,talla incorrecta
701657,906066,05/07/2024,M,no me gusta
705179,918788,2024-07-05,Talla XL,color distinto
703850,914021,2024-07-12,37,defecto
703107,911328,22/07/2024,M,defecto
705136,918637,21 jul 2024,S,defecto
700549,902094,17/07/2024,L,no me queda bien
701291,904802,2024-07-15,m,defecto
701699,906225,2024-07-11,M,talla incorrecta
703765,913745,2024-07-13,Talla 40,no me gusta
702379,908701,2024-07-18,39,cambió de opinión
700839,903213,2024-07-09,S,talla incorrecta
705291,919217,05/07/2024,M,color distinto
701671,906133,2024-07-20,39,color distinto
702847,910397,2024-07-13,S,no me queda bien
704268,915538,16/07/2024,36,no me gusta
700626,902388,2024-07-20,L,defecto
703262,911930,02/07/2024,L,talla incorrecta
702440,908879,2024-07-22,XS,no me gusta
703773,913769,2024-07-21,S,color distinto
701003,903796,18/07/2024,S,cambió de opinión
704135,915027,2024-07-09,39,talla incorrecta
702964,910825,19/07/2024,Talla XS,no me queda bien
703117,911378,2024-07-19,L,talla incorrecta
700259,900977,2024-07-19,m,talla incorrecta
704964,917979,2024-07-14,l,talla incorrecta
700403,901552,2024-07-16,M,no me gusta
703644,913265,18 jul 2024,S,no me gusta
700657,902493,21/07/2024,M,talla incorrecta
705027,918242,2024-07-19,L,no me gusta
704990,918097,2024-07-13,XS,defecto
703785,913800,2024-07-21,XL,cambió de opinión
704502,916302,2024-07-16,Talla 37,no me queda bien
703315,912124,2024-07-20,L,defecto
702340,908556,2024-07-18,m,talla incorrecta
703592,913092,17/07/2024,S,no me gusta
703863,914083,2024-07-17,XS,no me gusta
704935,917880,11 jul 2024,L,talla incorrecta
701336,904962,05/07/2024,S,no me queda bien
704475,916229,2024-07-06,M,no me queda bien
701198,904484,12 jul 2024,38,no me queda bien
704526,916371,5 jul 2024,XL,cambió de opinión
702231,908193,8 jul 2024,S,talla incorrecta
701517,905561,2024-07-13,40,defecto
700986,903738,2024-07-21,M,no me gusta
703977,914489,2024-07-21,xl,talla incorrecta
700469,901797,2024-07-16,S,color distinto
705467,919880,2024-07-13,S,talla incorrecta
703669,913340,2024-07-12,Talla M,no me gusta
704878,917674,2024-07-15,S,defecto
702158,907917,2024-07-17,Talla XL,no me queda bien
703621,913187,2024-07-13,39,no me gusta
703615,913158,20/07/2024,M,no me queda bien
701067,904023,2024-07-18,L,no me gusta
705268,919144,2024-07-09,l,no me queda bien
701379,905069,17/07/2024,S,cambió de opinión
701798,906598,08/07/2024,40,no me queda bien
702818,910283,8 jul 2024,XS,color distinto
700087,900367,2024-07-11,XS,no me queda bien
700573,902166,18/07/2024,L,talla incorrecta
702199,908096,2024-07-12,37,no me queda bien
705491,919937,21/07/2024,S,no me queda bien
705528,2023672,13 jul 2024,38,color distinto
700204,900787,2024-07-20,Talla M,talla incorrecta
701160,904357,2024-07-20,39,color distinto
705047,918301,2024-07-19,39,talla incorrecta
702069,907627,10 jul 2024,Talla S,defecto
702874,910494,2024-07-22,L,talla incorrecta
704471,916216,2024-07-17,S,talla incorrecta
701920,907010,16/07/2024,m,talla incorrecta
702416,908809,2024-07-16,36,talla incorrecta
700443,901680,16 jul 2024,XL,no me gusta
705224,918981,2024-07-17,Talla 37,talla incorrecta
700705,902678,2024-07-09,L,talla incorrecta
701875,906817,2024-07-05,S,defecto
702815,910274,19/07/2024,L,talla incorrecta
701255,904672,17/07/2024,l,no me gusta
703422,912463,2024-07-17,XL,color distinto
701504,905501,9 jul 2024,S,no me gusta
704202,915310,2024-07-19,XS,cambió de opinión
701536,905634,12/07/2024,L,color distinto
704498,916290,6 jul 2024,M,defecto
702733,909965,16/07/2024,Talla L,color distinto
702569,909386,20/07/2024,Talla M,no me gusta
703226,911783,2024-07-19,Talla L,defecto
705392,919607,16 jul 2024,M,no me gusta
704996,918109,15/07/2024,M,talla incorrecta
704466,916203,30/06/2024,XS,cambió de opinión
705284,919198,19/07/2024,M,talla incorrecta
704569,916562,2024-07-16,M,cambió de opinión
702579,909419,16 jul 2024,L,talla incorrecta
705173,918771,02/07/2024,L,no me queda bien
701696,906218,18/07/2024,m,talla incorrecta
700007,900022,17/07/2024,37,talla incorrecta
700142,900547,21 jul 2024,Talla L,cambió de opinión
701368,905055,2024-07-14,S,no me queda bien
704469,916209,8 jul 2024,S,color distinto
702918,910649,10/07/2024,M,talla incorrecta
702263,908310,2024-07-20,37,defecto
701877,906830,20 jul 2024,XL,cambió de opinión
700910,903474,10 jul 2024,M,no me gusta
704552,916492,09/07/2024,m,cambió de opinión
702784,910144,2024-07-13,M,talla incorrecta
704437,916092,2024-07-13,XL,defecto
705078,918421,15/07/2024,M,talla incorrecta
704312,915676,16/07/2024,M,no me gusta
701121,904191,17/07/2024,L,no me gusta
703467,912621,20/07/2024,37,cambió de opinión
701459,905342,2024-07-16,xs,no me queda bien
702318,908494,2024-07-20,S,no me gusta
701257,904676,18/07/2024,L,talla incorrecta
704828,917493,2024-07-14,m,talla incorrecta
701834,906691,2024-07-09,s,no me gusta
702950,910763,2024-07-20,XS,no me gusta
704382,915918,2024-07-13,40,talla incorrecta
704338,915770,2024-07-12,39,no me gusta
702998,910932,2024-07-15,L,color distinto
700758,902877,19/07/2024,m,talla incorrecta
704989,918095,12/07/2024,S,no me queda bien
703383,912358,11/07/2024,xl,defecto
703060,911140,2024-07-15,Talla M,no me gusta
701946,907113,19/07/2024,37,cambió de opinión
703588,913078,9 jul 2024,Talla S,no me queda bien
703137,911431,16/07/2024,L,cambió de opinión
702594,909462,21/07/2024,L,no me queda bien
705466,919879,2024-07-20,M,no me queda bien
703491,912699,2024-07-21,XL,cambió de opinión
703871,914103,12 jul 2024,s,color distinto
700767,902900,2024-07-20,37,no me queda bien
701273,904730,2024-07-21,36,no me gusta
704148,915075,2024-07-15,L,no me gusta
702373,908681,2024-07-21,Talla M,talla incorrecta
700247,900940,2024-07-17,S,no me queda bien
701388,905124,2024-07-20,Talla M,talla incorrecta
701070,904036,2024-07-11,S,defecto
702319,908496,2024-07-13,XS,defecto
702352,908609,2024-07-19,M,cambió de opinión
701664,906115,14 jul 2024,XL,defecto
701054,903982,09/07/2024,XS,no me gusta
705181,918794,2024-07-09,Talla M,defecto
701952,907136,2024-07-07,Talla M,color distinto
703629,913208,14/07/2024,S,cambió de opinión
701309,904867,20 jul 2024,38,no me gusta
700115,900445,18 jul 2024,M,color distinto
703990,914541,15/07/2024,XS,talla incorrecta
704212,915349,2024-07-13,M,talla incorrecta
700090,900373,2024-07-12,M,no me gusta
702026,907454,16/07/2024,Talla L,talla incorrecta
703332,912191,19/07/2024,XL,no me queda bien
705192,918855,9 jul 2024,39,talla incorrecta
705177,918779,12 jul 2024,M,no me queda bien
700792,903013,13 jul 2024,L,no me gusta
703931,914348,2024-07-20,S,no me queda bien
703207,911714,20/07/2024,41,no me queda bien
702739,909985,14/07/2024,M,no me gusta
702455,908934,2024-07-17,M,no me queda bien
704120,914978,2024-07-17,L,talla incorrecta
705384,919574,14 jul 2024,XS,color distinto
700848,903252,2024-07-18,Talla 37,talla incorrecta
703721,913556,2024-07-20,Talla S,no me queda bien
702475,909017,20/07/2024,S,no me queda bien
701122,904212,27 jun 2024,XS,no me queda bien
705273,919159,2024-07-20,40,talla incorrecta
700228,900884,2024-07-14,Talla XL,no me gusta
705024,918233,2024-07-12,38,no me gusta
704658,916836,15/07/2024,M,no me gusta
704712,917044,2024-07-17,XL,no me gusta
702091,907700,20 jul 2024,XS,talla incorrecta
705340,919416,18 jul 2024,XS,no me gusta
704976,918056,2024-07-20,M,no me queda bien
700914,903482,14/07/2024,M,no me gusta
701076,904064,14/07/2024,XL,cambió de opinión
701193,904469,18 jul 2024,M,no me gusta
701512,905538,2024-06-30,M,cambió de opinión
700099,900402,2024-07-13,XL,no me queda bien
702793,910188,17/07/2024,s,no me queda bien
700182,900707,2024-07-09,XL,defecto
701049,903970,2024-07-10,l,no me queda bien
702425,908834,07/07/2024,XL,no me queda bien
704991,918098,12 jul 2024,S,cambió de opinión
700292,901087,2024-07-07,S,cambió de opinión
701024,903869,18/07/2024,S,defecto
702414,908805,15/07/2024,S,no me queda bien
703493,912706,2024-07-16,M,no me queda bien
702833,910339,19/07/2024,L,talla incorrecta
702502,909090,17/07/2024,Talla XS,no me gusta
702412,908798,19/07/2024,s,no me gusta
703184,911620,2024-07-13,m,no me gusta
701129,904240,17 jul 2024,M,cambió de opinión
700536,902012,2024-07-19,M,no me gusta
705314,919303,12/07/2024,XS,defecto
701926,907031,2024-06-30,S,color distinto
704430,916072,07/07/2024,XS,no me gusta
705424,919713,2024-07-09,L,no me gusta
703554,912936,13/07/2024,M,no me gusta
701404,905166,19/07/2024,40,no me gusta
701609,905893,17/07/2024,38,no me queda bien
703480,912666,20/07/2024,m,talla incorrecta
703512,912759,13 jul 2024,Talla M,no me queda bien
705222,918977,2024-07-21,M,talla incorrecta
704280,915586,20/07/2024,L,no me gusta
702215,908149,2024-07-20,Talla M,cambió de opinión
700076,900304,2024-07-07,L,talla incorrecta
702855,910429,20 jul 2024,XS,no me queda bien
701748,906418,2024-07-20,XS,defecto
704883,917689,2024-07-17,S,defecto
703434,912513,11/07/2024,38,no me gusta
704239,915445,2024-07-21,M,talla incorrecta
705441,919785,2024-07-20,L,talla incorrecta
705199,918890,20/07/2024,Talla 38,no me queda bien
701233,904604,2024-07-17,XL,no me queda bien
703178,911600,2024-07-13,M,no me queda bien
700819,903099,17/07/2024,M,talla incorrecta
703377,912333,2024-07-04,XS,defecto
700235,900907,2024-07-09,M,talla incorrecta
704924,917854,2024-07-04,M,color distinto
701047,903961,10 jul 2024,XS,no me gusta
700459,901735,19/07/2024,S,talla incorrecta
703472,912629,2024-07-18,M,talla incorrecta
703703,913466,12/07/2024,XL,no me queda bien
700170,900666,13/07/2024,S,no me gusta
705138,918639,2024-07-12,41,no me queda bien
703739,913635,17/07/2024,l,talla incorrecta
703324,912173,07/07/2024,S,cambió de opinión
704061,914767,16 jul 2024,M,talla incorrecta
703203,911696,2024-07-04,Talla M,no me queda bien
704105,914932,20/07/2024,Talla M,defecto
700468,901793,14/07/2024,S,cambió de opinión
701735,906359,21/07/2024,M,no me gusta
702825,910308,15/07/2024,Talla L,no me gusta
701420,905230,2024-07-20,M,talla incorrecta
703329,912186,12/07/2024,M,color distinto
704187,915259,13/07/2024,39,talla incorrecta
700251,900953,2024-07-16,XL,cambió de opinión
703322,912154,21 jul 2024,S,talla incorrecta
703684,913382,2024-07-16,s,no me queda bien
701216,904540,16 jul 2024,40,color distinto
702366,908662,2024-07-07,38,no me queda bien
704801,917384,2024-07-13,S,no me queda bien
704032,914671,2024-07-09,M,no me gusta
703654,913294,19 jul 2024,xs,no me gusta
700769,902911,2024-07-13,Talla M,defecto
700131,900505,2024-07-12,37,talla incorrecta
704003,914585,2024-07-08,M,no me gusta
702190,908046,2024-07-12,XL,talla incorrecta
703215,911744,2024-07-17,36,talla incorrecta
703743,913643,2024-07-14,40,no me queda bien
700378,901462,2024-07-14,S,talla incorrecta
702174,907974,15/07/2024,M,talla incorrecta
704756,917220,12/07/2024,38,no me gusta
704459,916180,15/07/2024,M,no me gusta
701780,906532,20 jul 2024,L,no me gusta
701139,904290,9 jul 2024,38,color distinto
703220,911753,18/07/2024,37,talla incorrecta
704344,915798,16/07/2024,l,me queda pequeño
702511,909119,2024-07-12,L,defecto
701615,905916,18/07/2024,M,no me gusta
702227,908185,2024-07-20,Talla L,no me queda bien
701181,904432,2024-07-13,36,no me gusta
703913,914295,2024-07-17,M,cambió de opinión
702056,907578,2024-07-11,Talla 36,color distinto
702350,908597,17/07/2024,38,cambió de opinión
700762,902891,2024-07-19,S,cambió de opinión
704231,915418,13/07/2024,XS,talla incorrecta
702583,909430,14 jul 2024,L,cambió de opinión
705032,918260,2024-07-19,M,no me queda bien
702178,907994,2024-07-08,XL,no me queda bien
705083,918451,2024-07-16,S,no me gusta
701674,906147,2024-07-16,S,defecto
700004,900006,07/07/2024,Talla M,no me gusta
704300,915629,21 jul 2024,XL,cambió de opinión
700947,903596,20/07/2024,M,talla incorrecta
704539,916446,20 jul 2024,XL,talla incorrecta
704740,917140,17 jul 2024,Talla L,no me queda bien
704623,916740,19 jul 2024,M,cambió de opinión
704086,914851,2024-07-09,M,defecto
700388,901506,14 jul 2024,40,no me queda bien
700350,901337,2024-07-16,L,talla incorrecta
701443,905306,2024-07-12,XL,no me queda bien
700576,902176,21/07/2024,XS,talla incorrecta
704955,917957,2024-07-15,37,no me gusta
704748,917186,2024-07-22,S,defecto
703008,910959,2024-07-09,M,no me queda bien
700434,901649,21/07/2024,L,Talla
704131,915013,17/07/2024,XS,talla incorrecta
702347,908589,15/07/2024,L,talla incorrecta
705098,918491,2024-07-14,XL,talla incorrecta
704176,915219,20 jul 2024,M,Talla
704727,917096,20/07/2024,XS,cambió de opinión
700724,902754,2024-07-12,39,talla incorrecta
704726,917090,2024-07-19,xs,no me queda bien
700244,900935,21/07/2024,XL,no me gusta
705455,919845,2024-07-19,Talla L,talla incorrecta
705106,918537,10/07/2024,Talla M,no me queda bien
700768,902910,21/07/2024,Talla XS,talla incorrecta
701923,907024,17 jul 2024,39,talla incorrecta
704282,915594,2024-07-16,37,no me queda bien
704021,914630,2024-07-16,Talla L,cambió de opinión
702456,908939,2024-07-14,L,no me queda bien
702956,910786,2024-07-10,m,no me gusta
702489,909055,16/07/2024,L,cambió de opinión
702570,909390,2024-07-19,M,talla incorrecta
702822,910299,2024-07-16,Talla M,no me gusta
703310,912106,2024-07-10,L,no me queda bien
704701,916981,2024-07-10,M,no me queda bien
702846,910395,08/07/2024,37,no me gusta
705548,2023992,10 jul 2024,38,no me gusta
702894,910571,2024-07-16,L,talla incorrecta
703327,912182,2024-07-18,41,no me gusta
703484,912673,2024-07-15,M,no me gusta
700806,903056,19/07/2024,Talla XS,no me queda bien
703652,913289,2024-07-21,M,no me gusta
702697,909829,13/07/2024,L,talla incorrecta
704876,917669,14/07/2024,XL,defecto
704278,915578,17 jul 2024,XS,defecto
705492,919938,2024-07-19,M,no me queda bien
704888,917707,22/07/2024,S,no me queda bien
702695,909818,2024-07-17,S,no me queda bien
701319,904892,2024-07-18,XL,no me queda bien
704995,918108,2024-07-20,38,no me queda bien
702683,909781,2024-07-16,40,defecto
700133,900510,11 jul 2024,L,talla incorrecta
705293,919220,12/07/2024,M,defecto
704288,915604,15/07/2024,S,no me queda bien
703138,911437,2024-07-20,M,no me queda bien
700981,903720,2024-07-21,XL,no me queda bien
701126,904221,2024-07-15,XL,color distinto
702060,907588,16/07/2024,Talla S,cambió de opinión
704100,914907,2024-07-17,xl,no me gusta
701471,905398,2024-07-12,Talla M,no me queda bien
705066,918371,2024-07-19,M,no me queda bien
701142,904303,19 jul 2024,M,defecto
701510,905534,18/07/2024,S,talla incorrecta
704189,915264,09/07/2024,M,no me queda bien
704719,917063,2024-07-20,M,talla incorrecta
704716,917051,19/07/2024,XL,cambió de opinión
704918,917829,16/07/2024,40,defecto
702820,910289,09/07/2024,39,talla incorrecta
700654,902478,14 jul 2024,M,cambió de opinión
701803,906614,01/07/2024,L,no me gusta
702363,908654,17/07/2024,L,talla incorrecta
704184,915248,20 jul 2024,S,cambió de opinión
700196,900770,17 jul 2024,L,talla incorrecta
703313,912116,07/07/2024,Talla M,no me gusta
702264,908312,14 jul 2024,L,no me gusta
701966,907210,2024-07-15,41,cambió de opinión
704514,916336,2024-07-12,XS,no me queda bien
702632,909594,2024-07-13,M,no me queda bien
705165,918749,2024-07-09,XS,no me queda bien
701084,904082,06/07/2024,m,defecto
704222,915384,18 jul 2024,M,talla incorrecta
705015,918195,2024-07-21,S,no me gusta
702041,907527,14/07/2024,l,no me gusta
700171,900678,2024-07-15,40,defecto
701999,907353,2024-07-10,L,defecto
702970,910839,2024-07-15,Talla 37,no me gusta
