linea_id,pedido_id,producto_id,talla,cantidad,precio_unitario,descuento_pct
900001,500001,1137,39,1,"63,83 €",0
900002,500002,1232,XL,1,"26,48 €",0.3
900003,500002,1028,L,2,"48,82 €",30%
900004,500003,1229,S,1,"38,72 €",0.0
900005,500003,1284,S,2,"20,70 €",0%
900006,500003,1295,M,1,"36,18 €",0
900007,500004,1276,Talla S,2,"24,73 €",0.2
900008,500004,1185,M,1,"21,81 €",0
900009,500005,1030,M,1,"46,38 €",20
900010,500006,1184,L,1,"14,15 €",0.0
900011,500007,1042,s,1,"49,99 €",40
900012,500008,1042,S,1,"49,99 €",0.4
900013,500008,1119,38,1,"55,00 €",10%
900014,500009,1359,M,2,"29,93 €",0.3
900015,500009,1379,S,1,"31,72 €",0.2
900016,500009,1250,Talla M,1,"31,36 €",30
900017,500010,1391,m,3,"13,83 €",40%
900018,500010,1362,S,1,"26,07 €",20%
900019,500010,1390,M,2,"19,91 €",20%
900020,500010,1262,M,2,"36,87 €",0%
900021,500011,1247,XS,1,"43,39 €",0.0
900022,500012,1152,37,3,"48,30 €",50%
900023,500012,1211,Talla XS,1,"12,54 €",0%
900024,500012,1393,l,1,"13,58 €",10
900025,500012,1144,36,1,"75,61 €",0%
900026,500012,1044,M,1,"36,91 €",0.5
900027,500013,1204,L,1,"12,35 €",30
900028,500013,1094,41,1,"61,63 €",20%
900029,500014,1252,M,1,"33,85 €",0.0
900030,500015,1042,Talla L,1,"49,99 €",0.4
900031,500015,1288,s,1,"30,24 €",30%
900032,500015,1209,S,1,"13,65 €",40%
900033,500015,1367,M,1,"13,47 €",40%
900034,500016,1204,S,1,"12,35 €",0.1
900035,500016,1362,L,1,"26,07 €",0.2
900036,500016,1283,S,1,"24,64 €",20%
900037,500017,1393,S,1,"13,58 €",0.2
900038,500017,1213,Talla S,1,"12,89 €",30
900039,500018,1293,s,2,"37,48 €",40
900040,500018,1036,XL,1,"51,15 €",50%
900041,500019,1257,l,1,"41,13 €",0%
900042,500019,1036,S,1,"51,15 €",0%
900043,500020,1377,Talla L,1,"31,22 €",20
900044,500020,1394,L,1,"26,56 €",0.2
900045,500020,1297,Talla L,2,"39,25 €",20%
900046,500020,1319,L,1,"30,13 €",10
900047,500021,1375,XL,1,"22,99 €",0.0
900048,500021,1111,39,2,"59,92 €",10
900049,500022,1296,Talla M,2,"41,51 €",0.5
900050,500023,1028,XL,1,"48,82 €",30%
900051,500023,1143,40,2,"54,97 €",10%
900052,500023,1234,L,-1,"26,50 €",0.2
900053,500023,1298,M,1,"30,07 €",0.3
900054,500024,1051,S,1,"46,46 €",20%
900055,500024,1061,M,1,"46,35 €",0.0
900056,500025,1111,38,1,"59,92 €",50%
900057,500025,1148,37,2,"36,02 €",0.1
900058,500025,1072,XL,1,"46,42 €",10
900059,500026,1223,M,1,"29,79 €",0.2
900060,500027,1234,l,1,"26,50 €",20
900061,500027,1023,m,1,"31,99 €",0
900062,500027,1107,37,1,"55,33 €",0.1
900063,500027,1282,L,1,"36,05 €",0.0
900064,500028,1319,XL,1,"30,13 €",10%
900065,500028,1383,Talla XS,1,"20,95 €",30
900066,500028,1007,M,1,"30,50 €",30%
900067,500028,1363,XL,1,"31,93 €",30
900068,500028,1106,38,1,"73,33 €",20
900069,500028,1040,L,1,"49,21 €",0.4
900070,500029,1042,XL,1,"49,99 €",40%
900071,500030,1142,40,1,"75,44 €",20%
900072,500030,1067,M,1,"32,97 €",40%
900073,500030,1230,l,2,"25,06 €",20%
900074,500031,1143,38,1,"54,97 €",10
900075,500032,1094,40,2,"61,63 €",20%
900076,500032,1118,39,1,"79,30 €",10%
900077,500032,1135,38,1,"71,49 €",0
900078,500032,1256,L,1,"30,08 €",20%
900079,500033,1198,Talla S,1,"16,38 €",10
900080,500033,1209,L,1,"13,65 €",0.0
900081,500033,1396,S,1,"15,65 €",0
900082,500034,1312,S,3,"35,92 €",40%
900083,500034,1254,M,1,"42,10 €",30%
900084,500034,1196,XL,1,"15,48 €",0.1
900085,500035,1216,M,1,"17,83 €",20
900086,500036,1042,l,1,"49,99 €",40%
900087,500037,1379,S,1,"31,72 €",0.0
900088,500038,1197,XL,1,"14,87 €",30
900089,500039,1011,Talla M,1,"58,99 €",0.1
900090,500039,1068,M,1,"49,68 €",0.2
900091,500039,1285,M,1,"39,82 €",0.1
900092,500040,1157,41,1,"47,95 €",0.5
900093,500040,1303,L,2,"34,22 €",30%
900094,500040,1106,41,1,"73,33 €",0.2
900095,500041,1164,XL,1,"18,58 €",20%
900096,500041,1035,L,1,"57,32 €",20%
900097,500042,1333,M,1,"89,35 €",0.0
900098,500042,1123,38,1,"77,67 €",30%
900099,500042,1252,M,1,"33,85 €",0.2
900100,500043,1042,s,1,"49,99 €",40
900101,500044,1042,l,1,"49,99 €",40%
900102,500045,1357,L,1,"16,44 €",30%
900103,500046,1061,S,2,"46,35 €",20%
900104,500046,1105,39,1,"77,31 €",10%
900105,500047,1014,m,1,"48,60 €",10
900106,500047,1324,XL,1,"40,15 €",0.0
900107,500048,1055,XL,1,"33,15 €",0.4
900108,500049,1086,M,1,"33,74 €",10%
900109,500049,1203,m,2,"19,01 €",40
900110,500050,1365,s,1,"27,56 €",10%
900111,500050,1324,XS,1,"40,15 €",0.2
900112,500051,1106,36,2,"73,33 €",0.4
900113,500051,1315,M,3,"32,56 €",20
900114,500052,1042,M,2,"49,99 €",0.4
900115,500052,1246,S,1,"32,78 €",0.1
900116,500052,1044,m,1,"36,91 €",0.3
900117,500052,1193,XS,1,"20,23 €",0.0
900118,500053,1343,Talla M,1,"81,92 €",0.2
900119,500053,1322,m,1,"33,07 €",0.5
900120,500054,1042,m,1,"49,99 €",40%
900121,500054,1103,41,1,"62,95 €",0.4
900122,500054,1090,XS,1,"34,56 €",0.3
900123,500054,1198,XS,1,"16,38 €",0.2
900124,500055,1315,M,1,"32,56 €",30%
900125,500055,1329,S,1,"45,80 €",20%
900126,500056,1013,Talla XL,1,"31,03 €",20%
900127,500056,1334,L,1,"41,41 €",30%
900128,500056,1122,40,1,"63,66 €",0.1
900129,500056,1205,XS,1,"13,61 €",30%
900130,500056,1392,M,1,"12,73 €",0
900131,500056,1347,S,2,"80,46 €",20%
900132,500057,1154,40,2,"70,63 €",30
900133,500058,1229,l,3,"38,72 €",40%
900134,500058,1316,XS,2,"43,89 €",30%
900135,500059,1109,37,3,"76,92 €",0.0
900136,500060,1228,s,1,"37,14 €",0.4
900137,500061,1205,S,2,"13,61 €",0.4
900138,500062,1021,M,1,"43,85 €",10
900139,500063,1106,39,1,"73,33 €",0.0
900140,500064,1097,40,1,"45,52 €",0.5
900141,500064,1257,M,1,"41,13 €",20%
900142,500064,1204,L,1,"12,35 €",20%
900143,500064,1292,L,1,"32,80 €",30%
900144,500064,1098,38,1,"38,24 €",0.4
900145,500065,1229,M,1,"38,72 €",0.2
900146,500065,1391,XL,1,"13,83 €",10
900147,500065,1391,Talla M,1,"13,83 €",0.3
900148,500065,1305,s,1,"32,92 €",0.2
900149,500065,1011,Talla L,1,"58,99 €",0.2
900150,500066,1382,l,1,"30,95 €",30
900151,500067,1270,m,1,"37,43 €",20
900152,500067,1204,S,1,"12,35 €",0.0
900153,500067,1292,M,1,"32,80 €",30
900154,500068,1381,M,1,"34,45 €",0
900155,500068,1226,Talla L,1,"35,69 €",20%
900156,500069,1294,M,1,"28,15 €",30%
900157,500070,1174,M,1,"20,68 €",30%
900158,500070,1015,L,1,"33,85 €",20%
900159,500070,1219,Talla XS,2,"17,73 €",0.3
900160,500070,1272,L,2,"29,98 €",10%
900161,500070,1391,L,1,"13,83 €",20
900162,500070,1362,M,1,"26,07 €",0.1
900163,500071,1042,L,1,"49,99 €",40%
900164,500071,1238,M,1,"36,15 €",30
900165,500072,1234,XL,1,"26,50 €",20%
900166,500072,1243,S,1,"42,14 €",0.1
900167,500072,1283,Talla M,3,"24,64 €",0.3
900168,500072,1285,m,1,"39,82 €",0.4
900169,500072,1318,S,1,"40,14 €",0
900170,500073,1296,S,1,"41,51 €",20%
900171,500074,1183,L,1,"22,12 €",10%
900172,500074,1362,L,1,"26,07 €",0.2
900173,500075,1285,Talla S,1,"39,82 €",40%
900174,500075,1164,M,1,"18,58 €",20%
900175,500075,1141,Talla 36,1,"47,53 €",0
900176,500076,1272,S,1,"29,98 €",20%
900177,500076,1050,L,1,"52,78 €",40
900178,500076,1106,39,2,"73,33 €",0.1
900179,500076,1015,L,2,"33,85 €",0%
900180,500077,1200,S,2,"21,79 €",30%
900181,500078,1386,M,1,"32,98 €",0%
900182,500078,1259,L,1,"30,24 €",0%
900183,500078,1328,L,1,"51,49 €",0%
900184,500078,1061,Talla XL,1,"46,35 €",0%
900185,500078,1140,39,1,"39,31 €",0.0
900186,500079,1160,37,1,"65,05 €",10
900187,500079,1285,xs,2,"39,82 €",10%
900188,500080,1303,Talla S,1,"34,22 €",0.2
900189,500081,1273,L,1,"32,69 €",20%
900190,500081,1224,Talla XS,1,"25,88 €",0.3
900191,500082,1198,m,1,"16,38 €",0%
900192,500082,1309,s,1,"29,96 €",0.0
900193,500082,1237,xs,1,"35,53 €",0
900194,500082,1263,L,1,"39,31 €",0%
900195,500082,1055,xs,1,"33,15 €",0.2
900196,500083,1334,L,1,"41,41 €",10
900197,500083,1070,S,1,"27,27 €",0.3
900198,500083,1128,42,1,"71,15 €",0%
900199,500083,1186,s,1,"16,09 €",20%
900200,500083,1357,XL,1,"16,44 €",30%
900201,500083,1054,XL,1,"59,30 €",10
900202,500084,1289,M,2,"22,39 €",20%
900203,500085,1124,41,2,"77,92 €",10%
900204,500086,1066,m,1,"34,07 €",20%
900205,500086,1040,s,2,"49,21 €",0.3
900206,500086,1071,Talla M,1,"29,62 €",20
900207,500086,1322,Talla S,1,"33,07 €",0.0
900208,500086,1158,39,1,"44,36 €",40%
900209,500087,1070,Talla M,2,"27,27 €",0.1
900210,500087,1357,xl,1,"16,44 €",20
900211,500088,1252,S,1,"33,85 €",10%
900212,500088,1315,XS,2,"32,56 €",20%
900213,500089,1063,Talla XS,1,"41,19 €",20%
900214,500089,1257,XL,1,"41,13 €",20%
900215,500089,1185,M,3,"21,81 €",30
900216,500089,1079,M,1,"46,26 €",0.0
900217,500089,1269,S,1,"20,24 €",0.0
900218,500090,1197,XL,1,"14,87 €",0.1
900219,500091,1362,XL,2,"26,07 €",50%
900220,500091,1345,XL,1,"85,68 €",10
900221,500091,1094,Talla 39,1,"61,63 €",0.2
900222,500091,1116,38,1,"50,71 €",20
900223,500092,1360,S,1,"18,88 €",20%
900224,500092,1030,S,1,"46,38 €",0.2
900225,500092,1068,S,1,"49,68 €",30
900226,500093,1362,XL,1,"26,07 €",20%
900227,500094,1285,L,1,"39,82 €",10%
900228,500095,1387,XL,1,"10,36 €",30%
900229,500096,1273,L,1,"32,69 €",0.2
900230,500096,1210,Talla M,1,"18,98 €",20%
900231,500097,1042,S,2,"49,99 €",40
900232,500097,1096,41,1,"53,68 €",40
900233,500098,1340,S,1,"80,92 €",20
900234,500098,1053,S,2,"38,51 €",0.3
900235,500099,1088,S,1,"36,00 €",0.3
900236,500099,1121,37,2,"72,81 €",0.2
900237,500099,1364,S,1,"11,29 €",0.3
900238,500099,1093,36,1,"68,61 €",0.2
900239,500100,1377,Talla S,1,"31,22 €",20
900240,500100,1009,L,1,"25,67 €",30
900241,500101,1127,36,1,"79,76 €",50
900242,500101,1106,36,1,"73,33 €",20%
900243,500102,1275,M,2,"24,89 €",0.3
900244,500103,1061,l,1,"46,35 €",0%
900245,500103,1392,M,1,"12,73 €",0.2
900246,500103,1161,M,1,"23,07 €",10%
900247,500103,1049,Talla L,1,"47,10 €",40%
900248,500103,1304,XS,1,"44,49 €",20%
900249,500104,1042,M,1,"49,99 €",0.4
900250,500104,1364,Talla S,1,"11,29 €",40%
900251,500104,1346,Talla S,1,"45,31 €",20
900252,500104,1204,XL,1,"12,35 €",30%
900253,500105,1170,S,1,"12,32 €",0.3
900254,500105,1345,M,1,"85,68 €",20%
900255,500105,1082,L,1,"49,65 €",20
900256,500105,1290,M,1,"23,54 €",30%
900257,500106,1185,Talla M,1,"21,81 €",20%
900258,500106,1337,xl,1,"63,78 €",0.1
900259,500106,1120,36,1,"65,76 €",0.2
900260,500107,1012,L,1,"40,99 €",0.4
900261,500107,1020,S,2,"35,48 €",0.2
900262,500107,1106,38,1,"73,33 €",30
900263,500108,1180,L,1,"17,79 €",30
900264,500108,1014,M,1,"48,60 €",40%
900265,500109,1042,s,1,"49,99 €",0.4
900266,500109,1136,38,2,"73,76 €",30
900267,500109,1204,M,1,"12,35 €",30
900268,500110,1374,M,1,"12,90 €",0.2
900269,500110,1220,XL,1,"18,87 €",40%
900270,500111,1305,M,1,"32,92 €",0
900271,500112,1119,39,1,"55,00 €",0.2
900272,500112,1142,36,1,"75,44 €",0.3
900273,500112,1184,S,1,"14,15 €",20
900274,500113,1273,Talla L,1,"32,69 €",20%
900275,500113,1192,L,1,"13,33 €",0.2
900276,500113,1244,XL,1,"26,77 €",10
900277,500113,1299,m,1,"43,49 €",0.1
900278,500114,1298,XL,1,"30,07 €",10
900279,500115,1312,M,1,"35,92 €",40%
900280,500115,1277,L,3,"28,10 €",20
900281,500115,1229,M,1,"38,72 €",0.3
900282,500116,1329,Talla S,1,"45,80 €",0%
900283,500116,1367,S,1,"13,47 €",0.0
900284,500117,1392,M,1,"12,73 €",0.2
900285,500117,1245,S,1,"40,31 €",10%
900286,500117,1279,S,1,"28,28 €",0%
900287,500118,1384,s,1,"25,64 €",0.2
900288,500118,1102,37,1,"68,36 €",0
900289,500118,1068,M,1,"49,68 €",0.4
900290,500119,1042,l,1,"49,99 €",40%
900291,500120,1200,m,1,"21,79 €",0.4
900292,500121,1260,S,3,"41,99 €",0.0
900293,500121,1204,L,1,"12,35 €",0.0
900294,500121,1184,XL,1,"14,15 €",10%
900295,500121,1239,M,1,"31,88 €",0
900296,500121,1352,S,1,"12,43 €",0
900297,500121,1109,39,1,"76,92 €",0
900298,500122,1080,XS,1,"34,78 €",40%
900299,500122,1168,L,1,"19,82 €",10%
900300,500123,1308,L,1,"36,22 €",30
900301,500123,1389,M,1,"21,34 €",0.3
900302,500123,1101,41,2,"57,43 €",20%
900303,500123,1285,M,2,"39,82 €",10%
900304,500123,1070,Talla L,1,"27,27 €",0.3
900305,500124,1038,l,1,"27,52 €",0.0
900306,500124,1182,XL,1,"16,74 €",0.1
900307,500124,1240,M,1,"41,66 €",0.0
900308,500125,1134,37,1,"31,21 €",30%
900309,500125,1084,M,1,"59,12 €",10%
900310,500126,1362,m,1,"26,07 €",30
900311,500126,1374,l,2,"12,90 €",10
900312,500126,1283,Talla L,1,"24,64 €",0.2
900313,500127,1034,Talla L,1,"42,28 €",20
900314,500127,1017,Talla XL,1,"33,77 €",20%
900315,500127,1285,XS,1,"39,82 €",0.2
900316,500127,1359,M,1,"29,93 €",30%
900317,500128,1134,38,1,"31,21 €",50
900318,500128,1177,Talla M,1,"20,83 €",40%
900319,500128,1021,L,1,"43,85 €",40%
900320,500129,1305,XS,1,"32,92 €",0.0
900321,500130,1078,XL,1,"56,16 €",30%
900322,500130,1362,M,1,"26,07 €",30
900323,500131,1155,41,1,"61,83 €",0.1
900324,500132,1073,XL,1,"26,22 €",0.2
900325,500132,1204,M,1,"12,35 €",20
900326,500133,1038,Talla S,1,"27,52 €",0.1
900327,500133,1060,l,2,"48,04 €",0%
900328,500134,1141,42,2,"47,53 €",40%
900329,500134,1364,M,1,"11,29 €",0.5
900330,500135,1195,Talla S,1,"18,13 €",30
900331,500136,1146,38,1,"34,21 €",30%
900332,500136,1106,38,1,"73,33 €",20%
900333,500136,1127,37,1,"79,76 €",20
900334,500137,1042,XL,2,"49,99 €",40%
900335,500137,1193,L,1,"20,23 €",30
900336,500138,1330,S,1,"48,41 €",40%
900337,500138,1073,m,1,"26,22 €",0
900338,500139,1103,41,1,"62,95 €",0%
900339,500139,1204,S,1,"12,35 €",0.1
900340,500139,1044,Talla M,1,"36,91 €",0
900341,500140,1223,XS,1,"29,79 €",0%
900342,500141,1042,M,2,"49,99 €",0.4
900343,500141,1081,S,1,"55,86 €",0.2
900344,500141,1117,41,1,"49,56 €",30
900345,500142,1376,S,1,"26,99 €",30%
900346,500142,1170,Talla XL,3,"12,32 €",20
900347,500142,1014,L,1,"48,60 €",0.2
900348,500143,1327,L,1,"77,26 €",10%
900349,500144,1362,Talla M,1,"26,07 €",50%
900350,500144,1375,L,1,"22,99 €",20%
900351,500145,1204,l,1,"12,35 €",0.0
900352,500145,1204,M,2,"12,35 €",0%
900353,500146,1042,XL,2,"49,99 €",40%
900354,500147,1350,M,1,"57,49 €",0.4
900355,500147,1211,L,1,"12,54 €",0.1
900356,500147,1384,XL,1,"25,64 €",10%
900357,500148,1210,S,1,"18,98 €",0.0
900358,500149,1042,XL,2,"49,99 €",40%
900359,500149,1148,39,1,"36,02 €",10
900360,500149,1198,XS,1,"16,38 €",0.3
900361,500149,1132,38,1,"72,05 €",20%
900362,500149,1036,M,2,"51,15 €",20
900363,500150,1285,L,1,"39,82 €",0.4
900364,500150,1329,l,1,"45,80 €",0.3
900365,500150,1292,l,1,"32,80 €",30%
900366,500150,1372,S,1,"28,06 €",20%
900367,500151,1185,XS,2,"21,81 €",0.2
900368,500151,1015,XL,1,"33,85 €",20%
900369,500152,1283,M,1,"24,64 €",0.0
900370,500152,1111,Talla 38,1,"59,92 €",0%
900371,500153,1314,XS,3,"42,15 €",40%
900372,500153,1350,L,1,"57,49 €",20%
900373,500153,1087,Talla M,2,"49,59 €",10%
900374,500153,1015,M,1,"33,85 €",20
900375,500153,1242,XS,1,"38,06 €",0.3
900376,500154,1271,Talla M,3,"39,71 €",0.3
900377,500155,1349,m,1,"53,20 €",0.2
900378,500156,1204,M,1,"12,35 €",20%
900379,500156,1315,M,1,"32,56 €",0.2
900380,500157,1126,39,1,"52,20 €",0.4
900381,500157,1189,Talla L,2,"16,40 €",40%
900382,500158,1252,L,1,"33,85 €",0.2
900383,500158,1237,S,1,"35,53 €",20
900384,500158,1298,XL,1,"30,07 €",0
900385,500159,1199,L,1,"21,22 €",0%
900386,500160,1176,L,1,"23,41 €",0
900387,500160,1161,S,2,"23,07 €",10
900388,500160,1045,XS,1,"57,82 €",0%
900389,500160,1362,l,1,"26,07 €",0.1
900390,500161,1229,M,1,"38,72 €",0.2
900391,500161,1349,L,1,"53,20 €",10
900392,500161,1100,40,1,"49,80 €",20
900393,500162,1036,L,2,"51,15 €",0%
900394,500162,1393,Talla M,1,"13,58 €",0%
900395,500163,1197,XS,1,"14,87 €",0.2
900396,500163,1281,L,1,"34,30 €",10%
900397,500163,1280,XL,1,"29,54 €",10
900398,500163,1277,M,1,"28,10 €",0.2
900399,500163,1362,S,1,"26,07 €",0.2
900400,500164,1256,XL,1,"30,08 €",40
900401,500164,1219,L,1,"17,73 €",0.2
900402,500164,1315,XL,1,"32,56 €",40%
900403,500164,1072,m,1,"46,42 €",20%
900404,500165,1287,S,1,"35,59 €",0.3
900405,500166,1075,L,1,"43,55 €",0.2
900406,500166,1013,S,1,"31,03 €",30%
900407,500166,1291,L,1,"28,71 €",20
900408,500166,1003,XS,1,"55,06 €",20%
900409,500166,1161,m,1,"23,07 €",0.3
900410,500166,1332,L,1,"87,31 €",40%
900411,500167,1319,L,1,"30,13 €",20%
900412,500167,1346,XS,1,"45,31 €",0.3
900413,500167,1111,39,1,"59,92 €",20%
900414,500167,1340,S,1,"80,92 €",30
900415,500168,1352,L,1,"12,43 €",0.3
900416,500168,1204,Talla XL,1,"12,35 €",10%
900417,500169,1400,S,1,"25,30 €",30
900418,500170,1169,L,3,"14,75 €",20
900419,500170,1204,L,1,"12,35 €",0.3
900420,500170,1370,L,1,"32,70 €",20
900421,500170,1301,L,1,"46,93 €",0.4
900422,500171,1097,41,1,"45,52 €",40
900423,500171,1345,S,1,"85,68 €",10%
900424,500172,1042,S,1,"49,99 €",40%
900425,500173,1151,Talla 37,1,"47,09 €",0.0
900426,500174,1115,38,1,"64,90 €",10%
900427,500174,1293,M,1,"37,48 €",30
900428,500174,1086,M,1,"33,74 €",20
900429,500175,1362,XL,1,"26,07 €",0.0
900430,500175,1053,M,1,"38,51 €",0%
900431,500176,1086,m,1,"33,74 €",20%
900432,500176,1010,S,1,"32,90 €",0%
900433,500177,1053,XL,1,"38,51 €",40
900434,500177,1284,L,1,"20,70 €",0.2
900435,500177,1106,38,1,"73,33 €",40%
900436,500177,1094,38,1,"61,63 €",0.5
900437,500178,1090,Talla XS,1,"34,56 €",0
900438,500178,1298,Talla M,1,"30,07 €",20%
900439,500179,1226,XS,2,"35,69 €",0.4
900440,500180,1362,xs,1,"26,07 €",0.2
900441,500180,1048,XS,1,"36,45 €",50
900442,500181,1073,M,1,"26,22 €",30%
900443,500181,1197,xl,1,"14,87 €",40%
900444,500182,1164,Talla XS,3,"18,58 €",10
900445,500182,1340,M,1,"80,92 €",0.0
900446,500182,1204,L,1,"12,35 €",0%
900447,500182,1257,L,1,"41,13 €",10%
900448,500183,1229,Talla L,1,"38,72 €",0
900449,500184,1225,s,1,"39,08 €",20%
900450,500185,1080,L,2,"34,78 €",0.1
900451,500185,1359,L,1,"29,93 €",10%
900452,500186,1022,Talla M,2,"36,94 €",0.4
900453,500186,1374,S,1,"12,90 €",40%
900454,500187,1385,xl,1,"28,77 €",20%
900455,500187,1294,XL,3,"28,15 €",0.3
900456,500188,1381,S,1,"34,45 €",20%
900457,500188,1314,S,1,"42,15 €",40%
900458,500189,1273,l,1,"32,69 €",0.2
900459,500190,1159,38,1,"51,99 €",10
900460,500190,1388,Talla L,1,"15,95 €",0.1
900461,500190,1148,Talla 39,1,"36,02 €",10%
900462,500190,1236,XL,1,"32,57 €",0.0
900463,500191,1227,S,2,"25,33 €",0.3
900464,500191,1139,40,1,"49,46 €",0.4
900465,500192,1155,42,1,"61,83 €",20
900466,500192,1302,Talla M,1,"47,49 €",20%
900467,500193,1232,Talla S,1,"26,48 €",0.0
900468,500193,1305,XL,1,"32,92 €",0.0
900469,500194,1036,M,1,"51,15 €",0
900470,500195,1042,S,3,"49,99 €",40
900471,500195,1333,M,1,"89,35 €",0.2
900472,500196,1065,M,1,"49,52 €",20%
900473,500196,1221,M,1,"28,31 €",0.2
900474,500197,1054,Talla XL,1,"59,30 €",20%
900475,500197,1359,s,1,"29,93 €",40%
900476,500197,1379,M,3,"31,72 €",10%
900477,500197,1218,XS,1,"23,13 €",0.3
900478,500198,1170,s,1,"12,32 €",10
900479,500198,1204,S,1,"12,35 €",0.1
900480,500199,1062,XS,1,"43,22 €",10%
900481,500199,1169,Talla S,1,"14,75 €",0.2
900482,500200,1216,S,1,"17,83 €",30%
900483,500200,1187,L,1,"17,31 €",0.3
900484,500200,1279,XS,1,"28,28 €",0.2
900485,500200,1041,L,1,"57,12 €",20
900486,500201,1083,M,1,"54,14 €",20
900487,500201,1385,XL,1,"28,77 €",20%
900488,500202,1042,L,1,"49,99 €",0.4
900489,500203,1219,M,1,"17,73 €",0.0
900490,500203,1222,s,1,"27,70 €",0.0
900491,500203,1260,S,1,"41,99 €",0.1
900492,500203,1263,S,2,"39,31 €",0%
900493,500204,1223,Talla M,1,"29,79 €",20%
900494,500204,1113,40,1,"38,95 €",0.2
900495,500204,1197,m,1,"14,87 €",0%
900496,500204,1121,40,1,"72,81 €",30%
900497,500205,1028,M,1,"48,82 €",0.5
900498,500206,1204,L,1,"12,35 €",10%
900499,500207,1360,XL,1,"18,88 €",20%
900500,500208,1046,XL,1,"42,24 €",30
900501,500209,1359,M,2,"29,93 €",0.0
900502,500210,1355,m,1,"26,01 €",0
900503,500210,1242,S,1,"38,06 €",0
900504,500211,1362,M,1,"26,07 €",50
900505,500211,1123,37,1,"77,67 €",0.2
900506,500211,1004,M,1,"45,55 €",0.2
900507,500212,1197,M,1,"14,87 €",40%
900508,500212,1397,M,1,"20,12 €",10
900509,500212,1080,L,1,"34,78 €",40
900510,500213,1090,Talla L,1,"34,56 €",0.0
900511,500214,1042,S,1,"49,99 €",40%
900512,500214,1070,M,1,"27,27 €",30%
900513,500215,1074,L,1,"27,23 €",0.0
900514,500216,1022,S,1,"36,94 €",40%
900515,500217,1006,S,1,"40,90 €",0%
900516,500217,1370,XL,1,"32,70 €",0
900517,500218,1204,L,1,"12,35 €",20%
900518,500218,1303,S,1,"34,22 €",0.5
900519,500219,1225,m,1,"39,08 €",0.5
900520,500220,1096,40,1,"53,68 €",10
900521,500220,1380,Talla XL,1,"34,77 €",30%
900522,500221,1042,M,1,"49,99 €",40
900523,500221,1272,M,1,"29,98 €",0.2
900524,500222,1381,S,1,"34,45 €",0
900525,500222,1011,XS,1,"58,99 €",0.1
900526,500223,1342,L,1,"54,22 €",40%
900527,500224,1132,39,1,"72,05 €",0.2
900528,500224,1030,S,1,"46,38 €",0.5
900529,500225,1215,L,3,"23,23 €",20
900530,500226,1111,38,1,"59,92 €",0%
900531,500226,1347,L,1,"80,46 €",0%
900532,500227,1390,Talla S,1,"19,91 €",20%
900533,500227,1285,S,1,"39,82 €",0.2
900534,500228,1275,S,1,"24,89 €",0
900535,500228,1138,38,2,"48,26 €",10%
900536,500228,1229,s,2,"38,72 €",20%
900537,500228,1292,XS,1,"32,80 €",20
900538,500228,1303,S,1,"34,22 €",30%
900539,500228,1170,M,1,"12,32 €",30
900540,500229,1166,M,1,"15,50 €",0.0
900541,500229,1077,XS,1,"57,81 €",0.2
900542,500229,1078,XL,1,"56,16 €",20
900543,500229,1047,L,2,"27,30 €",30
900544,500229,1271,Talla S,1,"39,71 €",0.1
900545,500230,1135,40,1,"71,49 €",20
900546,500231,1010,M,1,"32,90 €",0.0
900547,500232,1229,L,2,"38,72 €",20%
900548,500232,1296,XL,1,"41,51 €",20%
900549,500232,1300,L,2,"32,84 €",10%
900550,500233,1351,M,1,"26,88 €",30
900551,500233,1164,S,1,"18,58 €",10%
900552,500233,1252,s,1,"33,85 €",0.2
900553,500234,1229,S,2,"38,72 €",0.0
900554,500234,1197,XL,1,"14,87 €",0%
900555,500235,1042,M,1,"49,99 €",40%
900556,500235,1203,M,1,"19,01 €",20%
900557,500236,1204,Talla L,1,"12,35 €",30
900558,500236,1283,XL,1,"24,64 €",50%
900559,500237,1176,xs,1,"23,41 €",0.1
900560,500237,1197,L,1,"14,87 €",0.2
900561,500237,1055,Talla S,3,"33,15 €",30%
900562,500237,1276,s,1,"24,73 €",40%
900563,500237,1199,S,1,"21,22 €",40%
900564,500238,1240,S,1,"41,66 €",0.1
900565,500238,1115,42,1,"64,90 €",0.0
900566,500238,1198,Talla L,1,"16,38 €",0.0
900567,500239,1087,S,1,"49,59 €",0.2
900568,500240,1385,s,1,"28,77 €",20%
900569,500240,1006,XS,1,"40,90 €",0.4
900570,500240,1027,XS,2,"34,91 €",0
900571,500240,1368,M,1,"20,18 €",20
900572,500241,1053,S,3,"38,51 €",30
900573,500241,1262,M,1,"36,87 €",10%
900574,500241,1203,m,2,"19,01 €",0.2
900575,500241,1111,Talla 39,1,"59,92 €",0.3
900576,500242,1254,M,1,"42,10 €",0.2
900577,500242,1374,S,1,"12,90 €",0
900578,500243,1164,XS,1,"18,58 €",50
900579,500243,1351,S,2,"26,88 €",30%
900580,500243,1193,XL,1,"20,23 €",40%
900581,500243,1310,m,1,"40,69 €",20
900582,500243,1094,38,1,"61,63 €",40%
900583,500243,1090,XL,1,"34,56 €",10%
900584,500244,1218,L,1,"23,13 €",0%
900585,500244,1013,M,1,"31,03 €",50
900586,500244,1227,XS,1,"25,33 €",20
900587,500244,1046,S,1,"42,24 €",20
900588,500245,1081,M,1,"55,86 €",10%
900589,500246,1380,XS,2,"34,77 €",0.0
900590,500246,1273,M,1,"32,69 €",20%
900591,500246,1171,Talla M,1,"18,14 €",0%
900592,500246,1106,36,1,"73,33 €",30%
900593,500247,1352,XL,3,"12,43 €",10%
900594,500247,1234,l,2,"26,50 €",30
900595,500248,1042,M,2,"49,99 €",40%
900596,500248,1378,XS,1,"21,35 €",30%
900597,500249,1042,XL,1,"49,99 €",40%
900598,500250,1097,Talla 37,1,"45,52 €",0.5
900599,500250,1106,38,1,"73,33 €",40%
900600,500251,1118,Talla 38,1,"79,30 €",0
900601,500251,1254,M,1,"42,10 €",0
900602,500251,1239,XL,1,"31,88 €",0%
900603,500252,1042,S,1,"49,99 €",40%
900604,500253,1327,M,1,"77,26 €",0
900605,500254,1258,M,1,"35,14 €",0%
900606,500254,1357,L,1,"16,44 €",0
900607,500255,1227,S,1,"25,33 €",20%
900608,500255,1243,L,1,"42,14 €",0.2
900609,500256,1168,L,1,"19,82 €",0.3
900610,500257,1266,l,1,"33,10 €",0.1
900611,500257,1113,37,1,"38,95 €",0%
900612,500257,1144,42,1,"75,61 €",0
900613,500257,1009,XS,1,"25,67 €",0%
900614,500257,1250,S,1,"31,36 €",0.0
900615,500257,1036,L,1,"51,15 €",0%
900616,500257,1223,XS,1,"29,79 €",0.0
900617,500258,1058,XL,1,"51,95 €",0.2
900618,500258,1070,M,2,"27,27 €",0.2
900619,500259,1041,l,2,"57,12 €",30
900620,500259,1337,M,1,"63,78 €",0.4
900621,500259,1008,XS,1,"54,28 €",0.2
900622,500259,1198,XS,1,"16,38 €",10%
900623,500259,1213,L,1,"12,89 €",0.4
900624,500259,1390,S,1,"19,91 €",20%
900625,500260,1327,XL,1,"77,26 €",0.2
900626,500260,1051,L,1,"46,46 €",20
900627,500260,1245,XS,1,"40,31 €",0.3
900628,500260,1246,L,1,"32,78 €",50%
900629,500260,1164,s,1,"18,58 €",10%
900630,500261,1257,XS,1,"41,13 €",10%
900631,500261,1207,Talla L,1,"16,71 €",20%
900632,500261,1384,L,2,"25,64 €",30%
900633,500261,1117,38,2,"49,56 €",20
900634,500262,1204,M,1,"12,35 €",0.2
900635,500262,1268,S,1,"36,99 €",20%
900636,500262,1113,36,2,"38,95 €",10%
900637,500262,1227,XL,1,"25,33 €",20%
900638,500262,1030,L,1,"46,38 €",20%
900639,500263,1042,M,1,"49,99 €",40%
900640,500263,1280,M,1,"29,54 €",10%
900641,500264,1204,XL,1,"12,35 €",10
900642,500265,1183,M,1,"22,12 €",0.2
900643,500266,1094,37,2,"61,63 €",0%
900644,500267,1176,m,1,"23,41 €",0.1
900645,500267,1285,Talla M,1,"39,82 €",0.4
900646,500268,1053,S,1,"38,51 €",0.5
900647,500269,1307,m,1,"42,98 €",10%
900648,500269,1381,S,1,"34,45 €",0.3
900649,500269,1381,L,1,"34,45 €",40
900650,500269,1203,XS,1,"19,01 €",0.1
900651,500270,1012,L,1,"40,99 €",0.1
900652,500270,1014,S,1,"48,60 €",20
900653,500271,1127,40,1,"79,76 €",0%
900654,500271,1137,37,1,"63,83 €",0.0
900655,500271,1364,M,1,"11,29 €",0.0
900656,500272,1351,S,1,"26,88 €",30%
900657,500272,1311,S,1,"30,25 €",0.1
900658,500273,1042,M,1,"49,99 €",40
900659,500273,1315,S,1,"32,56 €",20%
900660,500274,1297,XL,1,"39,25 €",0.1
900661,500274,1204,S,1,"12,35 €",0%
900662,500274,1038,S,1,"27,52 €",0
900663,500274,1043,Talla XL,1,"54,13 €",0%
900664,500274,1233,Talla M,1,"30,63 €",10%
900665,500275,1180,m,1,"17,79 €",10
900666,500275,1256,S,1,"30,08 €",30
900667,500276,1042,XL,1,"49,99 €",40
900668,500276,1027,m,1,"34,91 €",0.1
900669,500276,1065,M,1,"49,52 €",0.5
900670,500277,1272,L,1,"29,98 €",20%
900671,500277,1345,l,1,"85,68 €",20
900672,500277,1121,42,1,"72,81 €",0.3
900673,500278,1042,S,1,"49,99 €",40
900674,500278,1292,xs,1,"32,80 €",20%
900675,500278,1229,S,1,"38,72 €",0
900676,500279,1160,38,1,"65,05 €",0.3
900677,500279,1203,S,1,"19,01 €",0%
900678,500280,1091,40,1,"75,99 €",0.1
900679,500280,1134,38,2,"31,21 €",10
900680,500280,1045,l,1,"57,82 €",0.2
900681,500281,1078,Talla S,1,"56,16 €",10%
900682,500282,1106,40,1,"73,33 €",0.4
900683,500283,1042,S,1,"49,99 €",0.4
900684,500283,1145,37,1,"44,56 €",30%
900685,500284,1359,M,1,"29,93 €",10
900686,500285,1042,S,1,"49,99 €",40%
900687,500286,1362,M,1,"26,07 €",0.1
900688,500286,1213,XS,2,"12,89 €",0.3
900689,500286,1284,XL,1,"20,70 €",30%
900690,500287,1042,Talla L,1,"49,99 €",0.4
900691,500287,1381,Talla XL,2,"34,45 €",20
900692,500288,1185,M,1,"21,81 €",0.0
900693,500288,1356,XS,1,"31,86 €",0.0
900694,500289,1152,39,1,"48,30 €",10%
900695,500290,1346,m,1,"45,31 €",10%
900696,500291,1125,Talla 36,1,"51,19 €",0.2
900697,500291,1055,S,2,"33,15 €",0.3
900698,500292,1142,38,1,"75,44 €",30%
900699,500292,1378,S,1,"21,35 €",40%
900700,500293,1327,Talla L,1,"77,26 €",40%
900701,500294,1269,XS,1,"20,24 €",0.1
900702,500294,1168,L,1,"19,82 €",0.3
900703,500295,1042,Talla XL,1,"49,99 €",40%
900704,500295,1367,m,1,"13,47 €",30
900705,500295,1350,L,1,"57,49 €",20%
900706,500296,1359,s,1,"29,93 €",0.1
900707,500296,1333,XL,1,"89,35 €",20%
900708,500296,1315,M,1,"32,56 €",10
900709,500297,1361,L,1,"14,66 €",0
900710,500298,1285,XL,1,"39,82 €",0%
900711,500299,1314,M,1,"42,15 €",20%
900712,500299,1245,S,1,"40,31 €",20
900713,500300,1121,37,2,"72,81 €",20%
900714,500300,1005,m,1,"31,32 €",20%
900715,500301,1394,XS,1,"26,56 €",30%
900716,500301,1146,42,1,"34,21 €",30
900717,500302,1099,37,1,"79,99 €",30%
900718,500302,1279,M,1,"28,28 €",50%
900719,500303,1257,XS,1,"41,13 €",30%
900720,500303,1072,S,1,"46,42 €",0.4
900721,500304,1196,XS,1,"15,48 €",0.5
900722,500305,1042,Talla XL,1,"49,99 €",40%
900723,500305,1157,40,1,"47,95 €",0.2
900724,500306,1227,XS,2,"25,33 €",20%
900725,500307,1042,M,2,"49,99 €",40%
900726,500307,1185,S,1,"21,81 €",0.2
900727,500307,1167,M,1,"18,87 €",20
900728,500308,1252,l,1,"33,85 €",0
900729,500308,1013,S,1,"31,03 €",0.2
900730,500308,1204,Talla M,1,"12,35 €",0.3
900731,500309,1036,L,1,"51,15 €",20
900732,500309,1227,L,1,"25,33 €",20
900733,500309,1345,L,1,"85,68 €",10%
900734,500309,1305,Talla XL,2,"32,92 €",0.2
900735,500309,1203,Talla L,1,"19,01 €",0.1
900736,500309,1053,L,1,"38,51 €",0.2
900737,500310,1362,Talla XS,1,"26,07 €",0.1
900738,500310,1312,xs,1,"35,92 €",0.0
900739,500310,1166,M,1,"15,50 €",10%
900740,500311,1330,L,1,"48,41 €",0
900741,500311,1310,XL,1,"40,69 €",0
900742,500312,1310,Talla XL,1,"40,69 €",0.3
900743,500312,1252,L,1,"33,85 €",0.1
900744,500312,1036,M,1,"51,15 €",0.3
900745,500313,1013,XS,1,"31,03 €",30%
900746,500314,1367,XL,2,"13,47 €",0%
900747,500314,1243,M,1,"42,14 €",0%
900748,500314,1176,M,1,"23,41 €",0
900749,500315,1042,Talla L,1,"49,99 €",40
900750,500315,1190,M,1,"19,61 €",20%
900751,500315,1118,37,2,"79,30 €",20%
900752,500316,1005,M,1,"31,32 €",20%
900753,500316,1385,Talla XL,1,"28,77 €",30%
900754,500316,1204,S,1,"12,35 €",0%
900755,500316,1121,40,1,"72,81 €",20%
900756,500317,1042,Talla XL,1,"49,99 €",40%
900757,500318,1063,S,1,"41,19 €",0.4
900758,500318,1182,XL,1,"16,74 €",10%
900759,500319,1359,L,1,"29,93 €",10%
900760,500320,1135,39,1,"71,49 €",0.1
900761,500320,1195,XL,1,"18,13 €",0.2
900762,500320,1071,M,1,"29,62 €",0.3
900763,500320,1200,Talla S,1,"21,79 €",0.2
900764,500321,1186,L,1,"16,09 €",0%
900765,500321,1002,M,1,"27,23 €",0
900766,500321,1065,XS,2,"49,52 €",0.0
900767,500322,1285,xl,1,"39,82 €",10%
900768,500322,1305,s,1,"32,92 €",0.3
900769,500322,1203,Talla L,1,"19,01 €",0.2
900770,500323,1042,Talla L,1,"49,99 €",0.4
900771,500323,1353,Talla XL,1,"13,83 €",30%
900772,500324,1015,Talla XL,1,"33,85 €",0.0
900773,500324,1285,M,1,"39,82 €",30%
900774,500324,1065,XL,1,"49,52 €",0.3
900775,500324,1140,Talla 40,1,"39,31 €",20%
900776,500325,1315,Talla S,1,"32,56 €",10
900777,500325,1142,38,2,"75,44 €",0%
900778,500326,1042,L,3,"49,99 €",40
900779,500326,1210,M,1,"18,98 €",10%
900780,500326,1182,M,1,"16,74 €",50%
900781,500327,1314,L,1,"42,15 €",20
900782,500328,1042,XL,1,"49,99 €",40%
900783,500329,1336,s,1,"80,41 €",0.2
900784,500329,1148,37,2,"36,02 €",0.0
900785,500329,1283,M,1,"24,64 €",40
900786,500329,1181,M,1,"24,51 €",0.1
900787,500329,1007,M,1,"30,50 €",30%
900788,500330,1042,Talla M,2,"49,99 €",40
900789,500330,1353,M,1,"13,83 €",20
900790,500330,1366,L,1,"26,15 €",0
900791,500331,1042,L,1,"49,99 €",0.4
900792,500331,1361,m,1,"14,66 €",50%
900793,500331,1285,M,1,"39,82 €",30%
900794,500331,1067,S,3,"32,97 €",10%
900795,500331,1014,L,1,"48,60 €",0%
900796,500331,1053,xs,1,"38,51 €",20%
900797,500332,1166,M,1,"15,50 €",0.1
900798,500332,1233,XS,2,"30,63 €",0.4
900799,500332,1112,Talla 37,1,"78,05 €",20
900800,500333,1287,XL,1,"35,59 €",10%
900801,500333,1211,XL,1,"12,54 €",0.3
900802,500333,1106,38,1,"73,33 €",0
900803,500334,1158,38,1,"44,36 €",50%
900804,500334,1290,L,1,"23,54 €",20%
900805,500334,1163,L,1,"22,89 €",20
900806,500334,1388,Talla M,1,"15,95 €",40%
900807,500335,1276,L,1,"24,73 €",0%
900808,500335,1207,S,1,"16,71 €",0%
900809,500335,1245,Talla M,2,"40,31 €",0
900810,500336,1357,XS,1,"16,44 €",0%
900811,500337,1205,M,1,"13,61 €",0.3
900812,500337,1286,XL,1,"28,43 €",0.2
900813,500337,1396,Talla XS,1,"15,65 €",40
900814,500337,1306,L,1,"38,88 €",30%
900815,500337,1053,Talla M,1,"38,51 €",20
900816,500338,1042,Talla M,1,"49,99 €",40%
900817,500338,1221,m,1,"28,31 €",20
900818,500339,1338,xl,3,"61,23 €",0.2
900819,500339,1244,Talla L,2,"26,77 €",30%
900820,500340,1305,m,1,"32,92 €",20
900821,500341,1203,L,1,"19,01 €",0.4
900822,500342,1106,38,2,"73,33 €",0.3
900823,500342,1127,38,1,"79,76 €",0.1
900824,500343,1340,S,1,"80,92 €",0%
900825,500344,1168,XL,1,"19,82 €",0%
900826,500344,1134,Talla 40,2,"31,21 €",50%
900827,500345,1155,Talla 37,1,"61,83 €",40
900828,500345,1199,L,1,"21,22 €",40%
900829,500345,1189,XS,1,"16,40 €",0.1
900830,500346,1250,m,1,"31,36 €",0.3
900831,500347,1135,37,1,"71,49 €",30
900832,500347,1130,38,1,"73,00 €",40
900833,500348,1276,L,1,"24,73 €",50
900834,500348,1124,41,1,"77,92 €",0.5
900835,500349,1043,S,1,"54,13 €",30
900836,500349,1015,XL,1,"33,85 €",0.2
900837,500350,1117,38,1,"49,56 €",0.1
900838,500350,1192,M,1,"13,33 €",10%
900839,500351,1042,XS,1,"49,99 €",40
900840,500352,1177,XS,1,"20,83 €",10
900841,500353,1015,Talla S,1,"33,85 €",0%
900842,500354,1141,Talla 38,1,"47,53 €",0%
900843,500354,1207,M,2,"16,71 €",0%
900844,500355,1259,M,3,"30,24 €",0%
900845,500355,1117,36,2,"49,56 €",10%
900846,500355,1193,M,1,"20,23 €",0%
900847,500355,1297,M,1,"39,25 €",0.0
900848,500355,1193,m,1,"20,23 €",0.0
900849,500355,1268,M,1,"36,99 €",0
900850,500356,1204,XS,2,"12,35 €",40
900851,500357,1135,39,1,"71,49 €",0.2
900852,500357,1319,S,1,"30,13 €",0%
900853,500357,1024,L,1,"56,24 €",10%
900854,500358,1137,41,1,"63,83 €",0%
900855,500359,1168,Talla L,1,"19,82 €",0.1
900856,500360,1151,37,2,"47,09 €",0.3
900857,500360,1038,M,1,"27,52 €",40%
900858,500361,1053,S,2,"38,51 €",0.0
900859,500361,1229,Talla M,1,"38,72 €",0
900860,500362,1283,L,1,"24,64 €",40
900861,500362,1379,M,1,"31,72 €",0.2
900862,500363,1338,S,2,"61,23 €",0.2
900863,500363,1043,S,1,"54,13 €",30
900864,500363,1004,L,2,"45,55 €",40%
900865,500363,1362,L,1,"26,07 €",0.2
900866,500363,1100,38,1,"49,80 €",30%
900867,500364,1376,XL,1,"26,99 €",0.2
900868,500364,1187,L,1,"17,31 €",0.1
900869,500364,1204,S,2,"12,35 €",0.2
900870,500365,1098,39,1,"38,24 €",20
900871,500365,1376,L,1,"26,99 €",20%
900872,500365,1305,XL,1,"32,92 €",0.1
900873,500365,1279,M,1,"28,28 €",0.2
900874,500365,1013,Talla L,1,"31,03 €",0%
900875,500366,1287,L,1,"35,59 €",0.2
900876,500366,1122,37,1,"63,66 €",0.3
900877,500366,1056,XL,1,"39,14 €",0.3
900878,500367,1275,XS,1,"24,89 €",0%
900879,500367,1284,L,1,"20,70 €",10%
900880,500367,1375,M,1,"22,99 €",0%
900881,500367,1067,XS,1,"32,97 €",0%
900882,500367,1054,Talla S,2,"59,30 €",0.0
900883,500368,1106,36,1,"73,33 €",0.3
900884,500368,1225,XL,1,"39,08 €",0.2
900885,500368,1108,37,1,"69,72 €",20%
900886,500369,1042,L,1,"49,99 €",0.4
900887,500369,1147,38,1,"30,45 €",30%
900888,500370,1374,L,1,"12,90 €",10%
900889,500370,1362,L,1,"26,07 €",20
900890,500370,1110,38,1,"37,86 €",50
900891,500371,1265,L,1,"44,68 €",20
900892,500371,1124,36,1,"77,92 €",20
900893,500372,1362,M,1,"26,07 €",30%
900894,500373,1028,XS,2,"48,82 €",0.0
900895,500374,1026,L,1,"49,99 €",50%
900896,500374,1315,M,1,"32,56 €",20%
900897,500374,1143,37,1,"54,97 €",20
900898,500375,1389,M,2,"21,34 €",20%
900899,500375,1168,xs,3,"19,82 €",20%
900900,500375,1251,S,1,"41,39 €",20
900901,500376,1310,L,1,"40,69 €",0.3
900902,500376,1106,36,1,"73,33 €",0.2
900903,500376,1392,xs,2,"12,73 €",40%
900904,500376,1383,M,1,"20,95 €",10
900905,500376,1357,M,1,"16,44 €",0.1
900906,500377,1098,40,1,"38,24 €",0%
900907,500378,1391,m,1,"13,83 €",0.2
900908,500378,1225,L,1,"39,08 €",30%
900909,500378,1301,XS,2,"46,93 €",20%
900910,500378,1164,M,2,"18,58 €",10
900911,500378,1275,XL,1,"24,89 €",0.2
900912,500379,1208,L,1,"22,70 €",20%
900913,500380,1027,M,1,"34,91 €",20%
900914,500380,1073,S,1,"26,22 €",0.4
900915,500380,1021,XS,1,"43,85 €",10
900916,500380,1369,M,1,"15,16 €",0.4
900917,500381,1185,XL,1,"21,81 €",0%
900918,500382,1127,42,1,"79,76 €",0.4
900919,500383,1387,L,1,"10,36 €",10%
900920,500384,1231,M,2,"35,23 €",0%
900921,500384,1305,m,1,"32,92 €",0.0
900922,500385,1042,L,1,"49,99 €",40%
900923,500385,1311,XL,1,"30,25 €",0.3
900924,500385,1249,M,1,"34,29 €",0.3
900925,500385,1163,l,1,"22,89 €",0.0
900926,500386,1173,m,1,"22,99 €",0.2
900927,500387,1208,M,1,"22,70 €",0.3
900928,500387,1197,Talla M,1,"14,87 €",0.3
900929,500388,1273,s,1,"32,69 €",30
900930,500388,1015,Talla L,1,"33,85 €",40%
900931,500389,1042,M,2,"49,99 €",40%
900932,500389,1399,S,1,"31,60 €",20%
900933,500390,1006,M,1,"40,90 €",30%
900934,500390,1345,S,1,"85,68 €",0.1
900935,500391,1324,XL,1,"40,15 €",0.2
900936,500391,1349,XS,1,"53,20 €",40%
900937,500391,1084,L,1,"59,12 €",20%
900938,500392,1276,M,1,"24,73 €",10
900939,500392,1315,Talla L,1,"32,56 €",0.1
900940,500392,1076,S,1,"47,04 €",0.4
900941,500392,1203,Talla S,1,"19,01 €",0.2
900942,500392,1273,S,1,"32,69 €",50%
900943,500392,1197,m,1,"14,87 €",30
900944,500393,1362,M,1,"26,07 €",0.3
900945,500393,1174,Talla M,1,"20,68 €",0%
900946,500394,1055,L,1,"33,15 €",0.4
900947,500394,1285,S,1,"39,82 €",20%
900948,500394,1396,s,1,"15,65 €",10
900949,500394,1235,XS,1,"34,51 €",40
900950,500394,1038,XL,1,"27,52 €",0.4
900951,500394,1012,L,1,"40,99 €",0.3
900952,500395,1022,M,1,"36,94 €",0.3
900953,500395,1012,Talla XL,1,"40,99 €",0.0
900954,500395,1134,42,1,"31,21 €",0.2
900955,500395,1229,S,1,"38,72 €",10%
900956,500396,1293,L,1,"37,48 €",0.1
900957,500396,1219,S,1,"17,73 €",10%
900958,500397,1121,Talla 40,1,"72,81 €",0.3
900959,500398,1128,40,1,"71,15 €",20
900960,500398,1071,M,1,"29,62 €",10
900961,500399,1039,S,1,"53,52 €",0%
900962,500399,1397,Talla XL,1,"20,12 €",0.3
900963,500399,1015,M,1,"33,85 €",0.2
900964,500400,1032,M,1,"29,90 €",40%
900965,500401,1229,L,1,"38,72 €",0.1
900966,500401,1168,m,1,"19,82 €",20%
900967,500401,1156,38,2,"56,23 €",0.2
900968,500401,1040,l,1,"49,21 €",30
900969,500402,1115,41,1,"64,90 €",0.2
900970,500402,1048,M,1,"36,45 €",20%
900971,500402,1370,XS,1,"32,70 €",0.3
900972,500402,1111,37,2,"59,92 €",20%
900973,500403,1314,XL,1,"42,15 €",30%
900974,500403,1166,M,1,"15,50 €",40%
900975,500403,1071,S,2,"29,62 €",0.1
900976,500403,1375,Talla S,1,"22,99 €",0.5
900977,500404,1042,Talla M,2,"49,99 €",40
900978,500404,1210,M,1,"18,98 €",0.2
900979,500405,1311,L,1,"30,25 €",0.2
900980,500405,1170,L,1,"12,32 €",0.2
900981,500406,1357,M,1,"16,44 €",50
900982,500407,1198,S,1,"16,38 €",10%
900983,500407,1030,L,1,"46,38 €",10%
900984,500408,1019,M,1,"38,48 €",0%
900985,500408,1073,S,1,"26,22 €",0%
900986,500409,1158,39,1,"44,36 €",20
900987,500409,1362,M,1,"26,07 €",0.3
900988,500410,1368,M,1,"20,18 €",30%
900989,500410,1389,XS,1,"21,34 €",20%
900990,500411,1042,L,2,"49,99 €",40%
900991,500411,1204,L,1,"12,35 €",0.4
900992,500411,1252,XS,1,"33,85 €",30%
900993,500411,1377,Talla S,1,"31,22 €",0.0
900994,500412,1067,S,1,"32,97 €",50%
900995,500412,1106,37,1,"73,33 €",0.3
900996,500412,1267,XL,1,"36,41 €",40
900997,500412,1117,41,1,"49,56 €",0.3
900998,500412,1128,36,1,"71,15 €",0.2
900999,500413,1357,XL,1,"16,44 €",0.0
901000,500413,1315,M,2,"32,56 €",0%
901001,500414,1185,xs,1,"21,81 €",0
901002,500414,1015,l,1,"33,85 €",0.1
901003,500414,1037,XL,1,"41,52 €",10%
901004,500415,1354,XL,1,"10,85 €",0.0
901005,500415,1229,S,1,"38,72 €",0.1
901006,500415,1035,L,1,"57,32 €",10%
901007,500416,1042,Talla XL,1,"49,99 €",40%
901008,500416,1106,Talla 42,1,"73,33 €",20%
901009,500417,1007,S,2,"30,50 €",0.0
901010,500417,1386,XL,1,"32,98 €",10
901011,500417,1203,L,1,"19,01 €",40
901012,500418,1390,XS,1,"19,91 €",0.1
901013,500418,1314,S,1,"42,15 €",20
901014,500418,1259,M,1,"30,24 €",20%
901015,500418,1056,XS,3,"39,14 €",0.3
901016,500419,1204,M,1,"12,35 €",0.0
901017,500419,1344,S,1,"48,33 €",0%
901018,500420,1127,38,1,"79,76 €",30%
901019,500420,1129,36,1,"73,51 €",0.2
901020,500420,1300,L,1,"32,84 €",0.3
901021,500421,1285,Talla L,1,"39,82 €",10%
901022,500421,1376,M,1,"26,99 €",0.4
901023,500422,1090,L,1,"34,56 €",20%
901024,500422,1204,L,1,"12,35 €",10%
901025,500422,1126,Talla 38,1,"52,20 €",10
901026,500422,1315,XS,1,"32,56 €",10%
901027,500423,1388,Talla XL,1,"15,95 €",30%
901028,500423,1285,L,1,"39,82 €",0.3
901029,500423,1333,M,1,"89,35 €",0
901030,500424,1375,s,1,"22,99 €",10%
901031,500424,1015,S,2,"33,85 €",30%
901032,500424,1289,S,1,"22,39 €",20
901033,500424,1377,M,1,"31,22 €",0.4
901034,500424,1372,Talla L,1,"28,06 €",20%
901035,500425,1117,38,2,"49,56 €",20
901036,500425,1048,Talla L,1,"36,45 €",0.3
901037,500425,1304,L,1,"44,49 €",20
901038,500425,1111,Talla 41,1,"59,92 €",0.3
901039,500426,1134,38,1,"31,21 €",0.2
901040,500426,1258,M,1,"35,14 €",10%
901041,500427,1039,L,1,"53,52 €",10
901042,500427,1368,S,1,"20,18 €",30%
901043,500427,1229,M,2,"38,72 €",40
901044,500428,1285,S,1,"39,82 €",0.1
901045,500428,1142,39,2,"75,44 €",0.2
901046,500428,1163,XS,1,"22,89 €",0.2
901047,500429,1043,l,1,"54,13 €",30
901048,500429,1135,39,2,"71,49 €",0.4
901049,500430,1174,S,2,"20,68 €",0.4
901050,500430,1346,M,1,"45,31 €",50%
901051,500431,1122,39,1,"63,66 €",0%
901052,500431,1106,39,1,"73,33 €",30
901053,500431,1262,XL,1,"36,87 €",30%
901054,500432,1084,M,1,"59,12 €",0.2
901055,500433,1042,M,1,"49,99 €",40
901056,500433,1183,XS,1,"22,12 €",0.0
901057,500434,1226,s,1,"35,69 €",20%
901058,500434,1297,XS,1,"39,25 €",30
901059,500434,1359,M,2,"29,93 €",0.3
901060,500434,1268,XS,1,"36,99 €",0.2
901061,500435,1145,40,1,"44,56 €",10
901062,500435,1253,M,1,"42,45 €",0%
901063,500435,1053,M,1,"38,51 €",0
901064,500436,1193,XS,1,"20,23 €",0.3
901065,500436,1239,S,1,"31,88 €",0%
901066,500436,1310,L,1,"40,69 €",20
901067,500436,1393,M,1,"13,58 €",20
901068,500436,1075,M,1,"43,55 €",20%
901069,500436,1006,S,1,"40,90 €",10
901070,500437,1348,XL,1,"54,42 €",0%
901071,500438,1144,39,1,"75,61 €",0.5
901072,500438,1351,XS,1,"26,88 €",20%
901073,500439,1067,Talla S,1,"32,97 €",30%
901074,500439,1231,L,1,"35,23 €",0.2
901075,500440,1007,xl,1,"30,50 €",10%
901076,500440,1265,L,1,"44,68 €",0.0
901077,500441,1035,XL,1,"57,32 €",0.5
901078,500441,1080,M,1,"34,78 €",0.1
901079,500442,1151,39,1,"47,09 €",10%
901080,500443,1250,L,1,"31,36 €",0.3
901081,500443,1362,S,1,"26,07 €",10%
901082,500444,1038,XS,1,"27,52 €",10%
901083,500444,1290,s,2,"23,54 €",0.2
901084,500445,1093,37,1,"68,61 €",0.2
901085,500445,1079,M,1,"46,26 €",0.3
901086,500446,1045,S,1,"57,82 €",0.0
901087,500446,1251,S,1,"41,39 €",0.0
901088,500446,1362,L,1,"26,07 €",0
901089,500446,1120,36,1,"65,76 €",10
901090,500446,1301,S,1,"46,93 €",0.0
901091,500447,1290,L,1,"23,54 €",0.2
901092,500447,1115,37,1,"64,90 €",0%
901093,500448,1042,L,1,"49,99 €",0.4
901094,500449,1242,XS,1,"38,06 €",0
901095,500449,1315,L,2,"32,56 €",0.0
901096,500450,1106,40,1,"73,33 €",0.2
901097,500450,1013,XS,1,"31,03 €",30%
901098,500450,1315,L,1,"32,56 €",20%
901099,500450,1131,38,1,"55,67 €",0%
901100,500451,1042,Talla XL,2,"49,99 €",40%
901101,500451,1204,XL,1,"12,35 €",40
901102,500451,1379,L,1,"31,72 €",20%
901103,500452,1374,m,1,"12,90 €",0
901104,500452,1094,37,1,"61,63 €",0.1
901105,500452,1203,M,1,"19,01 €",30
901106,500453,1129,38,1,"73,51 €",40%
901107,500453,1326,Talla M,1,"67,24 €",0.1
901108,500453,1031,M,1,"33,85 €",0.0
901109,500454,1336,L,2,"80,41 €",10%
901110,500454,1235,M,2,"34,51 €",0.1
901111,500455,1282,XS,1,"36,05 €",0.2
901112,500455,1220,Talla L,1,"18,87 €",0.4
901113,500455,1176,S,1,"23,41 €",0.3
901114,500455,1306,L,1,"38,88 €",0.1
901115,500456,1257,l,1,"41,13 €",30%
901116,500456,1295,L,1,"36,18 €",20
901117,500457,1253,L,1,"42,45 €",0.3
901118,500458,1042,XL,1,"49,99 €",40%
901119,500458,1258,S,1,"35,14 €",0.5
901120,500458,1189,XL,1,"16,40 €",0.2
901121,500458,1075,S,2,"43,55 €",20%
901122,500459,1042,M,1,"49,99 €",40%
901123,500460,1400,xs,1,"25,30 €",0%
901124,500461,1032,xs,1,"29,90 €",0%
901125,500461,1194,L,1,"22,75 €",20
901126,500461,1182,m,1,"16,74 €",10
901127,500462,1287,M,1,"35,59 €",0.3
901128,500462,1310,S,1,"40,69 €",0.4
901129,500463,1118,36,2,"79,30 €",50%
901130,500463,1325,L,1,"46,91 €",40
901131,500463,1240,XS,1,"41,66 €",20%
901132,500463,1299,L,1,"43,49 €",50
901133,500463,1105,40,1,"77,31 €",20%
901134,500464,1362,XS,1,"26,07 €",30%
901135,500464,1230,S,1,"25,06 €",0.5
901136,500465,1037,L,1,"41,52 €",30
901137,500465,1120,39,1,"65,76 €",0.2
901138,500466,1136,37,1,"73,76 €",40%
901139,500466,1348,L,1,"54,42 €",0.0
901140,500466,1276,L,1,"24,73 €",20%
901141,500466,1038,XL,1,"27,52 €",30%
901142,500466,1183,XL,1,"22,12 €",20
901143,500467,1003,L,1,"55,06 €",20%
901144,500467,1159,37,1,"51,99 €",10%
901145,500468,1273,S,2,"32,69 €",20
901146,500469,1168,xl,1,"19,82 €",0
901147,500469,1395,M,3,"20,05 €",0.0
901148,500469,1362,s,1,"26,07 €",0
901149,500469,1053,S,1,"38,51 €",0%
901150,500470,1314,S,1,"42,15 €",0.3
901151,500471,1235,XS,1,"34,51 €",0.4
901152,500471,1239,XL,1,"31,88 €",40%
901153,500471,1208,M,1,"22,70 €",20%
901154,500471,1250,Talla XS,1,"31,36 €",0.2
901155,500471,1013,Talla M,1,"31,03 €",10%
901156,500472,1314,L,3,"42,15 €",0%
901157,500472,1123,37,1,"77,67 €",0
901158,500472,1204,L,1,"12,35 €",0%
901159,500472,1302,M,1,"47,49 €",0%
901160,500472,1076,S,1,"47,04 €",0.0
901161,500473,1057,S,1,"28,72 €",10%
901162,500473,1374,M,1,"12,90 €",30
901163,500473,1204,S,1,"12,35 €",10%
901164,500474,1306,Talla S,1,"38,88 €",30
901165,500474,1314,Talla XL,1,"42,15 €",20%
901166,500475,1197,M,1,"14,87 €",0.1
901167,500475,1170,XL,1,"12,32 €",40%
901168,500475,1085,M,1,"41,61 €",0.1
901169,500476,1277,l,1,"28,10 €",20
901170,500476,1175,L,3,"17,99 €",40
901171,500477,1126,38,1,"52,20 €",20
901172,500477,1045,S,1,"57,82 €",40
901173,500477,1100,39,3,"49,80 €",10
901174,500477,1216,L,1,"17,83 €",10
901175,500477,1224,M,1,"25,88 €",20
901176,500477,1308,S,1,"36,22 €",0.2
901177,500478,1047,l,1,"27,30 €",0.1
901178,500478,1229,XS,2,"38,72 €",10%
901179,500478,1122,36,1,"63,66 €",30%
901180,500479,1159,36,1,"51,99 €",0.2
901181,500479,1204,M,1,"12,35 €",40
901182,500480,1161,S,2,"23,07 €",0.2
901183,500480,1197,M,1,"14,87 €",20%
901184,500480,1077,XL,1,"57,81 €",0.5
901185,500480,1182,M,2,"16,74 €",10%
901186,500481,1362,M,1,"26,07 €",0.2
901187,500481,1059,M,2,"55,73 €",0
901188,500481,1362,S,2,"26,07 €",10%
901189,500481,1110,37,1,"37,86 €",50
901190,500481,1106,42,1,"73,33 €",30%
901191,500482,1066,L,1,"34,07 €",30%
901192,500482,1233,L,1,"30,63 €",0.0
901193,500483,1316,M,1,"43,89 €",0.3
901194,500483,1351,L,1,"26,88 €",10
901195,500483,1315,Talla S,1,"32,56 €",50
901196,500483,1128,36,1,"71,15 €",50
901197,500484,1042,l,1,"49,99 €",0.4
901198,500484,1070,S,1,"27,27 €",0.2
901199,500484,1030,Talla L,1,"46,38 €",40%
901200,500485,1282,m,1,"36,05 €",0%
901201,500485,1152,37,1,"48,30 €",0.3
901202,500486,1042,L,1,"49,99 €",0.4
901203,500486,1257,XL,1,"41,13 €",0.3
901204,500486,1015,XL,1,"33,85 €",0.4
901205,500487,1269,S,3,"20,24 €",30
901206,500487,1014,XS,1,"48,60 €",20
901207,500487,1315,XL,1,"32,56 €",30%
901208,500487,1112,39,1,"78,05 €",30
901209,500488,1062,XL,1,"43,22 €",0.3
901210,500488,1069,S,1,"29,38 €",30
901211,500488,1092,36,1,"69,97 €",0.1
901212,500489,1074,XL,1,"27,23 €",20%
901213,500489,1331,s,1,"73,27 €",30%
901214,500490,1042,M,1,"49,99 €",0.4
901215,500490,1179,Talla L,1,"24,02 €",20%
901216,500490,1181,M,1,"24,51 €",20%
901217,500491,1273,Talla M,2,"32,69 €",10%
901218,500491,1311,L,3,"30,25 €",10
901219,500491,1249,Talla L,1,"34,29 €",0.4
901220,500492,1184,M,1,"14,15 €",10%
901221,500492,1107,36,1,"55,33 €",30%
901222,500493,1385,L,1,"28,77 €",0
901223,500494,1185,S,1,"21,81 €",30
901224,500495,1113,37,1,"38,95 €",30%
901225,500495,1025,Talla M,1,"59,54 €",30%
901226,500495,1367,XL,1,"13,47 €",40%
901227,500495,1355,S,1,"26,01 €",20%
901228,500495,1305,L,1,"32,92 €",0.4
901229,500495,1012,XS,1,"40,99 €",30%
901230,500496,1173,S,1,"22,99 €",0.4
901231,500496,1314,XL,1,"42,15 €",0.1
901232,500496,1306,XS,1,"38,88 €",0.2
901233,500497,1153,40,2,"46,79 €",0.1
901234,500497,1205,Talla S,1,"13,61 €",30%
901235,500498,1198,XS,1,"16,38 €",20%
901236,500499,1368,XL,1,"20,18 €",30%
901237,500499,1378,xs,1,"21,35 €",10%
901238,500500,1374,Talla L,2,"12,90 €",0
901239,500500,1176,S,1,"23,41 €",0%
901240,500501,1031,L,1,"33,85 €",0.2
901241,500501,1305,Talla L,1,"32,92 €",10
901242,500501,1229,XL,1,"38,72 €",30%
901243,500501,1363,l,1,"31,93 €",40
901244,500502,1104,41,1,"51,58 €",30
901245,500502,1350,XL,1,"57,49 €",30%
901246,500503,1276,XL,2,"24,73 €",0.4
901247,500503,1036,S,1,"51,15 €",0.2
901248,500503,1195,M,1,"18,13 €",30%
901249,500504,1106,38,1,"73,33 €",20%
901250,500505,1315,L,1,"32,56 €",0.2
901251,500505,1390,M,1,"19,91 €",40%
901252,500505,1076,M,3,"47,04 €",0.3
901253,500506,1042,s,1,"49,99 €",40
901254,500506,1099,37,1,"79,99 €",0.3
901255,500507,1185,XS,1,"21,81 €",20%
901256,500507,1399,XL,1,"31,60 €",10%
901257,500507,1277,L,1,"28,10 €",20%
901258,500507,1182,M,2,"16,74 €",30
901259,500507,1207,M,1,"16,71 €",20%
901260,500508,1309,XS,1,"29,96 €",40%
901261,500509,1319,XS,2,"30,13 €",20
901262,500509,1025,Talla M,1,"59,54 €",0.0
901263,500509,1305,S,1,"32,92 €",20
901264,500510,1229,XS,3,"38,72 €",40%
901265,500510,1196,S,1,"15,48 €",40
901266,500511,1103,39,1,"62,95 €",20
901267,500511,1031,M,1,"33,85 €",20%
901268,500511,1048,S,1,"36,45 €",10
901269,500511,1099,38,1,"79,99 €",20%
901270,500512,1285,M,1,"39,82 €",30
901271,500512,1163,M,1,"22,89 €",0.0
901272,500512,1031,S,1,"33,85 €",20%
901273,500513,1207,xs,1,"16,71 €",0.0
901274,500513,1382,L,1,"30,95 €",10%
901275,500513,1276,l,1,"24,73 €",40%
901276,500513,1392,L,1,"12,73 €",0.1
901277,500514,1175,M,2,"17,99 €",0.1
901278,500514,1234,M,1,"26,50 €",0.2
901279,500514,1305,M,1,"32,92 €",0.4
901280,500515,1381,s,1,"34,45 €",40%
901281,500515,1309,L,1,"29,96 €",30%
901282,500515,1197,S,1,"14,87 €",10%
901283,500515,1024,Talla S,1,"56,24 €",20%
901284,500515,1168,M,1,"19,82 €",0.2
901285,500515,1387,S,1,"10,36 €",10%
901286,500515,1315,S,2,"32,56 €",10%
901287,500516,1007,M,1,"30,50 €",0.1
901288,500516,1190,L,1,"19,61 €",0.1
901289,500517,1131,38,1,"55,67 €",0%
901290,500517,1356,xl,1,"31,86 €",10
901291,500517,1352,L,2,"12,43 €",0.0
901292,500518,1042,S,1,"49,99 €",40
901293,500518,1157,Talla 37,1,"47,95 €",40
901294,500519,1028,M,1,"48,82 €",0.0
901295,500520,1095,Talla 37,1,"41,57 €",0.3
901296,500520,1247,XS,3,"43,39 €",30%
901297,500521,1245,M,1,"40,31 €",30
901298,500521,1325,L,1,"46,91 €",40
901299,500522,1042,M,1,"49,99 €",40
901300,500522,1119,37,2,"55,00 €",40
901301,500522,1197,L,2,"14,87 €",40
901302,500522,1203,S,1,"19,01 €",30
901303,500522,1053,XS,1,"38,51 €",30%
901304,500522,1206,M,2,"15,68 €",10
901305,500523,1053,XS,1,"38,51 €",0%
901306,500524,1074,XS,1,"27,23 €",0.3
901307,500524,1260,L,1,"41,99 €",10%
901308,500524,1347,s,1,"80,46 €",30
901309,500524,1218,XS,1,"23,13 €",40%
901310,500525,1187,L,1,"17,31 €",0.0
901311,500526,1392,S,1,"12,73 €",0%
901312,500527,1245,xl,1,"40,31 €",10%
901313,500527,1239,M,1,"31,88 €",20%
901314,500527,1323,XS,1,"32,89 €",0.3
901315,500527,1304,XL,3,"44,49 €",10
901316,500527,1359,xs,1,"29,93 €",30
901317,500528,1350,S,1,"57,49 €",0.1
901318,500528,1178,XS,3,"22,32 €",10%
901319,500528,1117,39,1,"49,56 €",0.2
901320,500528,1208,M,1,"22,70 €",0
901321,500528,1239,S,1,"31,88 €",0%
901322,500529,1285,L,1,"39,82 €",0.2
901323,500529,1124,36,1,"77,92 €",20
901324,500529,1270,M,1,"37,43 €",0.2
901325,500529,1014,XL,1,"48,60 €",40
901326,500530,1116,Talla 40,2,"50,71 €",0.1
901327,500530,1285,S,1,"39,82 €",20
901328,500530,1197,L,1,"14,87 €",0.1
901329,500530,1203,S,1,"19,01 €",30%
901330,500531,1066,M,2,"34,07 €",0.1
901331,500531,1227,S,1,"25,33 €",0%
901332,500531,1182,XS,1,"16,74 €",0%
901333,500532,1390,XL,1,"19,91 €",0.1
901334,500532,1285,L,1,"39,82 €",30
901335,500533,1175,XL,1,"17,99 €",30%
901336,500533,1215,M,1,"23,23 €",20%
901337,500533,1382,L,1,"30,95 €",20
901338,500533,1308,S,1,"36,22 €",0.4
901339,500533,1305,L,1,"32,92 €",0.3
901340,500534,1002,XL,1,"27,23 €",20
901341,500534,1254,XL,1,"42,10 €",10%
901342,500535,1148,36,1,"36,02 €",0%
901343,500535,1288,Talla M,1,"30,24 €",20%
901344,500535,1397,L,2,"20,12 €",0
901345,500535,1027,L,1,"34,91 €",10%
901346,500536,1315,M,2,"32,56 €",10%
901347,500536,1117,39,1,"49,56 €",20
901348,500536,1388,xl,1,"15,95 €",20
901349,500537,1042,L,1,"49,99 €",0.4
901350,500538,1042,M,1,"49,99 €",40%
901351,500538,1107,36,1,"55,33 €",30
901352,500538,1001,l,1,"32,57 €",40%
901353,500538,1272,M,1,"29,98 €",0.2
901354,500539,1140,39,1,"39,31 €",30%
901355,500540,1090,M,1,"34,56 €",20
901356,500541,1317,XS,1,"27,13 €",30
901357,500541,1045,m,1,"57,82 €",20%
901358,500541,1170,M,2,"12,32 €",0.3
901359,500542,1040,S,1,"49,21 €",0
901360,500542,1015,Talla M,1,"33,85 €",20%
901361,500542,1005,S,2,"31,32 €",0.3
901362,500543,1176,M,1,"23,41 €",30
901363,500543,1366,S,1,"26,15 €",10
901364,500543,1362,S,2,"26,07 €",50%
901365,500544,1141,39,1,"47,53 €",0.3
901366,500545,1077,XS,1,"57,81 €",20%
901367,500545,1125,Talla 37,1,"51,19 €",20
901368,500545,1016,Talla S,1,"58,66 €",0.2
901369,500545,1352,S,1,"12,43 €",0.1
901370,500546,1020,S,1,"35,48 €",20%
901371,500546,1211,XS,1,"12,54 €",0.1
901372,500546,1147,37,2,"30,45 €",0.1
901373,500546,1317,s,1,"27,13 €",20%
901374,500546,1305,m,1,"32,92 €",20
901375,500546,1013,Talla XL,1,"31,03 €",10%
901376,500547,1361,XS,1,"14,66 €",0.1
901377,500547,1175,Talla L,1,"17,99 €",0.2
901378,500547,1219,XS,1,"17,73 €",30
901379,500547,1124,42,1,"77,92 €",10%
901380,500547,1389,XL,3,"21,34 €",0%
901381,500547,1343,s,1,"81,92 €",0.0
901382,500548,1081,XL,1,"55,86 €",10%
901383,500548,1277,l,1,"28,10 €",0.2
901384,500548,1276,L,1,"24,73 €",0.2
901385,500548,1359,S,1,"29,93 €",10
901386,500548,1094,38,1,"61,63 €",30
901387,500548,1278,M,1,"29,80 €",0
901388,500548,1261,S,1,"33,18 €",20
901389,500549,1202,L,1,"20,61 €",20
901390,500549,1015,M,3,"33,85 €",0.5
901391,500549,1383,L,1,"20,95 €",20%
901392,500549,1015,M,3,"33,85 €",40
901393,500550,1286,M,1,"28,43 €",0.0
901394,500551,1098,Talla 40,1,"38,24 €",0.2
901395,500551,1054,m,1,"59,30 €",0.1
901396,500552,1013,Talla L,1,"31,03 €",0.2
901397,500553,1019,M,1,"38,48 €",0
901398,500553,1336,XL,1,"80,41 €",0.2
901399,500553,1179,M,1,"24,02 €",10%
901400,500554,1042,l,1,"49,99 €",40%
901401,500555,1332,l,1,"87,31 €",30%
901402,500556,1042,M,1,"49,99 €",40%
901403,500557,1042,M,1,"49,99 €",40
901404,500557,1100,38,3,"49,80 €",30%
901405,500557,1375,M,2,"22,99 €",20
901406,500557,1141,Talla 42,1,"47,53 €",40%
901407,500558,1029,S,1,"31,92 €",30
901408,500558,1392,Talla XL,1,"12,73 €",40%
901409,500558,1180,L,1,"17,79 €",0.3
901410,500558,1378,M,1,"21,35 €",40
901411,500559,1102,37,2,"68,36 €",10%
901412,500559,1200,XL,1,"21,79 €",0.2
901413,500559,1059,L,1,"55,73 €",0%
901414,500559,1106,38,1,"73,33 €",0.1
901415,500559,1083,XS,2,"54,14 €",0.1
901416,500559,1136,39,1,"73,76 €",0.1
901417,500560,1160,Talla 38,1,"65,05 €",20%
901418,500560,1314,XL,1,"42,15 €",20%
901419,500560,1229,M,2,"38,72 €",0.1
901420,500561,1391,M,1,"13,83 €",0.3
901421,500561,1324,L,1,"40,15 €",30%
901422,500561,1209,S,3,"13,65 €",40
901423,500561,1290,S,1,"23,54 €",0.4
901424,500561,1197,L,1,"14,87 €",30%
901425,500561,1359,L,1,"29,93 €",50%
901426,500562,1343,M,1,"81,92 €",0%
901427,500562,1357,L,1,"16,44 €",0%
901428,500563,1199,M,1,"21,22 €",0
901429,500563,1400,L,1,"25,30 €",0%
901430,500563,1204,XL,1,"12,35 €",0.0
901431,500563,1384,L,2,"25,64 €",10
901432,500564,1087,L,2,"49,59 €",20%
901433,500564,1132,Talla 39,1,"72,05 €",0.2
901434,500565,1381,Talla M,1,"34,45 €",0%
901435,500565,1223,l,2,"29,79 €",0%
901436,500565,1204,S,1,"12,35 €",0%
901437,500566,1220,S,1,"18,87 €",10%
901438,500566,1111,40,1,"59,92 €",0%
901439,500567,1207,XL,1,"16,71 €",30%
901440,500568,1077,xs,1,"57,81 €",0%
901441,500568,1208,M,1,"22,70 €",0.0
901442,500568,1315,XL,1,"32,56 €",0.0
901443,500568,1284,XS,1,"20,70 €",10
901444,500568,1275,XS,1,"24,89 €",0.1
901445,500568,1013,XL,1,"31,03 €",0%
901446,500569,1036,m,1,"51,15 €",0.3
901447,500570,1319,M,1,"30,13 €",0.3
901448,500570,1040,M,1,"49,21 €",20%
901449,500570,1092,38,1,"69,97 €",50
901450,500570,1312,M,1,"35,92 €",30
901451,500570,1232,L,1,"26,48 €",30
901452,500571,1210,S,1,"18,98 €",0.0
901453,500571,1134,40,1,"31,21 €",30%
901454,500571,1163,XL,1,"22,89 €",40
901455,500571,1174,Talla S,1,"20,68 €",0.0
901456,500572,1313,M,2,"38,98 €",0%
901457,500572,1168,L,1,"19,82 €",10
901458,500573,1284,Talla L,1,"20,70 €",0
901459,500573,1340,xl,1,"80,92 €",10
901460,500574,1274,L,1,"39,02 €",20%
901461,500574,1273,XS,1,"32,69 €",0.4
901462,500575,1277,S,1,"28,10 €",0
901463,500575,1235,L,1,"34,51 €",0%
901464,500575,1330,S,1,"48,41 €",10
901465,500575,1360,Talla L,3,"18,88 €",0
901466,500576,1257,S,1,"41,13 €",20%
901467,500576,1381,Talla L,2,"34,45 €",0.2
901468,500576,1229,XS,1,"38,72 €",20
901469,500576,1040,XL,2,"49,21 €",0.5
901470,500577,1042,xs,1,"49,99 €",0.4
901471,500578,1315,S,2,"32,56 €",0.0
901472,500579,1374,L,1,"12,90 €",10
901473,500580,1289,S,1,"22,39 €",50%
901474,500580,1028,S,1,"48,82 €",0.1
901475,500581,1320,L,1,"35,05 €",0.0
901476,500581,1378,M,1,"21,35 €",10
901477,500581,1358,S,1,"26,83 €",0.2
901478,500581,1138,40,1,"48,26 €",40%
901479,500581,1390,M,1,"19,91 €",0.1
901480,500582,1124,40,2,"77,92 €",0.0
901481,500582,1338,m,1,"61,23 €",0.5
901482,500583,1131,39,1,"55,67 €",0
901483,500583,1099,38,1,"79,99 €",0
901484,500583,1222,L,1,"27,70 €",0%
901485,500584,1252,Talla XL,1,"33,85 €",20%
901486,500585,1172,M,1,"18,98 €",30
901487,500585,1234,XS,1,"26,50 €",20%
901488,500585,1168,L,1,"19,82 €",40%
901489,500586,1260,M,3,"41,99 €",30%
901490,500586,1346,S,1,"45,31 €",10
901491,500586,1220,M,1,"18,87 €",30%
901492,500587,1397,l,1,"20,12 €",40
901493,500588,1042,S,1,"49,99 €",0.4
901494,500588,1181,M,1,"24,51 €",20%
901495,500588,1355,xs,1,"26,01 €",10%
901496,500589,1357,l,1,"16,44 €",0%
901497,500589,1239,L,1,"31,88 €",10%
901498,500590,1005,l,1,"31,32 €",20%
901499,500590,1098,39,1,"38,24 €",20%
901500,500590,1108,38,1,"69,72 €",0.4
901501,500590,1193,XS,1,"20,23 €",0%
901502,500591,1006,XL,1,"40,90 €",10%
901503,500591,1314,L,2,"42,15 €",0%
901504,500591,1025,S,1,"59,54 €",0.0
901505,500591,1322,XS,1,"33,07 €",10%
901506,500591,1122,40,1,"63,66 €",30
901507,500591,1205,Talla M,1,"13,61 €",20%
901508,500592,1112,Talla 36,2,"78,05 €",30%
901509,500593,1042,Talla M,1,"49,99 €",0.4
901510,500594,1053,L,1,"38,51 €",10%
901511,500594,1079,m,1,"46,26 €",10
901512,500594,1097,40,1,"45,52 €",30%
901513,500595,1037,M,2,"41,52 €",30
901514,500595,1334,XL,1,"41,41 €",20%
901515,500596,1259,XS,1,"30,24 €",0.2
901516,500597,1354,M,2,"10,85 €",0.2
901517,500597,1304,L,1,"44,49 €",10%
901518,500597,1273,M,2,"32,69 €",20%
901519,500597,1396,XS,2,"15,65 €",0.5
901520,500598,1038,M,3,"27,52 €",20
901521,500599,1089,M,1,"33,88 €",10
901522,500599,1315,XL,1,"32,56 €",0.4
901523,500599,1373,S,1,"14,01 €",0.2
901524,500600,1382,XS,2,"30,95 €",0.1
901525,500601,1313,L,1,"38,98 €",0.0
901526,500601,1285,L,1,"39,82 €",20%
901527,500601,1204,XS,1,"12,35 €",0.2
901528,500602,1094,36,1,"61,63 €",0%
901529,500602,1204,M,1,"12,35 €",0.0
901530,500603,1357,M,1,"16,44 €",30%
901531,500603,1325,S,1,"46,91 €",20
901532,500603,1293,M,1,"37,48 €",30%
901533,500604,1021,XS,1,"43,85 €",0.0
901534,500605,1031,S,1,"33,85 €",0.2
901535,500605,1215,M,1,"23,23 €",30%
901536,500605,1334,XS,2,"41,41 €",0.4
901537,500606,1292,M,1,"32,80 €",30%
901538,500607,1231,M,1,"35,23 €",0.3
901539,500607,1153,Talla 39,1,"46,79 €",20%
901540,500608,1335,L,1,"70,30 €",40
901541,500609,1235,XS,1,"34,51 €",30%
901542,500609,1080,s,1,"34,78 €",0.3
901543,500610,1279,M,1,"28,28 €",0.1
901544,500610,1305,S,1,"32,92 €",0.1
901545,500610,1285,m,1,"39,82 €",20
901546,500610,1229,Talla S,1,"38,72 €",20%
901547,500610,1115,40,1,"64,90 €",30
901548,500611,1087,Talla L,2,"49,59 €",10%
901549,500611,1133,40,1,"48,67 €",0.1
901550,500611,1340,M,1,"80,92 €",0.0
901551,500612,1371,m,1,"33,17 €",20%
901552,500612,1086,M,1,"33,74 €",40%
901553,500612,1381,XS,2,"34,45 €",40%
901554,500612,1175,XL,1,"17,99 €",30%
901555,500612,1357,L,1,"16,44 €",0.4
901556,500613,1055,L,2,"33,15 €",30%
901557,500613,1128,41,1,"71,15 €",0%
901558,500614,1112,38,1,"78,05 €",0.2
901559,500614,1357,XL,1,"16,44 €",0.0
901560,500614,1307,XL,1,"42,98 €",40%
901561,500614,1092,38,1,"69,97 €",30%
901562,500614,1282,S,1,"36,05 €",0.5
901563,500614,1388,S,2,"15,95 €",0%
901564,500614,1073,XS,1,"26,22 €",20%
901565,500615,1161,S,1,"23,07 €",20
901566,500616,1220,L,1,"18,87 €",0.0
901567,500617,1042,XL,1,"49,99 €",40%
901568,500617,1362,S,1,"26,07 €",0
901569,500618,1105,39,2,"77,31 €",0.3
901570,500618,1277,Talla L,1,"28,10 €",0.3
901571,500619,1042,l,2,"49,99 €",40%
901572,500619,1285,M,1,"39,82 €",20
901573,500620,1042,XL,1,"49,99 €",0.4
901574,500620,1250,L,2,"31,36 €",0.2
901575,500621,1167,L,1,"18,87 €",0.2
901576,500621,1204,S,1,"12,35 €",40%
901577,500621,1273,m,1,"32,69 €",30
901578,500621,1176,S,1,"23,41 €",20%
901579,500622,1168,M,1,"19,82 €",10%
901580,500622,1304,M,1,"44,49 €",0.3
901581,500623,1068,L,1,"49,68 €",0.3
901582,500624,1204,Talla L,1,"12,35 €",20
901583,500624,1175,Talla XS,2,"17,99 €",10%
901584,500625,1388,XL,1,"15,95 €",30
901585,500625,1159,39,1,"51,99 €",20
901586,500626,1307,XS,1,"42,98 €",0.2
901587,500626,1278,S,1,"29,80 €",10%
901588,500626,1051,L,1,"46,46 €",0.2
901589,500626,1327,S,2,"77,26 €",10
901590,500626,1159,40,1,"51,99 €",0.3
901591,500627,1169,Talla M,1,"14,75 €",20%
901592,500627,1344,S,1,"48,33 €",0.1
901593,500628,1170,L,1,"12,32 €",0.1
901594,500628,1069,XL,2,"29,38 €",40%
901595,500628,1283,Talla XS,3,"24,64 €",10
901596,500628,1141,37,1,"47,53 €",30%
901597,500629,1080,M,1,"34,78 €",20%
901598,500629,1270,L,2,"37,43 €",20
901599,500630,1137,38,1,"63,83 €",0.4
901600,500631,1312,L,1,"35,92 €",40%
901601,500631,1285,XL,1,"39,82 €",40%
901602,500631,1174,xl,1,"20,68 €",30
901603,500632,1038,S,1,"27,52 €",40%
901604,500632,1229,M,1,"38,72 €",30
901605,500633,1334,Talla XS,1,"41,41 €",0.2
901606,500633,1262,m,1,"36,87 €",30%
901607,500634,1245,XL,1,"40,31 €",20
901608,500634,1338,L,1,"61,23 €",40%
901609,500634,1315,S,1,"32,56 €",20%
901610,500634,1197,XL,1,"14,87 €",10%
901611,500634,1204,L,1,"12,35 €",20
901612,500634,1297,Talla XL,2,"39,25 €",0.3
901613,500635,1042,L,1,"49,99 €",0.4
901614,500635,1080,M,3,"34,78 €",0.3
901615,500636,1168,M,1,"19,82 €",0.4
901616,500636,1141,38,1,"47,53 €",40%
901617,500637,1323,L,1,"32,89 €",50%
901618,500637,1104,39,1,"51,58 €",20%
901619,500637,1196,xl,1,"15,48 €",0.1
901620,500638,1303,m,1,"34,22 €",50%
901621,500638,1138,40,1,"48,26 €",0.2
901622,500638,1196,XL,1,"15,48 €",0
901623,500639,1257,M,1,"41,13 €",0.1
901624,500639,1314,S,1,"42,15 €",0.0
901625,500639,1312,XS,1,"35,92 €",0
901626,500640,1237,S,1,"35,53 €",0.3
901627,500640,1376,M,1,"26,99 €",0.2
901628,500640,1204,S,2,"12,35 €",0.4
901629,500641,1204,L,1,"12,35 €",0.1
901630,500641,1099,40,1,"79,99 €",0.3
901631,500641,1179,M,1,"24,02 €",0.2
901632,500642,1086,Talla XS,1,"33,74 €",50%
901633,500642,1219,Talla XS,1,"17,73 €",0%
901634,500642,1053,L,1,"38,51 €",0.4
901635,500642,1099,40,1,"79,99 €",40%
901636,500642,1106,37,2,"73,33 €",10
901637,500642,1090,XS,1,"34,56 €",40%
901638,500643,1357,XL,3,"16,44 €",40%
901639,500644,1290,XS,1,"23,54 €",0%
901640,500644,1252,M,1,"33,85 €",0.0
901641,500645,1136,36,1,"73,76 €",10
901642,500645,1388,S,2,"15,95 €",0.4
901643,500645,1221,Talla L,1,"28,31 €",10%
901644,500645,1285,XS,2,"39,82 €",20
901645,500645,1292,L,1,"32,80 €",20
901646,500646,1042,L,1,"49,99 €",40
901647,500646,1141,39,1,"47,53 €",0.2
901648,500647,1243,M,2,"42,14 €",0.2
901649,500648,1042,L,1,"49,99 €",40%
901650,500648,1208,L,2,"22,70 €",0.2
901651,500648,1168,M,1,"19,82 €",50%
901652,500648,1134,39,1,"31,21 €",10%
901653,500648,1148,Talla 39,1,"36,02 €",30
901654,500648,1157,39,1,"47,95 €",20%
901655,500649,1048,L,1,"36,45 €",10%
901656,500649,1347,XS,1,"80,46 €",30%
901657,500649,1044,L,1,"36,91 €",40%
901658,500650,1283,XS,1,"24,64 €",30%
901659,500650,1315,XL,1,"32,56 €",0.3
901660,500651,1279,XS,2,"28,28 €",0
901661,500652,1172,S,1,"18,98 €",30
901662,500652,1234,Talla M,1,"26,50 €",30
901663,500652,1160,Talla 37,1,"65,05 €",20%
901664,500652,1070,Talla XS,1,"27,27 €",30%
901665,500652,1103,39,1,"62,95 €",10%
901666,500652,1175,L,1,"17,99 €",10%
901667,500653,1354,s,1,"10,85 €",0%
901668,500653,1204,M,1,"12,35 €",0%
901669,500653,1305,XS,1,"32,92 €",0%
901670,500653,1274,Talla L,1,"39,02 €",0
901671,500654,1208,M,1,"22,70 €",0.2
901672,500654,1252,S,1,"33,85 €",40%
901673,500654,1252,L,1,"33,85 €",0.3
901674,500655,1006,xl,1,"40,90 €",40%
901675,500656,1355,M,1,"26,01 €",50%
901676,500656,1285,s,1,"39,82 €",30%
901677,500656,1334,S,1,"41,41 €",0.3
901678,500656,1397,M,1,"20,12 €",0.0
901679,500657,1182,S,1,"16,74 €",0.1
901680,500657,1318,XL,1,"40,14 €",0.3
901681,500657,1384,L,1,"25,64 €",30%
901682,500657,1055,Talla L,1,"33,15 €",0.2
901683,500657,1370,S,1,"32,70 €",0.1
901684,500657,1389,S,1,"21,34 €",0.0
901685,500658,1229,M,1,"38,72 €",0
901686,500658,1379,L,1,"31,72 €",0%
901687,500659,1125,40,2,"51,19 €",30%
901688,500659,1291,xs,1,"28,71 €",30%
901689,500659,1069,M,1,"29,38 €",20%
901690,500660,1252,M,1,"33,85 €",0.3
901691,500660,1204,S,1,"12,35 €",0.2
901692,500660,1204,S,1,"12,35 €",0.2
901693,500660,1143,37,1,"54,97 €",20%
901694,500660,1362,M,1,"26,07 €",0%
901695,500660,1059,Talla XS,1,"55,73 €",10
901696,500661,1249,XS,1,"34,29 €",10
901697,500661,1362,M,1,"26,07 €",10%
901698,500661,1061,S,1,"46,35 €",0.3
901699,500662,1367,M,1,"13,47 €",30
901700,500663,1211,S,1,"12,54 €",0
901701,500663,1005,XL,1,"31,32 €",0
901702,500664,1245,L,2,"40,31 €",0.0
901703,500665,1364,L,1,"11,29 €",0.1
901704,500665,1094,39,1,"61,63 €",30
901705,500666,1251,M,2,"41,39 €",0.0
901706,500666,1085,XS,1,"41,61 €",0%
901707,500667,1123,Talla 39,1,"77,67 €",0.1
901708,500668,1042,xl,1,"49,99 €",40%
901709,500669,1172,M,1,"18,98 €",30%
901710,500670,1297,L,2,"39,25 €",0
901711,500670,1060,Talla S,1,"48,04 €",0.0
901712,500671,1227,S,1,"25,33 €",30%
901713,500671,1229,Talla XS,1,"38,72 €",0.2
901714,500671,1106,41,1,"73,33 €",30%
901715,500671,1195,XL,1,"18,13 €",0.2
901716,500672,1315,L,1,"32,56 €",20%
901717,500672,1123,Talla 37,1,"77,67 €",0%
901718,500672,1333,Talla M,1,"89,35 €",0.2
901719,500672,1315,Talla L,1,"32,56 €",40%
901720,500673,1214,S,1,"17,10 €",20%
901721,500674,1050,m,1,"52,78 €",10%
901722,500675,1034,Talla S,3,"42,28 €",0
901723,500675,1148,39,1,"36,02 €",30%
901724,500676,1300,M,1,"32,84 €",0.0
901725,500676,1214,L,1,"17,10 €",30%
901726,500676,1315,XL,1,"32,56 €",0.2
901727,500677,1390,m,1,"19,91 €",0
901728,500677,1103,42,1,"62,95 €",0.0
901729,500677,1075,XL,1,"43,55 €",0
901730,500677,1285,S,1,"39,82 €",0
901731,500678,1011,S,2,"58,99 €",0.3
901732,500678,1243,S,1,"42,14 €",40
901733,500678,1106,36,2,"73,33 €",10%
901734,500678,1334,S,1,"41,41 €",20
901735,500679,1229,Talla S,1,"38,72 €",0.2
901736,500679,1288,L,1,"30,24 €",0.1
901737,500679,1139,37,1,"49,46 €",40
901738,500680,1175,S,1,"17,99 €",20
901739,500680,1070,L,1,"27,27 €",0%
901740,500681,1042,M,1,"49,99 €",40
901741,500681,1141,38,1,"47,53 €",0.3
901742,500682,1235,s,2,"34,51 €",0.2
901743,500682,1254,XL,2,"42,10 €",10%
901744,500682,1037,M,1,"41,52 €",30%
901745,500683,1204,L,1,"12,35 €",50%
901746,500684,1177,Talla L,2,"20,83 €",20%
901747,500684,1113,40,1,"38,95 €",0.3
901748,500684,1182,Talla XL,1,"16,74 €",20%
901749,500685,1362,L,1,"26,07 €",10
901750,500685,1349,L,1,"53,20 €",0.1
901751,500686,1031,Talla M,1,"33,85 €",20
901752,500686,1204,S,1,"12,35 €",0.1
901753,500686,1055,M,1,"33,15 €",0.2
901754,500686,1380,L,1,"34,77 €",0.1
901755,500687,1315,S,1,"32,56 €",20%
901756,500687,1177,M,2,"20,83 €",20%
901757,500687,1199,S,1,"21,22 €",0.2
901758,500687,1140,42,1,"39,31 €",10%
901759,500688,1319,XL,2,"30,13 €",10
901760,500688,1204,L,1,"12,35 €",0
901761,500688,1204,XL,1,"12,35 €",0.1
901762,500688,1267,S,1,"36,41 €",10
901763,500688,1221,L,1,"28,31 €",0
901764,500688,1322,m,1,"33,07 €",0%
901765,500689,1282,s,1,"36,05 €",0.4
901766,500690,1042,L,1,"49,99 €",40%
901767,500690,1132,36,1,"72,05 €",0.1
901768,500690,1069,L,1,"29,38 €",0.1
901769,500690,1233,XS,1,"30,63 €",0.2
901770,500691,1078,Talla L,1,"56,16 €",50
901771,500691,1202,M,1,"20,61 €",30
901772,500691,1098,Talla 37,3,"38,24 €",30%
901773,500692,1317,S,2,"27,13 €",0.3
901774,500692,1032,S,1,"29,90 €",50%
901775,500693,1357,M,1,"16,44 €",0
901776,500693,1190,XS,1,"19,61 €",0.0
901777,500694,1339,S,1,"55,93 €",0.1
901778,500694,1028,M,1,"48,82 €",20
901779,500694,1278,XS,1,"29,80 €",30%
901780,500695,1096,Talla 40,1,"53,68 €",0.1
901781,500695,1070,M,1,"27,27 €",10
901782,500695,1244,XS,1,"26,77 €",20
901783,500695,1197,L,1,"14,87 €",30
901784,500696,1315,M,2,"32,56 €",0.5
901785,500696,1345,Talla M,1,"85,68 €",0%
901786,500696,1390,Talla M,1,"19,91 €",10%
901787,500697,1043,m,1,"54,13 €",40%
901788,500697,1070,L,1,"27,27 €",0.1
901789,500698,1362,M,1,"26,07 €",30%
901790,500699,1210,L,1,"18,98 €",30%
901791,500699,1030,L,1,"46,38 €",0.2
901792,500699,1315,XS,1,"32,56 €",0.0
901793,500699,1203,S,1,"19,01 €",10
901794,500699,1292,XL,1,"32,80 €",0.1
901795,500700,1383,Talla XL,1,"20,95 €",0.1
901796,500701,1042,xl,2,"49,99 €",40%
901797,500702,1254,S,1,"42,10 €",10
901798,500703,1213,XL,1,"12,89 €",0.0
901799,500703,1018,M,1,"45,78 €",30%
901800,500704,1042,M,1,"49,99 €",0.4
901801,500704,1017,S,1,"33,77 €",0.1
901802,500705,1094,37,1,"61,63 €",0.3
901803,500706,1070,S,1,"27,27 €",0.2
901804,500706,1056,L,1,"39,14 €",20%
901805,500706,1130,39,1,"73,00 €",0.1
901806,500706,1074,L,1,"27,23 €",20
901807,500707,1336,Talla XL,1,"80,41 €",0.2
901808,500707,1118,38,1,"79,30 €",0.0
901809,500707,1315,XL,1,"32,56 €",40%
901810,500707,1390,L,1,"19,91 €",0.3
901811,500708,1043,L,1,"54,13 €",10%
901812,500708,1151,37,1,"47,09 €",10%
901813,500708,1197,L,1,"14,87 €",0.4
901814,500708,1015,Talla S,1,"33,85 €",0.1
901815,500708,1124,39,1,"77,92 €",0.4
901816,500709,1288,Talla M,1,"30,24 €",0.1
901817,500709,1281,M,1,"34,30 €",0.1
901818,500710,1157,38,1,"47,95 €",0.3
901819,500710,1204,L,2,"12,35 €",0.4
901820,500711,1023,M,1,"31,99 €",30%
901821,500712,1262,L,1,"36,87 €",0.3
901822,500712,1227,S,1,"25,33 €",0.1
901823,500712,1269,M,1,"20,24 €",0.2
901824,500713,1030,S,1,"46,38 €",20
901825,500714,1090,M,1,"34,56 €",30
901826,500714,1305,xl,1,"32,92 €",20%
901827,500714,1054,l,1,"59,30 €",20%
901828,500715,1381,Talla M,1,"34,45 €",0%
901829,500715,1261,L,1,"33,18 €",0%
901830,500715,1329,L,2,"45,80 €",0.3
901831,500716,1173,M,1,"22,99 €",50
901832,500717,1014,S,1,"48,60 €",0%
901833,500717,1098,37,2,"38,24 €",0
901834,500718,1065,L,1,"49,52 €",0.0
901835,500718,1223,XS,1,"29,79 €",0
901836,500718,1148,42,2,"36,02 €",0.0
901837,500718,1060,Talla L,1,"48,04 €",0.0
901838,500719,1243,M,1,"42,14 €",0%
901839,500719,1199,XS,2,"21,22 €",10%
901840,500720,1346,S,1,"45,31 €",0%
901841,500720,1335,L,1,"70,30 €",0%
901842,500720,1257,M,1,"41,13 €",0%
901843,500721,1088,M,1,"36,00 €",0.1
901844,500722,1055,XS,1,"33,15 €",50
901845,500722,1208,S,1,"22,70 €",20
901846,500722,1090,S,1,"34,56 €",40%
901847,500722,1313,XS,3,"38,98 €",0.3
901848,500723,1042,Talla M,1,"49,99 €",0.4
901849,500724,1378,Talla XS,2,"21,35 €",0.2
901850,500724,1216,s,2,"17,83 €",20
901851,500725,1357,M,1,"16,44 €",0.2
901852,500725,1388,S,1,"15,95 €",20
901853,500725,1027,Talla S,1,"34,91 €",20
901854,500726,1042,M,1,"49,99 €",40%
901855,500726,1317,XL,2,"27,13 €",0.4
901856,500726,1006,M,1,"40,90 €",0.2
901857,500727,1384,L,1,"25,64 €",20%
901858,500727,1100,37,1,"49,80 €",20%
901859,500728,1204,S,1,"12,35 €",0.1
901860,500728,1165,L,1,"13,35 €",0.2
901861,500728,1219,Talla S,1,"17,73 €",0.1
901862,500729,1257,Talla M,1,"41,13 €",30
901863,500729,1201,Talla L,1,"24,28 €",10
901864,500730,1053,S,1,"38,51 €",40%
901865,500731,1042,xl,2,"49,99 €",40
901866,500731,1262,S,1,"36,87 €",40
901867,500731,1193,L,1,"20,23 €",0.4
901868,500732,1154,39,1,"70,63 €",0%
901869,500732,1354,M,2,"10,85 €",0.0
901870,500732,1168,XL,1,"19,82 €",0.0
901871,500733,1009,M,1,"25,67 €",10
901872,500733,1159,41,1,"51,99 €",0
901873,500734,1168,S,1,"19,82 €",20%
901874,500735,1010,XL,1,"32,90 €",0.4
901875,500735,1077,Talla M,1,"57,81 €",0.3
901876,500735,1076,M,1,"47,04 €",0.1
901877,500736,1014,M,1,"48,60 €",30%
901878,500736,1198,L,1,"16,38 €",20
901879,500737,1014,M,1,"48,60 €",10%
901880,500738,1040,S,1,"49,21 €",0%
901881,500738,1293,m,1,"37,48 €",10%
901882,500739,1034,XS,1,"42,28 €",0.0
901883,500739,1203,L,1,"19,01 €",30%
901884,500740,1351,L,1,"26,88 €",0.0
901885,500740,1314,XS,1,"42,15 €",0.0
901886,500740,1359,M,1,"29,93 €",0%
901887,500740,1148,38,1,"36,02 €",0
901888,500741,1143,39,1,"54,97 €",0.2
901889,500741,1233,M,1,"30,63 €",10%
901890,500741,1319,XS,1,"30,13 €",0.2
901891,500742,1287,Talla L,1,"35,59 €",0.2
901892,500742,1106,39,1,"73,33 €",20
901893,500743,1285,M,3,"39,82 €",20%
901894,500743,1379,Talla S,2,"31,72 €",0.3
901895,500744,1198,L,1,"16,38 €",10%
901896,500744,1211,XS,1,"12,54 €",40%
901897,500744,1392,S,1,"12,73 €",0.3
901898,500744,1135,39,1,"71,49 €",30%
901899,500745,1315,Talla S,1,"32,56 €",10
901900,500745,1204,m,2,"12,35 €",0.4
901901,500745,1315,M,1,"32,56 €",20%
901902,500745,1181,M,1,"24,51 €",20%
901903,500746,1370,XS,1,"32,70 €",0
901904,500746,1387,S,1,"10,36 €",0.0
901905,500746,1284,XS,1,"20,70 €",10%
901906,500746,1285,M,1,"39,82 €",0.0
901907,500747,1357,l,1,"16,44 €",10
901908,500747,1357,M,1,"16,44 €",0.1
901909,500747,1057,L,1,"28,72 €",20
901910,500748,1185,S,1,"21,81 €",0%
901911,500748,1357,S,1,"16,44 €",0%
901912,500748,1067,XS,1,"32,97 €",0.1
901913,500749,1374,M,1,"12,90 €",10%
901914,500749,1158,41,1,"44,36 €",30
901915,500749,1229,S,1,"38,72 €",0%
901916,500750,1229,S,1,"38,72 €",0.0
901917,500750,1273,S,1,"32,69 €",30%
901918,500751,1261,L,1,"33,18 €",30
901919,500751,1032,XS,1,"29,90 €",30%
901920,500752,1356,M,1,"31,86 €",20
901921,500752,1367,S,1,"13,47 €",10
901922,500752,1108,36,1,"69,72 €",0.2
901923,500752,1211,L,1,"12,54 €",20%
901924,500752,1256,m,1,"30,08 €",0.4
901925,500752,1053,XL,1,"38,51 €",20%
901926,500753,1258,S,1,"35,14 €",30%
901927,500753,1318,M,1,"40,14 €",0%
901928,500754,1126,36,1,"52,20 €",0.1
901929,500754,1254,XL,1,"42,10 €",30
901930,500754,1190,l,1,"19,61 €",0%
901931,500755,1121,38,1,"72,81 €",20%
901932,500755,1266,M,1,"33,10 €",20%
901933,500756,1042,L,1,"49,99 €",40%
901934,500756,1054,L,1,"59,30 €",0
901935,500757,1282,L,1,"36,05 €",40%
901936,500757,1322,xl,1,"33,07 €",20%
901937,500757,1389,M,2,"21,34 €",10%
901938,500758,1172,S,1,"18,98 €",0.0
901939,500759,1015,S,1,"33,85 €",20%
901940,500759,1285,M,1,"39,82 €",40
901941,500760,1252,xl,1,"33,85 €",0%
901942,500760,1357,Talla XS,1,"16,44 €",0%
901943,500761,1252,S,1,"33,85 €",20%
901944,500761,1115,36,1,"64,90 €",0.3
901945,500761,1204,XS,1,"12,35 €",0.3
901946,500762,1345,m,2,"85,68 €",0.3
901947,500762,1346,Talla XL,1,"45,31 €",10
901948,500762,1374,s,2,"12,90 €",30
901949,500763,1016,Talla L,1,"58,66 €",30%
901950,500764,1152,40,1,"48,30 €",10%
901951,500764,1057,S,2,"28,72 €",0
901952,500764,1252,Talla L,1,"33,85 €",0.0
901953,500765,1042,S,1,"49,99 €",40%
901954,500765,1185,XL,1,"21,81 €",0.0
901955,500765,1368,M,1,"20,18 €",0%
901956,500765,1159,40,1,"51,99 €",30%
901957,500766,1061,m,1,"46,35 €",10%
901958,500766,1291,XL,1,"28,71 €",30
901959,500766,1311,XL,2,"30,25 €",10%
901960,500766,1376,S,1,"26,99 €",0.4
901961,500766,1286,M,2,"28,43 €",0.2
901962,500766,1297,XS,1,"39,25 €",40%
901963,500767,1305,L,2,"32,92 €",40
901964,500768,1066,S,1,"34,07 €",0
901965,500768,1168,S,2,"19,82 €",0.0
901966,500768,1285,XL,1,"39,82 €",0
901967,500768,1361,S,1,"14,66 €",0.1
901968,500768,1303,Talla M,2,"34,22 €",0.0
901969,500768,1088,Talla S,1,"36,00 €",0
901970,500768,1224,M,1,"25,88 €",10%
901971,500769,1266,S,1,"33,10 €",10%
901972,500769,1053,M,1,"38,51 €",0.1
901973,500770,1170,M,1,"12,32 €",40%
901974,500770,1051,S,1,"46,46 €",0.2
901975,500770,1190,M,1,"19,61 €",0.0
901976,500771,1042,Talla XL,3,"49,99 €",0.4
901977,500771,1049,L,1,"47,10 €",20%
901978,500771,1213,M,1,"12,89 €",0
901979,500772,1380,Talla S,1,"34,77 €",10%
901980,500772,1252,XL,1,"33,85 €",0.3
901981,500773,1085,XS,1,"41,61 €",0.1
901982,500773,1315,L,1,"32,56 €",0.0
901983,500773,1172,M,2,"18,98 €",0.0
901984,500774,1191,Talla M,1,"20,63 €",0%
901985,500775,1142,37,1,"75,44 €",50
901986,500775,1232,L,1,"26,48 €",30%
901987,500775,1285,s,1,"39,82 €",30%
901988,500775,1330,M,1,"48,41 €",0.2
901989,500775,1362,XL,1,"26,07 €",50%
901990,500775,1168,S,1,"19,82 €",10
901991,500776,1315,M,1,"32,56 €",0.0
901992,500776,1256,S,1,"30,08 €",0%
901993,500777,1117,39,2,"49,56 €",0
901994,500777,1343,S,1,"81,92 €",0.0
901995,500778,1252,XS,1,"33,85 €",0.1
901996,500778,1351,S,1,"26,88 €",0.2
901997,500778,1280,S,1,"29,54 €",40
901998,500778,1138,40,2,"48,26 €",10%
901999,500778,1053,M,1,"38,51 €",0.2
902000,500778,1219,M,1,"17,73 €",20
902001,500779,1360,L,1,"18,88 €",20%
902002,500779,1102,37,1,"68,36 €",40%
902003,500779,1397,L,3,"20,12 €",30
902004,500780,1125,Talla 38,1,"51,19 €",40
902005,500780,1103,40,1,"62,95 €",0.1
902006,500781,1270,S,1,"37,43 €",10%
902007,500782,1212,S,1,"12,74 €",0%
902008,500783,1042,XS,1,"49,99 €",0.4
902009,500783,1321,XL,1,"37,98 €",30%
902010,500783,1312,M,1,"35,92 €",0.3
902011,500783,1204,s,1,"12,35 €",20%
902012,500783,1081,m,3,"55,86 €",20
902013,500783,1374,s,1,"12,90 €",0.0
902014,500784,1387,S,1,"10,36 €",50
902015,500784,1085,XS,1,"41,61 €",40%
902016,500784,1185,XL,1,"21,81 €",0.3
902017,500784,1004,S,1,"45,55 €",10%
902018,500784,1036,S,1,"51,15 €",10%
902019,500785,1136,37,1,"73,76 €",0.1
902020,500785,1204,L,2,"12,35 €",30
902021,500785,1207,M,1,"16,71 €",20
902022,500786,1034,M,2,"42,28 €",50%
902023,500786,1382,S,1,"30,95 €",30
902024,500786,1185,M,1,"21,81 €",0.4
902025,500787,1004,Talla L,1,"45,55 €",50
902026,500787,1294,s,1,"28,15 €",50%
902027,500787,1322,s,1,"33,07 €",30%
902028,500788,1252,XL,1,"33,85 €",30%
902029,500788,1230,Talla M,1,"25,06 €",0.3
902030,500788,1036,M,1,"51,15 €",40%
902031,500789,1252,Talla S,1,"33,85 €",50%
902032,500790,1044,XS,1,"36,91 €",0.0
902033,500791,1329,XS,1,"45,80 €",30
902034,500791,1197,XS,1,"14,87 €",0.5
902035,500791,1133,41,1,"48,67 €",20
902036,500792,1004,S,1,"45,55 €",0.0
902037,500793,1123,40,2,"77,67 €",30%
902038,500793,1027,Talla S,2,"34,91 €",40
902039,500793,1066,XL,1,"34,07 €",0
902040,500794,1201,xl,1,"24,28 €",20%
902041,500795,1184,M,1,"14,15 €",0%
902042,500795,1141,38,1,"47,53 €",0%
902043,500795,1136,36,1,"73,76 €",20%
902044,500796,1230,XL,1,"25,06 €",30%
902045,500796,1398,M,2,"25,22 €",30%
902046,500796,1281,Talla XS,1,"34,30 €",0%
902047,500796,1140,40,2,"39,31 €",30%
902048,500796,1276,L,1,"24,73 €",20%
902049,500797,1042,Talla XL,1,"49,99 €",40%
902050,500797,1206,Talla L,1,"15,68 €",40%
902051,500797,1053,L,1,"38,51 €",0.0
902052,500798,1303,S,1,"34,22 €",0.2
902053,500799,1019,S,1,"38,48 €",30
902054,500799,1308,Talla XL,1,"36,22 €",0.4
902055,500799,1262,L,3,"36,87 €",30
902056,500799,1203,M,1,"19,01 €",20%
902057,500800,1038,L,1,"27,52 €",0.1
902058,500800,1119,36,1,"55,00 €",10
902059,500800,1317,s,1,"27,13 €",30%
902060,500800,1138,40,1,"48,26 €",20%
902061,500801,1379,XL,2,"31,72 €",50
902062,500802,1211,S,1,"12,54 €",40
902063,500802,1224,S,1,"25,88 €",30
902064,500803,1044,M,1,"36,91 €",30%
902065,500803,1203,L,1,"19,01 €",0.1
902066,500803,1148,40,2,"36,02 €",0
902067,500804,1286,L,1,"28,43 €",0.3
902068,500804,1015,XS,1,"33,85 €",40
902069,500805,1213,S,1,"12,89 €",0
902070,500805,1066,L,1,"34,07 €",0.4
902071,500805,1061,xl,2,"46,35 €",10%
902072,500805,1356,S,1,"31,86 €",50%
902073,500806,1070,M,1,"27,27 €",20
902074,500807,1267,M,1,"36,41 €",30%
902075,500807,1243,M,1,"42,14 €",40
902076,500808,1088,S,1,"36,00 €",20%
902077,500808,1306,L,1,"38,88 €",20
902078,500809,1179,S,1,"24,02 €",10%
902079,500810,1315,m,1,"32,56 €",20
902080,500810,1013,M,1,"31,03 €",30
902081,500810,1378,S,3,"21,35 €",10%
902082,500810,1083,M,1,"54,14 €",50%
902083,500810,1203,L,2,"19,01 €",20
902084,500810,1264,S,1,"44,81 €",0
902085,500811,1133,39,1,"48,67 €",0.3
902086,500811,1315,L,1,"32,56 €",0.4
902087,500811,1315,L,1,"32,56 €",0.0
902088,500812,1038,s,1,"27,52 €",10
902089,500812,1168,XL,1,"19,82 €",0.2
902090,500813,1129,39,2,"73,51 €",0.2
902091,500813,1303,M,1,"34,22 €",0.3
902092,500814,1315,M,1,"32,56 €",30
902093,500814,1150,41,1,"53,53 €",30
902094,500815,1032,L,1,"29,90 €",20
902095,500816,1047,xl,1,"27,30 €",20
902096,500816,1047,m,1,"27,30 €",30%
902097,500816,1149,39,1,"75,51 €",10%
902098,500817,1220,S,1,"18,87 €",10
902099,500817,1314,S,1,"42,15 €",0.1
902100,500818,1034,S,1,"42,28 €",30%
902101,500819,1070,M,1,"27,27 €",0.5
902102,500819,1392,s,1,"12,73 €",10%
902103,500819,1367,s,1,"13,47 €",20%
902104,500820,1249,l,1,"34,29 €",0.4
902105,500820,1282,XL,1,"36,05 €",0.1
902106,500821,1256,L,1,"30,08 €",10%
902107,500821,1064,S,1,"33,05 €",30%
902108,500821,1277,L,1,"28,10 €",50
902109,500822,1037,M,1,"41,52 €",50
902110,500822,1292,L,1,"32,80 €",40%
902111,500822,1398,XS,1,"25,22 €",20
902112,500822,1116,39,1,"50,71 €",40
902113,500822,1315,M,2,"32,56 €",20
902114,500823,1038,Talla S,1,"27,52 €",30
902115,500823,1247,L,1,"43,39 €",10%
902116,500823,1189,S,1,"16,40 €",0.2
902117,500824,1123,Talla 38,2,"77,67 €",10
902118,500825,1362,XS,1,"26,07 €",40%
902119,500825,1338,S,1,"61,23 €",10%
902120,500826,1041,L,1,"57,12 €",0.0
902121,500826,1128,39,1,"71,15 €",10
902122,500826,1207,XL,1,"16,71 €",10%
902123,500827,1203,Talla M,1,"19,01 €",0.0
902124,500827,1254,S,1,"42,10 €",0.0
902125,500828,1138,39,1,"48,26 €",0.1
902126,500828,1228,L,1,"37,14 €",30%
902127,500828,1030,L,2,"46,38 €",20%
902128,500829,1038,L,1,"27,52 €",30%
902129,500829,1374,L,2,"12,90 €",10%
902130,500829,1168,s,1,"19,82 €",0.1
902131,500830,1101,40,1,"57,43 €",10%
902132,500830,1186,Talla XL,1,"16,09 €",20
902133,500830,1315,Talla L,1,"32,56 €",20%
902134,500830,1200,XL,1,"21,79 €",40%
902135,500831,1384,XL,1,"25,64 €",10%
902136,500831,1040,XL,1,"49,21 €",30
902137,500832,1236,M,2,"32,57 €",20%
902138,500832,1204,xs,1,"12,35 €",0
902139,500832,1214,XS,1,"17,10 €",10%
902140,500833,1358,L,-1,"26,83 €",0.2
902141,500834,1218,S,1,"23,13 €",10
902142,500834,1010,M,3,"32,90 €",30%
902143,500834,1335,xs,1,"70,30 €",20
902144,500835,1010,S,1,"32,90 €",10%
902145,500835,1034,S,1,"42,28 €",0%
902146,500836,1315,Talla L,2,"32,56 €",30%
902147,500837,1119,39,1,"55,00 €",20%
902148,500838,1346,L,1,"45,31 €",20%
902149,500838,1318,l,1,"40,14 €",30%
902150,500838,1122,38,1,"63,66 €",10
902151,500838,1036,M,1,"51,15 €",0.1
902152,500839,1042,M,1,"49,99 €",40%
902153,500839,1204,XL,1,"12,35 €",20%
902154,500840,1005,M,1,"31,32 €",0.2
902155,500841,1284,M,1,"20,70 €",0
902156,500842,1257,M,2,"41,13 €",0.2
902157,500843,1348,M,1,"54,42 €",0
902158,500844,1015,L,1,"33,85 €",30%
902159,500844,1135,38,1,"71,49 €",40%
902160,500844,1353,l,1,"13,83 €",0.1
902161,500845,1326,XS,1,"67,24 €",50%
902162,500845,1129,39,1,"73,51 €",0.5
902163,500845,1014,S,1,"48,60 €",40%
902164,500845,1285,XL,1,"39,82 €",20
902165,500846,1042,XL,1,"49,99 €",40%
902166,500847,1031,l,1,"33,85 €",0.3
902167,500847,1366,S,1,"26,15 €",40%
902168,500847,1001,L,1,"32,57 €",0.2
902169,500848,1069,S,1,"29,38 €",30
902170,500848,1170,M,2,"12,32 €",0
902171,500848,1268,XL,2,"36,99 €",0.2
902172,500849,1215,M,1,"23,23 €",0.3
902173,500849,1311,S,1,"30,25 €",40
902174,500849,1357,Talla M,1,"16,44 €",20%
902175,500849,1362,M,2,"26,07 €",20
902176,500850,1275,xs,1,"24,89 €",0%
902177,500851,1168,XS,1,"19,82 €",0.1
902178,500851,1357,S,1,"16,44 €",10
902179,500852,1311,S,2,"30,25 €",0.0
902180,500852,1168,M,1,"19,82 €",0.0
902181,500853,1193,L,1,"20,23 €",40
902182,500853,1193,S,1,"20,23 €",20%
902183,500854,1252,L,1,"33,85 €",40%
902184,500854,1252,S,1,"33,85 €",0.0
902185,500854,1323,l,1,"32,89 €",0.3
902186,500855,1071,xl,1,"29,62 €",0
902187,500855,1204,L,1,"12,35 €",0.2
902188,500855,1022,M,1,"36,94 €",10%
902189,500856,1048,M,1,"36,45 €",0.0
902190,500857,1284,l,1,"20,70 €",30%
902191,500858,1212,M,1,"12,74 €",0%
902192,500858,1024,M,1,"56,24 €",50
902193,500858,1132,41,1,"72,05 €",0.2
902194,500858,1199,S,1,"21,22 €",20
902195,500859,1237,XL,1,"35,53 €",0.0
902196,500860,1143,Talla 36,2,"54,97 €",20%
902197,500861,1229,L,1,"38,72 €",0.0
902198,500861,1398,S,1,"25,22 €",0.0
902199,500862,1025,XL,1,"59,54 €",0.1
902200,500862,1332,XS,1,"87,31 €",10
902201,500862,1315,XL,1,"32,56 €",0.3
902202,500863,1152,38,1,"48,30 €",40%
902203,500863,1315,M,1,"32,56 €",0.1
902204,500863,1070,S,1,"27,27 €",40%
902205,500863,1315,Talla S,1,"32,56 €",10
902206,500864,1042,S,1,"49,99 €",40
902207,500865,1306,S,1,"38,88 €",0%
902208,500865,1027,S,1,"34,91 €",0.0
902209,500866,1069,XS,1,"29,38 €",0.3
902210,500866,1303,L,2,"34,22 €",30%
902211,500867,1202,M,1,"20,61 €",10%
902212,500868,1163,s,1,"22,89 €",10%
902213,500869,1290,XS,1,"23,54 €",20%
902214,500869,1026,S,1,"49,99 €",30
902215,500869,1169,Talla S,1,"14,75 €",20%
902216,500869,1175,L,2,"17,99 €",40%
902217,500869,1362,L,1,"26,07 €",0.3
902218,500870,1280,XS,1,"29,54 €",0.1
902219,500871,1024,S,1,"56,24 €",0.3
902220,500871,1204,S,1,"12,35 €",10%
902221,500871,1150,41,1,"53,53 €",10%
902222,500871,1249,XS,1,"34,29 €",30%
902223,500872,1088,Talla L,1,"36,00 €",20
902224,500872,1078,M,1,"56,16 €",0.3
902225,500873,1042,l,1,"49,99 €",40%
902226,500873,1095,Talla 38,1,"41,57 €",10%
902227,500874,1094,36,1,"61,63 €",10
902228,500875,1193,M,1,"20,23 €",20%
902229,500875,1053,xs,3,"38,51 €",10%
902230,500875,1286,XS,1,"28,43 €",40
902231,500875,1315,M,1,"32,56 €",10%
902232,500876,1373,M,1,"14,01 €",0.3
902233,500876,1027,M,1,"34,91 €",10%
902234,500876,1287,XS,2,"35,59 €",0.1
902235,500876,1268,XS,1,"36,99 €",0.4
902236,500876,1018,M,1,"45,78 €",20%
902237,500876,1175,S,2,"17,99 €",0.0
902238,500877,1092,40,1,"69,97 €",10%
902239,500878,1143,37,1,"54,97 €",20%
902240,500878,1327,XL,2,"77,26 €",40%
902241,500878,1045,S,2,"57,82 €",0.1
902242,500879,1167,S,1,"18,87 €",0
902243,500879,1022,xl,1,"36,94 €",0.4
902244,500879,1205,Talla S,1,"13,61 €",0.2
902245,500879,1191,M,1,"20,63 €",10%
902246,500880,1042,Talla M,1,"49,99 €",40
902247,500880,1228,L,1,"37,14 €",0.1
902248,500880,1070,Talla XL,1,"27,27 €",20
902249,500881,1077,M,1,"57,81 €",0.5
902250,500882,1042,L,1,"49,99 €",40%
902251,500882,1376,s,2,"26,99 €",10
902252,500882,1342,Talla S,1,"54,22 €",0.4
902253,500882,1301,XL,1,"46,93 €",0.2
902254,500882,1167,L,2,"18,87 €",0.0
902255,500882,1304,L,1,"44,49 €",0
902256,500882,1327,M,1,"77,26 €",30%
902257,500882,1168,M,1,"19,82 €",0.3
902258,500883,1064,M,1,"33,05 €",20%
902259,500883,1252,XL,1,"33,85 €",0.4
902260,500883,1296,L,2,"41,51 €",30%
902261,500884,1339,M,1,"55,93 €",0
902262,500884,1026,XL,1,"49,99 €",0
902263,500884,1073,S,1,"26,22 €",0%
902264,500885,1271,l,1,"39,71 €",20%
902265,500885,1036,Talla S,1,"51,15 €",20%
902266,500886,1133,38,1,"48,67 €",10%
902267,500887,1013,Talla XL,1,"31,03 €",20%
902268,500887,1108,39,1,"69,72 €",20%
902269,500887,1032,M,1,"29,90 €",50
902270,500888,1042,XS,1,"49,99 €",40
902271,500889,1075,S,1,"43,55 €",30%
902272,500890,1362,XL,1,"26,07 €",30%
902273,500890,1048,L,1,"36,45 €",20%
902274,500891,1376,XS,1,"26,99 €",10%
902275,500892,1309,M,1,"29,96 €",40%
902276,500893,1246,L,1,"32,78 €",0.3
902277,500893,1225,Talla L,1,"39,08 €",50%
902278,500893,1217,M,1,"12,11 €",20
902279,500894,1209,XL,1,"13,65 €",0.0
902280,500895,1053,Talla L,1,"38,51 €",10%
902281,500895,1053,Talla M,1,"38,51 €",40%
902282,500895,1141,38,1,"47,53 €",10%
902283,500896,1176,L,1,"23,41 €",10%
902284,500896,1064,M,1,"33,05 €",10%
902285,500897,1284,M,1,"20,70 €",0%
902286,500897,1108,37,1,"69,72 €",0%
902287,500897,1362,S,1,"26,07 €",0.0
902288,500897,1203,XL,1,"19,01 €",0.0
902289,500898,1216,XS,1,"17,83 €",0.1
902290,500898,1182,xl,1,"16,74 €",0.1
902291,500898,1187,XS,1,"17,31 €",20
902292,500899,1053,L,1,"38,51 €",50%
902293,500899,1359,Talla S,1,"29,93 €",10%
902294,500900,1155,41,1,"61,83 €",0
902295,500900,1213,M,1,"12,89 €",20
902296,500901,1042,L,1,"49,99 €",40%
902297,500901,1094,Talla 41,1,"61,63 €",0%
902298,500902,1283,L,1,"24,64 €",20%
902299,500903,1315,S,1,"32,56 €",10%
902300,500904,1399,M,1,"31,60 €",20
902301,500904,1046,XS,1,"42,24 €",20%
902302,500904,1198,S,1,"16,38 €",10%
902303,500904,1027,XS,2,"34,91 €",0%
902304,500904,1333,M,1,"89,35 €",0.2
902305,500905,1175,L,1,"17,99 €",0.3
902306,500906,1116,39,1,"50,71 €",20
902307,500906,1250,XS,1,"31,36 €",20%
902308,500906,1063,S,1,"41,19 €",0.2
902309,500907,1270,M,1,"37,43 €",50%
902310,500908,1332,XS,3,"87,31 €",0.0
902311,500908,1075,XS,2,"43,55 €",0.0
902312,500909,1211,m,1,"12,54 €",40%
902313,500910,1397,Talla M,1,"20,12 €",0.2
902314,500910,1212,XS,1,"12,74 €",0%
902315,500911,1250,m,2,"31,36 €",20%
902316,500911,1267,L,1,"36,41 €",10%
902317,500911,1048,XL,1,"36,45 €",40
902318,500911,1175,XS,2,"17,99 €",0.3
902319,500912,1168,L,3,"19,82 €",0.3
902320,500912,1213,XS,1,"12,89 €",40
902321,500912,1267,M,3,"36,41 €",40%
902322,500912,1181,XL,1,"24,51 €",0.5
902323,500912,1235,L,1,"34,51 €",50%
902324,500913,1164,L,1,"18,58 €",0.3
902325,500913,1161,M,1,"23,07 €",0.4
902326,500913,1205,L,1,"13,61 €",0.3
902327,500914,1341,L,1,"40,01 €",30
902328,500914,1134,36,2,"31,21 €",0%
902329,500914,1037,L,1,"41,52 €",0.0
902330,500915,1042,Talla M,1,"49,99 €",40%
902331,500915,1204,M,2,"12,35 €",20%
902332,500916,1320,L,1,"35,05 €",0.2
902333,500916,1077,L,1,"57,81 €",30%
902334,500917,1362,xs,2,"26,07 €",40%
902335,500917,1362,L,2,"26,07 €",40%
902336,500917,1187,m,1,"17,31 €",0.3
902337,500917,1168,L,1,"19,82 €",30%
902338,500917,1166,XL,2,"15,50 €",20
902339,500917,1208,S,1,"22,70 €",30%
902340,500918,1256,l,1,"30,08 €",0.1
902341,500919,1106,40,1,"73,33 €",0%
902342,500919,1095,Talla 42,3,"41,57 €",0%
902343,500919,1038,M,1,"27,52 €",0.0
902344,500919,1122,42,1,"63,66 €",0
902345,500919,1100,37,1,"49,80 €",0.0
902346,500919,1242,Talla XS,1,"38,06 €",10
902347,500920,1133,40,1,"48,67 €",20
902348,500920,1094,38,1,"61,63 €",0.1
902349,500921,1042,S,1,"49,99 €",40
902350,500921,1280,XL,1,"29,54 €",40
902351,500922,1091,39,1,"75,99 €",10
902352,500922,1152,36,1,"48,30 €",20%
902353,500922,1148,41,1,"36,02 €",0.1
902354,500923,1214,M,1,"17,10 €",20%
902355,500923,1331,XS,1,"73,27 €",0.2
902356,500924,1154,37,1,"70,63 €",40
902357,500924,1254,XL,3,"42,10 €",0.2
902358,500925,1204,Talla L,1,"12,35 €",0%
902359,500925,1224,XS,2,"25,88 €",0
902360,500925,1100,37,1,"49,80 €",20
902361,500925,1038,Talla M,1,"27,52 €",0
902362,500926,1042,XL,1,"49,99 €",40
902363,500926,1342,M,1,"54,22 €",30
902364,500926,1065,M,1,"49,52 €",20%
902365,500927,1357,M,1,"16,44 €",0.1
902366,500927,1248,XL,1,"44,58 €",0.4
902367,500928,1217,L,1,"12,11 €",0
902368,500928,1285,L,1,"39,82 €",0.0
902369,500929,1040,L,1,"49,21 €",0
902370,500929,1213,L,1,"12,89 €",0
902371,500929,1015,M,1,"33,85 €",20
902372,500929,1191,S,1,"20,63 €",0
902373,500929,1334,xl,1,"41,41 €",10%
902374,500930,1269,XS,1,"20,24 €",0.2
902375,500930,1285,XL,1,"39,82 €",20
902376,500930,1371,M,1,"33,17 €",30%
902377,500931,1055,S,1,"33,15 €",30
902378,500931,1339,XS,1,"55,93 €",0.3
902379,500932,1312,XS,2,"35,92 €",0%
902380,500932,1227,XS,1,"25,33 €",0.0
902381,500932,1172,M,1,"18,98 €",0%
902382,500932,1053,XL,3,"38,51 €",0.0
902383,500932,1090,S,1,"34,56 €",20%
902384,500932,1221,M,1,"28,31 €",0
902385,500933,1053,L,1,"38,51 €",0.1
902386,500934,1104,40,1,"51,58 €",40%
902387,500934,1006,L,1,"40,90 €",0.2
902388,500934,1307,L,1,"42,98 €",0.3
902389,500934,1043,XL,1,"54,13 €",20
902390,500934,1199,m,1,"21,22 €",0.2
902391,500935,1020,M,2,"35,48 €",10
902392,500936,1204,L,1,"12,35 €",0.1
902393,500937,1322,XL,1,"33,07 €",40
902394,500938,1042,Talla S,2,"49,99 €",0.4
902395,500938,1176,S,1,"23,41 €",20%
902396,500938,1123,38,1,"77,67 €",10
902397,500939,1336,l,2,"80,41 €",0.2
902398,500940,1253,XS,1,"42,45 €",0.3
902399,500940,1263,M,1,"39,31 €",0
902400,500941,1042,m,1,"49,99 €",0.4
902401,500941,1267,M,1,"36,41 €",20
902402,500941,1285,L,2,"39,82 €",0.0
902403,500941,1012,M,1,"40,99 €",20%
902404,500941,1229,XS,2,"38,72 €",0.0
902405,500941,1382,M,1,"30,95 €",10%
902406,500942,1274,m,1,"39,02 €",10%
902407,500943,1362,S,1,"26,07 €",20%
902408,500943,1363,S,1,"31,93 €",10
902409,500943,1281,S,1,"34,30 €",0
902410,500943,1044,XS,1,"36,91 €",0%
902411,500944,1242,S,1,"38,06 €",0.1
902412,500944,1138,38,2,"48,26 €",40
902413,500945,1042,XL,1,"49,99 €",0.4
902414,500945,1156,Talla 39,1,"56,23 €",40%
902415,500946,1070,M,1,"27,27 €",10%
902416,500947,1273,Talla L,1,"32,69 €",40
902417,500947,1252,L,1,"33,85 €",0
902418,500948,1362,m,2,"26,07 €",0%
902419,500948,1106,37,2,"73,33 €",0
902420,500948,1395,L,1,"20,05 €",0%
902421,500948,1242,XL,1,"38,06 €",0
902422,500948,1276,M,1,"24,73 €",10%
902423,500949,1303,M,1,"34,22 €",30%
902424,500949,1343,S,1,"81,92 €",0.2
902425,500949,1219,S,1,"17,73 €",10%
902426,500950,1042,XL,1,"49,99 €",0.4
902427,500950,1357,L,1,"16,44 €",30
902428,500951,1061,M,1,"46,35 €",50%
902429,500951,1378,Talla M,1,"21,35 €",40
902430,500951,1182,M,2,"16,74 €",30
902431,500952,1357,M,1,"16,44 €",30
902432,500953,1214,Talla L,1,"17,10 €",0.3
902433,500953,1133,Talla 39,1,"48,67 €",10%
902434,500953,1252,S,1,"33,85 €",20%
902435,500953,1080,S,2,"34,78 €",30%
902436,500954,1172,L,2,"18,98 €",0.1
902437,500954,1229,S,1,"38,72 €",0.1
902438,500955,1183,S,1,"22,12 €",0.0
902439,500956,1034,M,1,"42,28 €",0.3
902440,500956,1004,Talla S,2,"45,55 €",30%
902441,500956,1235,XS,2,"34,51 €",30
902442,500957,1042,S,1,"49,99 €",0.4
902443,500958,1042,l,1,"49,99 €",40
902444,500958,1176,M,1,"23,41 €",20%
902445,500958,1276,S,1,"24,73 €",0.3
902446,500958,1235,Talla XS,1,"34,51 €",20
902447,500958,1286,M,1,"28,43 €",0.2
902448,500958,1180,L,2,"17,79 €",30
902449,500959,1042,Talla XL,1,"49,99 €",40
902450,500960,1233,S,1,"30,63 €",30%
902451,500961,1254,L,1,"42,10 €",0.2
902452,500961,1218,Talla M,1,"23,13 €",20%
902453,500961,1070,M,1,"27,27 €",0.3
902454,500961,1283,S,1,"24,64 €",0.3
902455,500961,1204,L,1,"12,35 €",0.2
902456,500962,1110,40,1,"37,86 €",20
902457,500962,1190,L,1,"19,61 €",30
902458,500962,1315,XL,1,"32,56 €",50
902459,500962,1206,L,1,"15,68 €",0.4
902460,500963,1044,M,1,"36,91 €",30%
902461,500963,1326,L,3,"67,24 €",30
902462,500963,1309,M,1,"29,96 €",0.3
902463,500964,1001,xs,1,"32,57 €",10%
902464,500965,1222,S,1,"27,70 €",10
902465,500965,1050,M,1,"52,78 €",10%
902466,500966,1213,XS,1,"12,89 €",0
902467,500966,1162,m,2,"19,00 €",0
902468,500966,1228,M,1,"37,14 €",0
902469,500966,1063,L,1,"41,19 €",0
902470,500966,1358,Talla S,3,"26,83 €",0
902471,500967,1030,S,1,"46,38 €",20%
902472,500967,1102,Talla 37,1,"68,36 €",0
902473,500967,1384,L,1,"25,64 €",20
902474,500968,1277,L,3,"28,10 €",0
902475,500969,1200,xs,3,"21,79 €",0.0
902476,500969,1234,M,1,"26,50 €",0.0
902477,500970,1135,37,1,"71,49 €",0.2
902478,500970,1250,M,1,"31,36 €",0.1
902479,500970,1204,S,1,"12,35 €",30%
902480,500971,1148,37,1,"36,02 €",30%
902481,500971,1293,M,1,"37,48 €",20%
902482,500971,1333,Talla XS,1,"89,35 €",0.4
902483,500971,1185,L,1,"21,81 €",0.3
902484,500971,1054,M,2,"59,30 €",0.4
902485,500972,1388,XS,3,"15,95 €",40%
902486,500972,1207,S,1,"16,71 €",0.2
902487,500972,1368,L,1,"20,18 €",30
902488,500972,1242,XL,1,"38,06 €",0.1
902489,500972,1192,S,1,"13,33 €",10%
902490,500972,1066,xl,1,"34,07 €",0.0
902491,500972,1163,XL,1,"22,89 €",40
902492,500973,1264,Talla L,1,"44,81 €",20
902493,500974,1024,Talla M,2,"56,24 €",40%
902494,500974,1031,m,1,"33,85 €",10%
902495,500974,1204,M,1,"12,35 €",20%
902496,500974,1204,M,1,"12,35 €",30
902497,500975,1285,XS,1,"39,82 €",0%
902498,500975,1007,M,1,"30,50 €",10%
902499,500975,1086,M,1,"33,74 €",20%
902500,500976,1042,S,1,"49,99 €",0.4
902501,500976,1362,s,1,"26,07 €",0.0
902502,500977,1094,40,1,"61,63 €",0.3
902503,500978,1053,Talla L,1,"38,51 €",0.3
902504,500978,1315,M,1,"32,56 €",30
902505,500979,1042,s,1,"49,99 €",40
902506,500979,1334,L,1,"41,41 €",40%
902507,500980,1069,Talla M,1,"29,38 €",0.1
902508,500980,1204,XS,1,"12,35 €",50
902509,500981,1170,L,1,"12,32 €",0
902510,500982,1111,41,1,"59,92 €",0.0
902511,500982,1298,l,1,"30,07 €",0%
902512,500982,1364,m,1,"11,29 €",10%
902513,500982,1032,M,1,"29,90 €",0.0
902514,500983,1094,39,1,"61,63 €",0.2
902515,500983,1106,37,1,"73,33 €",30
902516,500983,1314,L,1,"42,15 €",30
902517,500983,1036,Talla XL,1,"51,15 €",10
902518,500984,1362,XL,1,"26,07 €",0.0
902519,500985,1291,XS,1,"28,71 €",0%
902520,500986,1042,S,1,"49,99 €",0.4
902521,500986,1123,Talla 39,1,"77,67 €",0.3
902522,500986,1302,XS,1,"47,49 €",10
902523,500987,1042,Talla L,1,"49,99 €",40
902524,500987,1326,Talla S,1,"67,24 €",0.2
902525,500988,1254,Talla S,1,"42,10 €",0.1
902526,500988,1317,Talla L,1,"27,13 €",40
902527,500988,1040,Talla L,2,"49,21 €",10
902528,500988,1041,L,1,"57,12 €",40%
902529,500989,1004,S,2,"45,55 €",0%
902530,500989,1315,XS,1,"32,56 €",0%
902531,500990,1042,M,1,"49,99 €",0.4
902532,500991,1357,L,2,"16,44 €",0.2
902533,500991,1262,M,1,"36,87 €",40%
902534,500991,1186,M,1,"16,09 €",10
902535,500992,1254,L,1,"42,10 €",20%
902536,500992,1286,L,1,"28,43 €",10
902537,500992,1040,L,2,"49,21 €",10%
902538,500992,1174,M,1,"20,68 €",20%
902539,500992,1320,M,1,"35,05 €",20
902540,500993,1317,M,1,"27,13 €",10
902541,500993,1290,Talla S,1,"23,54 €",30
902542,500994,1179,S,1,"24,02 €",0.3
902543,500994,1341,XS,1,"40,01 €",0.0
902544,500994,1305,L,2,"32,92 €",20
902545,500994,1392,XL,2,"12,73 €",30%
902546,500995,1340,M,1,"80,92 €",20%
902547,500995,1276,XS,1,"24,73 €",20%
902548,500996,1315,M,1,"32,56 €",0.0
902549,500997,1285,M,1,"39,82 €",20
902550,500998,1357,Talla L,1,"16,44 €",0.2
902551,500999,1163,m,1,"22,89 €",20%
902552,500999,1182,Talla S,2,"16,74 €",30%
902553,500999,1002,S,1,"27,23 €",0.3
902554,500999,1315,XS,1,"32,56 €",10
902555,501000,1042,Talla L,2,"49,99 €",40%
902556,501001,1053,M,1,"38,51 €",20
902557,501001,1113,38,1,"38,95 €",40%
902558,501001,1351,L,2,"26,88 €",30
902559,501001,1066,l,1,"34,07 €",50
902560,501002,1074,s,2,"27,23 €",50%
902561,501003,1319,M,1,"30,13 €",20%
902562,501003,1152,36,1,"48,30 €",0.1
902563,501003,1329,M,2,"45,80 €",20%
902564,501003,1217,L,1,"12,11 €",40
902565,501004,1042,XL,1,"49,99 €",0.4
902566,501005,1204,Talla L,1,"12,35 €",40%
902567,501006,1229,M,1,"38,72 €",0.0
902568,501006,1019,XS,1,"38,48 €",20%
902569,501006,1285,S,1,"39,82 €",0.0
902570,501006,1212,L,1,"12,74 €",50%
902571,501006,1348,XL,1,"54,42 €",20
902572,501006,1315,XL,1,"32,56 €",0.2
902573,501006,1346,M,1,"45,31 €",0.3
902574,501007,1388,M,1,"15,95 €",0%
902575,501007,1315,Talla M,1,"32,56 €",30%
902576,501008,1340,M,1,"80,92 €",20%
902577,501008,1143,37,2,"54,97 €",10%
902578,501009,1024,L,1,"56,24 €",0.0
902579,501009,1066,L,1,"34,07 €",20%
902580,501010,1104,39,1,"51,58 €",0.3
902581,501011,1204,L,1,"12,35 €",0.1
902582,501011,1252,L,1,"33,85 €",0%
902583,501012,1042,L,2,"49,99 €",40
902584,501012,1168,M,1,"19,82 €",10
902585,501013,1261,XL,1,"33,18 €",0.1
902586,501013,1106,38,2,"73,33 €",20%
902587,501013,1027,M,2,"34,91 €",10%
902588,501013,1084,Talla M,1,"59,12 €",30%
902589,501013,1275,M,3,"24,89 €",20%
902590,501013,1315,s,2,"32,56 €",0%
902591,501014,1042,L,1,"49,99 €",40
902592,501014,1204,L,1,"12,35 €",50
902593,501015,1042,M,1,"49,99 €",40
902594,501015,1263,L,1,"39,31 €",40
902595,501016,1346,L,1,"45,31 €",40
902596,501016,1223,L,1,"29,79 €",0.0
902597,501017,1279,M,1,"28,28 €",0.0
902598,501017,1374,XS,1,"12,90 €",0.0
902599,501017,1046,Talla S,2,"42,24 €",0%
902600,501017,1333,M,1,"89,35 €",10%
902601,501018,1099,39,1,"79,99 €",30%
902602,501018,1288,m,1,"30,24 €",10
902603,501018,1336,M,1,"80,41 €",0.2
902604,501019,1204,L,1,"12,35 €",50%
902605,501020,1251,M,2,"41,39 €",30%
902606,501020,1158,38,1,"44,36 €",0.2
902607,501020,1321,S,1,"37,98 €",40%
902608,501020,1074,XL,1,"27,23 €",0.2
902609,501021,1042,S,3,"49,99 €",0.4
902610,501021,1139,40,1,"49,46 €",20%
902611,501021,1111,38,1,"59,92 €",0.2
902612,501021,1315,M,2,"32,56 €",0.3
902613,501021,1356,L,1,"31,86 €",20
902614,501022,1032,M,1,"29,90 €",0.0
902615,501023,1326,L,1,"67,24 €",10%
902616,501023,1358,L,1,"26,83 €",20
902617,501023,1191,S,1,"20,63 €",0%
902618,501024,1384,l,1,"25,64 €",20%
902619,501025,1094,41,1,"61,63 €",0.2
902620,501025,1204,L,1,"12,35 €",20%
902621,501026,1357,S,3,"16,44 €",10%
902622,501027,1067,S,1,"32,97 €",0.3
902623,501028,1322,L,1,"33,07 €",0.3
902624,501029,1393,m,1,"13,58 €",0.4
902625,501030,1204,M,1,"12,35 €",10%
902626,501030,1141,37,1,"47,53 €",0.2
902627,501030,1075,S,1,"43,55 €",30
902628,501030,1285,M,1,"39,82 €",0.0
902629,501030,1359,S,1,"29,93 €",0.4
902630,501031,1042,M,1,"49,99 €",40%
902631,501031,1121,42,1,"72,81 €",0.3
902632,501032,1204,S,1,"12,35 €",0
902633,501032,1185,M,1,"21,81 €",20%
902634,501033,1143,Talla 38,2,"54,97 €",30%
902635,501034,1042,m,1,"49,99 €",40%
902636,501034,1319,S,2,"30,13 €",20%
902637,501035,1059,L,1,"55,73 €",30
902638,501035,1166,M,1,"15,50 €",0.0
902639,501036,1254,XL,1,"42,10 €",0.3
902640,501036,1325,M,1,"46,91 €",10
902641,501036,1326,XS,1,"67,24 €",0
902642,501037,1207,M,2,"16,71 €",0.1
902643,501038,1097,37,1,"45,52 €",0.0
902644,501038,1100,37,1,"49,80 €",0.0
902645,501039,1042,XS,1,"49,99 €",0.4
902646,501040,1385,XL,1,"28,77 €",0.3
902647,501040,1019,L,1,"38,48 €",10%
902648,501040,1191,Talla L,1,"20,63 €",30%
902649,501040,1161,M,1,"23,07 €",40%
902650,501040,1289,XL,2,"22,39 €",10%
902651,501041,1382,L,2,"30,95 €",20%
902652,501041,1193,M,1,"20,23 €",20%
902653,501042,1202,XL,1,"20,61 €",0.0
902654,501042,1258,M,1,"35,14 €",0%
902655,501042,1167,L,1,"18,87 €",0.0
902656,501042,1083,XS,1,"54,14 €",0.0
902657,501043,1219,l,1,"17,73 €",0.1
902658,501043,1376,M,1,"26,99 €",0.2
902659,501044,1151,38,3,"47,09 €",20
902660,501044,1257,s,1,"41,13 €",0.3
902661,501045,1042,L,1,"49,99 €",40
902662,501045,1240,Talla XL,2,"41,66 €",10
902663,501045,1224,S,1,"25,88 €",30%
902664,501045,1273,L,1,"32,69 €",0.3
902665,501046,1345,S,3,"85,68 €",0
902666,501046,1252,m,1,"33,85 €",0.0
902667,501047,1286,M,1,"28,43 €",10
902668,501047,1141,39,1,"47,53 €",40%
902669,501048,1229,M,1,"38,72 €",0
902670,501048,1204,S,1,"12,35 €",0
902671,501049,1079,Talla S,1,"46,26 €",30%
902672,501050,1368,S,1,"20,18 €",0.1
902673,501050,1289,XS,1,"22,39 €",50%
902674,501050,1066,M,2,"34,07 €",0
902675,501051,1042,M,2,"49,99 €",0.4
902676,501052,1042,XL,1,"49,99 €",40%
902677,501053,1182,Talla L,1,"16,74 €",0.3
902678,501053,1244,L,1,"26,77 €",0.2
902679,501054,1106,38,3,"73,33 €",30
902680,501054,1063,XL,1,"41,19 €",10
902681,501054,1144,40,1,"75,61 €",0%
902682,501054,1357,L,1,"16,44 €",40
902683,501055,1042,l,3,"49,99 €",0.4
902684,501055,1174,s,1,"20,68 €",0.3
902685,501055,1263,M,1,"39,31 €",0.4
902686,501056,1325,L,1,"46,91 €",20
902687,501056,1317,L,1,"27,13 €",20%
902688,501057,1346,S,1,"45,31 €",0.5
902689,501057,1003,L,1,"55,06 €",10%
902690,501057,1185,M,1,"21,81 €",30%
902691,501058,1042,S,1,"49,99 €",40%
902692,501058,1176,XL,1,"23,41 €",0.2
902693,501058,1261,M,1,"33,18 €",0.3
902694,501058,1391,m,1,"13,83 €",30%
902695,501059,1173,xl,2,"22,99 €",0.0
902696,501060,1236,XS,2,"32,57 €",0.0
902697,501061,1029,Talla XS,2,"31,92 €",10
902698,501062,1113,42,1,"38,95 €",10%
902699,501063,1041,L,1,"57,12 €",0.2
902700,501064,1327,L,1,"77,26 €",0.1
902701,501065,1312,L,1,"35,92 €",30%
902702,501065,1204,m,1,"12,35 €",30
902703,501066,1305,S,1,"32,92 €",20%
902704,501066,1329,M,1,"45,80 €",0.0
902705,501067,1042,Talla XL,1,"49,99 €",0.4
902706,501067,1264,L,1,"44,81 €",0.1
902707,501068,1310,S,1,"40,69 €",30
902708,501068,1081,S,3,"55,86 €",10%
902709,501068,1178,M,1,"22,32 €",10%
902710,501068,1122,40,2,"63,66 €",20
902711,501068,1197,s,1,"14,87 €",20%
902712,501069,1272,M,1,"29,98 €",40%
902713,501069,1248,S,1,"44,58 €",0%
902714,501069,1283,M,1,"24,64 €",20
902715,501069,1204,S,1,"12,35 €",20%
902716,501070,1208,L,1,"22,70 €",10
902717,501071,1054,M,2,"59,30 €",0.4
902718,501071,1381,M,1,"34,45 €",0.3
902719,501071,1070,xs,1,"27,27 €",30%
902720,501072,1042,L,1,"49,99 €",40%
902721,501073,1180,L,2,"17,79 €",0%
902722,501073,1219,M,1,"17,73 €",10%
902723,501073,1102,39,1,"68,36 €",0.0
902724,501074,1040,Talla L,1,"49,21 €",0.4
902725,501074,1021,L,1,"43,85 €",0.2
902726,501074,1197,l,1,"14,87 €",10
902727,501075,1204,L,1,"12,35 €",30%
902728,501075,1168,L,1,"19,82 €",50
902729,501076,1073,S,1,"26,22 €",40%
902730,501076,1082,M,2,"49,65 €",20
902731,501076,1168,L,1,"19,82 €",0.2
902732,501077,1141,39,1,"47,53 €",40%
902733,501077,1046,m,1,"42,24 €",0.2
902734,501078,1211,M,1,"12,54 €",0.2
902735,501078,1284,XS,2,"20,70 €",0.2
902736,501079,1046,Talla M,3,"42,24 €",20
902737,501079,1351,XS,1,"26,88 €",0.5
902738,501079,1122,41,2,"63,66 €",0.3
902739,501079,1243,M,1,"42,14 €",10
902740,501080,1136,37,1,"73,76 €",20
902741,501081,1144,41,1,"75,61 €",0.0
902742,501081,1256,M,1,"30,08 €",20%
902743,501082,1314,XL,1,"42,15 €",0.4
902744,501082,1141,40,1,"47,53 €",50%
902745,501082,1015,S,2,"33,85 €",0.1
902746,501083,1148,37,2,"36,02 €",0.0
902747,501084,1229,S,1,"38,72 €",0
902748,501084,1204,S,2,"12,35 €",30%
902749,501085,1252,L,2,"33,85 €",0.2
902750,501085,1195,s,1,"18,13 €",0.0
902751,501086,1147,39,1,"30,45 €",0.4
902752,501086,1271,Talla L,1,"39,71 €",0.5
902753,501086,1393,M,1,"13,58 €",10%
902754,501087,1104,39,3,"51,58 €",0.1
902755,501087,1282,Talla XS,1,"36,05 €",0.0
902756,501088,1315,XS,1,"32,56 €",0%
902757,501088,1206,S,1,"15,68 €",0.0
902758,501088,1400,s,1,"25,30 €",0.0
902759,501088,1266,m,1,"33,10 €",0.0
902760,501089,1098,42,1,"38,24 €",10
902761,501090,1315,M,1,"32,56 €",0.1
902762,501091,1320,XS,1,"35,05 €",20
902763,501091,1197,XL,1,"14,87 €",0.1
902764,501091,1049,M,1,"47,10 €",20
902765,501091,1009,L,1,"25,67 €",0.2
902766,501092,1014,M,1,"48,60 €",0%
902767,501092,1063,L,1,"41,19 €",0.1
902768,501093,1027,M,1,"34,91 €",10
902769,501093,1327,M,1,"77,26 €",0
902770,501094,1278,L,1,"29,80 €",20%
902771,501094,1055,S,1,"33,15 €",0.4
902772,501095,1114,37,1,"41,35 €",20%
902773,501095,1329,L,1,"45,80 €",30%
902774,501095,1374,m,1,"12,90 €",0.4
902775,501096,1089,M,1,"33,88 €",0%
902776,501096,1238,L,1,"36,15 €",0.0
902777,501096,1197,S,1,"14,87 €",0.0
902778,501096,1148,Talla 40,1,"36,02 €",0%
902779,501097,1354,XS,1,"10,85 €",20%
902780,501098,1204,Talla M,1,"12,35 €",0.3
902781,501098,1369,XL,1,"15,16 €",30%
902782,501099,1282,XS,1,"36,05 €",0
902783,501099,1368,s,1,"20,18 €",0%
902784,501099,1253,S,1,"42,45 €",10
902785,501099,1102,40,2,"68,36 €",0.3
902786,501099,1380,S,1,"34,77 €",20
902787,501100,1266,S,1,"33,10 €",10%
902788,501100,1379,S,1,"31,72 €",0.2
902789,501101,1315,M,1,"32,56 €",30%
902790,501102,1301,S,1,"46,93 €",30%
902791,501102,1134,38,1,"31,21 €",10%
902792,501102,1191,S,1,"20,63 €",0.4
902793,501102,1330,Talla M,1,"48,41 €",0.4
902794,501103,1315,s,2,"32,56 €",0%
902795,501103,1204,M,2,"12,35 €",0%
902796,501103,1094,40,1,"61,63 €",0%
902797,501104,1330,Talla S,1,"48,41 €",0.0
902798,501105,1345,M,3,"85,68 €",0.4
902799,501106,1211,L,1,"12,54 €",10%
902800,501106,1362,XL,1,"26,07 €",0
902801,501107,1116,39,1,"50,71 €",0.4
902802,501107,1291,L,2,"28,71 €",0.1
902803,501107,1134,42,1,"31,21 €",0.2
902804,501107,1137,Talla 40,1,"63,83 €",0%
902805,501107,1019,s,1,"38,48 €",0.2
902806,501107,1193,XL,1,"20,23 €",0.2
902807,501108,1362,XL,1,"26,07 €",0.3
902808,501108,1210,Talla L,1,"18,98 €",0.2
902809,501108,1304,L,1,"44,49 €",30
902810,501109,1074,M,1,"27,23 €",30
902811,501109,1275,L,1,"24,89 €",10
902812,501110,1182,s,1,"16,74 €",10
902813,501110,1141,40,1,"47,53 €",40
902814,501110,1218,M,1,"23,13 €",0.0
902815,501110,1136,40,1,"73,76 €",30
902816,501111,1042,M,3,"49,99 €",40%
902817,501111,1288,XL,1,"30,24 €",20
902818,501112,1042,M,1,"49,99 €",40%
902819,501112,1238,M,1,"36,15 €",30%
902820,501112,1066,s,1,"34,07 €",0.3
902821,501113,1344,M,1,"48,33 €",0.4
902822,501113,1284,Talla M,1,"20,70 €",40%
902823,501113,1027,L,1,"34,91 €",10
902824,501114,1285,XS,1,"39,82 €",0.2
902825,501114,1109,37,1,"76,92 €",0.3
902826,501115,1044,M,1,"36,91 €",0.2
902827,501115,1084,XL,1,"59,12 €",0%
902828,501115,1112,Talla 36,1,"78,05 €",0.0
902829,501116,1286,S,1,"28,43 €",0.3
902830,501117,1042,XS,1,"49,99 €",40%
902831,501118,1144,40,1,"75,61 €",20%
902832,501118,1197,s,1,"14,87 €",10%
902833,501119,1136,41,1,"73,76 €",0%
902834,501120,1331,XL,1,"73,27 €",0.2
902835,501120,1207,S,1,"16,71 €",20
902836,501120,1061,M,1,"46,35 €",0.4
902837,501120,1117,40,1,"49,56 €",0.4
902838,501121,1310,Talla S,1,"40,69 €",10%
902839,501121,1355,Talla L,1,"26,01 €",0%
902840,501121,1305,M,1,"32,92 €",0.0
902841,501122,1042,L,1,"49,99 €",40
902842,501122,1027,m,1,"34,91 €",0.3
902843,501123,1315,XS,1,"32,56 €",0%
902844,501123,1118,39,2,"79,30 €",20
902845,501124,1259,L,1,"30,24 €",20%
902846,501125,1396,l,1,"15,65 €",10
902847,501125,1289,L,2,"22,39 €",40
902848,501126,1357,M,2,"16,44 €",0.0
902849,501127,1327,S,1,"77,26 €",0%
902850,501127,1113,39,1,"38,95 €",0%
902851,501127,1065,L,1,"49,52 €",0
902852,501127,1072,L,1,"46,42 €",0.0
902853,501128,1315,XS,1,"32,56 €",0.1
902854,501128,1298,XS,1,"30,07 €",0%
902855,501128,1284,L,1,"20,70 €",0%
902856,501129,1009,S,1,"25,67 €",20
902857,501130,1042,Talla M,1,"49,99 €",0.4
902858,501130,1141,41,1,"47,53 €",20
902859,501130,1026,M,1,"49,99 €",10
902860,501130,1227,XL,1,"25,33 €",10
902861,501131,1239,S,1,"31,88 €",40%
902862,501132,1374,L,1,"12,90 €",0.2
902863,501133,1205,M,2,"13,61 €",0%
902864,501133,1203,Talla L,1,"19,01 €",20
902865,501134,1069,S,3,"29,38 €",30%
902866,501134,1303,L,1,"34,22 €",10%
902867,501134,1054,M,1,"59,30 €",10%
902868,501135,1111,41,1,"59,92 €",20
902869,501135,1357,Talla S,2,"16,44 €",10
902870,501135,1276,XS,1,"24,73 €",20%
902871,501135,1104,Talla 37,2,"51,58 €",30
902872,501136,1314,S,1,"42,15 €",20%
902873,501136,1194,Talla M,1,"22,75 €",0.3
902874,501137,1252,S,1,"33,85 €",0%
902875,501137,1331,l,1,"73,27 €",0%
902876,501137,1251,xl,1,"41,39 €",0.2
902877,501138,1042,M,1,"49,99 €",40
902878,501138,1106,40,1,"73,33 €",0.2
902879,501139,1306,XS,1,"38,88 €",0.1
902880,501139,1111,39,1,"59,92 €",40
902881,501139,1393,Talla S,1,"13,58 €",30
902882,501139,1178,L,3,"22,32 €",0.4
902883,501140,1221,S,1,"28,31 €",0.2
902884,501141,1042,M,1,"49,99 €",40%
902885,501141,1140,37,1,"39,31 €",0.2
902886,501141,1227,l,1,"25,33 €",30%
902887,501142,1314,XS,1,"42,15 €",10%
902888,501142,1285,XL,2,"39,82 €",0
902889,501142,1113,40,1,"38,95 €",0
902890,501143,1282,M,1,"36,05 €",30%
902891,501143,1327,S,1,"77,26 €",20%
902892,501143,1252,M,1,"33,85 €",10%
902893,501144,1143,38,1,"54,97 €",0.1
902894,501144,1163,L,1,"22,89 €",10%
902895,501145,1203,m,1,"19,01 €",30
902896,501145,1256,Talla L,1,"30,08 €",20%
902897,501145,1082,S,2,"49,65 €",10%
902898,501146,1378,L,1,"21,35 €",50
902899,501147,1019,S,3,"38,48 €",30
902900,501147,1116,37,1,"50,71 €",20
902901,501148,1329,XS,1,"45,80 €",20%
902902,501148,1346,XS,2,"45,31 €",20%
902903,501149,1282,Talla M,1,"36,05 €",10
902904,501149,1289,XS,1,"22,39 €",0.2
902905,501150,1181,XS,1,"24,51 €",0.2
902906,501150,1201,M,3,"24,28 €",0.0
902907,501151,1325,M,3,"46,91 €",0%
902908,501151,1366,M,1,"26,15 €",0.0
902909,501152,1242,L,1,"38,06 €",0.3
902910,501152,1041,Talla XS,1,"57,12 €",10
902911,501153,1315,M,1,"32,56 €",0%
902912,501154,1317,XS,1,"27,13 €",20
902913,501155,1140,36,1,"39,31 €",20
902914,501155,1208,Talla XS,1,"22,70 €",20
902915,501156,1277,Talla XS,1,"28,10 €",40
902916,501156,1382,L,1,"30,95 €",40%
902917,501157,1268,Talla S,1,"36,99 €",0.1
902918,501157,1148,42,1,"36,02 €",0.3
902919,501157,1037,Talla XS,1,"41,52 €",10%
902920,501158,1151,Talla 42,1,"47,09 €",0.1
902921,501159,1042,S,1,"49,99 €",0.4
902922,501159,1207,m,1,"16,71 €",0.3
902923,501160,1339,XS,1,"55,93 €",20
902924,501160,1399,S,1,"31,60 €",0%
902925,501161,1336,XS,1,"80,41 €",10%
902926,501162,1315,M,1,"32,56 €",20%
902927,501163,1381,L,1,"34,45 €",20
902928,501163,1049,S,1,"47,10 €",20
902929,501164,1312,L,1,"35,92 €",10%
902930,501164,1385,XS,1,"28,77 €",0
902931,501165,1093,42,1,"68,61 €",0%
902932,501165,1145,39,1,"44,56 €",30
902933,501166,1166,XL,1,"15,50 €",0.3
902934,501166,1080,L,1,"34,78 €",30
902935,501166,1027,XL,1,"34,91 €",0.2
902936,501167,1315,L,1,"32,56 €",10
902937,501168,1040,M,1,"49,21 €",50
902938,501168,1204,L,2,"12,35 €",0.2
902939,501169,1333,XL,1,"89,35 €",0.2
902940,501169,1306,L,1,"38,88 €",0.3
902941,501170,1382,L,1,"30,95 €",20%
902942,501170,1168,S,1,"19,82 €",0.3
902943,501170,1378,XL,2,"21,35 €",20%
902944,501170,1322,XL,1,"33,07 €",10%
902945,501171,1258,M,1,"35,14 €",20
902946,501171,1217,Talla L,1,"12,11 €",0.0
902947,501172,1362,L,1,"26,07 €",20%
902948,501172,1078,XS,2,"56,16 €",20%
902949,501172,1058,S,3,"51,95 €",0.3
902950,501172,1087,L,1,"49,59 €",0.3
902951,501172,1204,L,1,"12,35 €",0.1
902952,501172,1013,XL,1,"31,03 €",30%
902953,501173,1022,XS,1,"36,94 €",0%
902954,501174,1275,L,1,"24,89 €",40%
902955,501174,1243,Talla M,1,"42,14 €",40%
902956,501174,1277,S,1,"28,10 €",50%
902957,501174,1162,L,1,"19,00 €",0.2
902958,501175,1307,M,1,"42,98 €",0
902959,501175,1240,M,1,"41,66 €",10
902960,501176,1204,S,1,"12,35 €",20
902961,501176,1070,l,1,"27,27 €",10%
902962,501176,1044,s,1,"36,91 €",20%
902963,501177,1381,M,1,"34,45 €",0.0
902964,501178,1310,M,3,"40,69 €",30%
902965,501178,1320,XS,1,"35,05 €",50%
902966,501178,1069,S,1,"29,38 €",20
902967,501178,1030,S,1,"46,38 €",20
902968,501178,1087,XS,1,"49,59 €",0.5
902969,501178,1154,37,2,"70,63 €",0.2
902970,501179,1204,L,1,"12,35 €",20%
902971,501179,1203,L,1,"19,01 €",40
902972,501179,1262,M,1,"36,87 €",20
902973,501179,1094,37,1,"61,63 €",0.3
902974,501180,1290,M,2,"23,54 €",0%
902975,501180,1141,40,2,"47,53 €",0.0
902976,501180,1320,L,1,"35,05 €",0%
902977,501180,1141,37,1,"47,53 €",0%
902978,501181,1015,L,1,"33,85 €",0%
902979,501181,1126,42,1,"52,20 €",0.2
902980,501181,1045,S,1,"57,82 €",0.0
902981,501182,1063,XL,1,"41,19 €",0%
902982,501183,1336,Talla M,1,"80,41 €",50
902983,501183,1313,L,1,"38,98 €",0.1
902984,501183,1346,S,1,"45,31 €",30%
902985,501184,1121,Talla 37,1,"72,81 €",0.2
902986,501184,1279,M,1,"28,28 €",0.3
902987,501185,1070,M,1,"27,27 €",40%
902988,501185,1327,S,3,"77,26 €",0.2
902989,501186,1280,L,1,"29,54 €",0.2
902990,501186,1368,XS,1,"20,18 €",30
902991,501186,1248,l,1,"44,58 €",40%
902992,501187,1053,XS,3,"38,51 €",30
902993,501187,1204,M,1,"12,35 €",20
902994,501187,1123,41,1,"77,67 €",50%
902995,501188,1056,Talla XS,1,"39,14 €",40%
902996,501189,1287,M,1,"35,59 €",0.2
902997,501189,1288,l,1,"30,24 €",30
902998,501190,1148,38,1,"36,02 €",0.2
902999,501190,1135,40,1,"71,49 €",0.0
903000,501190,1176,M,1,"23,41 €",0.1
903001,501191,1106,37,1,"73,33 €",50
903002,501191,1008,XS,2,"54,28 €",20
903003,501192,1042,M,1,"49,99 €",0.4
903004,501192,1317,xs,1,"27,13 €",30
903005,501192,1036,M,1,"51,15 €",20
903006,501192,1168,L,2,"19,82 €",0.5
903007,501192,1064,M,1,"33,05 €",0.2
903008,501192,1085,M,1,"41,61 €",20
903009,501193,1090,S,2,"34,56 €",40
903010,501193,1273,M,2,"32,69 €",0.3
903011,501193,1153,40,2,"46,79 €",10
903012,501193,1237,L,1,"35,53 €",0.1
903013,501193,1256,L,1,"30,08 €",0.2
903014,501193,1273,S,3,"32,69 €",20%
903015,501194,1206,S,1,"15,68 €",0%
903016,501195,1050,M,1,"52,78 €",0%
903017,501195,1052,S,1,"52,18 €",20%
903018,501196,1042,m,1,"49,99 €",0.4
903019,501196,1301,L,1,"46,93 €",0.2
903020,501196,1298,Talla S,1,"30,07 €",0.3
903021,501196,1394,L,1,"26,56 €",30
903022,501196,1314,XL,1,"42,15 €",0.0
903023,501197,1015,Talla S,1,"33,85 €",30
903024,501198,1072,S,1,"46,42 €",0
903025,501198,1335,M,1,"70,30 €",0.0
903026,501198,1149,39,1,"75,51 €",0.0
903027,501198,1375,S,1,"22,99 €",0.0
903028,501199,1229,L,1,"38,72 €",0%
903029,501199,1356,S,1,"31,86 €",10%
903030,501200,1215,XS,1,"23,23 €",20
903031,501200,1367,M,1,"13,47 €",0.2
903032,501200,1011,L,1,"58,99 €",0.1
903033,501200,1291,M,1,"28,71 €",40
903034,501200,1185,s,1,"21,81 €",30%
903035,501201,1069,L,1,"29,38 €",0.0
903036,501201,1134,39,1,"31,21 €",0.5
903037,501202,1184,XS,1,"14,15 €",30%
903038,501203,1279,l,1,"28,28 €",0.4
903039,501203,1053,Talla L,1,"38,51 €",0.2
903040,501203,1278,L,1,"29,80 €",10%
903041,501203,1087,s,1,"49,59 €",0.1
903042,501204,1183,M,1,"22,12 €",30%
903043,501205,1341,L,1,"40,01 €",0%
903044,501205,1244,xl,1,"26,77 €",0.0
903045,501205,1377,S,2,"31,22 €",0%
903046,501205,1053,S,1,"38,51 €",0%
903047,501206,1362,L,1,"26,07 €",0.1
903048,501207,1042,S,1,"49,99 €",40%
903049,501207,1374,XL,1,"12,90 €",0.4
903050,501207,1257,Talla XS,1,"41,13 €",20%
903051,501207,1219,S,1,"17,73 €",0
903052,501208,1245,XL,1,"40,31 €",0%
903053,501208,1120,39,1,"65,76 €",40%
903054,501209,1171,Talla XL,1,"18,14 €",10%
903055,501209,1108,Talla 38,1,"69,72 €",20%
903056,501209,1187,XS,1,"17,31 €",30
903057,501210,1040,Talla XL,1,"49,21 €",20%
903058,501210,1070,XS,1,"27,27 €",20
903059,501211,1103,38,1,"62,95 €",0.0
903060,501212,1282,Talla XL,1,"36,05 €",0.0
903061,501212,1280,S,2,"29,54 €",10%
903062,501212,1202,M,1,"20,61 €",0
903063,501212,1007,XS,1,"30,50 €",0
903064,501213,1068,L,1,"49,68 €",0.3
903065,501213,1369,Talla M,1,"15,16 €",0.0
903066,501213,1314,S,1,"42,15 €",0.2
903067,501214,1125,36,1,"51,19 €",0.0
903068,501215,1056,M,1,"39,14 €",0.2
903069,501215,1034,XS,1,"42,28 €",30%
903070,501215,1210,M,1,"18,98 €",0.2
903071,501215,1233,L,2,"30,63 €",20
903072,501216,1267,XS,1,"36,41 €",10%
903073,501217,1042,M,2,"49,99 €",0.4
903074,501217,1215,xl,3,"23,23 €",0.2
903075,501217,1353,Talla S,1,"13,83 €",0.4
903076,501218,1147,39,2,"30,45 €",20%
903077,501219,1290,Talla L,1,"23,54 €",0%
903078,501219,1315,M,1,"32,56 €",0.0
903079,501219,1268,XL,1,"36,99 €",0
903080,501219,1050,M,1,"52,78 €",0
903081,501220,1090,m,1,"34,56 €",0%
903082,501220,1141,38,1,"47,53 €",10%
903083,501221,1097,40,1,"45,52 €",40
903084,501221,1148,39,1,"36,02 €",0.1
903085,501222,1235,xs,1,"34,51 €",0.0
903086,501223,1315,L,1,"32,56 €",0.1
903087,501223,1063,S,1,"41,19 €",20%
903088,501223,1204,Talla XS,1,"12,35 €",0.3
903089,501223,1110,41,2,"37,86 €",20%
903090,501223,1299,L,2,"43,49 €",20%
903091,501224,1098,42,1,"38,24 €",20%
903092,501224,1233,M,1,"30,63 €",40%
903093,501225,1042,S,2,"49,99 €",0.4
903094,501226,1229,M,1,"38,72 €",50%
903095,501226,1070,L,1,"27,27 €",20
903096,501226,1227,M,1,"25,33 €",30%
903097,501226,1315,M,1,"32,56 €",0.2
903098,501227,1069,M,1,"29,38 €",0%
903099,501228,1204,M,1,"12,35 €",50
903100,501229,1266,Talla L,1,"33,10 €",0%
903101,501230,1315,XL,1,"32,56 €",0%
903102,501230,1216,M,3,"17,83 €",0.5
903103,501230,1357,Talla S,1,"16,44 €",0
903104,501230,1121,39,1,"72,81 €",0.0
903105,501231,1276,XL,1,"24,73 €",0.1
903106,501231,1215,L,1,"23,23 €",0.1
903107,501231,1036,L,1,"51,15 €",0
903108,501232,1237,S,1,"35,53 €",20%
903109,501233,1216,Talla XS,1,"17,83 €",0
903110,501234,1042,Talla S,2,"49,99 €",0.4
903111,501234,1392,S,1,"12,73 €",0.2
903112,501235,1073,L,1,"26,22 €",0%
903113,501235,1352,L,1,"12,43 €",0.0
903114,501235,1122,38,1,"63,66 €",0.0
903115,501236,1325,M,2,"46,91 €",40%
903116,501237,1165,XS,1,"13,35 €",50%
903117,501237,1280,XL,1,"29,54 €",10%
903118,501237,1285,S,1,"39,82 €",0.3
903119,501237,1325,M,1,"46,91 €",20%
903120,501237,1117,36,1,"49,56 €",0.2
903121,501238,1308,XS,1,"36,22 €",10
903122,501238,1114,37,1,"41,35 €",30
903123,501238,1001,M,1,"32,57 €",50
903124,501239,1262,M,2,"36,87 €",0
903125,501239,1391,XS,1,"13,83 €",20
903126,501239,1216,Talla XS,1,"17,83 €",0.2
903127,501239,1069,XS,1,"29,38 €",50
903128,501239,1170,XL,1,"12,32 €",40
903129,501240,1256,L,1,"30,08 €",0.5
903130,501240,1314,L,1,"42,15 €",0.3
903131,501240,1336,xl,1,"80,41 €",20%
903132,501241,1301,M,1,"46,93 €",0%
903133,501241,1379,m,1,"31,72 €",10%
903134,501242,1042,M,1,"49,99 €",40%
903135,501242,1317,s,1,"27,13 €",0.2
903136,501243,1089,M,1,"33,88 €",10%
903137,501243,1306,M,1,"38,88 €",30%
903138,501243,1179,M,1,"24,02 €",0.4
903139,501243,1031,m,1,"33,85 €",0.3
903140,501244,1042,s,1,"49,99 €",40%
903141,501245,1337,S,1,"63,78 €",20%
903142,501246,1148,39,1,"36,02 €",40%
903143,501247,1276,L,1,"24,73 €",0.2
903144,501247,1275,s,1,"24,89 €",10%
903145,501247,1305,XS,1,"32,92 €",20
903146,501247,1159,39,1,"51,99 €",0.3
903147,501248,1042,L,2,"49,99 €",40
903148,501248,1345,XS,1,"85,68 €",30%
903149,501248,1388,S,1,"15,95 €",30%
903150,501248,1284,S,1,"20,70 €",10
903151,501249,1231,M,1,"35,23 €",20
903152,501249,1273,XS,1,"32,69 €",0.3
903153,501249,1362,L,1,"26,07 €",20
903154,501249,1187,L,1,"17,31 €",0%
903155,501249,1034,M,1,"42,28 €",20%
903156,501250,1236,M,1,"32,57 €",30
903157,501251,1053,m,1,"38,51 €",0.1
903158,501251,1204,l,2,"12,35 €",0
903159,501252,1042,l,1,"49,99 €",40
903160,501252,1200,M,1,"21,79 €",40%
903161,501252,1041,S,1,"57,12 €",0.3
903162,501253,1252,m,1,"33,85 €",0
903163,501253,1090,m,1,"34,56 €",0%
903164,501253,1384,XL,1,"25,64 €",0.5
903165,501253,1084,M,1,"59,12 €",30%
903166,501253,1297,M,1,"39,25 €",0.1
903167,501254,1315,Talla M,1,"32,56 €",20%
903168,501254,1204,S,1,"12,35 €",0.0
903169,501254,1204,L,1,"12,35 €",20
903170,501255,1014,S,1,"48,60 €",20%
903171,501255,1357,M,1,"16,44 €",30%
903172,501255,1229,L,1,"38,72 €",0%
903173,501256,1048,M,1,"36,45 €",30%
903174,501256,1176,XS,1,"23,41 €",30%
903175,501256,1204,L,1,"12,35 €",40%
903176,501257,1015,XL,1,"33,85 €",0.2
903177,501258,1197,XL,1,"14,87 €",10
903178,501258,1290,L,1,"23,54 €",10
903179,501258,1036,M,1,"51,15 €",10%
903180,501259,1285,L,1,"39,82 €",0.1
903181,501259,1056,M,1,"39,14 €",0.3
903182,501260,1042,S,1,"49,99 €",0.4
903183,501260,1160,41,1,"65,05 €",0.4
903184,501261,1059,M,2,"55,73 €",50
903185,501262,1361,L,1,"14,66 €",10
903186,501262,1167,s,1,"18,87 €",20
903187,501263,1042,M,1,"49,99 €",0.4
903188,501263,1291,L,1,"28,71 €",10%
903189,501264,1138,Talla 39,1,"48,26 €",0.5
903190,501264,1066,M,1,"34,07 €",10
903191,501265,1341,M,1,"40,01 €",50%
903192,501265,1059,M,2,"55,73 €",10%
903193,501266,1029,m,1,"31,92 €",40%
903194,501266,1250,L,1,"31,36 €",0%
903195,501266,1094,42,1,"61,63 €",10%
903196,501266,1351,M,3,"26,88 €",40%
903197,501267,1295,M,1,"36,18 €",20
903198,501267,1315,M,1,"32,56 €",0.3
903199,501267,1066,S,1,"34,07 €",30%
903200,501267,1053,M,1,"38,51 €",0.5
903201,501268,1277,M,1,"28,10 €",0.0
903202,501269,1301,L,1,"46,93 €",30%
903203,501269,1020,XS,1,"35,48 €",20%
903204,501269,1376,L,1,"26,99 €",0.2
903205,501269,1221,M,1,"28,31 €",20
903206,501270,1278,xl,1,"29,80 €",10%
903207,501271,1362,XL,1,"26,07 €",0.4
903208,501271,1273,XL,1,"32,69 €",0.3
903209,501272,1331,S,1,"73,27 €",0%
903210,501272,1142,38,3,"75,44 €",0.0
903211,501272,1140,38,1,"39,31 €",0.0
903212,501272,1151,40,1,"47,09 €",0.1
903213,501273,1002,Talla S,1,"27,23 €",30%
903214,501274,1049,S,1,"47,10 €",10%
903215,501274,1015,XL,1,"33,85 €",20%
903216,501275,1042,S,1,"49,99 €",0.4
903217,501275,1362,S,1,"26,07 €",0.5
903218,501275,1333,l,1,"89,35 €",10
903219,501276,1175,M,1,"17,99 €",0.1
903220,501276,1212,XL,2,"12,74 €",10
903221,501276,1315,m,1,"32,56 €",0.2
903222,501277,1118,Talla 40,2,"79,30 €",0.3
903223,501277,1361,Talla M,1,"14,66 €",0.2
903224,501278,1097,39,1,"45,52 €",10%
903225,501278,1204,M,3,"12,35 €",10%
903226,501279,1197,l,1,"14,87 €",0%
903227,501280,1042,M,1,"49,99 €",40%
903228,501280,1051,L,1,"46,46 €",0.3
903229,501281,1041,XL,1,"57,12 €",20
903230,501282,1346,S,1,"45,31 €",40
903231,501282,1040,XS,1,"49,21 €",0.1
903232,501282,1087,L,1,"49,59 €",30
903233,501282,1176,S,1,"23,41 €",0%
903234,501282,1259,L,1,"30,24 €",0.2
903235,501283,1042,L,1,"49,99 €",40
903236,501283,1363,M,1,"31,93 €",0.4
903237,501284,1257,L,2,"41,13 €",40%
903238,501285,1366,L,2,"26,15 €",10%
903239,501285,1270,XS,2,"37,43 €",0.1
903240,501285,1258,XS,1,"35,14 €",0%
903241,501285,1346,s,2,"45,31 €",0%
903242,501285,1198,S,1,"16,38 €",40%
903243,501285,1097,41,1,"45,52 €",0.3
903244,501286,1006,XL,1,"40,90 €",0%
903245,501286,1222,S,1,"27,70 €",0.0
903246,501286,1283,M,1,"24,64 €",0.0
903247,501286,1237,xs,1,"35,53 €",10%
903248,501287,1339,L,1,"55,93 €",0.3
903249,501287,1168,XS,1,"19,82 €",10%
903250,501287,1139,38,1,"49,46 €",30
903251,501287,1106,36,1,"73,33 €",20%
903252,501287,1119,37,1,"55,00 €",30
903253,501288,1042,xl,2,"49,99 €",0.4
903254,501288,1324,M,1,"40,15 €",30%
903255,501288,1233,Talla L,1,"30,63 €",30%
903256,501288,1010,L,1,"32,90 €",0%
903257,501289,1374,S,1,"12,90 €",0.1
903258,501289,1237,L,1,"35,53 €",20
903259,501289,1283,L,1,"24,64 €",20%
903260,501290,1121,37,1,"72,81 €",20%
903261,501290,1233,xl,1,"30,63 €",0.1
903262,501291,1313,L,1,"38,98 €",30%
903263,501291,1080,S,1,"34,78 €",40%
903264,501291,1282,Talla XS,1,"36,05 €",10%
903265,501292,1099,36,1,"79,99 €",0%
903266,501292,1155,37,1,"61,83 €",10%
903267,501293,1303,L,1,"34,22 €",0.2
903268,501293,1122,37,1,"63,66 €",0.1
903269,501294,1042,m,2,"49,99 €",40
903270,501294,1106,37,1,"73,33 €",0.2
903271,501295,1206,XL,1,"15,68 €",0
903272,501296,1243,M,1,"42,14 €",0.5
903273,501297,1094,40,1,"61,63 €",0.2
903274,501297,1308,L,1,"36,22 €",0.4
903275,501297,1245,L,1,"40,31 €",50
903276,501298,1226,L,1,"35,69 €",0.2
903277,501299,1042,XL,1,"49,99 €",40%
903278,501299,1286,L,1,"28,43 €",40
903279,501299,1385,l,1,"28,77 €",0.1
903280,501299,1085,m,1,"41,61 €",10%
903281,501299,1153,37,1,"46,79 €",30
903282,501300,1013,Talla S,1,"31,03 €",0%
903283,501300,1297,M,1,"39,25 €",0
903284,501301,1269,M,1,"20,24 €",50%
903285,501301,1154,39,1,"70,63 €",0.4
903286,501302,1113,37,1,"38,95 €",0.2
903287,501303,1229,l,1,"38,72 €",0%
903288,501304,1189,xl,1,"16,40 €",0%
903289,501304,1204,S,1,"12,35 €",0.0
903290,501305,1196,Talla M,1,"15,48 €",0.2
903291,501305,1167,xl,1,"18,87 €",10%
903292,501306,1392,M,1,"12,73 €",20%
903293,501306,1071,XS,1,"29,62 €",30
903294,501307,1093,39,1,"68,61 €",0.5
903295,501307,1122,40,1,"63,66 €",0.1
903296,501307,1219,L,1,"17,73 €",30
903297,501307,1182,L,1,"16,74 €",20
903298,501308,1266,Talla S,1,"33,10 €",10
903299,501308,1331,S,2,"73,27 €",30%
903300,501308,1201,M,1,"24,28 €",50
903301,501309,1042,XS,1,"49,99 €",0.4
903302,501310,1151,40,2,"47,09 €",10
903303,501310,1393,M,1,"13,58 €",30%
903304,501311,1389,S,1,"21,34 €",30%
903305,501312,1168,M,1,"19,82 €",0.1
903306,501312,1390,S,1,"19,91 €",0.2
903307,501313,1379,S,1,"31,72 €",0.1
903308,501313,1392,M,3,"12,73 €",10
903309,501313,1090,M,1,"34,56 €",40
903310,501314,1040,M,1,"49,21 €",30
903311,501314,1053,L,1,"38,51 €",50%
903312,501315,1319,S,1,"30,13 €",10
903313,501315,1275,XL,1,"24,89 €",50
903314,501315,1138,39,1,"48,26 €",10%
903315,501315,1019,M,1,"38,48 €",30%
903316,501316,1325,L,1,"46,91 €",0.2
903317,501317,1191,S,1,"20,63 €",20%
903318,501318,1382,S,1,"30,95 €",20%
903319,501318,1177,XS,1,"20,83 €",30%
903320,501318,1204,S,1,"12,35 €",30%
903321,501319,1358,S,1,"26,83 €",20
903322,501319,1229,L,1,"38,72 €",0.0
903323,501319,1218,L,1,"23,13 €",0.5
903324,501320,1317,L,1,"27,13 €",0.0
903325,501321,1293,M,1,"37,48 €",30%
903326,501322,1229,L,1,"38,72 €",0%
903327,501323,1159,40,1,"51,99 €",10%
903328,501323,1080,M,1,"34,78 €",0.0
903329,501323,1005,S,1,"31,32 €",0
903330,501324,1118,37,1,"79,30 €",30%
903331,501325,1387,L,1,"10,36 €",0.2
903332,501325,1197,L,1,"14,87 €",0.3
903333,501325,1170,S,2,"12,32 €",0.2
903334,501326,1236,XL,1,"32,57 €",30%
903335,501326,1027,L,1,"34,91 €",40
903336,501327,1397,S,1,"20,12 €",20
903337,501327,1050,M,2,"52,78 €",0.3
903338,501328,1123,36,1,"77,67 €",0.0
903339,501328,1315,m,1,"32,56 €",0.2
903340,501328,1362,L,1,"26,07 €",0.0
903341,501328,1128,37,2,"71,15 €",0
903342,501329,1144,40,1,"75,61 €",0.2
903343,501329,1037,Talla L,1,"41,52 €",20%
903344,501330,1249,XS,1,"34,29 €",20
903345,501331,1269,M,1,"20,24 €",0.1
903346,501331,1111,Talla 36,1,"59,92 €",0.2
903347,501331,1069,M,2,"29,38 €",0
903348,501332,1013,Talla M,1,"31,03 €",0%
903349,501332,1158,42,1,"44,36 €",0.0
903350,501333,1033,Talla L,1,"54,99 €",0.4
903351,501333,1388,Talla M,2,"15,95 €",40%
903352,501333,1002,S,1,"27,23 €",20
903353,501334,1197,m,1,"14,87 €",20%
903354,501334,1229,XL,1,"38,72 €",0.3
903355,501335,1390,L,1,"19,91 €",40
903356,501335,1172,Talla L,1,"18,98 €",0.2
903357,501336,1221,S,1,"28,31 €",40
903358,501336,1197,Talla M,1,"14,87 €",40
903359,501336,1229,XS,1,"38,72 €",0.2
903360,501337,1070,M,1,"27,27 €",0%
903361,501338,1379,XS,1,"31,72 €",10
903362,501338,1074,m,1,"27,23 €",0%
903363,501339,1121,Talla 40,1,"72,81 €",30%
903364,501340,1042,L,1,"49,99 €",40%
903365,501340,1203,l,1,"19,01 €",50
903366,501341,1162,L,1,"19,00 €",10%
903367,501342,1334,L,1,"41,41 €",0.2
903368,501342,1315,Talla S,1,"32,56 €",0.1
903369,501342,1377,xl,1,"31,22 €",0.4
903370,501342,1310,XS,1,"40,69 €",30
903371,501343,1329,M,2,"45,80 €",0.5
903372,501344,1163,Talla L,1,"22,89 €",40%
903373,501345,1077,M,1,"57,81 €",50%
903374,501346,1204,XL,1,"12,35 €",0.4
903375,501346,1001,L,1,"32,57 €",20%
903376,501346,1016,XL,1,"58,66 €",10
903377,501346,1270,M,2,"37,43 €",20
903378,501347,1301,S,1,"46,93 €",40%
903379,501347,1204,M,1,"12,35 €",0.2
903380,501348,1364,M,1,"11,29 €",0.5
903381,501348,1033,L,1,"54,99 €",10%
903382,501348,1141,39,2,"47,53 €",20
903383,501348,1379,Talla M,1,"31,72 €",30%
903384,501348,1044,M,1,"36,91 €",0.1
903385,501349,1042,M,1,"49,99 €",40%
903386,501349,1175,xl,2,"17,99 €",0.3
903387,501349,1116,39,1,"50,71 €",10
903388,501349,1382,S,1,"30,95 €",10
903389,501350,1229,s,1,"38,72 €",20%
903390,501350,1266,M,3,"33,10 €",0.5
903391,501350,1169,Talla S,1,"14,75 €",0.2
903392,501351,1042,L,1,"49,99 €",0.4
903393,501352,1010,Talla M,2,"32,90 €",30
903394,501352,1113,39,1,"38,95 €",0.2
903395,501353,1048,m,1,"36,45 €",0%
903396,501353,1115,37,2,"64,90 €",0
903397,501354,1196,XS,1,"15,48 €",40%
903398,501354,1029,M,1,"31,92 €",10
903399,501354,1125,41,1,"51,19 €",30
903400,501354,1238,Talla M,1,"36,15 €",20
903401,501354,1053,m,1,"38,51 €",0.0
903402,501354,1229,M,1,"38,72 €",10%
903403,501355,1042,Talla M,1,"49,99 €",0.4
903404,501355,1357,Talla XS,1,"16,44 €",20%
903405,501356,1320,m,1,"35,05 €",0%
903406,501356,1154,40,1,"70,63 €",20%
903407,501357,1083,Talla S,1,"54,14 €",20%
903408,501357,1291,M,1,"28,71 €",20%
903409,501358,1282,Talla S,1,"36,05 €",20
903410,501358,1284,L,1,"20,70 €",20
903411,501358,1203,XS,1,"19,01 €",10%
903412,501359,1254,XL,1,"42,10 €",0
903413,501359,1331,xl,1,"73,27 €",0.2
903414,501359,1211,S,1,"12,54 €",20%
903415,501359,1108,37,1,"69,72 €",30
903416,501359,1360,Talla L,1,"18,88 €",0
903417,501360,1322,XL,2,"33,07 €",20
903418,501360,1252,s,1,"33,85 €",0.1
903419,501360,1142,39,1,"75,44 €",0
903420,501361,1148,40,2,"36,02 €",40%
903421,501361,1260,S,1,"41,99 €",50%
903422,501361,1204,L,1,"12,35 €",20%
903423,501362,1030,L,1,"46,38 €",50%
903424,501363,1385,s,1,"28,77 €",0%
903425,501363,1204,S,1,"12,35 €",0%
903426,501363,1381,Talla M,1,"34,45 €",0%
903427,501363,1351,M,1,"26,88 €",10
903428,501363,1103,42,1,"62,95 €",0.0
903429,501364,1061,l,1,"46,35 €",0.1
903430,501364,1077,XL,1,"57,81 €",0.1
903431,501364,1362,S,1,"26,07 €",0.2
903432,501364,1166,XS,1,"15,50 €",10
903433,501365,1001,L,2,"32,57 €",0.3
903434,501365,1168,XS,1,"19,82 €",0.2
903435,501365,1116,38,3,"50,71 €",20%
903436,501365,1041,l,1,"57,12 €",20%
903437,501365,1272,XL,1,"29,98 €",0.2
903438,501366,1155,37,1,"61,83 €",0.3
903439,501367,1013,M,1,"31,03 €",0.2
903440,501367,1204,xs,1,"12,35 €",10
903441,501367,1371,XL,1,"33,17 €",0.2
903442,501367,1122,38,1,"63,66 €",40
903443,501368,1252,l,1,"33,85 €",0.2
903444,501369,1084,l,1,"59,12 €",30%
903445,501369,1398,M,1,"25,22 €",20%
903446,501370,1391,L,1,"13,83 €",0.2
903447,501370,1159,37,1,"51,99 €",10%
903448,501371,1127,36,1,"79,76 €",0.0
903449,501371,1180,M,1,"17,79 €",0.0
903450,501371,1047,L,1,"27,30 €",0%
903451,501371,1182,L,1,"16,74 €",0%
903452,501371,1203,L,1,"19,01 €",0
903453,501372,1042,XL,1,"49,99 €",40%
903454,501373,1094,40,1,"61,63 €",20%
903455,501373,1363,S,1,"31,93 €",50
903456,501373,1229,L,1,"38,72 €",20
903457,501373,1148,40,1,"36,02 €",40
903458,501374,1315,Talla M,1,"32,56 €",40%
903459,501374,1022,S,1,"36,94 €",0.4
903460,501375,1378,m,1,"21,35 €",0.0
903461,501376,1244,XS,1,"26,77 €",0.3
903462,501376,1134,38,1,"31,21 €",0.4
903463,501377,1051,S,1,"46,46 €",0.0
903464,501377,1085,L,1,"41,61 €",0.1
903465,501377,1320,XL,1,"35,05 €",20
903466,501377,1314,S,1,"42,15 €",0.2
903467,501377,1158,36,1,"44,36 €",50%
903468,501378,1191,XL,2,"20,63 €",0.4
903469,501378,1339,S,2,"55,93 €",0%
903470,501379,1197,xs,1,"14,87 €",0.2
903471,501379,1134,36,1,"31,21 €",0%
903472,501379,1204,l,1,"12,35 €",40
903473,501380,1082,M,1,"49,65 €",0.0
903474,501380,1015,M,1,"33,85 €",0.0
903475,501381,1042,m,1,"49,99 €",0.4
903476,501382,1345,M,1,"85,68 €",0.0
903477,501383,1065,L,1,"49,52 €",0.4
903478,501383,1196,L,1,"15,48 €",20%
903479,501384,1185,XL,1,"21,81 €",10
903480,501385,1282,S,1,"36,05 €",20%
903481,501385,1359,Talla XS,1,"29,93 €",30%
903482,501385,1362,M,3,"26,07 €",20%
903483,501386,1168,S,1,"19,82 €",10
903484,501386,1245,L,1,"40,31 €",0
903485,501386,1204,l,1,"12,35 €",0%
903486,501387,1014,L,2,"48,60 €",0
903487,501387,1362,Talla L,1,"26,07 €",0.2
903488,501388,1053,XS,1,"38,51 €",20%
903489,501388,1329,Talla S,1,"45,80 €",20%
903490,501389,1042,L,1,"49,99 €",40
903491,501390,1042,L,1,"49,99 €",40%
903492,501390,1297,L,1,"39,25 €",0.2
903493,501391,1116,38,1,"50,71 €",0.4
903494,501391,1203,L,1,"19,01 €",10%
903495,501392,1366,M,1,"26,15 €",40
903496,501392,1204,XL,1,"12,35 €",0.4
903497,501392,1299,XS,1,"43,49 €",0%
903498,501393,1115,39,1,"64,90 €",0.0
903499,501393,1077,Talla M,1,"57,81 €",0.3
903500,501393,1271,M,1,"39,71 €",0
903501,501394,1027,M,1,"34,91 €",0%
903502,501394,1188,XS,1,"23,94 €",10
903503,501395,1024,S,1,"56,24 €",30
903504,501396,1241,xs,1,"36,57 €",30%
903505,501397,1377,XS,1,"31,22 €",0.2
903506,501397,1288,M,1,"30,24 €",0%
903507,501397,1111,38,1,"59,92 €",20
903508,501398,1042,L,1,"49,99 €",0.4
903509,501398,1125,41,1,"51,19 €",20
903510,501398,1363,m,3,"31,93 €",50%
903511,501399,1284,L,1,"20,70 €",0%
903512,501399,1353,Talla M,1,"13,83 €",0.0
903513,501399,1359,s,1,"29,93 €",0.0
903514,501400,1279,M,1,"28,28 €",10
903515,501400,1176,L,2,"23,41 €",10%
903516,501401,1079,XS,1,"46,26 €",0.2
903517,501401,1255,S,1,"31,35 €",50
903518,501402,1115,37,2,"64,90 €",0.1
903519,501403,1274,M,1,"39,02 €",10%
903520,501403,1136,Talla 38,1,"73,76 €",0.3
903521,501403,1229,M,1,"38,72 €",50%
903522,501403,1204,M,1,"12,35 €",40%
903523,501403,1259,Talla XS,1,"30,24 €",0.1
903524,501403,1148,41,1,"36,02 €",30
903525,501404,1077,S,1,"57,81 €",30%
903526,501404,1393,XS,1,"13,58 €",0.2
903527,501404,1034,M,1,"42,28 €",20%
903528,501404,1204,XS,1,"12,35 €",0.1
903529,501405,1345,L,1,"85,68 €",0%
903530,501405,1290,L,2,"23,54 €",0.0
903531,501405,1381,S,1,"34,45 €",0
903532,501405,1027,M,2,"34,91 €",0.0
903533,501405,1275,M,1,"24,89 €",0%
903534,501406,1245,XS,2,"40,31 €",0.2
903535,501406,1152,38,2,"48,30 €",20
903536,501407,1147,Talla 40,2,"30,45 €",0.2
903537,501407,1197,Talla XL,2,"14,87 €",50
903538,501408,1274,XS,2,"39,02 €",0.1
903539,501408,1036,XS,3,"51,15 €",10%
903540,501409,1197,XL,1,"14,87 €",0.2
903541,501409,1028,S,1,"48,82 €",10%
903542,501409,1315,M,1,"32,56 €",0.3
903543,501410,1120,42,1,"65,76 €",20%
903544,501411,1270,Talla S,1,"37,43 €",0.0
903545,501412,1204,l,1,"12,35 €",20%
903546,501413,1063,S,1,"41,19 €",10
903547,501413,1061,M,1,"46,35 €",20%
903548,501414,1116,38,1,"50,71 €",30
903549,501414,1128,39,1,"71,15 €",20%
903550,501414,1290,S,2,"23,54 €",40%
903551,501415,1106,39,1,"73,33 €",0.4
903552,501415,1106,41,1,"73,33 €",20%
903553,501415,1012,M,1,"40,99 €",0.3
903554,501416,1055,m,2,"33,15 €",0
903555,501416,1332,S,3,"87,31 €",40%
903556,501417,1134,36,2,"31,21 €",30%
903557,501418,1042,M,1,"49,99 €",0.4
903558,501418,1318,M,1,"40,14 €",0.2
903559,501418,1197,M,1,"14,87 €",0.5
903560,501419,1204,L,1,"12,35 €",0.1
903561,501420,1098,38,1,"38,24 €",0.0
903562,501420,1106,37,1,"73,33 €",0.1
903563,501420,1106,39,1,"73,33 €",0
903564,501421,1357,s,2,"16,44 €",10%
903565,501421,1204,XL,1,"12,35 €",0.4
903566,501421,1177,XS,1,"20,83 €",40
903567,501421,1362,Talla XL,1,"26,07 €",40%
903568,501422,1036,XS,2,"51,15 €",10
903569,501422,1087,S,1,"49,59 €",0.1
903570,501422,1291,M,1,"28,71 €",0.3
903571,501422,1113,40,1,"38,95 €",0.3
903572,501423,1373,XS,2,"14,01 €",30
903573,501423,1040,S,1,"49,21 €",40%
903574,501424,1357,M,1,"16,44 €",30
903575,501424,1354,Talla L,1,"10,85 €",0.2
903576,501424,1275,L,1,"24,89 €",0.1
903577,501424,1061,M,1,"46,35 €",20
903578,501425,1381,S,1,"34,45 €",0
903579,501425,1053,XL,1,"38,51 €",20
903580,501425,1094,40,1,"61,63 €",0.2
903581,501425,1084,XL,1,"59,12 €",0.1
903582,501425,1352,M,3,"12,43 €",30%
903583,501426,1027,xs,2,"34,91 €",0%
903584,501426,1031,L,1,"33,85 €",0%
903585,501426,1241,xs,1,"36,57 €",0.0
903586,501427,1368,S,1,"20,18 €",20%
903587,501427,1144,39,1,"75,61 €",20%
903588,501428,1228,S,2,"37,14 €",0.0
903589,501428,1176,Talla L,1,"23,41 €",0%
903590,501428,1171,L,1,"18,14 €",0.0
903591,501429,1042,M,1,"49,99 €",0.4
903592,501429,1067,S,1,"32,97 €",20
903593,501430,1376,L,1,"26,99 €",50%
903594,501430,1164,XS,1,"18,58 €",20%
903595,501430,1379,L,1,"31,72 €",0%
903596,501430,1273,M,1,"32,69 €",0.4
903597,501430,1270,m,1,"37,43 €",30
903598,501430,1148,39,1,"36,02 €",20
903599,501431,1015,XL,1,"33,85 €",0.1
903600,501431,1315,XS,1,"32,56 €",0
903601,501431,1360,M,1,"18,88 €",0.0
903602,501431,1388,S,1,"15,95 €",0
903603,501432,1157,39,1,"47,95 €",0.2
903604,501432,1093,41,1,"68,61 €",20%
903605,501433,1064,Talla S,1,"33,05 €",0.2
903606,501434,1042,XL,1,"49,99 €",0.4
903607,501434,1072,l,1,"46,42 €",20
903608,501434,1308,m,1,"36,22 €",0.4
903609,501434,1035,Talla XS,1,"57,32 €",20
903610,501435,1042,s,1,"49,99 €",40%
903611,501435,1204,XL,2,"12,35 €",30%
903612,501435,1315,L,1,"32,56 €",40%
903613,501436,1233,S,1,"30,63 €",30
903614,501436,1149,38,1,"75,51 €",0
903615,501437,1042,XL,1,"49,99 €",0.4
903616,501437,1390,M,1,"19,91 €",20
903617,501437,1272,M,1,"29,98 €",0.3
903618,501437,1159,38,1,"51,99 €",20%
903619,501438,1100,41,1,"49,80 €",30%
903620,501438,1177,s,2,"20,83 €",10%
903621,501439,1007,Talla XS,1,"30,50 €",0.0
903622,501440,1272,M,1,"29,98 €",30
903623,501441,1062,XS,1,"43,22 €",0.1
903624,501441,1141,Talla 36,1,"47,53 €",0.2
903625,501442,1093,39,1,"68,61 €",20
903626,501442,1252,L,2,"33,85 €",0.2
903627,501443,1285,XS,1,"39,82 €",0.3
903628,501444,1252,Talla S,1,"33,85 €",0.3
903629,501445,1074,M,1,"27,23 €",0.2
903630,501445,1279,M,1,"28,28 €",40
903631,501445,1387,S,1,"10,36 €",0.2
903632,501445,1122,38,1,"63,66 €",0.1
903633,501446,1042,Talla M,1,"49,99 €",0.4
903634,501446,1364,L,1,"11,29 €",30
903635,501446,1204,S,2,"12,35 €",20%
903636,501446,1320,S,1,"35,05 €",40%
903637,501446,1292,m,1,"32,80 €",0.2
903638,501447,1095,39,1,"41,57 €",0%
903639,501447,1106,37,1,"73,33 €",0.0
903640,501448,1312,XL,1,"35,92 €",0.1
903641,501448,1106,39,1,"73,33 €",0.4
903642,501448,1266,XS,2,"33,10 €",40%
903643,501449,1257,Talla L,1,"41,13 €",20
903644,501449,1349,S,1,"53,20 €",20%
903645,501449,1026,M,1,"49,99 €",40%
903646,501449,1106,40,3,"73,33 €",40%
903647,501450,1204,XS,1,"12,35 €",0%
903648,501451,1070,m,1,"27,27 €",0.4
903649,501451,1041,M,1,"57,12 €",20%
903650,501451,1134,41,1,"31,21 €",0.3
903651,501452,1345,Talla S,1,"85,68 €",30%
903652,501452,1185,S,1,"21,81 €",30
903653,501452,1362,XL,1,"26,07 €",20%
903654,501452,1188,XS,1,"23,94 €",40%
903655,501453,1070,s,1,"27,27 €",10%
903656,501453,1284,L,1,"20,70 €",0.0
903657,501454,1042,S,1,"49,99 €",40%
903658,501454,1388,L,2,"15,95 €",0.0
903659,501454,1003,XL,1,"55,06 €",30
903660,501454,1171,L,1,"18,14 €",30
903661,501455,1285,XL,1,"39,82 €",0.2
903662,501455,1204,S,1,"12,35 €",50%
903663,501456,1362,S,1,"26,07 €",0.2
903664,501457,1380,M,1,"34,77 €",30
903665,501458,1131,36,1,"55,67 €",0.3
903666,501458,1095,Talla 36,3,"41,57 €",30
903667,501459,1053,L,1,"38,51 €",40%
903668,501460,1195,XL,1,"18,13 €",0.5
903669,501460,1106,36,1,"73,33 €",20
903670,501460,1267,L,1,"36,41 €",40%
903671,501461,1080,S,1,"34,78 €",0.2
903672,501461,1027,XS,1,"34,91 €",20%
903673,501461,1146,38,1,"34,21 €",40
903674,501462,1097,38,1,"45,52 €",10
903675,501463,1038,XS,1,"27,52 €",10%
903676,501463,1027,l,1,"34,91 €",20
903677,501463,1183,Talla XL,1,"22,12 €",20%
903678,501464,1262,Talla M,1,"36,87 €",0.2
903679,501464,1175,XS,1,"17,99 €",0.0
903680,501464,1135,Talla 40,1,"71,49 €",0.0
903681,501464,1053,L,1,"38,51 €",0%
903682,501465,1052,Talla M,1,"52,18 €",30
903683,501465,1362,XS,1,"26,07 €",10%
903684,501466,1037,XL,1,"41,52 €",30%
903685,501467,1315,L,1,"32,56 €",0.2
903686,501468,1248,M,2,"44,58 €",10%
903687,501469,1042,Talla XL,1,"49,99 €",0.4
903688,501469,1043,L,1,"54,13 €",0.2
903689,501469,1204,S,2,"12,35 €",0.2
903690,501469,1121,36,1,"72,81 €",20
903691,501470,1014,L,1,"48,60 €",50%
903692,501471,1161,L,1,"23,07 €",20
903693,501472,1303,M,1,"34,22 €",40%
903694,501472,1050,L,1,"52,78 €",20%
903695,501473,1362,m,1,"26,07 €",30%
903696,501473,1089,L,1,"33,88 €",20%
903697,501474,1204,m,1,"12,35 €",10%
903698,501475,1362,S,1,"26,07 €",0%
903699,501476,1138,40,2,"48,26 €",20
903700,501477,1073,S,1,"26,22 €",0%
903701,501477,1315,L,1,"32,56 €",0.0
903702,501477,1374,L,1,"12,90 €",0
903703,501477,1323,S,2,"32,89 €",0
903704,501478,1094,39,1,"61,63 €",10%
903705,501479,1053,Talla XS,1,"38,51 €",0.4
903706,501479,1100,39,1,"49,80 €",0.4
903707,501480,1086,S,1,"33,74 €",40
903708,501480,1298,L,1,"30,07 €",0.1
903709,501481,1043,M,1,"54,13 €",0%
903710,501481,1229,Talla M,1,"38,72 €",0
903711,501482,1049,m,1,"47,10 €",20%
903712,501482,1377,l,1,"31,22 €",0.0
903713,501483,1173,XL,1,"22,99 €",40
903714,501483,1286,XS,1,"28,43 €",0.4
903715,501483,1347,M,1,"80,46 €",0
903716,501484,1285,XS,2,"39,82 €",20
903717,501485,1042,M,1,"49,99 €",0.4
903718,501485,1204,XL,1,"12,35 €",0%
903719,501486,1070,l,1,"27,27 €",0.0
903720,501487,1320,XL,1,"35,05 €",10
903721,501487,1040,l,1,"49,21 €",30%
903722,501487,1039,L,1,"53,52 €",40
903723,501487,1175,L,1,"17,99 €",0.1
903724,501487,1003,S,1,"55,06 €",0.0
903725,501488,1095,39,1,"41,57 €",20
903726,501488,1332,XL,1,"87,31 €",30
903727,501488,1174,Talla L,1,"20,68 €",10
903728,501488,1095,39,1,"41,57 €",0
903729,501489,1187,M,1,"17,31 €",0.5
903730,501489,1362,S,1,"26,07 €",0.4
903731,501490,1336,L,1,"80,41 €",0.2
903732,501491,1042,M,2,"49,99 €",0.4
903733,501491,1170,l,1,"12,32 €",10%
903734,501491,1295,XS,1,"36,18 €",10
903735,501491,1053,M,2,"38,51 €",30
903736,501492,1184,L,1,"14,15 €",10%
903737,501492,1058,S,1,"51,95 €",20%
903738,501493,1288,Talla M,1,"30,24 €",0%
903739,501494,1361,M,1,"14,66 €",20
903740,501494,1128,38,1,"71,15 €",0.3
903741,501494,1282,M,1,"36,05 €",20
903742,501495,1321,S,1,"37,98 €",20%
903743,501496,1215,XL,1,"23,23 €",0.5
903744,501496,1234,L,1,"26,50 €",50%
903745,501496,1182,M,1,"16,74 €",40
903746,501497,1091,38,1,"75,99 €",0
903747,501498,1019,M,1,"38,48 €",40
903748,501498,1368,S,1,"20,18 €",10
903749,501498,1314,S,1,"42,15 €",10%
903750,501498,1384,XS,1,"25,64 €",0.5
903751,501498,1315,m,1,"32,56 €",30
903752,501498,1127,41,1,"79,76 €",10%
903753,501499,1015,M,1,"33,85 €",10
903754,501499,1348,L,3,"54,42 €",0.2
903755,501499,1278,M,1,"29,80 €",0.3
903756,501499,1176,M,1,"23,41 €",0.4
903757,501500,1346,Talla M,1,"45,31 €",0.1
903758,501501,1161,S,1,"23,07 €",0%
903759,501502,1111,38,1,"59,92 €",30%
903760,501502,1158,Talla 40,1,"44,36 €",10%
903761,501502,1152,39,2,"48,30 €",10%
903762,501503,1042,s,1,"49,99 €",40%
903763,501504,1107,Talla 39,1,"55,33 €",10%
903764,501505,1199,XS,1,"21,22 €",0.3
903765,501506,1121,38,1,"72,81 €",30
903766,501506,1376,Talla S,1,"26,99 €",30
903767,501506,1315,L,1,"32,56 €",0.3
903768,501506,1128,38,1,"71,15 €",0.2
903769,501507,1021,Talla XS,1,"43,85 €",20
903770,501507,1203,XS,2,"19,01 €",0.2
903771,501508,1234,Talla L,1,"26,50 €",0.2
903772,501508,1283,M,1,"24,64 €",0.5
903773,501508,1336,S,1,"80,41 €",30%
903774,501509,1234,S,1,"26,50 €",0.2
903775,501510,1350,M,1,"57,49 €",0
903776,501510,1378,S,1,"21,35 €",10%
903777,501510,1141,39,1,"47,53 €",20
903778,501511,1345,M,2,"85,68 €",0.0
903779,501512,1136,38,1,"73,76 €",0.0
903780,501513,1229,M,2,"38,72 €",30%
903781,501513,1145,41,1,"44,56 €",20%
903782,501514,1141,42,1,"47,53 €",0%
903783,501515,1042,L,1,"49,99 €",40
903784,501515,1339,L,1,"55,93 €",30%
903785,501515,1250,s,1,"31,36 €",20%
903786,501516,1291,L,1,"28,71 €",0.0
903787,501516,1036,M,1,"51,15 €",0.0
903788,501516,1106,39,1,"73,33 €",10%
903789,501516,1031,s,1,"33,85 €",0%
903790,501517,1216,M,1,"17,83 €",20%
903791,501517,1013,l,2,"31,03 €",30%
903792,501518,1361,Talla L,1,"14,66 €",20%
903793,501518,1168,L,1,"19,82 €",0%
903794,501518,1362,Talla L,1,"26,07 €",30
903795,501519,1389,M,3,"21,34 €",0.0
903796,501520,1036,S,1,"51,15 €",50%
903797,501520,1385,XS,1,"28,77 €",50
903798,501520,1287,XS,3,"35,59 €",20%
903799,501520,1052,L,3,"52,18 €",20
903800,501521,1159,37,1,"51,99 €",0.2
903801,501521,1167,XL,1,"18,87 €",20%
903802,501522,1319,l,1,"30,13 €",50%
903803,501523,1094,36,1,"61,63 €",0.2
903804,501523,1280,L,1,"29,54 €",40
903805,501524,1259,XS,1,"30,24 €",0.2
903806,501524,1374,M,2,"12,90 €",10%
903807,501525,1322,XS,1,"33,07 €",20%
903808,501525,1369,s,2,"15,16 €",40%
903809,501525,1234,Talla XL,1,"26,50 €",0.3
903810,501526,1204,L,1,"12,35 €",0.3
903811,501526,1076,XL,1,"47,04 €",40
903812,501527,1113,37,1,"38,95 €",30%
903813,501527,1285,M,1,"39,82 €",40%
903814,501527,1111,39,1,"59,92 €",40
903815,501527,1127,39,1,"79,76 €",10%
903816,501527,1204,s,1,"12,35 €",40%
903817,501527,1114,36,1,"41,35 €",50
903818,501528,1176,xs,1,"23,41 €",30
903819,501528,1094,38,1,"61,63 €",0.4
903820,501528,1061,L,1,"46,35 €",20
903821,501528,1005,Talla M,1,"31,32 €",20%
903822,501529,1131,Talla 38,1,"55,67 €",10
903823,501529,1333,S,1,"89,35 €",0.0
903824,501530,1168,M,1,"19,82 €",10%
903825,501530,1382,M,1,"30,95 €",30
903826,501531,1317,M,1,"27,13 €",0.1
903827,501531,1357,l,1,"16,44 €",20%
903828,501531,1108,37,1,"69,72 €",0.3
903829,501531,1344,S,1,"48,33 €",0.3
903830,501531,1203,M,1,"19,01 €",30
903831,501531,1038,L,1,"27,52 €",0.2
903832,501532,1104,Talla 40,1,"51,58 €",40
903833,501533,1355,Talla S,1,"26,01 €",10%
903834,501533,1393,L,1,"13,58 €",0%
903835,501534,1135,36,3,"71,49 €",40%
903836,501534,1131,39,1,"55,67 €",40%
903837,501534,1049,XS,1,"47,10 €",0.3
903838,501535,1042,L,2,"49,99 €",40%
903839,501535,1223,S,1,"29,79 €",0%
903840,501536,1385,Talla M,1,"28,77 €",0.1
903841,501536,1204,L,1,"12,35 €",0.1
903842,501537,1261,l,2,"33,18 €",0.1
903843,501537,1053,L,1,"38,51 €",0.3
903844,501537,1284,S,1,"20,70 €",20
903845,501537,1341,s,1,"40,01 €",30
903846,501537,1055,Talla XS,1,"33,15 €",0.4
903847,501538,1359,S,1,"29,93 €",0.3
903848,501539,1127,40,1,"79,76 €",0.0
903849,501540,1229,s,1,"38,72 €",0.2
903850,501541,1057,XS,1,"28,72 €",0.4
903851,501541,1204,M,1,"12,35 €",0%
903852,501542,1042,L,1,"49,99 €",40
903853,501542,1047,L,1,"27,30 €",40%
903854,501542,1206,xs,1,"15,68 €",20%
903855,501543,1132,37,1,"72,05 €",30
903856,501543,1147,40,1,"30,45 €",0.3
903857,501543,1258,S,1,"35,14 €",0.2
903858,501544,1030,S,2,"46,38 €",40
903859,501545,1383,M,1,"20,95 €",20
903860,501545,1143,40,1,"54,97 €",30
903861,501545,1376,S,1,"26,99 €",0.3
903862,501546,1264,Talla L,1,"44,81 €",10
903863,501546,1254,XL,1,"42,10 €",20%
903864,501546,1062,Talla M,1,"43,22 €",0%
903865,501546,1348,L,1,"54,42 €",10
903866,501547,1303,M,1,"34,22 €",30%
903867,501547,1197,XS,1,"14,87 €",30%
903868,501548,1115,40,2,"64,90 €",40
903869,501548,1315,S,1,"32,56 €",30%
903870,501548,1156,39,1,"56,23 €",20
903871,501548,1390,XS,1,"19,91 €",0.4
903872,501549,1152,Talla 37,1,"48,30 €",20
903873,501549,1121,39,1,"72,81 €",20%
903874,501549,1126,38,1,"52,20 €",10%
903875,501549,1228,M,1,"37,14 €",30%
903876,501550,1346,Talla M,1,"45,31 €",10%
903877,501550,1351,Talla L,1,"26,88 €",20%
903878,501551,1315,L,1,"32,56 €",40%
903879,501552,1055,s,1,"33,15 €",20%
903880,501552,1160,36,1,"65,05 €",40
903881,501552,1171,M,1,"18,14 €",30
903882,501553,1005,L,2,"31,32 €",10%
903883,501554,1042,M,1,"49,99 €",40%
903884,501554,1032,S,3,"29,90 €",0%
903885,501555,1384,M,1,"25,64 €",0.0
903886,501556,1057,XL,1,"28,72 €",20%
903887,501556,1144,41,1,"75,61 €",0.2
903888,501556,1054,XS,1,"59,30 €",10%
903889,501557,1322,S,2,"33,07 €",0.1
903890,501557,1194,L,1,"22,75 €",0
903891,501557,1189,Talla L,1,"16,40 €",0.1
903892,501558,1305,M,1,"32,92 €",0.1
903893,501558,1044,L,1,"36,91 €",40%
903894,501559,1395,M,2,"20,05 €",0%
903895,501559,1054,L,1,"59,30 €",30%
903896,501560,1049,M,1,"47,10 €",40
903897,501560,1139,39,1,"49,46 €",0%
903898,501560,1181,xl,3,"24,51 €",20
903899,501561,1004,M,1,"45,55 €",50
903900,501561,1041,M,1,"57,12 €",10%
903901,501561,1036,L,1,"51,15 €",0.4
903902,501561,1241,M,1,"36,57 €",0.2
903903,501562,1072,m,1,"46,42 €",10
903904,501563,1078,S,1,"56,16 €",0.3
903905,501563,1315,XS,1,"32,56 €",20%
903906,501563,1107,36,1,"55,33 €",20%
903907,501563,1279,L,1,"28,28 €",10%
903908,501564,1122,40,1,"63,66 €",50%
903909,501565,1036,S,1,"51,15 €",0.4
903910,501566,1285,L,2,"39,82 €",20
903911,501566,1305,M,2,"32,92 €",0.2
903912,501567,1374,L,1,"12,90 €",20%
903913,501567,1323,S,1,"32,89 €",20%
903914,501568,1349,L,1,"53,20 €",20
903915,501568,1205,l,1,"13,61 €",0%
903916,501569,1166,Talla M,1,"15,50 €",0.4
903917,501569,1312,Talla L,1,"35,92 €",40%
903918,501569,1180,L,1,"17,79 €",30
903919,501570,1053,s,1,"38,51 €",0%
903920,501570,1080,S,1,"34,78 €",0
903921,501571,1036,l,1,"51,15 €",0.0
903922,501571,1176,L,1,"23,41 €",0.4
903923,501572,1117,39,1,"49,56 €",10%
903924,501572,1209,L,3,"13,65 €",20%
903925,501573,1288,S,1,"30,24 €",30
903926,501573,1215,L,1,"23,23 €",0%
903927,501573,1257,M,1,"41,13 €",40%
903928,501573,1069,S,1,"29,38 €",40%
903929,501574,1357,L,2,"16,44 €",0.4
903930,501574,1015,m,1,"33,85 €",10
903931,501574,1303,M,3,"34,22 €",40%
903932,501574,1135,37,1,"71,49 €",0.0
903933,501574,1111,37,1,"59,92 €",30%
903934,501574,1058,M,1,"51,95 €",10%
903935,501575,1144,36,1,"75,61 €",0%
903936,501576,1101,38,1,"57,43 €",40%
903937,501576,1282,m,1,"36,05 €",20%
903938,501576,1229,s,1,"38,72 €",20
903939,501577,1197,L,1,"14,87 €",20
903940,501577,1136,41,1,"73,76 €",0.3
903941,501578,1228,M,1,"37,14 €",30
903942,501578,1203,XS,1,"19,01 €",0.2
903943,501579,1174,L,1,"20,68 €",50%
903944,501579,1291,S,2,"28,71 €",40
903945,501579,1243,M,1,"42,14 €",20
903946,501579,1367,XL,1,"13,47 €",0%
903947,501579,1295,M,1,"36,18 €",20%
903948,501580,1211,s,1,"12,54 €",20%
903949,501580,1070,m,1,"27,27 €",20
903950,501580,1147,38,2,"30,45 €",10
903951,501580,1294,L,1,"28,15 €",0.3
903952,501581,1023,L,1,"31,99 €",30
903953,501581,1098,39,2,"38,24 €",20%
903954,501581,1290,m,1,"23,54 €",10
903955,501582,1013,Talla M,1,"31,03 €",0.5
903956,501582,1262,S,1,"36,87 €",0
903957,501583,1046,L,2,"42,24 €",0.2
903958,501584,1335,S,1,"70,30 €",0.2
903959,501584,1218,S,1,"23,13 €",0.1
903960,501585,1141,37,1,"47,53 €",20%
903961,501585,1315,XS,1,"32,56 €",40%
903962,501585,1204,M,2,"12,35 €",0.4
903963,501585,1266,S,1,"33,10 €",0.1
903964,501586,1365,M,1,"27,56 €",20%
903965,501586,1135,41,1,"71,49 €",20%
903966,501586,1285,S,1,"39,82 €",20%
903967,501587,1035,L,1,"57,32 €",0%
903968,501587,1198,s,1,"16,38 €",0
903969,501588,1105,38,1,"77,31 €",0.2
903970,501588,1212,L,1,"12,74 €",0.1
903971,501588,1254,XS,1,"42,10 €",0.5
903972,501588,1085,Talla XL,1,"41,61 €",0.2
903973,501589,1298,XL,1,"30,07 €",40%
903974,501589,1068,Talla XL,1,"49,68 €",0.4
903975,501590,1285,XL,1,"39,82 €",10
903976,501590,1366,m,2,"26,15 €",20%
903977,501591,1042,XL,1,"49,99 €",0.4
903978,501591,1204,M,1,"12,35 €",0.1
903979,501592,1288,XL,1,"30,24 €",0.3
903980,501592,1223,M,2,"29,79 €",0.2
903981,501593,1233,M,1,"30,63 €",0.0
903982,501594,1049,Talla XS,1,"47,10 €",30%
903983,501595,1102,39,1,"68,36 €",0.1
903984,501595,1239,XS,2,"31,88 €",0.0
903985,501596,1392,S,1,"12,73 €",0.3
903986,501597,1204,XL,1,"12,35 €",0
903987,501598,1204,M,1,"12,35 €",0.5
903988,501599,1315,M,1,"32,56 €",0.3
903989,501600,1154,40,1,"70,63 €",0.3
903990,501601,1155,37,1,"61,83 €",20
903991,501601,1362,S,3,"26,07 €",10
903992,501602,1305,L,2,"32,92 €",30
903993,501603,1042,L,1,"49,99 €",40
903994,501604,1367,M,1,"13,47 €",0%
903995,501604,1204,m,1,"12,35 €",0.0
903996,501604,1253,M,1,"42,45 €",0%
903997,501605,1042,Talla L,1,"49,99 €",40%
903998,501606,1330,M,2,"48,41 €",40%
903999,501607,1126,40,1,"52,20 €",0.1
904000,501607,1357,Talla XS,1,"16,44 €",30%
904001,501608,1150,37,1,"53,53 €",40
904002,501608,1198,XS,1,"16,38 €",30%
904003,501608,1337,Talla M,1,"63,78 €",0.0
904004,501608,1345,xs,1,"85,68 €",0%
904005,501608,1205,Talla M,1,"13,61 €",30
904006,501609,1252,L,1,"33,85 €",20
904007,501609,1377,L,1,"31,22 €",0.3
904008,501609,1204,XS,1,"12,35 €",30
904009,501610,1285,L,1,"39,82 €",0.2
904010,501610,1224,M,1,"25,88 €",0.2
904011,501611,1376,S,1,"26,99 €",30
904012,501612,1042,XL,1,"49,99 €",40%
904013,501612,1342,M,1,"54,22 €",0%
904014,501613,1266,Talla L,1,"33,10 €",40
904015,501613,1206,xs,2,"15,68 €",30%
904016,501613,1180,XL,1,"17,79 €",0.1
904017,501613,1384,Talla S,1,"25,64 €",40%
904018,501614,1182,M,2,"16,74 €",30%
904019,501615,1249,L,1,"34,29 €",0
904020,501615,1204,S,2,"12,35 €",0%
904021,501616,1107,37,1,"55,33 €",20%
904022,501617,1014,XS,1,"48,60 €",0.2
904023,501618,1053,L,1,"38,51 €",0.0
904024,501619,1122,41,1,"63,66 €",0.4
904025,501619,1013,XS,1,"31,03 €",0.2
904026,501619,1154,39,1,"70,63 €",50
904027,501620,1391,S,3,"13,83 €",0.2
904028,501620,1396,L,2,"15,65 €",30%
904029,501620,1055,S,1,"33,15 €",40
904030,501620,1046,XS,1,"42,24 €",0.2
904031,501621,1004,S,1,"45,55 €",0.1
904032,501621,1134,38,1,"31,21 €",0%
904033,501621,1213,L,1,"12,89 €",10
904034,501621,1008,L,1,"54,28 €",0.0
904035,501621,1254,L,1,"42,10 €",0%
904036,501621,1295,Talla S,2,"36,18 €",0%
904037,501622,1148,41,1,"36,02 €",0
904038,501622,1361,S,1,"14,66 €",0.3
904039,501622,1236,Talla XS,2,"32,57 €",0.5
904040,501623,1042,Talla L,2,"49,99 €",0.4
904041,501623,1257,Talla XS,1,"41,13 €",10%
904042,501624,1043,S,1,"54,13 €",0.3
904043,501624,1096,39,1,"53,68 €",0%
904044,501624,1037,l,1,"41,52 €",20%
904045,501624,1280,M,1,"29,54 €",0.0
904046,501624,1043,XS,1,"54,13 €",20
904047,501625,1134,42,1,"31,21 €",20%
904048,501625,1285,Talla S,1,"39,82 €",0.2
904049,501626,1352,L,1,"12,43 €",10%
904050,501627,1143,39,1,"54,97 €",0.4
904051,501627,1182,XS,1,"16,74 €",20
904052,501627,1279,XS,1,"28,28 €",10
904053,501628,1042,XL,1,"49,99 €",40%
904054,501628,1225,S,1,"39,08 €",20
904055,501628,1136,39,1,"73,76 €",0.1
904056,501628,1121,38,2,"72,81 €",0.2
904057,501628,1305,M,1,"32,92 €",0
904058,501629,1274,M,1,"39,02 €",0%
904059,501629,1088,L,1,"36,00 €",0.0
904060,501630,1176,S,1,"23,41 €",10%
904061,501630,1362,m,1,"26,07 €",0%
904062,501630,1004,M,1,"45,55 €",20
904063,501631,1323,M,1,"32,89 €",0.2
904064,501632,1198,XL,1,"16,38 €",20
904065,501632,1380,S,1,"34,77 €",0.3
904066,501632,1220,M,1,"18,87 €",30%
904067,501632,1175,Talla M,1,"17,99 €",20%
904068,501632,1307,L,1,"42,98 €",20%
904069,501633,1256,xs,1,"30,08 €",20%
904070,501633,1192,M,1,"13,33 €",0.2
904071,501634,1315,M,1,"32,56 €",0.1
904072,501634,1296,Talla M,1,"41,51 €",20
904073,501634,1152,40,1,"48,30 €",20%
904074,501634,1186,s,1,"16,09 €",0.4
904075,501634,1106,38,1,"73,33 €",40%
904076,501635,1221,S,1,"28,31 €",20
904077,501635,1362,XS,1,"26,07 €",20%
904078,501636,1258,XL,1,"35,14 €",0%
904079,501636,1229,M,1,"38,72 €",0
904080,501636,1333,S,1,"89,35 €",0%
904081,501637,1282,S,1,"36,05 €",0.0
904082,501637,1288,M,2,"30,24 €",0%
904083,501637,1136,38,1,"73,76 €",20
904084,501638,1036,s,1,"51,15 €",30
904085,501638,1297,S,1,"39,25 €",10
904086,501639,1368,M,1,"20,18 €",0.3
904087,501639,1390,XS,1,"19,91 €",0.0
904088,501639,1288,Talla XL,1,"30,24 €",10%
904089,501639,1361,s,1,"14,66 €",20%
904090,501640,1006,M,1,"40,90 €",10
904091,501641,1038,M,1,"27,52 €",10
904092,501641,1066,XL,2,"34,07 €",20%
904093,501642,1134,39,1,"31,21 €",0.3
904094,501642,1347,L,1,"80,46 €",20%
904095,501642,1027,xl,1,"34,91 €",30
904096,501643,1042,L,1,"49,99 €",40
904097,501643,1310,XL,2,"40,69 €",0.2
904098,501643,1066,M,3,"34,07 €",0
904099,501643,1098,41,1,"38,24 €",0.2
904100,501643,1047,S,1,"27,30 €",20%
904101,501644,1042,Talla L,2,"49,99 €",40%
904102,501645,1315,XS,2,"32,56 €",10
904103,501645,1397,XL,1,"20,12 €",10%
904104,501645,1257,Talla M,1,"41,13 €",0
904105,501645,1312,L,1,"35,92 €",30
904106,501646,1361,Talla XS,1,"14,66 €",20
904107,501646,1044,m,1,"36,91 €",30%
904108,501647,1042,L,1,"49,99 €",0.4
904109,501648,1314,XL,1,"42,15 €",20
904110,501648,1303,l,1,"34,22 €",40%
904111,501649,1013,XS,1,"31,03 €",20%
904112,501649,1087,l,1,"49,59 €",20%
904113,501650,1262,M,1,"36,87 €",0.2
904114,501650,1387,S,1,"10,36 €",20
904115,501650,1357,L,2,"16,44 €",10%
904116,501650,1284,M,1,"20,70 €",0.3
904117,501651,1361,S,1,"14,66 €",0.0
904118,501651,1350,XL,1,"57,49 €",0%
904119,501651,1229,XL,1,"38,72 €",0%
904120,501652,1285,M,1,"39,82 €",0.0
904121,501653,1268,Talla XL,1,"36,99 €",20%
904122,501653,1384,Talla XS,1,"25,64 €",0
904123,501654,1355,M,1,"26,01 €",0.3
904124,501654,1203,XL,1,"19,01 €",20%
904125,501655,1202,Talla M,1,"20,61 €",0.3
904126,501655,1084,S,1,"59,12 €",0.3
904127,501655,1077,M,1,"57,81 €",0.3
904128,501656,1291,XL,1,"28,71 €",40%
904129,501657,1375,s,1,"22,99 €",50
904130,501658,1176,XL,1,"23,41 €",20%
904131,501658,1208,M,1,"22,70 €",0.1
904132,501659,1042,L,2,"49,99 €",40
904133,501660,1305,S,2,"32,92 €",10
904134,501661,1065,S,1,"49,52 €",30%
904135,501661,1366,XS,1,"26,15 €",10%
904136,501661,1140,41,1,"39,31 €",30
904137,501661,1175,XS,3,"17,99 €",0.3
904138,501661,1369,m,1,"15,16 €",50
904139,501661,1015,L,1,"33,85 €",0.2
904140,501662,1063,XL,1,"41,19 €",0%
904141,501662,1388,XS,1,"15,95 €",0%
904142,501663,1114,37,3,"41,35 €",0%
904143,501663,1141,37,1,"47,53 €",10%
904144,501664,1042,M,1,"49,99 €",40%
904145,501664,1259,M,1,"30,24 €",40%
904146,501665,1362,L,1,"26,07 €",20%
904147,501665,1120,39,1,"65,76 €",20
904148,501665,1315,L,1,"32,56 €",20%
904149,501665,1093,38,1,"68,61 €",20%
904150,501666,1140,37,1,"39,31 €",30
904151,501666,1038,s,1,"27,52 €",10
904152,501666,1145,Talla 39,1,"44,56 €",0.4
904153,501667,1019,S,1,"38,48 €",20
904154,501667,1168,S,1,"19,82 €",0.2
904155,501668,1204,L,1,"12,35 €",20%
904156,501668,1185,m,1,"21,81 €",40%
904157,501669,1289,XL,1,"22,39 €",10
904158,501669,1365,M,1,"27,56 €",0%
904159,501670,1118,40,1,"79,30 €",10
904160,501671,1042,Talla S,1,"49,99 €",0.4
904161,501671,1204,S,1,"12,35 €",30
904162,501672,1056,XS,2,"39,14 €",20%
904163,501672,1182,Talla S,1,"16,74 €",30%
904164,501672,1092,38,2,"69,97 €",20
904165,501672,1090,M,1,"34,56 €",0.4
904166,501673,1162,xl,1,"19,00 €",0.4
904167,501674,1285,XL,1,"39,82 €",20
904168,501674,1247,Talla XL,1,"43,39 €",0%
904169,501675,1197,L,1,"14,87 €",0.1
904170,501676,1038,Talla M,1,"27,52 €",20
904171,501676,1357,L,1,"16,44 €",20
904172,501676,1085,Talla L,1,"41,61 €",0.4
904173,501676,1336,M,2,"80,41 €",30%
904174,501676,1203,M,1,"19,01 €",10%
904175,501677,1038,M,3,"27,52 €",0%
904176,501677,1374,XL,1,"12,90 €",0.0
904177,501677,1038,Talla S,1,"27,52 €",0%
904178,501678,1333,M,2,"89,35 €",50%
904179,501678,1393,S,1,"13,58 €",0.1
904180,501679,1042,Talla M,1,"49,99 €",0.4
904181,501679,1296,L,1,"41,51 €",0
904182,501679,1266,M,1,"33,10 €",10%
904183,501680,1205,L,1,"13,61 €",0%
904184,501680,1393,Talla M,1,"13,58 €",0.0
904185,501681,1113,42,1,"38,95 €",30%
904186,501682,1141,38,1,"47,53 €",0.0
904187,501682,1295,XL,1,"36,18 €",0%
904188,501683,1388,XS,1,"15,95 €",10
904189,501683,1078,M,1,"56,16 €",20
904190,501683,1204,xl,1,"12,35 €",0
904191,501684,1006,Talla L,1,"40,90 €",0.3
904192,501684,1309,S,1,"29,96 €",30%
904193,501684,1082,XS,1,"49,65 €",0.4
904194,501684,1136,36,1,"73,76 €",0.4
904195,501684,1368,XL,1,"20,18 €",30%
904196,501685,1074,s,1,"27,23 €",50%
904197,501685,1397,xl,1,"20,12 €",30%
904198,501685,1198,XS,1,"16,38 €",50%
904199,501686,1353,L,1,"13,83 €",0.1
904200,501686,1373,L,1,"14,01 €",50%
904201,501686,1367,S,1,"13,47 €",20%
904202,501687,1080,L,1,"34,78 €",40
904203,501688,1207,M,2,"16,71 €",20%
904204,501688,1235,XS,1,"34,51 €",40%
904205,501689,1042,M,2,"49,99 €",0.4
904206,501689,1322,S,2,"33,07 €",0.1
904207,501689,1106,38,1,"73,33 €",10
904208,501689,1106,37,1,"73,33 €",0.2
904209,501689,1285,Talla S,2,"39,82 €",10
904210,501689,1322,XL,1,"33,07 €",50
904211,501689,1070,S,2,"27,27 €",0
904212,501690,1061,XS,1,"46,35 €",20%
904213,501690,1294,Talla M,1,"28,15 €",10%
904214,501690,1123,38,1,"77,67 €",0.0
904215,501691,1009,M,1,"25,67 €",0
904216,501691,1203,S,1,"19,01 €",0.1
904217,501692,1280,M,2,"29,54 €",30%
904218,501692,1176,M,1,"23,41 €",0.3
904219,501693,1292,Talla S,1,"32,80 €",10
904220,501693,1197,XS,1,"14,87 €",10%
904221,501694,1315,XL,1,"32,56 €",0
904222,501694,1203,m,3,"19,01 €",10%
904223,501695,1094,39,3,"61,63 €",30%
904224,501695,1114,39,1,"41,35 €",20%
904225,501696,1014,Talla XS,3,"48,60 €",10
904226,501696,1175,Talla XS,2,"17,99 €",10
904227,501696,1160,39,1,"65,05 €",0.2
904228,501697,1394,L,1,"26,56 €",20
904229,501697,1235,S,1,"34,51 €",0.3
904230,501697,1120,37,1,"65,76 €",40%
904231,501697,1305,L,1,"32,92 €",40%
904232,501697,1117,41,1,"49,56 €",20
904233,501697,1037,L,1,"41,52 €",20
904234,501698,1209,L,1,"13,65 €",0
904235,501698,1229,M,1,"38,72 €",0.2
904236,501698,1021,XS,3,"43,85 €",0
904237,501698,1322,XL,2,"33,07 €",0.0
904238,501699,1007,L,1,"30,50 €",0%
904239,501699,1355,XS,1,"26,01 €",0.2
904240,501700,1212,M,2,"12,74 €",0.4
904241,501701,1119,40,1,"55,00 €",0.0
904242,501701,1243,s,1,"42,14 €",0%
904243,501701,1285,Talla XL,2,"39,82 €",0.0
904244,501702,1067,M,1,"32,97 €",30%
904245,501702,1250,XS,1,"31,36 €",0.2
904246,501702,1104,Talla 40,3,"51,58 €",40%
904247,501703,1069,Talla M,1,"29,38 €",10
904248,501703,1292,s,1,"32,80 €",0.0
904249,501704,1284,Talla L,1,"20,70 €",0.0
904250,501704,1357,Talla L,1,"16,44 €",20%
904251,501704,1263,L,1,"39,31 €",0%
904252,501705,1364,l,1,"11,29 €",0.0
904253,501705,1060,XS,1,"48,04 €",20
904254,501705,1272,l,1,"29,98 €",0.2
904255,501705,1340,S,1,"80,92 €",0.3
904256,501706,1312,M,1,"35,92 €",0.0
904257,501706,1392,L,3,"12,73 €",0%
904258,501707,1243,l,1,"42,14 €",0%
904259,501708,1284,S,1,"20,70 €",50%
904260,501708,1262,XS,2,"36,87 €",20%
904261,501708,1315,l,1,"32,56 €",30%
904262,501708,1254,Talla L,1,"42,10 €",20%
904263,501709,1047,L,1,"27,30 €",20%
904264,501709,1157,36,1,"47,95 €",30
904265,501709,1280,L,2,"29,54 €",0%
904266,501710,1219,m,1,"17,73 €",20
904267,501710,1204,Talla XL,1,"12,35 €",30
904268,501710,1205,S,2,"13,61 €",40%
904269,501710,1285,XL,1,"39,82 €",30
904270,501711,1315,m,1,"32,56 €",20%
904271,501711,1036,L,1,"51,15 €",40
904272,501711,1233,M,1,"30,63 €",20
904273,501711,1386,M,1,"32,98 €",20%
904274,501712,1015,XL,1,"33,85 €",0%
904275,501712,1367,M,1,"13,47 €",0
904276,501713,1348,S,1,"54,42 €",0%
904277,501713,1356,L,1,"31,86 €",10%
904278,501713,1080,S,1,"34,78 €",0%
904279,501713,1021,M,1,"43,85 €",0
904280,501713,1313,M,1,"38,98 €",0%
904281,501713,1036,L,1,"51,15 €",0.1
904282,501714,1388,Talla S,1,"15,95 €",0.2
904283,501715,1130,36,1,"73,00 €",50%
904284,501715,1374,M,1,"12,90 €",30%
904285,501715,1313,L,1,"38,98 €",30%
904286,501716,1259,L,1,"30,24 €",0%
904287,501716,1167,L,1,"18,87 €",0%
904288,501716,1368,M,1,"20,18 €",0
904289,501717,1033,l,1,"54,99 €",0.0
904290,501717,1103,38,2,"62,95 €",0.0
904291,501717,1203,M,1,"19,01 €",0.0
904292,501717,1333,M,1,"89,35 €",0%
904293,501717,1381,XL,1,"34,45 €",0
904294,501718,1350,xs,1,"57,49 €",0
904295,501718,1204,M,1,"12,35 €",0
904296,501719,1252,Talla L,1,"33,85 €",0.4
904297,501720,1189,M,1,"16,40 €",0%
904298,501721,1042,L,1,"49,99 €",40
904299,501721,1231,S,2,"35,23 €",30%
904300,501722,1042,xl,1,"49,99 €",40
904301,501723,1019,M,1,"38,48 €",0.3
904302,501723,1381,M,1,"34,45 €",50
904303,501723,1315,M,1,"32,56 €",0.2
904304,501723,1117,39,3,"49,56 €",0%
904305,501723,1067,S,1,"32,97 €",20
904306,501723,1265,xs,1,"44,68 €",10%
904307,501724,1056,XL,2,"39,14 €",0.5
904308,501724,1374,s,1,"12,90 €",40%
904309,501725,1204,xs,1,"12,35 €",20%
904310,501726,1042,L,1,"49,99 €",40%
904311,501726,1374,S,1,"12,90 €",0.4
904312,501727,1042,XL,2,"49,99 €",0.4
904313,501727,1293,S,2,"37,48 €",40
904314,501727,1175,M,1,"17,99 €",0.2
904315,501728,1223,Talla XL,1,"29,79 €",0.4
904316,501728,1116,38,1,"50,71 €",0.2
904317,501728,1102,39,1,"68,36 €",10%
904318,501729,1007,Talla L,2,"30,50 €",10
904319,501729,1273,Talla L,1,"32,69 €",30%
904320,501729,1219,S,1,"17,73 €",20%
904321,501730,1393,XS,1,"13,58 €",0.4
904322,501730,1048,S,2,"36,45 €",30
904323,501731,1055,S,1,"33,15 €",0%
904324,501732,1143,36,1,"54,97 €",0.3
904325,501732,1166,M,1,"15,50 €",30
904326,501733,1385,M,1,"28,77 €",40
904327,501733,1106,38,1,"73,33 €",0%
904328,501733,1396,l,1,"15,65 €",10
904329,501733,1036,l,1,"51,15 €",20%
904330,501734,1005,XS,1,"31,32 €",0.4
904331,501734,1285,M,1,"39,82 €",20%
904332,501734,1113,39,2,"38,95 €",20%
904333,501734,1072,L,1,"46,42 €",20
904334,501734,1055,S,2,"33,15 €",20%
904335,501735,1042,M,1,"49,99 €",0.4
904336,501735,1373,L,1,"14,01 €",30
904337,501735,1112,37,1,"78,05 €",30
904338,501735,1252,M,1,"33,85 €",10%
904339,501735,1140,37,1,"39,31 €",40%
904340,501735,1261,S,1,"33,18 €",0.4
904341,501736,1006,l,1,"40,90 €",20%
904342,501736,1366,M,1,"26,15 €",30
904343,501736,1027,M,1,"34,91 €",20%
904344,501737,1075,L,1,"43,55 €",30
904345,501738,1362,S,1,"26,07 €",40%
904346,501738,1223,M,1,"29,79 €",10
904347,501739,1042,L,1,"49,99 €",40%
904348,501739,1272,XS,1,"29,98 €",0%
904349,501740,1008,M,1,"54,28 €",20
904350,501740,1014,Talla M,2,"48,60 €",0.1
904351,501740,1117,40,1,"49,56 €",0.2
904352,501740,1014,xs,1,"48,60 €",30%
904353,501741,1203,S,1,"19,01 €",0.4
904354,501741,1194,S,1,"22,75 €",10
904355,501741,1276,S,1,"24,73 €",20%
904356,501742,1113,38,1,"38,95 €",0%
904357,501742,1093,39,2,"68,61 €",0.3
904358,501742,1036,S,1,"51,15 €",50
904359,501742,1013,L,1,"31,03 €",10%
904360,501743,1168,L,1,"19,82 €",30
904361,501743,1204,m,1,"12,35 €",0
904362,501743,1149,39,1,"75,51 €",10%
904363,501744,1327,L,1,"77,26 €",50%
904364,501744,1184,Talla L,1,"14,15 €",30%
904365,501744,1143,41,1,"54,97 €",0.2
904366,501744,1208,L,1,"22,70 €",40
904367,501744,1357,L,1,"16,44 €",10
904368,501744,1303,Talla XL,1,"34,22 €",0.2
904369,501744,1152,42,1,"48,30 €",0%
904370,501745,1252,L,2,"33,85 €",20
904371,501746,1042,L,3,"49,99 €",40%
904372,501746,1310,m,1,"40,69 €",0.3
904373,501746,1094,Talla 36,1,"61,63 €",0.5
904374,501746,1168,S,1,"19,82 €",30
904375,501746,1175,l,1,"17,99 €",0.3
904376,501747,1094,38,2,"61,63 €",0.1
904377,501747,1187,Talla S,1,"17,31 €",40
904378,501747,1315,L,1,"32,56 €",20%
904379,501748,1042,XL,1,"49,99 €",0.4
904380,501748,1381,S,1,"34,45 €",0.0
904381,501748,1204,Talla XL,1,"12,35 €",10
904382,501749,1237,S,1,"35,53 €",20%
904383,501749,1380,M,1,"34,77 €",20
904384,501750,1265,m,1,"44,68 €",10%
904385,501750,1284,m,1,"20,70 €",30%
904386,501751,1107,36,1,"55,33 €",40%
904387,501752,1088,L,1,"36,00 €",0.2
904388,501752,1254,L,1,"42,10 €",0.5
904389,501752,1273,L,1,"32,69 €",0.0
904390,501752,1015,M,1,"33,85 €",10%
904391,501753,1270,XL,1,"37,43 €",20%
904392,501753,1145,Talla 37,1,"44,56 €",50%
904393,501754,1302,S,1,"47,49 €",20
904394,501754,1257,L,1,"41,13 €",0%
904395,501755,1070,S,1,"27,27 €",20%
904396,501756,1178,S,1,"22,32 €",20%
904397,501756,1303,L,1,"34,22 €",0.0
904398,501757,1094,40,1,"61,63 €",20
904399,501757,1154,40,1,"70,63 €",10
904400,501758,1212,Talla XL,2,"12,74 €",20
904401,501759,1357,S,1,"16,44 €",10%
904402,501759,1232,S,1,"26,48 €",30%
904403,501759,1284,M,1,"20,70 €",10%
904404,501759,1106,42,1,"73,33 €",10
904405,501760,1326,M,1,"67,24 €",0.1
904406,501760,1204,L,1,"12,35 €",0
904407,501761,1346,M,1,"45,31 €",50%
904408,501761,1111,42,1,"59,92 €",20
904409,501761,1157,36,1,"47,95 €",0.2
904410,501761,1160,Talla 38,1,"65,05 €",0
904411,501762,1188,M,1,"23,94 €",0.0
904412,501762,1390,s,1,"19,91 €",0
904413,501762,1198,XS,1,"16,38 €",0%
904414,501763,1277,S,1,"28,10 €",0.1
904415,501763,1028,S,1,"48,82 €",20%
904416,501763,1113,39,1,"38,95 €",20%
904417,501763,1204,XS,3,"12,35 €",10
904418,501764,1116,40,2,"50,71 €",0.5
904419,501764,1037,L,1,"41,52 €",10%
904420,501765,1051,XS,1,"46,46 €",0.4
904421,501766,1245,S,1,"40,31 €",0.5
904422,501766,1339,L,1,"55,93 €",40%
904423,501766,1203,XL,1,"19,01 €",30%
904424,501767,1067,Talla S,2,"32,97 €",0.0
904425,501767,1140,37,1,"39,31 €",0%
904426,501767,1287,S,1,"35,59 €",0.0
904427,501768,1123,37,1,"77,67 €",0.2
904428,501768,1330,XL,1,"48,41 €",20%
904429,501768,1357,L,1,"16,44 €",0
904430,501769,1232,S,1,"26,48 €",0%
904431,501769,1315,M,1,"32,56 €",10
904432,501769,1148,36,1,"36,02 €",0.2
904433,501770,1339,XL,1,"55,93 €",50%
904434,501771,1042,XL,1,"49,99 €",40%
904435,501772,1042,Talla XL,1,"49,99 €",40
904436,501772,1362,XL,1,"26,07 €",0%
904437,501773,1131,40,1,"55,67 €",0.2
904438,501774,1346,Talla XS,3,"45,31 €",30%
904439,501774,1305,M,1,"32,92 €",20%
904440,501774,1315,XS,1,"32,56 €",40%
904441,501775,1362,L,1,"26,07 €",0
904442,501775,1165,M,1,"13,35 €",0%
904443,501775,1176,XS,1,"23,41 €",40%
904444,501776,1021,M,2,"43,85 €",0.3
904445,501777,1303,XL,1,"34,22 €",40%
904446,501777,1163,S,1,"22,89 €",30
904447,501777,1315,M,1,"32,56 €",30
904448,501778,1075,s,1,"43,55 €",0.3
904449,501779,1362,s,1,"26,07 €",0.2
904450,501779,1282,S,1,"36,05 €",40%
904451,501780,1158,39,1,"44,36 €",0.1
904452,501780,1312,XS,1,"35,92 €",0.2
904453,501780,1201,S,1,"24,28 €",10%
904454,501780,1345,L,1,"85,68 €",20
904455,501780,1233,l,1,"30,63 €",0.2
904456,501780,1204,L,2,"12,35 €",0.5
904457,501781,1367,Talla S,1,"13,47 €",10
904458,501781,1135,39,1,"71,49 €",0%
904459,501781,1094,37,1,"61,63 €",0
904460,501782,1143,38,1,"54,97 €",0.2
904461,501783,1379,Talla XL,2,"31,72 €",0.1
904462,501783,1036,XL,1,"51,15 €",0.2
904463,501783,1303,M,1,"34,22 €",0.3
904464,501783,1053,M,2,"38,51 €",40
904465,501784,1301,M,1,"46,93 €",0
904466,501784,1362,M,1,"26,07 €",40%
904467,501784,1299,Talla M,1,"43,49 €",20%
904468,501785,1193,XL,1,"20,23 €",20%
904469,501785,1204,M,1,"12,35 €",0.1
904470,501785,1121,41,1,"72,81 €",40
904471,501785,1116,41,1,"50,71 €",0%
904472,501786,1285,Talla XS,1,"39,82 €",20
904473,501786,1168,m,1,"19,82 €",30
904474,501786,1381,L,1,"34,45 €",0.0
904475,501786,1147,38,2,"30,45 €",0.4
904476,501787,1042,Talla L,1,"49,99 €",40%
904477,501788,1256,Talla M,1,"30,08 €",20
904478,501788,1316,M,1,"43,89 €",40
904479,501788,1295,Talla XL,1,"36,18 €",30%
904480,501789,1237,s,1,"35,53 €",0.4
904481,501789,1315,M,1,"32,56 €",30
904482,501789,1004,M,1,"45,55 €",20
904483,501790,1106,40,1,"73,33 €",0.1
904484,501791,1133,38,1,"48,67 €",20%
904485,501791,1367,XS,1,"13,47 €",0.2
904486,501791,1182,XS,1,"16,74 €",0.2
904487,501792,1271,Talla M,1,"39,71 €",10
904488,501793,1322,Talla M,1,"33,07 €",0.4
904489,501793,1155,37,1,"61,83 €",30
904490,501793,1324,l,1,"40,15 €",0%
904491,501793,1070,Talla S,1,"27,27 €",20%
904492,501794,1348,M,1,"54,42 €",0.0
904493,501794,1225,S,1,"39,08 €",10%
904494,501794,1013,Talla L,1,"31,03 €",0.4
904495,501795,1042,Talla S,1,"49,99 €",40
904496,501795,1034,l,1,"42,28 €",0.2
904497,501796,1042,M,1,"49,99 €",0.4
904498,501796,1033,S,3,"54,99 €",10
904499,501796,1027,Talla M,1,"34,91 €",30
904500,501796,1185,m,1,"21,81 €",0.2
904501,501796,1303,Talla M,1,"34,22 €",0.1
904502,501796,1317,Talla XL,1,"27,13 €",10
904503,501797,1213,Talla M,1,"12,89 €",10%
904504,501797,1070,M,1,"27,27 €",30%
904505,501797,1116,38,2,"50,71 €",0.4
904506,501797,1252,S,1,"33,85 €",20%
904507,501798,1248,l,1,"44,58 €",30
904508,501798,1285,m,1,"39,82 €",0.0
904509,501798,1306,Talla XS,1,"38,88 €",10%
904510,501799,1242,XL,1,"38,06 €",0.3
904511,501799,1286,XS,1,"28,43 €",0.1
904512,501799,1252,xl,1,"33,85 €",0.1
904513,501799,1122,40,1,"63,66 €",0.1
904514,501800,1294,Talla XL,1,"28,15 €",10%
904515,501800,1207,XL,1,"16,71 €",30%
904516,501801,1235,L,1,"34,51 €",30
904517,501801,1362,M,1,"26,07 €",0.1
904518,501802,1133,36,2,"48,67 €",0.0
904519,501802,1106,Talla 42,2,"73,33 €",10%
904520,501802,1065,XS,1,"49,52 €",0
904521,501802,1053,L,1,"38,51 €",0%
904522,501802,1006,L,1,"40,90 €",0%
904523,501802,1292,xl,1,"32,80 €",0
904524,501803,1318,XS,3,"40,14 €",0.2
904525,501804,1203,M,1,"19,01 €",0%
904526,501805,1204,M,1,"12,35 €",30
904527,501806,1311,Talla M,1,"30,25 €",0%
904528,501806,1163,M,1,"22,89 €",30%
904529,501806,1204,L,1,"12,35 €",30%
904530,501806,1356,M,2,"31,86 €",20
904531,501806,1334,XS,1,"41,41 €",20%
904532,501806,1376,Talla S,2,"26,99 €",20%
904533,501807,1067,S,1,"32,97 €",0.2
904534,501807,1204,l,1,"12,35 €",0.1
904535,501808,1251,XS,1,"41,39 €",0.1
904536,501809,1245,L,1,"40,31 €",20
904537,501810,1331,S,2,"73,27 €",10
904538,501810,1200,m,2,"21,79 €",20
904539,501810,1120,Talla 38,1,"65,76 €",0
904540,501811,1106,Talla 40,1,"73,33 €",30%
904541,501811,1362,L,1,"26,07 €",20%
904542,501811,1055,S,1,"33,15 €",10%
904543,501812,1353,S,1,"13,83 €",30
904544,501812,1036,XS,1,"51,15 €",0.3
904545,501813,1042,L,1,"49,99 €",40%
904546,501813,1392,L,1,"12,73 €",20%
904547,501813,1223,Talla S,1,"29,79 €",20%
904548,501813,1314,L,1,"42,15 €",30
904549,501814,1042,l,2,"49,99 €",40%
904550,501814,1265,L,1,"44,68 €",0.1
904551,501814,1052,m,1,"52,18 €",0.2
904552,501815,1203,M,1,"19,01 €",0
904553,501815,1379,L,1,"31,72 €",0.2
904554,501815,1308,XS,1,"36,22 €",0.2
904555,501816,1079,L,1,"46,26 €",20%
904556,501816,1025,XS,1,"59,54 €",20%
904557,501817,1204,XS,1,"12,35 €",40
904558,501817,1148,40,1,"36,02 €",0.4
904559,501817,1375,M,1,"22,99 €",0.2
904560,501817,1284,M,1,"20,70 €",0
904561,501818,1141,Talla 38,1,"47,53 €",0.2
904562,501819,1042,M,2,"49,99 €",0.4
904563,501819,1092,41,1,"69,97 €",50%
904564,501820,1094,38,2,"61,63 €",0.1
904565,501821,1394,XL,1,"26,56 €",0.2
904566,501821,1295,XL,1,"36,18 €",10%
904567,501822,1283,l,1,"24,64 €",20
904568,501822,1355,Talla L,1,"26,01 €",20%
904569,501822,1341,S,1,"40,01 €",0.1
904570,501822,1379,m,1,"31,72 €",0.0
904571,501822,1273,M,2,"32,69 €",0.2
904572,501823,1358,xl,1,"26,83 €",10%
904573,501823,1140,39,1,"39,31 €",10%
904574,501823,1257,L,1,"41,13 €",10
904575,501824,1136,39,1,"73,76 €",0.2
904576,501825,1042,L,1,"49,99 €",0.4
904577,501825,1010,L,1,"32,90 €",10%
904578,501825,1347,S,1,"80,46 €",0.1
904579,501826,1121,39,1,"72,81 €",0.3
904580,501826,1036,XL,1,"51,15 €",0.2
904581,501827,1327,M,1,"77,26 €",0.2
904582,501827,1362,L,1,"26,07 €",10
904583,501828,1362,M,1,"26,07 €",0.3
904584,501829,1111,40,1,"59,92 €",0.5
904585,501830,1173,S,1,"22,99 €",30%
904586,501830,1381,xs,1,"34,45 €",10%
904587,501831,1053,XL,1,"38,51 €",20
904588,501832,1179,m,1,"24,02 €",10
904589,501832,1357,S,1,"16,44 €",0.0
904590,501833,1200,M,1,"21,79 €",30
904591,501834,1334,L,1,"41,41 €",40%
904592,501835,1334,Talla XL,1,"41,41 €",10%
904593,501835,1125,40,3,"51,19 €",20%
904594,501836,1248,M,1,"44,58 €",0.4
904595,501836,1121,37,1,"72,81 €",0.3
904596,501837,1192,M,1,"13,33 €",30
904597,501837,1346,S,1,"45,31 €",0.3
904598,501837,1282,S,1,"36,05 €",0.4
904599,501837,1141,37,1,"47,53 €",10
904600,501837,1285,L,1,"39,82 €",20%
904601,501838,1125,40,2,"51,19 €",20
904602,501839,1042,XL,2,"49,99 €",40%
904603,501839,1150,42,1,"53,53 €",50%
904604,501839,1285,XL,1,"39,82 €",0.2
904605,501840,1042,M,1,"49,99 €",40%
904606,501840,1357,L,1,"16,44 €",30
904607,501841,1189,S,1,"16,40 €",20%
904608,501841,1306,S,1,"38,88 €",10%
904609,501842,1103,37,1,"62,95 €",0.2
904610,501842,1215,Talla S,1,"23,23 €",30%
904611,501842,1276,m,1,"24,73 €",10%
904612,501842,1038,XL,1,"27,52 €",30%
904613,501843,1330,L,1,"48,41 €",0%
904614,501843,1235,M,1,"34,51 €",0%
904615,501843,1053,S,1,"38,51 €",0.0
904616,501843,1099,39,1,"79,99 €",0%
904617,501844,1120,41,1,"65,76 €",0.0
904618,501844,1327,L,2,"77,26 €",10%
904619,501845,1317,m,1,"27,13 €",10%
904620,501845,1358,XL,1,"26,83 €",30
904621,501845,1045,S,1,"57,82 €",30%
904622,501845,1163,XL,1,"22,89 €",0.1
904623,501846,1240,M,1,"41,66 €",40
904624,501847,1346,M,3,"45,31 €",50%
904625,501847,1294,M,1,"28,15 €",0.1
904626,501848,1315,L,1,"32,56 €",30%
904627,501849,1053,M,1,"38,51 €",20
904628,501849,1354,XS,1,"10,85 €",20%
904629,501849,1106,39,1,"73,33 €",0.2
904630,501849,1357,XS,1,"16,44 €",0.2
904631,501849,1204,XL,1,"12,35 €",10%
904632,501849,1058,XL,1,"51,95 €",10%
904633,501850,1094,39,1,"61,63 €",30%
904634,501850,1388,xl,1,"15,95 €",30%
904635,501850,1385,L,1,"28,77 €",20%
904636,501850,1095,36,1,"41,57 €",10%
904637,501850,1016,L,1,"58,66 €",0.1
904638,501850,1241,S,1,"36,57 €",0.1
904639,501851,1042,L,1,"49,99 €",40%
904640,501851,1036,L,1,"51,15 €",20%
904641,501851,1243,L,1,"42,14 €",0.2
904642,501852,1318,m,3,"40,14 €",0.1
904643,501852,1029,S,1,"31,92 €",20%
904644,501853,1292,S,1,"32,80 €",20%
904645,501853,1300,M,1,"32,84 €",0.2
904646,501854,1376,Talla M,1,"26,99 €",20%
904647,501854,1316,XL,1,"43,89 €",0.2
904648,501855,1261,L,2,"33,18 €",30%
904649,501855,1283,S,1,"24,64 €",0.1
904650,501855,1069,XL,2,"29,38 €",10
904651,501855,1305,L,1,"32,92 €",20
904652,501856,1397,M,1,"20,12 €",0.3
904653,501857,1169,L,1,"14,75 €",0.2
904654,501857,1135,36,1,"71,49 €",30%
904655,501858,1123,40,1,"77,67 €",30%
904656,501859,1176,M,1,"23,41 €",20%
904657,501859,1204,S,1,"12,35 €",10%
904658,501859,1136,37,3,"73,76 €",0.2
904659,501859,1305,S,1,"32,92 €",30
904660,501860,1278,Talla L,1,"29,80 €",30%
904661,501860,1228,L,1,"37,14 €",30
904662,501861,1042,Talla XS,1,"49,99 €",0.4
904663,501861,1205,L,1,"13,61 €",40
904664,501862,1375,M,1,"22,99 €",40%
904665,501862,1073,l,1,"26,22 €",10
904666,501862,1329,XL,1,"45,80 €",30%
904667,501863,1187,L,2,"17,31 €",20%
904668,501864,1357,L,1,"16,44 €",0%
904669,501864,1393,S,1,"13,58 €",0.4
904670,501865,1093,39,1,"68,61 €",0.0
904671,501866,1287,m,1,"35,59 €",40%
904672,501866,1294,L,1,"28,15 €",30
904673,501866,1262,m,1,"36,87 €",0%
904674,501867,1318,L,1,"40,14 €",20%
904675,501867,1199,Talla S,1,"21,22 €",10
904676,501868,1042,L,1,"49,99 €",40%
904677,501869,1141,39,1,"47,53 €",20
904678,501869,1053,XL,1,"38,51 €",20%
904679,501870,1221,S,1,"28,31 €",40%
904680,501871,1282,L,2,"36,05 €",50%
904681,501871,1092,40,1,"69,97 €",30%
904682,501872,1379,Talla XS,1,"31,72 €",0
904683,501872,1186,L,1,"16,09 €",0.1
904684,501872,1013,Talla S,1,"31,03 €",0%
904685,501872,1018,l,1,"45,78 €",20%
904686,501873,1053,L,1,"38,51 €",0%
904687,501873,1273,L,1,"32,69 €",10
904688,501874,1062,S,1,"43,22 €",0.2
904689,501874,1143,38,1,"54,97 €",0.2
904690,501874,1056,XL,1,"39,14 €",10
904691,501874,1252,M,1,"33,85 €",0.1
904692,501875,1313,Talla S,1,"38,98 €",0.0
904693,501876,1234,XS,1,"26,50 €",20%
904694,501877,1168,S,2,"19,82 €",10%
904695,501877,1134,Talla 38,1,"31,21 €",0.3
904696,501878,1093,39,1,"68,61 €",20%
904697,501878,1076,l,1,"47,04 €",0.5
904698,501878,1020,S,1,"35,48 €",30
904699,501879,1377,M,1,"31,22 €",0.0
904700,501879,1375,M,1,"22,99 €",0.5
904701,501880,1217,L,1,"12,11 €",20%
904702,501880,1112,Talla 39,1,"78,05 €",0.1
904703,501880,1204,m,1,"12,35 €",30%
904704,501880,1362,XS,2,"26,07 €",20
904705,501881,1204,Talla L,1,"12,35 €",30%
904706,501881,1355,xl,2,"26,01 €",0.0
904707,501881,1252,M,2,"33,85 €",0.0
904708,501881,1285,S,1,"39,82 €",20%
904709,501882,1005,M,2,"31,32 €",20%
904710,501883,1141,Talla 38,1,"47,53 €",0%
904711,501883,1334,Talla M,1,"41,41 €",10%
904712,501884,1193,L,1,"20,23 €",20
904713,501884,1103,37,1,"62,95 €",20
904714,501885,1307,s,2,"42,98 €",0
904715,501885,1170,M,1,"12,32 €",0%
904716,501885,1058,l,1,"51,95 €",0%
904717,501885,1196,M,1,"15,48 €",0
904718,501885,1047,XL,1,"27,30 €",0%
904719,501886,1105,37,1,"77,31 €",30%
904720,501887,1042,L,1,"49,99 €",40
904721,501887,1148,40,1,"36,02 €",20%
904722,501888,1284,M,3,"20,70 €",40%
904723,501888,1315,XL,1,"32,56 €",0.3
904724,501888,1282,S,1,"36,05 €",10%
904725,501889,1010,Talla S,1,"32,90 €",40
904726,501889,1070,XL,1,"27,27 €",0.3
904727,501890,1172,S,1,"18,98 €",0%
904728,501890,1083,L,1,"54,14 €",20%
904729,501890,1296,Talla S,1,"41,51 €",0.1
904730,501890,1120,36,1,"65,76 €",0.1
904731,501890,1061,L,1,"46,35 €",20
904732,501891,1350,L,2,"57,49 €",0.2
904733,501891,1084,XL,1,"59,12 €",0.4
904734,501891,1039,L,1,"53,52 €",0
904735,501891,1381,XL,1,"34,45 €",0.2
904736,501891,1274,Talla L,1,"39,02 €",0.1
904737,501892,1013,M,1,"31,03 €",0.0
904738,501893,1150,37,1,"53,53 €",10
904739,501894,1042,l,1,"49,99 €",40%
904740,501894,1211,XS,1,"12,54 €",0.0
904741,501895,1042,xl,1,"49,99 €",40
904742,501896,1264,L,1,"44,81 €",0
904743,501896,1181,S,2,"24,51 €",0.1
904744,501897,1138,37,1,"48,26 €",10
904745,501897,1220,L,2,"18,87 €",20%
904746,501898,1034,Talla L,2,"42,28 €",0.0
904747,501899,1223,s,1,"29,79 €",0.0
904748,501899,1336,S,1,"80,41 €",40%
904749,501899,1357,Talla M,1,"16,44 €",0.1
904750,501899,1178,L,1,"22,32 €",20
904751,501900,1229,XS,1,"38,72 €",10
904752,501901,1046,xs,1,"42,24 €",20%
904753,501901,1166,M,1,"15,50 €",10
904754,501901,1201,xs,1,"24,28 €",0.1
904755,501901,1172,L,1,"18,98 €",0.4
904756,501902,1053,L,1,"38,51 €",30%
904757,501903,1015,M,1,"33,85 €",10%
904758,501903,1190,Talla M,1,"19,61 €",20%
904759,501904,1014,xs,1,"48,60 €",0.2
904760,501904,1252,S,1,"33,85 €",50%
904761,501904,1054,s,1,"59,30 €",50%
904762,501904,1047,XS,1,"27,30 €",0.3
904763,501904,1229,S,1,"38,72 €",40
904764,501904,1309,s,2,"29,96 €",30
904765,501905,1293,Talla L,1,"37,48 €",0
904766,501906,1266,L,1,"33,10 €",30
904767,501907,1042,Talla S,1,"49,99 €",40
904768,501907,1277,XL,1,"28,10 €",0.0
904769,501908,1042,M,1,"49,99 €",40
904770,501908,1252,s,1,"33,85 €",40%
904771,501909,1042,L,2,"49,99 €",40%
904772,501909,1204,S,1,"12,35 €",30
904773,501909,1396,S,1,"15,65 €",10
904774,501910,1359,Talla S,1,"29,93 €",30
904775,501910,1228,L,1,"37,14 €",0%
904776,501910,1381,m,1,"34,45 €",20
904777,501910,1005,S,1,"31,32 €",10%
904778,501911,1053,L,1,"38,51 €",10
904779,501911,1207,M,1,"16,71 €",20
904780,501912,1182,l,1,"16,74 €",20%
904781,501912,1374,M,1,"12,90 €",20%
904782,501913,1204,M,1,"12,35 €",20
904783,501914,1116,38,3,"50,71 €",20
904784,501914,1311,Talla L,1,"30,25 €",0%
904785,501914,1175,XS,1,"17,99 €",20%
904786,501914,1149,Talla 36,1,"75,51 €",20
904787,501915,1158,39,1,"44,36 €",30
904788,501916,1303,S,1,"34,22 €",0
904789,501916,1204,Talla M,1,"12,35 €",0.3
904790,501916,1285,m,1,"39,82 €",40%
904791,501916,1115,40,1,"64,90 €",20%
904792,501916,1344,Talla L,1,"48,33 €",0.3
904793,501916,1015,XL,1,"33,85 €",0.4
904794,501917,1116,38,1,"50,71 €",40
904795,501918,1227,XL,1,"25,33 €",0
904796,501919,1214,L,1,"17,10 €",10%
904797,501919,1151,42,1,"47,09 €",20
904798,501919,1211,m,1,"12,54 €",0.4
904799,501919,1211,S,1,"12,54 €",40%
904800,501919,1168,L,1,"19,82 €",50%
904801,501920,1042,S,1,"49,99 €",40%
904802,501920,1285,M,1,"39,82 €",20
904803,501920,1381,XS,2,"34,45 €",0.4
904804,501920,1197,L,1,"14,87 €",10
904805,501921,1339,M,1,"55,93 €",20%
904806,501921,1381,M,1,"34,45 €",0.1
904807,501922,1089,Talla S,1,"33,88 €",0.0
904808,501922,1264,Talla XL,1,"44,81 €",0
904809,501922,1133,40,1,"48,67 €",0%
904810,501922,1227,S,2,"25,33 €",0.0
904811,501923,1257,S,1,"41,13 €",0.3
904812,501923,1255,xl,1,"31,35 €",30%
904813,501923,1248,Talla L,1,"44,58 €",0.1
904814,501923,1203,M,1,"19,01 €",0%
904815,501924,1227,XL,1,"25,33 €",0.3
904816,501924,1376,m,1,"26,99 €",30
904817,501925,1375,XS,1,"22,99 €",0%
904818,501926,1053,XS,1,"38,51 €",0.3
904819,501926,1360,M,1,"18,88 €",0
904820,501926,1336,L,1,"80,41 €",0.4
904821,501927,1020,M,2,"35,48 €",20%
904822,501928,1374,L,1,"12,90 €",0.4
904823,501929,1257,M,1,"41,13 €",40%
904824,501930,1042,l,1,"49,99 €",40%
904825,501930,1227,M,1,"25,33 €",20%
904826,501930,1262,Talla M,1,"36,87 €",10%
904827,501931,1098,37,2,"38,24 €",40
904828,501931,1085,Talla XS,1,"41,61 €",40%
904829,501932,1362,L,2,"26,07 €",20%
904830,501932,1387,m,1,"10,36 €",20%
904831,501932,1159,36,1,"51,99 €",0.3
904832,501932,1222,M,2,"27,70 €",40
904833,501933,1042,M,1,"49,99 €",40
904834,501933,1240,Talla L,1,"41,66 €",0
904835,501934,1027,L,1,"34,91 €",10
904836,501935,1269,Talla S,1,"20,24 €",0.0
904837,501935,1082,XL,1,"49,65 €",40%
904838,501935,1106,37,1,"73,33 €",10
904839,501935,1068,S,1,"49,68 €",0.4
904840,501936,1288,XS,1,"30,24 €",0%
904841,501936,1242,L,2,"38,06 €",0%
904842,501937,1042,XL,1,"49,99 €",0.4
904843,501938,1061,M,1,"46,35 €",0.0
904844,501939,1009,S,1,"25,67 €",30%
904845,501940,1163,S,1,"22,89 €",30%
904846,501941,1006,S,1,"40,90 €",10%
904847,501941,1179,L,1,"24,02 €",0%
904848,501941,1273,M,1,"32,69 €",0.2
904849,501941,1116,Talla 37,1,"50,71 €",0.2
904850,501942,1291,M,1,"28,71 €",0%
904851,501942,1266,xl,1,"33,10 €",0.0
904852,501942,1064,M,1,"33,05 €",0.0
904853,501943,1227,S,1,"25,33 €",50
904854,501944,1204,Talla M,1,"12,35 €",0.2
904855,501944,1056,XS,1,"39,14 €",20%
904856,501945,1288,L,1,"30,24 €",10%
904857,501945,1326,Talla M,1,"67,24 €",20%
904858,501945,1393,M,2,"13,58 €",30%
904859,501946,1162,L,1,"19,00 €",40%
904860,501946,1379,xl,1,"31,72 €",20%
904861,501947,1336,XL,1,"80,41 €",20
904862,501947,1144,40,1,"75,61 €",20%
904863,501947,1365,S,1,"27,56 €",50%
904864,501948,1197,L,1,"14,87 €",0%
904865,501948,1283,S,1,"24,64 €",0%
904866,501948,1204,L,1,"12,35 €",0.1
904867,501949,1134,38,1,"31,21 €",30
904868,501950,1346,Talla S,1,"45,31 €",0.2
904869,501951,1225,S,2,"39,08 €",30
904870,501951,1334,M,2,"41,41 €",0.3
904871,501951,1392,XS,1,"12,73 €",0.0
904872,501952,1214,m,1,"17,10 €",20
904873,501952,1122,39,2,"63,66 €",30
904874,501952,1176,m,1,"23,41 €",0.1
904875,501952,1241,s,1,"36,57 €",30%
904876,501953,1280,Talla M,1,"29,54 €",0.1
904877,501954,1173,S,1,"22,99 €",0.0
904878,501954,1399,M,1,"31,60 €",0%
904879,501954,1285,XS,1,"39,82 €",0.0
904880,501955,1030,XL,1,"46,38 €",0.2
904881,501955,1376,L,1,"26,99 €",20
904882,501956,1042,Talla M,1,"49,99 €",40
904883,501957,1170,xl,1,"12,32 €",20%
904884,501957,1168,M,1,"19,82 €",30%
904885,501957,1081,Talla L,1,"55,86 €",10%
904886,501957,1034,L,1,"42,28 €",30
904887,501958,1204,S,1,"12,35 €",20
904888,501958,1285,Talla XS,1,"39,82 €",0.0
904889,501959,1281,l,1,"34,30 €",40%
904890,501960,1042,M,1,"49,99 €",0.4
904891,501960,1123,40,1,"77,67 €",20%
904892,501960,1061,XL,1,"46,35 €",30%
904893,501961,1143,41,1,"54,97 €",30%
904894,501961,1334,XS,1,"41,41 €",0.3
904895,501962,1036,L,1,"51,15 €",0.3
904896,501963,1086,S,1,"33,74 €",20
904897,501963,1133,40,1,"48,67 €",20%
904898,501964,1239,M,1,"31,88 €",0.4
904899,501964,1326,M,1,"67,24 €",10
904900,501964,1357,L,2,"16,44 €",10%
904901,501964,1374,Talla M,1,"12,90 €",20
904902,501965,1151,38,1,"47,09 €",0.4
904903,501966,1388,L,1,"15,95 €",30%
904904,501966,1197,M,1,"14,87 €",20%
904905,501966,1204,xl,1,"12,35 €",30
904906,501967,1024,S,1,"56,24 €",0.0
904907,501968,1097,37,1,"45,52 €",0%
904908,501968,1197,M,1,"14,87 €",0%
904909,501968,1220,s,1,"18,87 €",0
904910,501969,1148,38,1,"36,02 €",20%
904911,501969,1083,L,1,"54,14 €",0
904912,501969,1252,xs,1,"33,85 €",0
904913,501969,1272,l,1,"29,98 €",0
904914,501969,1390,S,3,"19,91 €",0%
904915,501970,1204,S,1,"12,35 €",0%
904916,501970,1197,S,1,"14,87 €",0.0
904917,501970,1316,XL,1,"43,89 €",0.0
904918,501971,1053,L,3,"38,51 €",30%
904919,501972,1263,M,1,"39,31 €",0
904920,501972,1204,M,1,"12,35 €",0%
904921,501972,1362,S,1,"26,07 €",0
904922,501972,1378,s,1,"21,35 €",0.0
904923,501972,1024,M,1,"56,24 €",10%
904924,501972,1241,L,1,"36,57 €",0.0
904925,501973,1117,41,1,"49,56 €",0
904926,501974,1290,L,2,"23,54 €",0.3
904927,501975,1282,m,1,"36,05 €",0.3
904928,501975,1180,XL,2,"17,79 €",0.3
904929,501975,1321,m,1,"37,98 €",0.1
904930,501976,1139,38,1,"49,46 €",0.2
904931,501976,1392,Talla XL,1,"12,73 €",0.1
904932,501976,1340,XL,1,"80,92 €",0.3
904933,501976,1232,M,2,"26,48 €",0.2
904934,501976,1204,L,1,"12,35 €",30%
904935,501977,1036,XS,1,"51,15 €",0.3
904936,501977,1208,L,1,"22,70 €",0.1
904937,501978,1149,38,1,"75,51 €",0.3
904938,501978,1204,M,1,"12,35 €",20%
904939,501978,1339,Talla L,2,"55,93 €",20%
904940,501978,1066,Talla M,1,"34,07 €",20%
904941,501979,1140,39,1,"39,31 €",20
904942,501979,1227,M,1,"25,33 €",0.1
904943,501980,1193,S,1,"20,23 €",0.0
904944,501980,1079,M,3,"46,26 €",0.0
904945,501981,1309,XL,1,"29,96 €",0.1
904946,501982,1260,l,1,"41,99 €",30
904947,501982,1270,m,1,"37,43 €",0.3
904948,501982,1193,S,2,"20,23 €",0.2
904949,501982,1051,L,1,"46,46 €",20
904950,501983,1144,36,2,"75,61 €",20%
904951,501984,1147,39,1,"30,45 €",0.0
904952,501984,1157,38,1,"47,95 €",0.4
904953,501985,1082,L,1,"49,65 €",30%
904954,501985,1004,S,1,"45,55 €",10
904955,501985,1252,S,1,"33,85 €",20
904956,501986,1043,L,2,"54,13 €",10%
904957,501986,1321,XS,1,"37,98 €",0.3
904958,501986,1385,S,1,"28,77 €",0.2
904959,501986,1284,S,1,"20,70 €",20%
904960,501987,1359,m,1,"29,93 €",0.0
904961,501987,1168,XL,1,"19,82 €",40%
904962,501988,1021,S,1,"43,85 €",0
904963,501988,1189,S,1,"16,40 €",0
904964,501989,1210,L,1,"18,98 €",0.2
904965,501989,1229,S,2,"38,72 €",20%
904966,501990,1054,XL,1,"59,30 €",0.3
904967,501991,1118,39,2,"79,30 €",0.2
904968,501992,1239,M,1,"31,88 €",10%
904969,501992,1345,Talla M,1,"85,68 €",0.5
904970,501993,1053,M,3,"38,51 €",30%
904971,501993,1330,S,1,"48,41 €",30%
904972,501993,1220,Talla S,1,"18,87 €",20%
904973,501993,1219,L,1,"17,73 €",30%
904974,501994,1097,40,1,"45,52 €",0.3
904975,501994,1038,M,1,"27,52 €",20%
904976,501994,1080,L,1,"34,78 €",0.5
904977,501994,1200,XS,2,"21,79 €",0.4
904978,501995,1368,Talla M,1,"20,18 €",10
904979,501995,1324,XL,1,"40,15 €",0.2
904980,501996,1285,Talla L,1,"39,82 €",0
904981,501997,1374,L,1,"12,90 €",0%
904982,501998,1042,XS,2,"49,99 €",40%
904983,501998,1145,Talla 40,1,"44,56 €",30%
904984,501999,1042,l,1,"49,99 €",0.4
904985,502000,1120,40,1,"65,76 €",0.0
904986,502000,1146,39,1,"34,21 €",40
904987,502000,1070,L,1,"27,27 €",10%
904988,502001,1106,37,1,"73,33 €",0.5
904989,502002,1008,M,1,"54,28 €",10
904990,502002,1339,XL,1,"55,93 €",10
904991,502002,1362,XL,1,"26,07 €",30%
904992,502002,1207,S,1,"16,71 €",20
904993,502003,1182,L,1,"16,74 €",0.3
904994,502004,1230,Talla S,2,"25,06 €",0.5
904995,502004,1183,XL,1,"22,12 €",20%
904996,502005,1024,S,1,"56,24 €",20%
904997,502006,1176,l,1,"23,41 €",20
904998,502006,1267,S,1,"36,41 €",30
904999,502007,1140,Talla 37,1,"39,31 €",0
905000,502007,1315,Talla M,1,"32,56 €",0%
905001,502007,1393,S,2,"13,58 €",0%
905002,502007,1325,L,1,"46,91 €",0.0
905003,502008,1377,XS,1,"31,22 €",0.5
905004,502009,1362,S,1,"26,07 €",0%
905005,502009,1194,Talla S,1,"22,75 €",0
905006,502010,1262,L,2,"36,87 €",0.3
905007,502010,1305,S,1,"32,92 €",50
905008,502011,1367,M,1,"13,47 €",20%
905009,502011,1105,37,1,"77,31 €",30%
905010,502012,1088,M,1,"36,00 €",0%
905011,502013,1025,XS,1,"59,54 €",0.1
905012,502014,1240,S,2,"41,66 €",0%
905013,502014,1206,L,1,"15,68 €",0%
905014,502014,1377,XS,3,"31,22 €",0%
905015,502014,1224,M,2,"25,88 €",0%
905016,502014,1245,S,1,"40,31 €",0%
905017,502014,1204,XS,1,"12,35 €",0
905018,502015,1339,Talla S,1,"55,93 €",20%
905019,502016,1097,40,1,"45,52 €",40
905020,502017,1382,XS,1,"30,95 €",0%
905021,502017,1283,Talla S,1,"24,64 €",10%
905022,502017,1278,S,1,"29,80 €",30%
905023,502017,1232,M,1,"26,48 €",20%
905024,502017,1036,m,1,"51,15 €",30%
905025,502018,1273,Talla L,1,"32,69 €",30
905026,502019,1042,L,1,"49,99 €",0.4
905027,502019,1204,M,1,"12,35 €",0
905028,502019,1066,M,1,"34,07 €",0.3
905029,502019,1228,M,1,"37,14 €",30
905030,502019,1027,Talla M,1,"34,91 €",20%
905031,502019,1390,XL,1,"19,91 €",30%
905032,502019,1345,XS,1,"85,68 €",0.0
905033,502020,1344,L,1,"48,33 €",0%
905034,502021,1036,m,2,"51,15 €",0.4
905035,502021,1203,xl,1,"19,01 €",0.2
905036,502021,1136,37,1,"73,76 €",20%
905037,502022,1053,XL,1,"38,51 €",10
905038,502022,1276,L,1,"24,73 €",40%
905039,502023,1008,M,1,"54,28 €",20%
905040,502023,1124,39,1,"77,92 €",10%
905041,502024,1362,S,1,"26,07 €",0
905042,502025,1261,M,1,"33,18 €",10
905043,502025,1264,L,1,"44,81 €",0.1
905044,502025,1372,Talla M,1,"28,06 €",30
905045,502025,1183,Talla M,1,"22,12 €",0.1
905046,502025,1152,41,2,"48,30 €",0.2
905047,502025,1013,XS,1,"31,03 €",0.1
905048,502026,1126,Talla 37,1,"52,20 €",20%
905049,502026,1007,Talla XL,1,"30,50 €",20
905050,502026,1110,Talla 41,1,"37,86 €",10%
905051,502027,1014,S,2,"48,60 €",10%
905052,502027,1054,L,1,"59,30 €",20%
905053,502027,1270,S,1,"37,43 €",30%
905054,502027,1205,S,1,"13,61 €",40
905055,502027,1305,S,1,"32,92 €",0.2
905056,502027,1081,L,1,"55,86 €",40%
905057,502028,1005,S,1,"31,32 €",0.5
905058,502028,1359,l,1,"29,93 €",20%
905059,502029,1136,Talla 42,1,"73,76 €",0
905060,502029,1283,M,1,"24,64 €",10
905061,502030,1284,m,1,"20,70 €",10%
905062,502030,1336,s,1,"80,41 €",20%
905063,502030,1300,XS,1,"32,84 €",0.1
905064,502031,1070,l,1,"27,27 €",0.2
905065,502031,1159,41,2,"51,99 €",0.4
905066,502031,1169,M,1,"14,75 €",20%
905067,502031,1285,Talla L,1,"39,82 €",0.1
905068,502031,1023,L,1,"31,99 €",0.1
905069,502032,1292,s,2,"32,80 €",10%
905070,502033,1315,XS,1,"32,56 €",0%
905071,502034,1063,L,1,"41,19 €",30%
905072,502034,1096,38,2,"53,68 €",20
905073,502035,1288,l,1,"30,24 €",10
905074,502035,1332,S,2,"87,31 €",10
905075,502036,1374,M,1,"12,90 €",0.3
905076,502036,1350,M,1,"57,49 €",40
905077,502036,1372,S,1,"28,06 €",0.2
905078,502037,1362,L,1,"26,07 €",0%
905079,502037,1343,L,2,"81,92 €",0.0
905080,502038,1340,XS,1,"80,92 €",20%
905081,502038,1252,Talla XS,1,"33,85 €",10
905082,502038,1010,L,1,"32,90 €",0.3
905083,502039,1346,M,1,"45,31 €",20%
905084,502039,1099,41,1,"79,99 €",0.3
905085,502039,1270,m,1,"37,43 €",0.2
905086,502040,1381,Talla M,1,"34,45 €",0.0
905087,502041,1042,Talla L,2,"49,99 €",40
905088,502042,1174,Talla L,1,"20,68 €",10%
905089,502042,1143,42,1,"54,97 €",20%
905090,502043,1185,M,1,"21,81 €",20%
905091,502043,1106,39,1,"73,33 €",0.2
905092,502044,1050,M,1,"52,78 €",30%
905093,502044,1331,Talla M,1,"73,27 €",20%
905094,502044,1265,Talla M,1,"44,68 €",30
905095,502044,1037,S,1,"41,52 €",0%
905096,502044,1200,Talla L,1,"21,79 €",20%
905097,502045,1276,m,1,"24,73 €",30
905098,502046,1182,XL,1,"16,74 €",20%
905099,502046,1182,S,2,"16,74 €",40%
905100,502047,1336,M,1,"80,41 €",0.4
905101,502047,1036,S,1,"51,15 €",40
905102,502047,1318,S,2,"40,14 €",10%
905103,502047,1144,41,1,"75,61 €",40
905104,502048,1283,xl,1,"24,64 €",20
905105,502048,1069,S,1,"29,38 €",30%
905106,502049,1204,M,1,"12,35 €",30%
905107,502049,1250,L,1,"31,36 €",10
905108,502049,1189,S,1,"16,40 €",20%
905109,502050,1263,M,1,"39,31 €",0.0
905110,502051,1027,Talla L,1,"34,91 €",0%
905111,502052,1324,XS,1,"40,15 €",0.4
905112,502052,1070,L,1,"27,27 €",40%
905113,502052,1273,Talla M,1,"32,69 €",0.1
905114,502052,1327,m,1,"77,26 €",0.2
905115,502053,1219,Talla XS,1,"17,73 €",10%
905116,502054,1159,37,1,"51,99 €",40%
905117,502055,1154,36,1,"70,63 €",30%
905118,502055,1164,M,1,"18,58 €",0.2
905119,502056,1369,Talla M,3,"15,16 €",0%
905120,502057,1091,38,1,"75,99 €",40
905121,502057,1182,S,1,"16,74 €",0.4
905122,502058,1048,L,1,"36,45 €",20%
905123,502059,1205,M,1,"13,61 €",0.3
905124,502060,1042,m,1,"49,99 €",40%
905125,502060,1108,40,1,"69,72 €",10%
905126,502061,1042,S,1,"49,99 €",40%
905127,502061,1240,XL,1,"41,66 €",0.2
905128,502061,1177,S,1,"20,83 €",10%
905129,502062,1060,XL,1,"48,04 €",0.3
905130,502062,1317,L,1,"27,13 €",40%
905131,502062,1204,xl,1,"12,35 €",0.1
905132,502063,1108,Talla 36,1,"69,72 €",30
905133,502063,1306,S,1,"38,88 €",20
905134,502063,1164,S,1,"18,58 €",0.3
905135,502063,1127,39,1,"79,76 €",10%
905136,502064,1374,L,1,"12,90 €",30
905137,502064,1182,S,1,"16,74 €",0.0
905138,502064,1175,XS,1,"17,99 €",0.2
905139,502065,1252,XS,1,"33,85 €",0%
905140,502066,1075,L,1,"43,55 €",10%
905141,502066,1038,XS,1,"27,52 €",0.1
905142,502067,1123,36,1,"77,67 €",10%
905143,502067,1328,XL,1,"51,49 €",10
905144,502067,1185,s,1,"21,81 €",0.5
905145,502068,1260,XL,1,"41,99 €",30%
905146,502068,1070,S,1,"27,27 €",10%
905147,502069,1148,40,1,"36,02 €",0%
905148,502069,1227,l,1,"25,33 €",50
905149,502070,1325,L,3,"46,91 €",0.5
905150,502070,1284,XS,1,"20,70 €",0.3
905151,502071,1366,M,1,"26,15 €",20
905152,502071,1396,S,1,"15,65 €",0.4
905153,502072,1134,39,1,"31,21 €",20%
905154,502072,1149,42,2,"75,51 €",50
905155,502072,1305,L,1,"32,92 €",10
905156,502073,1042,Talla L,1,"49,99 €",40%
905157,502073,1090,XL,1,"34,56 €",0.5
905158,502074,1302,M,1,"47,49 €",0.4
905159,502075,1042,S,1,"49,99 €",0.4
905160,502076,1027,XS,1,"34,91 €",10%
905161,502076,1015,XL,1,"33,85 €",0.0
905162,502076,1081,Talla S,2,"55,86 €",0%
905163,502077,1057,Talla XL,1,"28,72 €",20%
905164,502077,1137,38,1,"63,83 €",40
905165,502077,1178,XS,1,"22,32 €",10%
905166,502077,1101,Talla 40,1,"57,43 €",20
905167,502077,1315,L,1,"32,56 €",40%
905168,502078,1198,M,1,"16,38 €",30
905169,502078,1285,Talla M,1,"39,82 €",50%
905170,502078,1111,37,1,"59,92 €",0.4
905171,502078,1062,L,2,"43,22 €",0.2
905172,502079,1117,37,1,"49,56 €",0.4
905173,502079,1027,L,2,"34,91 €",10%
905174,502079,1315,S,1,"32,56 €",0.2
905175,502080,1283,XL,1,"24,64 €",0.1
905176,502080,1289,M,3,"22,39 €",10
905177,502081,1327,s,1,"77,26 €",10%
905178,502081,1301,S,1,"46,93 €",10%
905179,502081,1185,S,1,"21,81 €",0.1
905180,502082,1342,L,1,"54,22 €",0%
905181,502082,1106,38,2,"73,33 €",0.3
905182,502082,1067,L,1,"32,97 €",30%
905183,502082,1250,L,2,"31,36 €",0.3
905184,502083,1252,Talla S,2,"33,85 €",0%
905185,502083,1357,l,1,"16,44 €",30%
905186,502083,1197,L,1,"14,87 €",20
905187,502083,1061,M,1,"46,35 €",0.3
905188,502084,1359,XS,1,"29,93 €",30%
905189,502084,1280,L,1,"29,54 €",10%
905190,502085,1042,M,1,"49,99 €",40%
905191,502086,1362,M,1,"26,07 €",10%
905192,502087,1317,L,1,"27,13 €",0.0
905193,502087,1297,XS,2,"39,25 €",0.1
905194,502088,1053,Talla S,1,"38,51 €",0
905195,502089,1390,Talla XS,2,"19,91 €",0.2
905196,502089,1307,M,1,"42,98 €",10
905197,502090,1245,XS,1,"40,31 €",10%
905198,502090,1038,XL,2,"27,52 €",20
905199,502091,1103,42,1,"62,95 €",0.0
905200,502092,1004,S,1,"45,55 €",0.1
905201,502092,1180,S,1,"17,79 €",20
905202,502092,1153,39,1,"46,79 €",0.1
905203,502092,1315,M,1,"32,56 €",0.2
905204,502093,1362,M,2,"26,07 €",0%
905205,502093,1136,38,1,"73,76 €",0%
905206,502093,1278,M,1,"29,80 €",0%
905207,502094,1042,M,1,"49,99 €",0.4
905208,502094,1252,Talla XL,1,"33,85 €",0.1
905209,502094,1094,38,1,"61,63 €",20%
905210,502094,1183,M,2,"22,12 €",0.4
905211,502094,1400,XS,1,"25,30 €",20
905212,502095,1176,S,1,"23,41 €",20
905213,502095,1362,M,3,"26,07 €",10
905214,502095,1277,XS,1,"28,10 €",40%
905215,502096,1042,s,1,"49,99 €",40
905216,502096,1241,M,1,"36,57 €",0
905217,502097,1037,s,1,"41,52 €",30%
905218,502097,1304,M,1,"44,49 €",0%
905219,502098,1315,Talla M,1,"32,56 €",0.3
905220,502098,1286,XS,2,"28,43 €",20%
905221,502098,1087,Talla M,3,"49,59 €",0.1
905222,502098,1342,Talla M,2,"54,22 €",10%
905223,502099,1130,36,1,"73,00 €",20
905224,502100,1168,L,1,"19,82 €",0.5
905225,502100,1148,Talla 38,1,"36,02 €",20%
905226,502101,1079,L,1,"46,26 €",30%
905227,502101,1293,XS,1,"37,48 €",0.4
905228,502101,1249,s,2,"34,29 €",40%
905229,502101,1355,M,1,"26,01 €",30
905230,502102,1362,M,1,"26,07 €",40
905231,502102,1035,XL,1,"57,32 €",10
905232,502103,1282,L,1,"36,05 €",0%
905233,502103,1315,m,2,"32,56 €",10%
905234,502104,1207,S,1,"16,71 €",0%
905235,502104,1269,Talla L,1,"20,24 €",0
905236,502104,1140,40,2,"39,31 €",0
905237,502104,1106,Talla 41,1,"73,33 €",0%
905238,502104,1101,39,1,"57,43 €",0
905239,502104,1381,m,1,"34,45 €",0
905240,502105,1289,S,1,"22,39 €",30%
905241,502106,1253,XS,1,"42,45 €",0.4
905242,502106,1252,S,1,"33,85 €",10%
905243,502107,1258,s,1,"35,14 €",0%
905244,502107,1204,S,1,"12,35 €",0%
905245,502108,1194,xs,1,"22,75 €",0.4
905246,502108,1365,Talla S,1,"27,56 €",0%
905247,502108,1086,S,2,"33,74 €",0.3
905248,502108,1315,L,1,"32,56 €",0.1
905249,502109,1252,XL,1,"33,85 €",0.0
905250,502110,1123,36,1,"77,67 €",20%
905251,502111,1053,Talla M,1,"38,51 €",30%
905252,502111,1208,M,1,"22,70 €",0.1
905253,502112,1282,XS,1,"36,05 €",0.0
905254,502112,1305,L,1,"32,92 €",10
905255,502112,1106,38,1,"73,33 €",20%
905256,502112,1048,M,1,"36,45 €",20%
905257,502112,1235,M,1,"34,51 €",0.3
905258,502113,1015,S,1,"33,85 €",40
905259,502113,1376,S,1,"26,99 €",0.2
905260,502114,1019,m,1,"38,48 €",10
905261,502114,1285,XS,1,"39,82 €",10%
905262,502114,1141,37,1,"47,53 €",40%
905263,502114,1144,39,1,"75,61 €",0.1
905264,502115,1155,40,1,"61,83 €",0.2
905265,502116,1286,L,2,"28,43 €",10
905266,502116,1069,S,1,"29,38 €",0.3
905267,502116,1116,38,1,"50,71 €",0.2
905268,502116,1384,L,1,"25,64 €",0.2
905269,502116,1106,38,1,"73,33 €",20
905270,502117,1298,Talla XS,1,"30,07 €",20
905271,502117,1090,Talla L,1,"34,56 €",30
905272,502117,1367,M,1,"13,47 €",0.1
905273,502117,1391,s,1,"13,83 €",50
905274,502118,1197,S,1,"14,87 €",0.1
905275,502118,1140,36,2,"39,31 €",20%
905276,502118,1216,M,1,"17,83 €",20
905277,502119,1021,Talla M,1,"43,85 €",0.1
905278,502119,1218,S,1,"23,13 €",10%
905279,502119,1053,S,1,"38,51 €",0.5
905280,502119,1349,L,1,"53,20 €",20%
905281,502120,1198,xs,1,"16,38 €",0.0
905282,502121,1043,M,1,"54,13 €",30%
905283,502121,1247,M,1,"43,39 €",0.0
905284,502122,1042,M,1,"49,99 €",40%
905285,502123,1148,38,1,"36,02 €",0.0
905286,502124,1042,XL,1,"49,99 €",40
905287,502124,1119,38,1,"55,00 €",30%
905288,502124,1019,L,2,"38,48 €",20%
905289,502125,1277,M,1,"28,10 €",30%
905290,502125,1109,38,1,"76,92 €",0.2
905291,502126,1042,M,1,"49,99 €",40
905292,502126,1027,M,1,"34,91 €",20
905293,502127,1204,L,1,"12,35 €",30%
905294,502128,1285,m,1,"39,82 €",10%
905295,502128,1211,S,1,"12,54 €",0.2
905296,502128,1117,39,1,"49,56 €",30
905297,502128,1252,XS,3,"33,85 €",0%
905298,502129,1254,S,1,"42,10 €",10%
905299,502130,1388,Talla XL,1,"15,95 €",20%
905300,502130,1340,XS,1,"80,92 €",10
905301,502131,1276,M,1,"24,73 €",20%
905302,502131,1187,M,1,"17,31 €",10%
905303,502131,1340,Talla XL,1,"80,92 €",10%
905304,502132,1267,XS,1,"36,41 €",10%
905305,502132,1211,S,1,"12,54 €",0.3
905306,502132,1021,XL,1,"43,85 €",30%
905307,502133,1318,M,2,"40,14 €",0.5
905308,502133,1267,L,1,"36,41 €",30%
905309,502134,1112,Talla 41,1,"78,05 €",0
905310,502134,1015,M,1,"33,85 €",0
905311,502134,1327,XS,1,"77,26 €",0.0
905312,502134,1034,XS,2,"42,28 €",10%
905313,502134,1193,L,1,"20,23 €",20%
905314,502135,1064,L,3,"33,05 €",0.2
905315,502136,1042,S,2,"49,99 €",40%
905316,502137,1231,M,1,"35,23 €",40%
905317,502137,1203,S,1,"19,01 €",10%
905318,502138,1351,XL,1,"26,88 €",50%
905319,502138,1124,41,1,"77,92 €",0.3
905320,502138,1070,M,1,"27,27 €",50%
905321,502138,1286,M,1,"28,43 €",20%
905322,502138,1028,s,1,"48,82 €",20
905323,502138,1100,37,2,"49,80 €",10%
905324,502139,1168,M,1,"19,82 €",0%
905325,502139,1013,S,1,"31,03 €",20%
905326,502140,1132,36,2,"72,05 €",0.4
905327,502140,1041,M,1,"57,12 €",20
905328,502141,1305,Talla XL,1,"32,92 €",0%
905329,502141,1398,Talla L,1,"25,22 €",0%
905330,502142,1193,M,1,"20,23 €",0.2
905331,502143,1130,37,2,"73,00 €",40%
905332,502143,1111,Talla 40,1,"59,92 €",20
905333,502143,1283,l,1,"24,64 €",0.2
905334,502143,1362,Talla XL,1,"26,07 €",0.4
905335,502144,1229,S,1,"38,72 €",40%
905336,502144,1346,M,1,"45,31 €",30%
905337,502144,1135,40,1,"71,49 €",10%
905338,502144,1061,S,1,"46,35 €",30%
905339,502145,1113,40,1,"38,95 €",0%
905340,502145,1053,S,1,"38,51 €",40
905341,502145,1111,38,1,"59,92 €",20%
905342,502145,1315,XS,1,"32,56 €",50
905343,502146,1207,L,1,"16,71 €",10%
905344,502146,1053,Talla L,1,"38,51 €",0%
905345,502146,1230,M,1,"25,06 €",0.1
905346,502146,1201,L,2,"24,28 €",20%
905347,502147,1231,Talla XL,1,"35,23 €",20
905348,502147,1200,XL,2,"21,79 €",0
905349,502148,1049,S,1,"47,10 €",0.4
905350,502148,1163,S,3,"22,89 €",0.4
905351,502148,1188,XL,1,"23,94 €",10
905352,502149,1319,Talla S,2,"30,13 €",0.2
905353,502149,1204,m,1,"12,35 €",0.1
905354,502150,1068,Talla XL,2,"49,68 €",40%
905355,502151,1027,m,1,"34,91 €",0
905356,502151,1204,M,1,"12,35 €",0%
905357,502152,1257,S,1,"41,13 €",0.2
905358,502153,1204,M,1,"12,35 €",0%
905359,502153,1323,XS,1,"32,89 €",0.0
905360,502154,1334,M,1,"41,41 €",10%
905361,502154,1061,M,1,"46,35 €",20%
905362,502154,1158,37,1,"44,36 €",0.1
905363,502155,1226,S,1,"35,69 €",0
905364,502155,1351,XS,1,"26,88 €",0.0
905365,502156,1204,XS,2,"12,35 €",40
905366,502156,1338,M,1,"61,23 €",0.3
905367,502157,1127,37,1,"79,76 €",40%
905368,502158,1359,XL,3,"29,93 €",30%
905369,502158,1101,40,1,"57,43 €",50%
905370,502159,1061,M,1,"46,35 €",20%
905371,502159,1144,39,1,"75,61 €",10
905372,502159,1016,M,2,"58,66 €",0.2
905373,502159,1139,Talla 39,1,"49,46 €",0.5
905374,502159,1367,M,1,"13,47 €",0.0
905375,502159,1040,Talla M,2,"49,21 €",30
905376,502159,1094,41,1,"61,63 €",10
905377,502160,1042,m,1,"49,99 €",0.4
905378,502161,1190,s,2,"19,61 €",30
905379,502161,1072,M,2,"46,42 €",0%
905380,502161,1010,m,1,"32,90 €",30%
905381,502161,1384,M,3,"25,64 €",40%
905382,502162,1042,M,1,"49,99 €",0.4
905383,502162,1345,XS,2,"85,68 €",0.2
905384,502163,1114,39,1,"41,35 €",20%
905385,502163,1014,l,1,"48,60 €",10%
905386,502163,1388,m,1,"15,95 €",20
905387,502163,1204,s,1,"12,35 €",0.2
905388,502164,1349,S,3,"53,20 €",30%
905389,502165,1384,Talla S,2,"25,64 €",0
905390,502165,1013,S,1,"31,03 €",0
905391,502165,1197,XS,1,"14,87 €",0%
905392,502165,1318,L,1,"40,14 €",0%
905393,502165,1354,S,1,"10,85 €",0%
905394,502166,1070,M,1,"27,27 €",0.3
905395,502166,1121,38,3,"72,81 €",0.2
905396,502166,1397,M,1,"20,12 €",20%
905397,502167,1193,M,1,"20,23 €",0%
905398,502167,1208,Talla M,1,"22,70 €",10
905399,502168,1044,l,1,"36,91 €",0.0
905400,502168,1284,XS,1,"20,70 €",0.2
905401,502168,1299,XL,1,"43,49 €",0.2
905402,502169,1169,XS,1,"14,75 €",0.3
905403,502169,1305,Talla L,1,"32,92 €",40%
905404,502169,1027,S,1,"34,91 €",30%
905405,502170,1288,S,1,"30,24 €",30
905406,502170,1118,40,1,"79,30 €",0.2
905407,502170,1107,40,1,"55,33 €",40%
905408,502170,1123,Talla 41,1,"77,67 €",0.0
905409,502170,1121,40,1,"72,81 €",30%
905410,502171,1042,m,2,"49,99 €",40
905411,502171,1235,L,1,"34,51 €",30%
905412,502172,1106,Talla 38,1,"73,33 €",20
905413,502172,1315,Talla M,1,"32,56 €",0
905414,502172,1061,XL,1,"46,35 €",10%
905415,502173,1111,37,2,"59,92 €",0.0
905416,502173,1315,M,1,"32,56 €",0.1
905417,502174,1172,L,1,"18,98 €",0.1
905418,502174,1365,S,1,"27,56 €",0.1
905419,502174,1366,XS,1,"26,15 €",0
905420,502175,1280,S,3,"29,54 €",20
905421,502175,1229,Talla S,1,"38,72 €",10%
905422,502175,1036,Talla M,1,"51,15 €",20%
905423,502175,1197,S,1,"14,87 €",0
905424,502176,1378,l,2,"21,35 €",40
905425,502177,1029,xl,1,"31,92 €",0%
905426,502178,1143,37,1,"54,97 €",0%
905427,502178,1204,M,1,"12,35 €",0
905428,502178,1105,40,1,"77,31 €",0.0
905429,502179,1243,L,1,"42,14 €",0.4
905430,502179,1229,M,1,"38,72 €",20
905431,502179,1286,XL,1,"28,43 €",0.0
905432,502179,1204,L,1,"12,35 €",40%
905433,502179,1369,Talla L,1,"15,16 €",40%
905434,502179,1030,S,1,"46,38 €",0.3
905435,502180,1367,M,1,"13,47 €",0.0
905436,502180,1266,S,1,"33,10 €",0%
905437,502180,1157,39,1,"47,95 €",0.0
905438,502180,1294,L,2,"28,15 €",0.0
905439,502181,1136,Talla 36,2,"73,76 €",50%
905440,502181,1140,38,1,"39,31 €",0%
905441,502182,1152,Talla 40,1,"48,30 €",10
905442,502182,1141,38,1,"47,53 €",0.2
905443,502183,1042,Talla S,1,"49,99 €",40%
905444,502183,1055,M,1,"33,15 €",10
905445,502184,1169,XL,1,"14,75 €",0.2
905446,502184,1286,M,1,"28,43 €",10
905447,502184,1347,l,1,"80,46 €",20
905448,502185,1285,L,1,"39,82 €",0.4
905449,502186,1042,M,1,"49,99 €",40%
905450,502186,1187,M,1,"17,31 €",0.0
905451,502187,1314,S,1,"42,15 €",20
905452,502187,1242,M,1,"38,06 €",0.2
905453,502187,1384,XS,1,"25,64 €",0.1
905454,502187,1039,S,1,"53,52 €",0.2
905455,502188,1396,xl,1,"15,65 €",0%
905456,502188,1312,xs,1,"35,92 €",30%
905457,502188,1285,L,1,"39,82 €",10
905458,502188,1250,L,1,"31,36 €",20
905459,502188,1390,M,1,"19,91 €",30%
905460,502188,1159,38,1,"51,99 €",0.1
905461,502188,1223,l,1,"29,79 €",0.3
905462,502189,1158,39,1,"44,36 €",20%
905463,502189,1204,M,3,"12,35 €",20
905464,502189,1204,S,1,"12,35 €",20%
905465,502189,1315,M,2,"32,56 €",0%
905466,502190,1224,S,1,"25,88 €",30%
905467,502190,1110,40,1,"37,86 €",10
905468,502190,1062,L,1,"43,22 €",30%
905469,502190,1090,XL,1,"34,56 €",20
905470,502190,1376,L,1,"26,99 €",0.3
905471,502190,1194,M,3,"22,75 €",0.2
905472,502191,1075,S,1,"43,55 €",0.1
905473,502191,1379,S,1,"31,72 €",0.0
905474,502191,1100,40,1,"49,80 €",0.0
905475,502191,1374,XS,1,"12,90 €",0%
905476,502191,1064,M,1,"33,05 €",0.0
905477,502192,1040,L,1,"49,21 €",40%
905478,502193,1342,m,1,"54,22 €",0.2
905479,502193,1315,XL,1,"32,56 €",30%
905480,502194,1303,XS,1,"34,22 €",0.4
905481,502195,1118,Talla 38,2,"79,30 €",0%
905482,502195,1255,XL,1,"31,35 €",0.0
905483,502196,1314,L,1,"42,15 €",20
905484,502196,1372,Talla L,2,"28,06 €",20%
905485,502197,1029,M,1,"31,92 €",0.4
905486,502198,1204,xl,1,"12,35 €",10%
905487,502198,1133,40,1,"48,67 €",30%
905488,502199,1277,L,1,"28,10 €",0%
905489,502199,1206,M,1,"15,68 €",0
905490,502199,1038,M,1,"27,52 €",0.0
905491,502200,1043,S,1,"54,13 €",10%
905492,502200,1130,38,1,"73,00 €",40%
905493,502201,1303,XS,1,"34,22 €",40
905494,502202,1198,Talla XS,1,"16,38 €",10%
905495,502202,1275,M,1,"24,89 €",10%
905496,502202,1145,39,1,"44,56 €",0.2
905497,502203,1285,M,1,"39,82 €",0.0
905498,502203,1015,XL,1,"33,85 €",0
905499,502203,1365,XS,1,"27,56 €",0.0
905500,502203,1276,XS,1,"24,73 €",0
905501,502203,1214,Talla S,1,"17,10 €",20
905502,502204,1042,L,1,"49,99 €",40
905503,502204,1396,S,1,"15,65 €",40%
905504,502205,1163,Talla L,2,"22,89 €",40
905505,502205,1215,M,1,"23,23 €",0%
905506,502205,1243,XL,1,"42,14 €",20
905507,502206,1136,39,1,"73,76 €",10%
905508,502206,1254,M,1,"42,10 €",0.2
905509,502207,1260,S,1,"41,99 €",0.1
905510,502207,1014,S,1,"48,60 €",30%
905511,502207,1394,XL,1,"26,56 €",30%
905512,502208,1347,L,1,"80,46 €",0.3
905513,502208,1319,XS,1,"30,13 €",20%
905514,502208,1038,L,1,"27,52 €",0.4
905515,502209,1362,XS,2,"26,07 €",20
905516,502209,1379,M,1,"31,72 €",0%
905517,502209,1166,S,1,"15,50 €",0
905518,502210,1273,S,1,"32,69 €",20%
905519,502210,1169,m,1,"14,75 €",0.1
905520,502210,1282,L,1,"36,05 €",0
905521,502211,1175,S,1,"17,99 €",20%
905522,502211,1107,38,1,"55,33 €",40%
905523,502212,1211,L,1,"12,54 €",20%
905524,502212,1192,M,1,"13,33 €",0
905525,502213,1077,L,1,"57,81 €",20%
905526,502214,1052,XS,1,"52,18 €",0%
905527,502214,1400,Talla S,1,"25,30 €",0
905528,502214,1158,41,1,"44,36 €",0
905529,502215,1315,M,1,"32,56 €",0%
905530,502215,1302,S,1,"47,49 €",0%
905531,502216,1184,M,1,"14,15 €",0.0
905532,502216,1211,Talla L,1,"12,54 €",0
905533,502217,1053,m,1,"38,51 €",0.3
905534,502217,1239,S,3,"31,88 €",30
905535,502217,1328,l,1,"51,49 €",0.4
905536,502217,1202,M,1,"20,61 €",30
905537,502218,1240,XS,1,"41,66 €",0
905538,502218,1167,M,1,"18,87 €",0%
905539,502218,1023,XL,3,"31,99 €",10
905540,502218,1058,XS,2,"51,95 €",0.0
905541,502218,1399,XS,1,"31,60 €",10%
905542,502218,1016,XS,1,"58,66 €",0
905543,502219,1042,L,1,"49,99 €",0.4
905544,502219,1252,S,1,"33,85 €",0.4
905545,502219,1200,Talla M,1,"21,79 €",10
905546,502219,1357,M,3,"16,44 €",0.1
905547,502220,1393,XS,1,"13,58 €",0.0
905548,502221,1085,M,1,"41,61 €",0%
905549,502221,1204,L,1,"12,35 €",0%
905550,502221,1204,M,3,"12,35 €",0%
905551,502222,1052,M,1,"52,18 €",20%
905552,502222,1373,L,1,"14,01 €",0%
905553,502222,1121,40,3,"72,81 €",0.2
905554,502223,1204,L,1,"12,35 €",0
905555,502224,1136,40,1,"73,76 €",0.1
905556,502224,1255,XS,1,"31,35 €",30
905557,502224,1123,41,3,"77,67 €",20%
905558,502224,1266,M,1,"33,10 €",10
905559,502225,1362,Talla M,2,"26,07 €",0.2
905560,502225,1176,Talla L,1,"23,41 €",20
905561,502225,1106,Talla 40,1,"73,33 €",20
905562,502226,1366,S,1,"26,15 €",0.0
905563,502227,1168,XS,1,"19,82 €",0.2
905564,502228,1042,L,1,"49,99 €",0.4
905565,502228,1106,Talla 37,2,"73,33 €",30%
905566,502229,1336,Talla XL,3,"80,41 €",10%
905567,502230,1176,S,1,"23,41 €",0.3
905568,502230,1206,Talla S,1,"15,68 €",30%
905569,502230,1051,M,1,"46,46 €",20%
905570,502231,1095,Talla 40,1,"41,57 €",0%
905571,502231,1335,S,1,"70,30 €",30
905572,502231,1017,M,1,"33,77 €",0.2
905573,502231,1285,XS,1,"39,82 €",0.5
905574,502231,1323,L,1,"32,89 €",0.2
905575,502232,1028,Talla L,2,"48,82 €",10%
905576,502232,1094,42,1,"61,63 €",30%
905577,502233,1337,XS,1,"63,78 €",50%
905578,502233,1390,S,1,"19,91 €",0
905579,502234,1106,39,1,"73,33 €",0.2
905580,502234,1052,s,1,"52,18 €",10%
905581,502235,1113,39,2,"38,95 €",20%
905582,502235,1229,L,1,"38,72 €",0.1
905583,502235,1248,S,1,"44,58 €",0.1
905584,502236,1116,40,1,"50,71 €",0.4
905585,502236,1060,S,1,"48,04 €",10%
905586,502236,1145,36,1,"44,56 €",0.5
905587,502237,1042,Talla L,1,"49,99 €",40%
905588,502238,1246,L,3,"32,78 €",0.1
905589,502238,1305,L,1,"32,92 €",0.4
905590,502239,1263,Talla M,1,"39,31 €",0%
905591,502239,1321,xl,1,"37,98 €",30%
905592,502240,1228,M,1,"37,14 €",0.3
905593,502240,1182,M,1,"16,74 €",30
905594,502240,1388,M,1,"15,95 €",20
905595,502241,1032,m,1,"29,90 €",50%
905596,502241,1193,XS,1,"20,23 €",20%
905597,502241,1007,s,1,"30,50 €",30%
905598,502242,1376,XL,2,"26,99 €",10%
905599,502242,1318,m,1,"40,14 €",30
905600,502243,1235,M,3,"34,51 €",10%
905601,502244,1204,Talla XL,2,"12,35 €",0
905602,502244,1222,XL,1,"27,70 €",0.1
905603,502245,1328,XL,1,"51,49 €",0.2
905604,502245,1191,M,1,"20,63 €",30%
905605,502245,1226,M,1,"35,69 €",20
905606,502245,1305,l,1,"32,92 €",0.4
905607,502246,1348,L,1,"54,42 €",0.0
905608,502246,1242,XS,1,"38,06 €",0.0
905609,502246,1395,M,1,"20,05 €",0%
905610,502246,1182,S,1,"16,74 €",0%
905611,502246,1204,M,1,"12,35 €",0.0
905612,502247,1254,S,1,"42,10 €",0%
905613,502247,1096,Talla 41,1,"53,68 €",0
905614,502248,1053,xl,2,"38,51 €",30%
905615,502248,1214,L,2,"17,10 €",20%
905616,502248,1235,L,1,"34,51 €",30%
905617,502248,1034,L,1,"42,28 €",0.1
905618,502248,1148,36,1,"36,02 €",50
905619,502249,1094,Talla 39,1,"61,63 €",0.0
905620,502250,1036,Talla L,1,"51,15 €",40
905621,502250,1342,m,1,"54,22 €",30%
905622,502250,1273,Talla M,1,"32,69 €",10
905623,502251,1263,M,1,"39,31 €",0.1
905624,502252,1124,39,1,"77,92 €",0.1
905625,502252,1277,S,1,"28,10 €",0.3
905626,502253,1008,XL,1,"54,28 €",0.2
905627,502254,1066,XS,2,"34,07 €",20
905628,502254,1011,L,1,"58,99 €",0.3
905629,502254,1247,XS,1,"43,39 €",30%
905630,502255,1098,39,1,"38,24 €",50
905631,502256,1138,36,1,"48,26 €",0.2
905632,502256,1400,L,1,"25,30 €",40
905633,502256,1148,39,2,"36,02 €",50%
905634,502256,1016,L,2,"58,66 €",30%
905635,502256,1317,S,1,"27,13 €",10
905636,502257,1042,M,1,"49,99 €",0.4
905637,502258,1142,40,1,"75,44 €",0.3
905638,502258,1136,41,1,"73,76 €",10
905639,502258,1036,S,1,"51,15 €",30%
905640,502258,1077,L,1,"57,81 €",0.2
905641,502258,1371,xs,1,"33,17 €",20%
905642,502258,1256,Talla L,2,"30,08 €",30%
905643,502259,1229,L,2,"38,72 €",0%
905644,502260,1042,M,1,"49,99 €",40
905645,502261,1259,M,1,"30,24 €",0.3
905646,502261,1219,M,2,"17,73 €",10
905647,502261,1379,S,1,"31,72 €",50%
905648,502262,1372,XL,1,"28,06 €",40
905649,502262,1216,L,3,"17,83 €",10%
905650,502263,1107,39,1,"55,33 €",0%
905651,502263,1066,M,2,"34,07 €",0%
905652,502263,1036,L,1,"51,15 €",0.0
905653,502263,1399,M,1,"31,60 €",0
905654,502263,1115,40,1,"64,90 €",0%
905655,502264,1164,M,1,"18,58 €",40%
905656,502264,1362,M,1,"26,07 €",20%
905657,502264,1234,M,1,"26,50 €",30%
905658,502265,1285,Talla XL,1,"39,82 €",50%
905659,502265,1198,M,1,"16,38 €",30%
905660,502265,1210,Talla L,1,"18,98 €",30%
905661,502266,1072,xl,1,"46,42 €",0.3
905662,502266,1351,Talla L,1,"26,88 €",0.4
905663,502266,1292,M,2,"32,80 €",10%
905664,502266,1189,Talla S,1,"16,40 €",0.2
905665,502267,1336,XS,1,"80,41 €",0%
905666,502267,1148,40,1,"36,02 €",0
905667,502268,1229,M,1,"38,72 €",20%
905668,502268,1034,S,3,"42,28 €",0
905669,502269,1208,m,1,"22,70 €",0.3
905670,502270,1229,M,1,"38,72 €",0.1
905671,502270,1095,37,3,"41,57 €",10%
905672,502271,1339,XL,1,"55,93 €",30%
905673,502272,1234,Talla M,2,"26,50 €",10
905674,502273,1277,M,1,"28,10 €",0%
905675,502274,1327,l,2,"77,26 €",10%
905676,502275,1307,L,1,"42,98 €",20
905677,502276,1015,XL,1,"33,85 €",10%
905678,502277,1229,M,1,"38,72 €",0.0
905679,502277,1061,L,1,"46,35 €",10
905680,502277,1203,S,2,"19,01 €",20%
905681,502278,1148,39,1,"36,02 €",40%
905682,502278,1237,S,1,"35,53 €",40
905683,502279,1284,L,1,"20,70 €",30%
905684,502279,1036,M,1,"51,15 €",20%
905685,502280,1085,l,1,"41,61 €",30%
905686,502280,1117,40,1,"49,56 €",20%
905687,502281,1191,Talla XL,1,"20,63 €",0.4
905688,502281,1027,XS,1,"34,91 €",0.5
905689,502282,1027,M,1,"34,91 €",0.1
905690,502283,1204,L,1,"12,35 €",10%
905691,502283,1354,M,1,"10,85 €",0.2
905692,502284,1381,M,1,"34,45 €",0
905693,502284,1077,M,1,"57,81 €",0%
905694,502284,1014,M,1,"48,60 €",0.5
905695,502285,1322,M,1,"33,07 €",0.4
905696,502286,1098,40,1,"38,24 €",0.2
905697,502286,1006,Talla XL,1,"40,90 €",10%
905698,502286,1204,M,2,"12,35 €",0%
905699,502287,1284,m,1,"20,70 €",0%
905700,502287,1169,s,1,"14,75 €",0.0
905701,502287,1014,Talla M,1,"48,60 €",20%
905702,502287,1038,XS,1,"27,52 €",0%
905703,502287,1336,M,1,"80,41 €",0.0
905704,502288,1203,S,1,"19,01 €",0.0
905705,502288,1134,40,1,"31,21 €",0.2
905706,502288,1131,38,1,"55,67 €",0
905707,502288,1204,S,1,"12,35 €",0.1
905708,502289,1074,M,1,"27,23 €",50%
905709,502289,1106,38,2,"73,33 €",0.3
905710,502289,1095,39,1,"41,57 €",20%
905711,502290,1199,M,1,"21,22 €",20
905712,502290,1024,L,1,"56,24 €",0.3
905713,502291,1036,L,1,"51,15 €",0%
905714,502291,1375,Talla M,1,"22,99 €",0.0
905715,502291,1211,m,2,"12,54 €",0.1
905716,502291,1074,M,1,"27,23 €",0.0
905717,502291,1374,xs,1,"12,90 €",0%
905718,502292,1218,S,1,"23,13 €",0.2
905719,502293,1285,M,1,"39,82 €",0.1
905720,502293,1127,38,1,"79,76 €",0.0
905721,502293,1035,XL,1,"57,32 €",0.0
905722,502294,1145,38,1,"44,56 €",0.3
905723,502294,1217,S,1,"12,11 €",10
905724,502294,1143,38,1,"54,97 €",0.1
905725,502294,1289,Talla M,1,"22,39 €",30%
905726,502295,1042,L,1,"49,99 €",0.4
905727,502295,1322,XL,2,"33,07 €",0%
905728,502296,1136,40,1,"73,76 €",0%
905729,502296,1257,L,1,"41,13 €",0.0
905730,502296,1010,Talla S,1,"32,90 €",0%
905731,502297,1344,XL,1,"48,33 €",0.2
905732,502298,1172,l,1,"18,98 €",30%
905733,502298,1307,M,1,"42,98 €",10%
905734,502299,1229,M,1,"38,72 €",20
905735,502299,1204,L,2,"12,35 €",0.2
905736,502299,1346,M,1,"45,31 €",10%
905737,502299,1346,M,1,"45,31 €",10%
905738,502300,1250,L,1,"31,36 €",10%
905739,502300,1011,XS,1,"58,99 €",0.3
905740,502301,1168,XS,2,"19,82 €",50%
905741,502301,1095,37,1,"41,57 €",10
905742,502301,1211,M,1,"12,54 €",30%
905743,502302,1285,L,1,"39,82 €",0.1
905744,502302,1368,xs,1,"20,18 €",0.2
905745,502302,1136,40,1,"73,76 €",30%
905746,502302,1125,Talla 41,1,"51,19 €",0%
905747,502302,1050,L,1,"52,78 €",0.0
905748,502303,1034,M,1,"42,28 €",0.3
905749,502303,1208,M,1,"22,70 €",0.2
905750,502304,1095,Talla 38,1,"41,57 €",0.2
905751,502305,1331,Talla S,1,"73,27 €",30%
905752,502305,1270,S,1,"37,43 €",0.4
905753,502305,1071,S,1,"29,62 €",30
905754,502305,1314,Talla L,1,"42,15 €",0.4
905755,502305,1140,41,1,"39,31 €",0%
905756,502305,1026,xl,1,"49,99 €",0.0
905757,502306,1042,S,1,"49,99 €",0.4
905758,502306,1206,M,1,"15,68 €",0%
905759,502306,1204,S,1,"12,35 €",0.0
905760,502306,1311,l,1,"30,25 €",20%
905761,502306,1098,42,1,"38,24 €",10%
905762,502307,1288,M,1,"30,24 €",30%
905763,502308,1280,XL,1,"29,54 €",0
905764,502309,1069,S,2,"29,38 €",30
905765,502310,1315,L,1,"32,56 €",0.0
905766,502310,1175,L,1,"17,99 €",0.1
905767,502311,1144,36,2,"75,61 €",0.0
905768,502311,1054,Talla XL,1,"59,30 €",0.0
905769,502311,1217,M,1,"12,11 €",20
905770,502311,1148,39,1,"36,02 €",0.2
905771,502312,1203,L,1,"19,01 €",20%
905772,502312,1341,S,2,"40,01 €",50%
905773,502312,1219,Talla S,1,"17,73 €",10%
905774,502312,1148,Talla 37,1,"36,02 €",40%
905775,502313,1106,42,1,"73,33 €",20%
905776,502314,1315,M,1,"32,56 €",0.4
905777,502314,1236,S,2,"32,57 €",30%
905778,502314,1261,Talla L,1,"33,18 €",30%
905779,502314,1251,Talla L,1,"41,39 €",40
905780,502314,1039,L,1,"53,52 €",0.0
905781,502315,1316,XL,1,"43,89 €",10%
905782,502316,1400,XS,1,"25,30 €",10
905783,502317,1130,39,1,"73,00 €",0%
905784,502317,1266,S,1,"33,10 €",0%
905785,502317,1196,XL,1,"15,48 €",0.3
905786,502318,1285,XS,1,"39,82 €",0.2
905787,502319,1112,38,1,"78,05 €",0
905788,502319,1050,l,1,"52,78 €",10%
905789,502319,1094,39,1,"61,63 €",0%
905790,502319,1070,XL,1,"27,27 €",0.0
905791,502320,1230,L,1,"25,06 €",30%
905792,502320,1048,L,1,"36,45 €",20%
905793,502320,1358,L,1,"26,83 €",0.2
905794,502320,1366,S,1,"26,15 €",0.2
905795,502321,1305,L,1,"32,92 €",10%
905796,502321,1147,37,1,"30,45 €",0.1
905797,502321,1070,M,2,"27,27 €",30
905798,502322,1297,L,3,"39,25 €",0%
905799,502322,1398,L,1,"25,22 €",10%
905800,502323,1138,36,1,"48,26 €",20%
905801,502324,1312,M,1,"35,92 €",30
905802,502324,1285,S,1,"39,82 €",0.2
905803,502324,1314,m,1,"42,15 €",20
905804,502324,1391,XL,1,"13,83 €",0.2
905805,502324,1305,Talla M,1,"32,92 €",0%
905806,502325,1333,M,1,"89,35 €",10
905807,502325,1262,M,1,"36,87 €",20
905808,502326,1353,M,1,"13,83 €",40%
905809,502327,1157,39,1,"47,95 €",20
905810,502327,1346,Talla L,2,"45,31 €",0.3
905811,502328,1233,L,1,"30,63 €",0
905812,502328,1226,XS,1,"35,69 €",0.0
905813,502328,1185,xl,2,"21,81 €",0
905814,502329,1219,S,1,"17,73 €",0.0
905815,502330,1381,S,2,"34,45 €",0.2
905816,502330,1132,36,1,"72,05 €",30%
905817,502330,1285,L,1,"39,82 €",20
905818,502330,1207,M,1,"16,71 €",0.4
905819,502330,1222,l,1,"27,70 €",20%
905820,502331,1229,XS,1,"38,72 €",0.1
905821,502331,1302,M,1,"47,49 €",0.2
905822,502332,1042,m,1,"49,99 €",0.4
905823,502332,1172,M,2,"18,98 €",40
905824,502333,1304,s,1,"44,49 €",0.2
905825,502333,1066,L,1,"34,07 €",20
905826,502333,1012,M,1,"40,99 €",20
905827,502333,1315,XL,2,"32,56 €",0.2
905828,502334,1132,39,2,"72,05 €",30
905829,502334,1193,S,1,"20,23 €",0.3
905830,502334,1168,M,1,"19,82 €",20%
905831,502335,1106,Talla 39,1,"73,33 €",30%
905832,502335,1136,39,1,"73,76 €",0.2
905833,502335,1106,37,1,"73,33 €",20%
905834,502335,1362,L,2,"26,07 €",0.4
905835,502335,1282,M,2,"36,05 €",0.4
905836,502336,1042,M,1,"49,99 €",0.4
905837,502336,1397,M,1,"20,12 €",30
905838,502336,1176,XL,2,"23,41 €",20
905839,502336,1400,Talla XL,1,"25,30 €",0.2
905840,502336,1065,S,2,"49,52 €",30
905841,502336,1080,s,1,"34,78 €",0%
905842,502336,1076,XL,1,"47,04 €",40
905843,502337,1292,M,1,"32,80 €",20
905844,502337,1012,M,1,"40,99 €",0.1
905845,502338,1042,L,1,"49,99 €",40%
905846,502338,1170,M,1,"12,32 €",50%
905847,502339,1245,M,1,"40,31 €",20
905848,502340,1393,S,1,"13,58 €",0.2
905849,502341,1204,m,1,"12,35 €",0.1
905850,502341,1327,XS,1,"77,26 €",0.2
905851,502342,1177,L,2,"20,83 €",0.4
905852,502342,1219,Talla XS,1,"17,73 €",20
905853,502342,1370,S,1,"32,70 €",0%
905854,502342,1146,36,1,"34,21 €",0.3
905855,502342,1208,L,1,"22,70 €",20
905856,502342,1223,M,2,"29,79 €",40
905857,502343,1315,Talla S,1,"32,56 €",20
905858,502343,1374,s,1,"12,90 €",0.0
905859,502344,1255,M,1,"31,35 €",30%
905860,502345,1204,S,1,"12,35 €",0.2
905861,502345,1258,M,1,"35,14 €",10%
905862,502345,1386,M,1,"32,98 €",50
905863,502346,1078,L,1,"56,16 €",10
905864,502346,1204,M,1,"12,35 €",0%
905865,502346,1165,M,2,"13,35 €",20
905866,502346,1074,m,1,"27,23 €",0.3
905867,502346,1298,XL,1,"30,07 €",20
905868,502347,1042,XS,1,"49,99 €",40%
905869,502347,1240,xl,1,"41,66 €",10
905870,502348,1122,Talla 41,1,"63,66 €",10
905871,502348,1013,XL,1,"31,03 €",0.3
905872,502349,1250,Talla S,2,"31,36 €",0.0
905873,502349,1061,XL,1,"46,35 €",10%
905874,502349,1365,M,2,"27,56 €",10%
905875,502349,1052,S,1,"52,18 €",0.1
905876,502349,1037,L,1,"41,52 €",40%
905877,502349,1326,M,1,"67,24 €",0.2
905878,502349,1085,S,1,"41,61 €",10%
905879,502349,1040,Talla L,1,"49,21 €",0
905880,502350,1042,m,1,"49,99 €",0.4
905881,502350,1322,s,1,"33,07 €",10%
905882,502351,1197,Talla M,1,"14,87 €",0%
905883,502351,1004,S,1,"45,55 €",0.3
905884,502352,1161,L,3,"23,07 €",0.2
905885,502352,1252,L,1,"33,85 €",10
905886,502352,1115,Talla 42,2,"64,90 €",20%
905887,502352,1245,XL,1,"40,31 €",40
905888,502353,1027,s,1,"34,91 €",30
905889,502353,1001,Talla M,1,"32,57 €",20%
905890,502354,1327,L,1,"77,26 €",0.3
905891,502355,1153,39,1,"46,79 €",20%
905892,502356,1014,M,1,"48,60 €",20
905893,502356,1144,38,1,"75,61 €",0.2
905894,502357,1262,S,1,"36,87 €",0.3
905895,502357,1203,l,1,"19,01 €",0.3
905896,502357,1066,M,1,"34,07 €",20
905897,502357,1348,Talla L,2,"54,42 €",0.2
905898,502358,1047,L,1,"27,30 €",40%
905899,502358,1208,M,2,"22,70 €",10
905900,502358,1362,l,1,"26,07 €",20
905901,502359,1210,m,1,"18,98 €",0.3
905902,502359,1035,XL,2,"57,32 €",0.2
905903,502360,1328,M,1,"51,49 €",0.4
905904,502360,1346,S,1,"45,31 €",0.1
905905,502360,1052,XS,1,"52,18 €",10
905906,502361,1374,S,1,"12,90 €",0.1
905907,502362,1141,41,2,"47,53 €",0.1
905908,502362,1020,XS,1,"35,48 €",30%
905909,502362,1314,XL,1,"42,15 €",0.4
905910,502363,1130,39,1,"73,00 €",50
905911,502363,1280,L,1,"29,54 €",20%
905912,502364,1254,L,1,"42,10 €",20%
905913,502364,1364,M,1,"11,29 €",30%
905914,502365,1172,XL,1,"18,98 €",30
905915,502365,1315,L,1,"32,56 €",0.0
905916,502366,1336,M,1,"80,41 €",0
905917,502366,1180,Talla L,1,"17,79 €",0.0
905918,502366,1337,M,1,"63,78 €",0.0
905919,502366,1142,42,1,"75,44 €",0%
905920,502367,1169,Talla L,1,"14,75 €",10
905921,502368,1028,M,1,"48,82 €",0.2
905922,502368,1203,Talla XL,3,"19,01 €",20%
905923,502368,1224,S,1,"25,88 €",0.3
905924,502369,1266,XS,1,"33,10 €",0.1
905925,502369,1061,XS,1,"46,35 €",20
905926,502370,1141,40,1,"47,53 €",0.2
905927,502370,1305,m,1,"32,92 €",20%
905928,502370,1064,Talla S,3,"33,05 €",50
905929,502371,1312,L,1,"35,92 €",20%
905930,502372,1187,XS,2,"17,31 €",0.3
905931,502372,1204,Talla S,1,"12,35 €",0.3
905932,502372,1352,S,1,"12,43 €",40
905933,502372,1134,39,1,"31,21 €",10%
905934,502372,1168,S,2,"19,82 €",0.5
905935,502372,1147,41,1,"30,45 €",0.4
905936,502372,1113,Talla 39,1,"38,95 €",0.2
905937,502373,1362,S,1,"26,07 €",0
905938,502373,1119,36,1,"55,00 €",40
905939,502373,1216,M,1,"17,83 €",0.5
905940,502373,1133,42,1,"48,67 €",0.1
905941,502374,1198,S,1,"16,38 €",0.1
905942,502374,1069,M,1,"29,38 €",50
905943,502375,1097,40,1,"45,52 €",30%
905944,502375,1310,XS,1,"40,69 €",10%
905945,502375,1191,xl,1,"20,63 €",20
905946,502375,1279,L,3,"28,28 €",20%
905947,502376,1220,S,1,"18,87 €",30%
905948,502376,1198,L,1,"16,38 €",0.1
905949,502376,1344,XS,2,"48,33 €",10
905950,502377,1038,S,1,"27,52 €",10%
905951,502377,1319,S,1,"30,13 €",10%
905952,502377,1204,Talla XL,2,"12,35 €",30%
905953,502378,1073,M,1,"26,22 €",0.1
905954,502378,1204,M,2,"12,35 €",0
905955,502378,1067,M,2,"32,97 €",30%
905956,502379,1299,L,1,"43,49 €",0.4
905957,502379,1234,XS,1,"26,50 €",30
905958,502379,1113,Talla 37,2,"38,95 €",20%
905959,502379,1013,M,2,"31,03 €",40%
905960,502379,1070,L,1,"27,27 €",30
905961,502379,1344,M,1,"48,33 €",30%
905962,502380,1334,M,1,"41,41 €",0.4
905963,502381,1042,L,2,"49,99 €",0.4
905964,502381,1186,XS,1,"16,09 €",30%
905965,502381,1053,XL,1,"38,51 €",0.5
905966,502382,1080,m,1,"34,78 €",0.4
905967,502382,1054,xs,1,"59,30 €",0.2
905968,502383,1197,Talla L,1,"14,87 €",40
905969,502383,1284,XS,1,"20,70 €",0.2
905970,502383,1176,L,2,"23,41 €",20
905971,502383,1026,S,1,"49,99 €",0.0
905972,502384,1285,S,1,"39,82 €",0.0
905973,502385,1346,Talla L,1,"45,31 €",20%
905974,502385,1032,M,1,"29,90 €",40%
905975,502386,1037,S,1,"41,52 €",10%
905976,502386,1140,42,3,"39,31 €",20%
905977,502387,1315,M,1,"32,56 €",30
905978,502387,1070,XS,1,"27,27 €",0
905979,502387,1219,L,2,"17,73 €",30%
905980,502387,1064,L,1,"33,05 €",0.1
905981,502388,1390,m,1,"19,91 €",0.1
905982,502389,1185,L,1,"21,81 €",30
905983,502390,1139,41,1,"49,46 €",0
905984,502391,1100,38,1,"49,80 €",0.4
905985,502391,1094,Talla 40,1,"61,63 €",20%
905986,502391,1135,39,2,"71,49 €",20%
905987,502391,1394,l,1,"26,56 €",30
905988,502391,1357,Talla S,1,"16,44 €",0.1
905989,502392,1111,38,1,"59,92 €",0%
905990,502392,1097,36,2,"45,52 €",0.0
905991,502393,1114,38,3,"41,35 €",0.1
905992,502393,1183,S,1,"22,12 €",10%
905993,502393,1189,S,1,"16,40 €",0.1
905994,502394,1036,XS,1,"51,15 €",20%
905995,502395,1094,Talla 36,2,"61,63 €",0
905996,502395,1346,m,1,"45,31 €",0
905997,502395,1074,L,1,"27,23 €",0.0
905998,502396,1135,Talla 39,1,"71,49 €",0
905999,502396,1028,M,1,"48,82 €",20
906000,502397,1373,M,2,"14,01 €",20%
906001,502397,1357,M,1,"16,44 €",50
906002,502397,1197,L,1,"14,87 €",10%
906003,502397,1357,Talla S,2,"16,44 €",30%
906004,502397,1094,37,1,"61,63 €",20%
906005,502397,1004,M,2,"45,55 €",0.0
906006,502398,1055,S,1,"33,15 €",40%
906007,502398,1229,s,1,"38,72 €",0.1
906008,502398,1160,39,1,"65,05 €",0.4
906009,502398,1072,Talla XL,1,"46,42 €",10
906010,502399,1038,M,1,"27,52 €",0.2
906011,502399,1298,L,1,"30,07 €",10
906012,502399,1383,L,1,"20,95 €",0.4
906013,502400,1070,Talla L,1,"27,27 €",0.0
906014,502400,1225,S,1,"39,08 €",0
906015,502401,1362,Talla XS,1,"26,07 €",0.4
906016,502401,1383,Talla L,1,"20,95 €",0.3
906017,502401,1277,XS,1,"28,10 €",30%
906018,502402,1276,Talla L,3,"24,73 €",0.0
906019,502402,1362,M,1,"26,07 €",0.0
906020,502403,1042,xl,1,"49,99 €",40
906021,502403,1315,XS,1,"32,56 €",30
906022,502404,1278,L,1,"29,80 €",20
906023,502404,1141,37,1,"47,53 €",10
906024,502404,1357,S,1,"16,44 €",30%
906025,502404,1015,S,1,"33,85 €",10%
906026,502404,1315,L,1,"32,56 €",30%
906027,502404,1073,S,1,"26,22 €",0.2
906028,502405,1268,s,1,"36,99 €",50
906029,502405,1353,L,2,"13,83 €",30%
906030,502405,1013,XL,1,"31,03 €",10
906031,502406,1315,XL,1,"32,56 €",50%
906032,502406,1083,L,1,"54,14 €",20%
906033,502406,1193,M,3,"20,23 €",0.3
906034,502407,1165,xs,2,"13,35 €",40%
906035,502407,1098,37,1,"38,24 €",0.3
906036,502407,1160,36,1,"65,05 €",30
906037,502408,1027,L,1,"34,91 €",0.4
906038,502409,1229,S,1,"38,72 €",0%
906039,502409,1329,l,1,"45,80 €",0
906040,502410,1199,M,1,"21,22 €",30%
906041,502410,1318,L,1,"40,14 €",10
906042,502411,1252,L,2,"33,85 €",0%
906043,502411,1158,38,1,"44,36 €",0
906044,502412,1042,M,1,"49,99 €",40%
906045,502412,1116,Talla 38,1,"50,71 €",0.4
906046,502412,1053,XL,1,"38,51 €",40%
906047,502412,1053,Talla L,1,"38,51 €",10%
906048,502413,1088,l,1,"36,00 €",0.2
906049,502413,1134,38,1,"31,21 €",20%
906050,502413,1135,41,1,"71,49 €",30%
906051,502413,1048,M,2,"36,45 €",10%
906052,502414,1276,m,1,"24,73 €",20%
906053,502415,1067,S,1,"32,97 €",20%
906054,502415,1243,XS,2,"42,14 €",0.2
906055,502416,1262,M,1,"36,87 €",0.2
906056,502416,1020,L,1,"35,48 €",30%
906057,502416,1204,Talla M,2,"12,35 €",10%
906058,502416,1032,M,1,"29,90 €",0.2
906059,502416,1288,L,1,"30,24 €",20
906060,502417,1300,XS,1,"32,84 €",20%
906061,502417,1182,XL,1,"16,74 €",40%
906062,502417,1048,l,1,"36,45 €",0.2
906063,502418,1038,Talla S,2,"27,52 €",20%
906064,502418,1250,L,1,"31,36 €",0.3
906065,502418,1390,l,1,"19,91 €",30%
906066,502418,1226,M,2,"35,69 €",20%
906067,502419,1091,38,3,"75,99 €",0.2
906068,502420,1229,XL,1,"38,72 €",20%
906069,502420,1362,S,1,"26,07 €",0
906070,502420,1185,S,3,"21,81 €",0.3
906071,502421,1204,L,1,"12,35 €",40%
906072,502421,1346,m,1,"45,31 €",30%
906073,502422,1113,39,1,"38,95 €",0%
906074,502423,1288,S,1,"30,24 €",30
906075,502423,1134,36,1,"31,21 €",30
906076,502423,1303,XL,1,"34,22 €",30%
906077,502423,1184,L,1,"14,15 €",0.3
906078,502424,1285,L,1,"39,82 €",0%
906079,502424,1101,39,1,"57,43 €",0.2
906080,502424,1362,L,1,"26,07 €",0.4
906081,502425,1225,XS,1,"39,08 €",0
906082,502425,1285,M,1,"39,82 €",0.2
906083,502425,1136,39,1,"73,76 €",0.2
906084,502425,1324,xs,1,"40,15 €",0
906085,502425,1170,XS,1,"12,32 €",0
906086,502425,1380,Talla M,1,"34,77 €",0
906087,502426,1190,XL,1,"19,61 €",0
906088,502426,1124,37,2,"77,92 €",0.2
906089,502426,1186,s,2,"16,09 €",0.4
906090,502426,1096,Talla 41,1,"53,68 €",30%
906091,502427,1342,S,1,"54,22 €",20
906092,502427,1305,L,1,"32,92 €",10
906093,502427,1252,S,1,"33,85 €",10%
906094,502427,1037,s,3,"41,52 €",20
906095,502428,1368,Talla L,2,"20,18 €",30%
906096,502429,1185,s,1,"21,81 €",40%
906097,502430,1134,37,1,"31,21 €",0%
906098,502430,1253,S,2,"42,45 €",0.2
906099,502430,1040,XS,1,"49,21 €",30%
906100,502430,1095,40,1,"41,57 €",10
906101,502430,1126,36,2,"52,20 €",0.2
906102,502430,1245,S,1,"40,31 €",20%
906103,502431,1203,L,1,"19,01 €",0
906104,502431,1185,XS,1,"21,81 €",0
906105,502431,1276,S,1,"24,73 €",0
906106,502432,1206,M,1,"15,68 €",30
906107,502433,1148,39,1,"36,02 €",0.0
906108,502433,1022,M,1,"36,94 €",0.2
906109,502433,1203,L,1,"19,01 €",30%
906110,502434,1232,M,1,"26,48 €",0.0
906111,502434,1036,S,2,"51,15 €",0%
906112,502435,1042,m,1,"49,99 €",40%
906113,502435,1380,M,1,"34,77 €",20%
906114,502435,1337,Talla XL,1,"63,78 €",50%
906115,502435,1165,XL,1,"13,35 €",0
906116,502436,1058,s,1,"51,95 €",0
906117,502436,1124,39,1,"77,92 €",0
906118,502437,1015,m,2,"33,85 €",0.2
906119,502437,1376,Talla L,3,"26,99 €",10
906120,502437,1087,M,1,"49,59 €",20%
906121,502438,1074,Talla S,1,"27,23 €",0%
906122,502438,1074,L,1,"27,23 €",0%
906123,502438,1220,M,1,"18,87 €",0%
906124,502439,1283,L,1,"24,64 €",0.0
906125,502439,1363,S,1,"31,93 €",10
906126,502439,1353,l,3,"13,83 €",20
906127,502440,1346,XS,1,"45,31 €",0.1
906128,502440,1121,37,1,"72,81 €",0.4
906129,502441,1068,xl,1,"49,68 €",0%
906130,502441,1310,Talla L,1,"40,69 €",0.0
906131,502442,1197,XL,2,"14,87 €",0.2
906132,502442,1111,39,1,"59,92 €",10%
906133,502442,1111,39,2,"59,92 €",0.0
906134,502442,1170,M,1,"12,32 €",0.2
906135,502443,1219,S,1,"17,73 €",0.1
906136,502443,1135,37,1,"71,49 €",10
906137,502444,1362,L,1,"26,07 €",40
906138,502444,1207,Talla XL,1,"16,71 €",0%
906139,502445,1282,M,1,"36,05 €",20%
906140,502445,1252,s,1,"33,85 €",0.2
906141,502445,1211,s,1,"12,54 €",0.1
906142,502446,1042,Talla XS,1,"49,99 €",40%
906143,502446,1105,41,1,"77,31 €",0.3
906144,502446,1282,L,1,"36,05 €",10
906145,502447,1134,38,1,"31,21 €",20%
906146,502448,1207,L,1,"16,71 €",20%
906147,502448,1358,S,1,"26,83 €",10%
906148,502448,1315,S,1,"32,56 €",50
906149,502449,1229,Talla M,1,"38,72 €",20
906150,502449,1362,L,1,"26,07 €",0.4
906151,502450,1210,Talla M,1,"18,98 €",0.2
906152,502450,1123,Talla 38,2,"77,67 €",30%
906153,502451,1108,39,1,"69,72 €",0%
906154,502451,1229,L,1,"38,72 €",0.1
906155,502452,1235,M,1,"34,51 €",0.2
906156,502452,1122,38,1,"63,66 €",10%
906157,502452,1082,M,1,"49,65 €",20
906158,502453,1042,Talla L,1,"49,99 €",0.4
906159,502453,1177,S,1,"20,83 €",10%
906160,502453,1315,L,1,"32,56 €",10%
906161,502453,1176,S,1,"23,41 €",30%
906162,502454,1161,M,1,"23,07 €",20%
906163,502454,1069,S,1,"29,38 €",0.2
906164,502455,1197,Talla L,1,"14,87 €",40%
906165,502455,1400,S,1,"25,30 €",40%
906166,502456,1047,XS,1,"27,30 €",0.1
906167,502457,1203,XL,1,"19,01 €",50
906168,502458,1381,XL,1,"34,45 €",20
906169,502458,1319,Talla L,1,"30,13 €",20%
906170,502458,1388,M,2,"15,95 €",0%
906171,502459,1203,S,1,"19,01 €",20
906172,502460,1219,Talla XL,1,"17,73 €",0.0
906173,502460,1346,Talla M,1,"45,31 €",0
906174,502461,1042,M,1,"49,99 €",40%
906175,502461,1354,XS,1,"10,85 €",0.3
906176,502462,1212,L,1,"12,74 €",30
906177,502462,1234,XS,1,"26,50 €",0.1
906178,502462,1383,S,1,"20,95 €",0.3
906179,502463,1315,S,1,"32,56 €",0.1
906180,502463,1183,XL,1,"22,12 €",0.3
906181,502463,1383,M,2,"20,95 €",40%
906182,502464,1038,S,1,"27,52 €",0%
906183,502464,1357,xs,1,"16,44 €",0.3
906184,502465,1197,XS,1,"14,87 €",0.4
906185,502465,1052,M,1,"52,18 €",0.5
906186,502465,1185,L,1,"21,81 €",0
906187,502465,1087,Talla XL,1,"49,59 €",30%
906188,502466,1206,m,1,"15,68 €",0.0
906189,502466,1204,l,2,"12,35 €",0%
906190,502466,1318,XL,1,"40,14 €",0.0
906191,502467,1363,S,1,"31,93 €",0.4
906192,502468,1136,39,1,"73,76 €",20%
906193,502468,1067,M,1,"32,97 €",10%
906194,502468,1265,Talla S,1,"44,68 €",20
906195,502468,1036,XS,1,"51,15 €",40%
906196,502469,1029,m,1,"31,92 €",10%
906197,502469,1167,XL,3,"18,87 €",0.1
906198,502470,1042,M,1,"49,99 €",40
906199,502470,1371,XL,1,"33,17 €",30
906200,502470,1110,41,1,"37,86 €",20
906201,502471,1013,M,1,"31,03 €",20
906202,502471,1357,l,1,"16,44 €",20%
906203,502472,1131,40,1,"55,67 €",20
906204,502472,1281,M,1,"34,30 €",30%
906205,502473,1367,L,1,"13,47 €",0.2
906206,502473,1084,L,1,"59,12 €",0.2
906207,502473,1045,XS,1,"57,82 €",0.3
906208,502474,1204,L,1,"12,35 €",0.2
906209,502474,1329,XL,2,"45,80 €",40%
906210,502474,1037,M,1,"41,52 €",0.1
906211,502474,1315,XL,1,"32,56 €",0.2
906212,502475,1285,L,2,"39,82 €",0
906213,502475,1245,L,2,"40,31 €",0
906214,502475,1185,XL,1,"21,81 €",0%
906215,502476,1394,m,1,"26,56 €",0.4
906216,502476,1027,S,1,"34,91 €",50%
906217,502476,1148,39,2,"36,02 €",20
906218,502476,1220,M,1,"18,87 €",10%
906219,502477,1392,M,1,"12,73 €",0.2
906220,502478,1259,Talla S,2,"30,24 €",0.2
906221,502478,1165,L,3,"13,35 €",0.0
906222,502479,1149,Talla 37,1,"75,51 €",0.0
906223,502479,1069,Talla XL,1,"29,38 €",30%
906224,502480,1022,L,1,"36,94 €",30%
906225,502481,1042,M,1,"49,99 €",0.4
906226,502482,1363,Talla L,1,"31,93 €",40
906227,502483,1270,Talla L,1,"37,43 €",0.3
906228,502484,1370,l,2,"32,70 €",50%
906229,502484,1242,Talla L,1,"38,06 €",0
906230,502484,1100,Talla 39,1,"49,80 €",10%
906231,502485,1222,L,1,"27,70 €",30%
906232,502485,1015,Talla L,1,"33,85 €",0.1
906233,502485,1362,M,1,"26,07 €",10%
906234,502486,1217,S,1,"12,11 €",0%
906235,502487,1272,M,1,"29,98 €",0
906236,502487,1149,36,1,"75,51 €",0%
906237,502487,1204,M,2,"12,35 €",0.0
906238,502488,1323,S,1,"32,89 €",20%
906239,502488,1336,Talla M,1,"80,41 €",40%
906240,502489,1152,37,1,"48,30 €",20
906241,502489,1346,L,1,"45,31 €",10
906242,502489,1106,Talla 37,1,"73,33 €",0.4
906243,502489,1336,M,1,"80,41 €",20%
906244,502489,1097,36,1,"45,52 €",0.3
906245,502489,1387,xs,1,"10,36 €",30
906246,502490,1327,XL,1,"77,26 €",20%
906247,502491,1151,38,1,"47,09 €",0%
906248,502491,1229,M,1,"38,72 €",0.2
906249,502491,1399,M,1,"31,60 €",10%
906250,502492,1089,XL,2,"33,88 €",20%
906251,502492,1204,l,1,"12,35 €",0.4
906252,502493,1203,L,1,"19,01 €",0.0
906253,502494,1149,40,1,"75,51 €",0.2
906254,502494,1174,M,1,"20,68 €",40
906255,502494,1188,XS,1,"23,94 €",40%
906256,502495,1362,L,1,"26,07 €",10
906257,502495,1395,M,1,"20,05 €",40
906258,502496,1240,Talla S,1,"41,66 €",40
906259,502497,1074,S,1,"27,23 €",50%
906260,502498,1252,L,1,"33,85 €",10
906261,502498,1210,L,1,"18,98 €",40%
906262,502498,1305,XL,1,"32,92 €",10
906263,502498,1278,L,1,"29,80 €",0.3
906264,502498,1265,m,1,"44,68 €",10
906265,502498,1084,Talla M,1,"59,12 €",0.3
906266,502498,1310,S,1,"40,69 €",20%
906267,502499,1325,M,1,"46,91 €",0%
906268,502500,1119,37,3,"55,00 €",20%
906269,502501,1297,M,1,"39,25 €",30
906270,502502,1277,S,1,"28,10 €",10%
906271,502502,1066,M,1,"34,07 €",0.4
906272,502503,1200,L,1,"21,79 €",0.4
906273,502504,1345,XS,1,"85,68 €",0%
906274,502504,1285,m,1,"39,82 €",0%
906275,502504,1053,M,1,"38,51 €",10%
906276,502505,1238,l,2,"36,15 €",0.5
906277,502505,1080,s,1,"34,78 €",0.5
906278,502505,1227,m,1,"25,33 €",0%
906279,502505,1148,37,1,"36,02 €",0.2
906280,502506,1204,M,1,"12,35 €",0%
906281,502506,1320,S,1,"35,05 €",0.1
906282,502506,1285,L,1,"39,82 €",0%
906283,502507,1153,36,1,"46,79 €",20%
906284,502507,1230,Talla L,1,"25,06 €",40%
906285,502507,1344,S,1,"48,33 €",20%
906286,502508,1053,L,1,"38,51 €",0.2
906287,502509,1350,S,1,"57,49 €",0.1
906288,502509,1223,XS,1,"29,79 €",10%
906289,502509,1380,XS,2,"34,77 €",40
906290,502510,1229,XS,1,"38,72 €",10%
906291,502510,1137,39,3,"63,83 €",30
906292,502510,1066,L,1,"34,07 €",10%
906293,502511,1193,L,1,"20,23 €",0
906294,502511,1136,37,1,"73,76 €",0
906295,502512,1013,s,2,"31,03 €",50%
906296,502513,1042,L,1,"49,99 €",0.4
906297,502513,1323,S,1,"32,89 €",0.3
906298,502514,1116,Talla 42,1,"50,71 €",0
906299,502514,1288,M,1,"30,24 €",10
906300,502514,1013,xl,1,"31,03 €",20
906301,502515,1004,M,1,"45,55 €",30%
906302,502515,1281,m,1,"34,30 €",10
906303,502516,1316,M,1,"43,89 €",30
906304,502516,1274,M,1,"39,02 €",30
906305,502516,1197,S,1,"14,87 €",20
906306,502516,1271,Talla L,1,"39,71 €",20
906307,502517,1204,S,1,"12,35 €",20
906308,502517,1266,S,1,"33,10 €",0.0
906309,502517,1283,L,1,"24,64 €",0.1
906310,502517,1279,M,1,"28,28 €",0%
906311,502518,1277,Talla M,1,"28,10 €",0.4
906312,502518,1385,Talla M,1,"28,77 €",10%
906313,502518,1070,L,1,"27,27 €",40%
906314,502518,1136,40,1,"73,76 €",10
906315,502518,1128,36,1,"71,15 €",30%
906316,502519,1197,Talla XL,1,"14,87 €",0.1
906317,502520,1321,m,2,"37,98 €",0%
906318,502520,1345,M,1,"85,68 €",10%
906319,502520,1055,Talla M,1,"33,15 €",0.0
906320,502520,1285,L,1,"39,82 €",0.0
906321,502521,1141,39,1,"47,53 €",20
906322,502521,1368,M,1,"20,18 €",20
906323,502521,1189,L,2,"16,40 €",0%
906324,502521,1006,L,2,"40,90 €",10%
906325,502521,1094,37,1,"61,63 €",0.2
906326,502521,1016,XS,1,"58,66 €",20%
906327,502522,1209,m,1,"13,65 €",0.2
906328,502522,1309,XS,1,"29,96 €",30
906329,502522,1078,M,2,"56,16 €",20
906330,502522,1304,XS,2,"44,49 €",30%
906331,502523,1229,S,1,"38,72 €",40%
906332,502523,1139,37,1,"49,46 €",20%
906333,502523,1303,XS,1,"34,22 €",20%
906334,502524,1305,S,1,"32,92 €",0.2
906335,502524,1204,Talla XS,1,"12,35 €",0.4
906336,502524,1376,XL,1,"26,99 €",30%
906337,502525,1252,xl,1,"33,85 €",20%
906338,502525,1104,39,1,"51,58 €",0.1
906339,502525,1298,M,1,"30,07 €",0
906340,502525,1380,S,1,"34,77 €",0%
906341,502526,1321,M,1,"37,98 €",40%
906342,502526,1216,XS,1,"17,83 €",20
906343,502526,1249,M,1,"34,29 €",30
906344,502527,1027,M,1,"34,91 €",0
906345,502527,1053,XS,1,"38,51 €",0.0
906346,502527,1372,M,1,"28,06 €",0
906347,502527,1219,M,1,"17,73 €",0.0
906348,502527,1342,S,1,"54,22 €",0%
906349,502527,1388,L,1,"15,95 €",0%
906350,502528,1042,XS,3,"49,99 €",40%
906351,502528,1298,M,1,"30,07 €",20
906352,502528,1305,L,1,"32,92 €",20
906353,502529,1393,Talla L,1,"13,58 €",30
906354,502529,1214,S,1,"17,10 €",0.2
906355,502529,1039,M,1,"53,52 €",20
906356,502529,1134,39,2,"31,21 €",10
906357,502529,1395,L,3,"20,05 €",10%
906358,502530,1300,L,1,"32,84 €",40%
906359,502531,1018,M,1,"45,78 €",20%
906360,502531,1170,XL,1,"12,32 €",30
906361,502531,1149,Talla 40,1,"75,51 €",0.1
906362,502532,1157,39,1,"47,95 €",40%
906363,502532,1306,Talla XL,1,"38,88 €",0%
906364,502533,1369,L,1,"15,16 €",0%
906365,502534,1042,M,1,"49,99 €",40%
906366,502534,1157,38,1,"47,95 €",0.2
906367,502534,1148,38,1,"36,02 €",10%
906368,502534,1374,XL,2,"12,90 €",30
906369,502535,1117,40,1,"49,56 €",0.3
906370,502535,1267,L,2,"36,41 €",50
906371,502535,1204,M,1,"12,35 €",20%
906372,502535,1285,L,1,"39,82 €",0.0
906373,502535,1203,L,1,"19,01 €",20
906374,502536,1133,38,1,"48,67 €",20%
906375,502536,1346,L,1,"45,31 €",30%
906376,502537,1070,S,1,"27,27 €",40
906377,502537,1023,Talla M,1,"31,99 €",30
906378,502538,1217,Talla M,1,"12,11 €",0.2
906379,502538,1282,M,1,"36,05 €",20
906380,502538,1068,Talla S,1,"49,68 €",0.1
906381,502539,1350,XS,1,"57,49 €",0.3
906382,502540,1386,XS,1,"32,98 €",10%
906383,502540,1205,S,1,"13,61 €",50
906384,502541,1022,m,1,"36,94 €",0.3
906385,502541,1009,XS,1,"25,67 €",30
906386,502541,1161,XS,1,"23,07 €",30
906387,502542,1336,XL,1,"80,41 €",30%
906388,502542,1392,L,2,"12,73 €",0.1
906389,502542,1389,M,1,"21,34 €",0.2
906390,502543,1187,S,1,"17,31 €",20%
906391,502544,1129,Talla 41,1,"73,51 €",10
906392,502544,1303,L,1,"34,22 €",0.2
906393,502544,1190,XL,1,"19,61 €",10%
906394,502544,1099,39,1,"79,99 €",40
906395,502545,1204,L,1,"12,35 €",30%
906396,502546,1295,l,1,"36,18 €",0.3
906397,502546,1288,XS,1,"30,24 €",20
906398,502547,1335,S,1,"70,30 €",0.2
906399,502547,1106,40,1,"73,33 €",20%
906400,502547,1204,L,2,"12,35 €",10
906401,502548,1018,M,1,"45,78 €",0.0
906402,502548,1097,36,1,"45,52 €",0.0
906403,502548,1330,XL,1,"48,41 €",0.1
906404,502549,1204,S,1,"12,35 €",0.5
906405,502549,1184,M,1,"14,15 €",0.2
906406,502550,1274,L,1,"39,02 €",0.2
906407,502550,1223,S,2,"29,79 €",30
906408,502550,1389,m,1,"21,34 €",20%
906409,502551,1330,xs,1,"48,41 €",0.2
906410,502551,1212,xs,1,"12,74 €",0.4
906411,502551,1128,37,3,"71,15 €",20%
906412,502551,1110,38,1,"37,86 €",20
906413,502552,1111,38,1,"59,92 €",10%
906414,502552,1195,Talla S,1,"18,13 €",0.3
906415,502552,1223,L,1,"29,79 €",30%
906416,502552,1095,Talla 39,2,"41,57 €",20%
906417,502553,1042,XL,1,"49,99 €",40
906418,502553,1298,XS,1,"30,07 €",0.2
906419,502553,1325,M,1,"46,91 €",10
906420,502554,1042,S,1,"49,99 €",0.4
906421,502554,1322,M,1,"33,07 €",20
906422,502555,1021,S,1,"43,85 €",0.2
906423,502555,1316,M,1,"43,89 €",20%
906424,502555,1176,Talla M,1,"23,41 €",40%
906425,502556,1042,L,1,"49,99 €",40%
906426,502557,1374,M,2,"12,90 €",20
906427,502557,1203,Talla XS,1,"19,01 €",0.3
906428,502557,1061,L,1,"46,35 €",0%
906429,502557,1197,Talla M,1,"14,87 €",0.2
906430,502558,1257,M,1,"41,13 €",0
906431,502558,1021,L,1,"43,85 €",0%
906432,502558,1204,S,1,"12,35 €",0
906433,502559,1042,XS,1,"49,99 €",0.4
906434,502560,1109,Talla 37,1,"76,92 €",0.2
906435,502561,1071,xs,1,"29,62 €",20
906436,502561,1310,L,1,"40,69 €",0.4
906437,502562,1229,M,1,"38,72 €",0.1
906438,502562,1365,M,3,"27,56 €",30
906439,502563,1086,XL,1,"33,74 €",0.0
906440,502563,1012,XL,1,"40,99 €",0%
906441,502564,1168,L,1,"19,82 €",0.2
906442,502564,1368,XL,2,"20,18 €",0.1
906443,502565,1340,L,1,"80,92 €",0%
906444,502566,1262,M,2,"36,87 €",40%
906445,502566,1332,L,1,"87,31 €",0.2
906446,502566,1121,41,1,"72,81 €",20%
906447,502566,1106,37,1,"73,33 €",0.4
906448,502567,1378,XS,1,"21,35 €",50
906449,502568,1136,38,2,"73,76 €",0%
906450,502568,1251,s,1,"41,39 €",10%
906451,502568,1317,xl,1,"27,13 €",0%
906452,502569,1042,Talla M,1,"49,99 €",40
906453,502569,1373,XL,1,"14,01 €",20%
906454,502570,1170,M,1,"12,32 €",20%
906455,502570,1362,M,1,"26,07 €",0.2
906456,502571,1062,S,1,"43,22 €",0.1
906457,502571,1070,XS,2,"27,27 €",0.1
906458,502572,1073,XL,1,"26,22 €",0
906459,502572,1060,M,1,"48,04 €",0.2
906460,502573,1014,xl,1,"48,60 €",10
906461,502573,1372,S,1,"28,06 €",0.0
906462,502574,1016,m,1,"58,66 €",40
906463,502575,1116,39,1,"50,71 €",0.1
906464,502575,1271,m,1,"39,71 €",40
906465,502575,1023,S,2,"31,99 €",0.1
906466,502576,1136,40,1,"73,76 €",40
906467,502577,1042,L,1,"49,99 €",0.4
906468,502577,1148,39,1,"36,02 €",0.3
906469,502577,1168,m,1,"19,82 €",0.0
906470,502578,1141,37,2,"47,53 €",50%
906471,502578,1320,l,1,"35,05 €",20
906472,502579,1223,s,1,"29,79 €",20
906473,502579,1254,XL,1,"42,10 €",40%
906474,502579,1040,L,1,"49,21 €",20%
906475,502579,1257,M,1,"41,13 €",20
906476,502580,1291,M,1,"28,71 €",0.1
906477,502580,1185,Talla L,1,"21,81 €",0.2
906478,502580,1266,M,1,"33,10 €",40%
906479,502580,1027,Talla L,1,"34,91 €",20%
906480,502581,1293,M,1,"37,48 €",20
906481,502582,1046,M,1,"42,24 €",20%
906482,502582,1018,XL,1,"45,78 €",10%
906483,502582,1321,L,1,"37,98 €",30
906484,502583,1018,L,1,"45,78 €",40%
906485,502583,1362,XL,2,"26,07 €",10%
906486,502583,1203,S,1,"19,01 €",50%
906487,502584,1243,M,1,"42,14 €",0.2
906488,502585,1027,xl,1,"34,91 €",30
906489,502585,1220,M,1,"18,87 €",30%
906490,502585,1262,L,2,"36,87 €",10
906491,502586,1267,M,1,"36,41 €",10%
906492,502586,1349,XL,1,"53,20 €",0.2
906493,502587,1322,S,1,"33,07 €",10
906494,502587,1072,L,3,"46,42 €",0.3
906495,502588,1136,36,1,"73,76 €",30%
906496,502589,1288,XL,2,"30,24 €",20%
906497,502589,1187,S,1,"17,31 €",0.5
906498,502589,1388,XL,1,"15,95 €",30%
906499,502590,1387,s,1,"10,36 €",0.4
906500,502590,1252,XL,1,"33,85 €",0.2
906501,502590,1134,37,1,"31,21 €",50%
906502,502590,1252,M,3,"33,85 €",0
906503,502590,1374,L,1,"12,90 €",0.1
906504,502590,1134,36,1,"31,21 €",20
906505,502591,1168,S,2,"19,82 €",0.2
906506,502591,1218,L,1,"23,13 €",30%
906507,502592,1001,M,1,"32,57 €",0
906508,502592,1399,L,1,"31,60 €",0%
906509,502593,1252,Talla M,1,"33,85 €",10%
906510,502593,1070,S,1,"27,27 €",20%
906511,502594,1042,M,1,"49,99 €",40%
906512,502594,1046,Talla XL,1,"42,24 €",0.3
906513,502595,1085,L,1,"41,61 €",0%
906514,502595,1113,37,1,"38,95 €",0.0
906515,502596,1247,l,1,"43,39 €",0.1
906516,502596,1362,Talla S,1,"26,07 €",10%
906517,502596,1176,XL,1,"23,41 €",0.2
906518,502597,1168,Talla M,1,"19,82 €",0
906519,502597,1106,37,1,"73,33 €",0%
906520,502598,1148,37,1,"36,02 €",20%
906521,502598,1201,Talla XL,1,"24,28 €",0.4
906522,502598,1082,Talla L,1,"49,65 €",20%
906523,502598,1249,S,1,"34,29 €",0%
906524,502599,1211,S,1,"12,54 €",0.5
906525,502600,1315,l,3,"32,56 €",50
906526,502600,1107,37,1,"55,33 €",20
906527,502601,1042,M,1,"49,99 €",40
906528,502602,1315,M,1,"32,56 €",0.2
906529,502602,1079,L,1,"46,26 €",0.3
906530,502603,1042,M,2,"49,99 €",40%
906531,502604,1094,38,1,"61,63 €",30
906532,502604,1280,Talla L,1,"29,54 €",20%
906533,502605,1190,L,1,"19,61 €",0.0
906534,502605,1374,M,1,"12,90 €",0.0
906535,502605,1362,M,1,"26,07 €",0
906536,502605,1316,M,1,"43,89 €",0.0
906537,502605,1367,Talla S,2,"13,47 €",0.0
906538,502606,1284,L,1,"20,70 €",0.3
906539,502607,1381,M,1,"34,45 €",0.3
906540,502607,1395,M,1,"20,05 €",0.1
906541,502607,1158,38,2,"44,36 €",40%
906542,502608,1229,XS,1,"38,72 €",0%
906543,502608,1207,S,1,"16,71 €",0.3
906544,502608,1229,XL,1,"38,72 €",30%
906545,502608,1041,xs,3,"57,12 €",0.2
906546,502609,1368,l,1,"20,18 €",0%
906547,502610,1067,XL,1,"32,97 €",0.1
906548,502611,1257,S,1,"41,13 €",10%
906549,502611,1293,Talla S,3,"37,48 €",20%
906550,502612,1357,Talla S,1,"16,44 €",10%
906551,502613,1015,M,1,"33,85 €",20%
906552,502613,1038,XL,1,"27,52 €",0.1
906553,502613,1274,Talla M,1,"39,02 €",0
906554,502614,1042,M,1,"49,99 €",0.4
906555,502614,1176,M,1,"23,41 €",20
906556,502614,1182,s,1,"16,74 €",30
906557,502614,1241,Talla L,1,"36,57 €",0%
906558,502615,1204,M,1,"12,35 €",0.3
906559,502615,1191,M,2,"20,63 €",30%
906560,502616,1239,M,3,"31,88 €",20
906561,502616,1040,Talla L,1,"49,21 €",30%
906562,502617,1140,36,1,"39,31 €",40
906563,502617,1204,M,1,"12,35 €",20
906564,502617,1369,Talla L,1,"15,16 €",0.2
906565,502618,1042,M,1,"49,99 €",40
906566,502618,1362,l,1,"26,07 €",0.3
906567,502618,1357,M,3,"16,44 €",20%
906568,502619,1033,M,1,"54,99 €",0%
906569,502619,1250,M,1,"31,36 €",0.0
906570,502619,1014,S,1,"48,60 €",0.0
906571,502620,1163,L,1,"22,89 €",0.4
906572,502620,1229,Talla XS,1,"38,72 €",30%
906573,502621,1223,XL,1,"29,79 €",10
906574,502621,1280,M,1,"29,54 €",0.4
906575,502622,1194,XL,1,"22,75 €",20%
906576,502623,1285,M,1,"39,82 €",0
906577,502623,1233,M,1,"30,63 €",0
906578,502623,1234,L,1,"26,50 €",10
906579,502624,1368,m,2,"20,18 €",30%
906580,502624,1331,M,1,"73,27 €",30%
906581,502625,1362,Talla L,1,"26,07 €",0.3
906582,502626,1107,40,1,"55,33 €",50%
906583,502627,1204,M,1,"12,35 €",0.0
906584,502627,1174,S,1,"20,68 €",30%
906585,502627,1312,M,1,"35,92 €",0.3
906586,502627,1094,42,1,"61,63 €",0.1
906587,502627,1291,Talla XL,1,"28,71 €",0.3
906588,502628,1251,XL,1,"41,39 €",30%
906589,502628,1389,Talla L,1,"21,34 €",10%
906590,502628,1123,39,1,"77,67 €",10%
906591,502628,1277,S,1,"28,10 €",0.1
906592,502628,1379,L,2,"31,72 €",40%
906593,502629,1015,m,1,"33,85 €",0
906594,502630,1269,Talla M,1,"20,24 €",10%
906595,502630,1141,41,1,"47,53 €",10%
906596,502630,1337,L,1,"63,78 €",40
906597,502630,1252,L,1,"33,85 €",20%
906598,502631,1116,40,1,"50,71 €",0%
906599,502632,1359,S,1,"29,93 €",0
906600,502633,1059,L,1,"55,73 €",20
906601,502633,1357,Talla S,1,"16,44 €",0.3
906602,502633,1359,S,1,"29,93 €",20%
906603,502634,1088,m,1,"36,00 €",0
906604,502635,1040,l,1,"49,21 €",0.3
906605,502636,1042,M,1,"49,99 €",40
906606,502636,1279,M,1,"28,28 €",30%
906607,502636,1351,XL,1,"26,88 €",20
906608,502636,1202,M,1,"20,61 €",0.4
906609,502636,1109,39,1,"76,92 €",0.4
906610,502636,1096,40,1,"53,68 €",0.0
906611,502637,1018,S,1,"45,78 €",0.0
906612,502637,1315,L,2,"32,56 €",0
906613,502637,1045,XL,1,"57,82 €",0.0
906614,502637,1266,Talla L,1,"33,10 €",0%
906615,502637,1268,XS,1,"36,99 €",0%
906616,502638,1185,m,1,"21,81 €",0.4
906617,502639,1263,M,2,"39,31 €",10
906618,502640,1008,M,2,"54,28 €",20
906619,502640,1147,37,1,"30,45 €",20%
906620,502640,1006,M,1,"40,90 €",20%
906621,502640,1285,s,1,"39,82 €",20%
906622,502640,1283,l,1,"24,64 €",30%
906623,502640,1229,Talla L,1,"38,72 €",10
906624,502641,1060,m,1,"48,04 €",30%
906625,502642,1042,L,1,"49,99 €",0.4
906626,502642,1115,37,1,"64,90 €",20
906627,502642,1367,XS,1,"13,47 €",20%
906628,502643,1273,L,2,"32,69 €",20
906629,502644,1156,40,1,"56,23 €",30
906630,502644,1189,L,1,"16,40 €",40%
906631,502644,1175,M,1,"17,99 €",10%
906632,502644,1362,M,2,"26,07 €",10
906633,502645,1362,XS,1,"26,07 €",30
906634,502646,1094,41,1,"61,63 €",20%
906635,502647,1042,m,1,"49,99 €",0.4
906636,502647,1341,Talla M,1,"40,01 €",50
906637,502647,1315,S,1,"32,56 €",20%
906638,502647,1157,37,2,"47,95 €",0.1
906639,502648,1349,S,1,"53,20 €",30%
906640,502648,1396,XL,1,"15,65 €",0.3
906641,502649,1094,39,1,"61,63 €",30
906642,502649,1218,S,1,"23,13 €",0.1
906643,502649,1394,XS,1,"26,56 €",0.0
906644,502649,1193,L,1,"20,23 €",0.4
906645,502650,1252,Talla S,1,"33,85 €",30
906646,502650,1315,S,1,"32,56 €",0.4
906647,502650,1158,39,1,"44,36 €",0.2
906648,502651,1356,Talla L,1,"31,86 €",0
906649,502651,1148,Talla 38,1,"36,02 €",0
906650,502652,1221,S,1,"28,31 €",10%
906651,502652,1127,41,1,"79,76 €",0.5
906652,502653,1129,39,1,"73,51 €",30
906653,502653,1346,M,1,"45,31 €",20
906654,502654,1252,XL,1,"33,85 €",20%
906655,502654,1261,L,1,"33,18 €",20
906656,502654,1252,M,2,"33,85 €",30
906657,502655,1357,M,1,"16,44 €",0.4
906658,502655,1066,Talla XS,1,"34,07 €",20%
906659,502655,1123,36,1,"77,67 €",20%
906660,502656,1042,l,1,"49,99 €",40
906661,502657,1229,XS,1,"38,72 €",30
906662,502658,1229,XS,1,"38,72 €",50%
906663,502658,1087,L,1,"49,59 €",10
906664,502658,1148,36,1,"36,02 €",30%
906665,502659,1197,M,1,"14,87 €",10%
906666,502659,1160,39,2,"65,05 €",0.0
906667,502659,1273,S,1,"32,69 €",0.0
906668,502660,1042,L,1,"49,99 €",40%
906669,502660,1266,Talla XS,1,"33,10 €",10
906670,502660,1208,Talla S,1,"22,70 €",0.4
906671,502661,1204,S,1,"12,35 €",30%
906672,502662,1117,39,1,"49,56 €",0.3
906673,502662,1284,L,1,"20,70 €",0
906674,502662,1015,S,1,"33,85 €",0.2
906675,502662,1395,Talla XS,2,"20,05 €",10
906676,502663,1301,L,1,"46,93 €",0.1
906677,502663,1167,M,1,"18,87 €",0.2
906678,502663,1107,37,2,"55,33 €",0.3
906679,502664,1390,M,1,"19,91 €",10
906680,502664,1115,39,1,"64,90 €",20%
906681,502664,1197,Talla S,1,"14,87 €",40
906682,502664,1115,37,1,"64,90 €",30
906683,502665,1199,S,1,"21,22 €",0.2
906684,502665,1203,XS,1,"19,01 €",0.0
906685,502666,1121,42,1,"72,81 €",0.0
906686,502666,1229,S,1,"38,72 €",20%
906687,502666,1204,L,1,"12,35 €",40%
906688,502667,1063,s,1,"41,19 €",30
906689,502667,1070,L,1,"27,27 €",0.2
906690,502668,1015,Talla S,1,"33,85 €",30
906691,502668,1196,S,1,"15,48 €",30%
906692,502669,1293,M,1,"37,48 €",20
906693,502669,1164,S,1,"18,58 €",30%
906694,502670,1333,L,1,"89,35 €",30%
906695,502671,1094,39,1,"61,63 €",20%
906696,502671,1017,XS,1,"33,77 €",0%
906697,502672,1205,XL,1,"13,61 €",0.2
906698,502672,1317,s,1,"27,13 €",0.5
906699,502673,1060,S,1,"48,04 €",0.5
906700,502674,1361,XL,1,"14,66 €",20%
906701,502674,1287,S,1,"35,59 €",10
906702,502675,1216,M,1,"17,83 €",40
906703,502676,1136,39,1,"73,76 €",20
906704,502676,1013,XL,1,"31,03 €",0%
906705,502676,1274,XS,1,"39,02 €",0.4
906706,502676,1312,m,1,"35,92 €",10%
906707,502676,1367,M,1,"13,47 €",30%
906708,502677,1053,S,1,"38,51 €",30%
906709,502678,1373,XL,1,"14,01 €",0.1
906710,502679,1363,M,1,"31,93 €",0.2
906711,502679,1189,L,1,"16,40 €",30
906712,502679,1273,S,1,"32,69 €",30%
906713,502679,1203,XL,1,"19,01 €",30
906714,502680,1181,S,1,"24,51 €",10%
906715,502680,1138,39,3,"48,26 €",10
906716,502680,1111,41,1,"59,92 €",0%
906717,502680,1343,M,1,"81,92 €",30
906718,502680,1015,XS,1,"33,85 €",0.2
906719,502681,1173,S,1,"22,99 €",10%
906720,502681,1324,L,2,"40,15 €",0.2
906721,502682,1203,M,0,"19,01 €",10%
906722,502683,1204,XL,2,"12,35 €",0.1
906723,502683,1320,m,2,"35,05 €",0.1
906724,502684,1053,S,1,"38,51 €",0.1
906725,502684,1362,M,1,"26,07 €",0
906726,502685,1169,S,1,"14,75 €",10
906727,502685,1379,L,1,"31,72 €",0.1
906728,502686,1117,40,1,"49,56 €",0.2
906729,502686,1293,XL,1,"37,48 €",0.3
906730,502686,1129,39,1,"73,51 €",40%
906731,502686,1175,S,1,"17,99 €",0.3
906732,502687,1187,L,1,"17,31 €",50%
906733,502687,1298,S,1,"30,07 €",30
906734,502687,1204,L,1,"12,35 €",0.2
906735,502687,1136,39,1,"73,76 €",10%
906736,502687,1187,Talla L,1,"17,31 €",20%
906737,502688,1273,M,1,"32,69 €",0.0
906738,502688,1100,39,1,"49,80 €",10%
906739,502689,1042,L,1,"49,99 €",40%
906740,502689,1327,M,1,"77,26 €",0.0
906741,502689,1053,S,1,"38,51 €",30%
906742,502689,1070,xl,1,"27,27 €",40%
906743,502689,1225,S,3,"39,08 €",0
906744,502689,1336,Talla M,2,"80,41 €",0.2
906745,502690,1053,S,1,"38,51 €",0.1
906746,502690,1346,M,1,"45,31 €",30%
906747,502691,1285,XL,1,"39,82 €",0%
906748,502691,1040,L,1,"49,21 €",0.4
906749,502692,1132,Talla 40,1,"72,05 €",0.3
906750,502692,1101,39,1,"57,43 €",10%
906751,502692,1364,Talla S,1,"11,29 €",20
906752,502693,1042,S,1,"49,99 €",40%
906753,502694,1053,L,1,"38,51 €",0
906754,502694,1282,L,2,"36,05 €",0%
906755,502694,1305,XS,1,"32,92 €",0
906756,502695,1176,S,1,"23,41 €",0%
906757,502696,1042,L,1,"49,99 €",0.4
906758,502697,1322,XS,1,"33,07 €",0.0
906759,502697,1031,L,1,"33,85 €",40
906760,502697,1285,S,1,"39,82 €",20
906761,502698,1119,Talla 40,1,"55,00 €",0%
906762,502698,1017,XL,1,"33,77 €",20%
906763,502699,1197,M,1,"14,87 €",0.1
906764,502699,1189,S,1,"16,40 €",30%
906765,502700,1049,S,1,"47,10 €",0.0
906766,502701,1042,M,1,"49,99 €",0.4
906767,502701,1007,M,2,"30,50 €",0%
906768,502702,1070,m,2,"27,27 €",20%
906769,502703,1042,S,2,"49,99 €",40%
906770,502704,1346,Talla S,1,"45,31 €",20
906771,502705,1315,L,1,"32,56 €",20%
906772,502705,1302,Talla XL,3,"47,49 €",10%
906773,502705,1315,S,1,"32,56 €",0.0
906774,502705,1131,36,1,"55,67 €",0.3
906775,502706,1234,L,1,"26,50 €",10
906776,502706,1254,Talla XL,1,"42,10 €",0.5
906777,502706,1136,38,2,"73,76 €",0.2
906778,502707,1042,XL,1,"49,99 €",40
906779,502708,1280,XS,1,"29,54 €",0.3
906780,502708,1224,Talla L,1,"25,88 €",30
906781,502708,1353,S,1,"13,83 €",20%
906782,502708,1362,L,1,"26,07 €",0.2
906783,502708,1062,S,2,"43,22 €",40%
906784,502708,1215,M,1,"23,23 €",10%
906785,502709,1042,S,1,"49,99 €",0.4
906786,502709,1037,M,1,"41,52 €",0.3
906787,502710,1309,L,1,"29,96 €",10
906788,502710,1257,L,1,"41,13 €",40%
906789,502711,1013,XS,1,"31,03 €",20%
906790,502711,1229,M,1,"38,72 €",10
906791,502711,1315,S,2,"32,56 €",30%
906792,502711,1019,XL,1,"38,48 €",20
906793,502711,1203,l,1,"19,01 €",0.3
906794,502712,1283,m,2,"24,64 €",20
906795,502712,1346,S,1,"45,31 €",0.1
906796,502712,1330,XS,1,"48,41 €",0.0
906797,502713,1042,M,1,"49,99 €",40%
906798,502713,1213,M,1,"12,89 €",20%
906799,502713,1176,xl,1,"23,41 €",0.0
906800,502713,1362,L,2,"26,07 €",0.3
906801,502714,1208,m,1,"22,70 €",20%
906802,502714,1080,M,1,"34,78 €",20%
906803,502714,1350,Talla M,1,"57,49 €",40
906804,502714,1204,m,2,"12,35 €",10%
906805,502714,1297,XS,1,"39,25 €",0
906806,502715,1244,M,1,"26,77 €",0%
906807,502716,1055,XL,1,"33,15 €",10%
906808,502716,1035,L,1,"57,32 €",0.0
906809,502716,1319,L,1,"30,13 €",0
906810,502717,1097,Talla 37,2,"45,52 €",0.2
906811,502718,1036,S,1,"51,15 €",0.2
906812,502718,1349,l,1,"53,20 €",0.3
906813,502719,1336,XS,1,"80,41 €",0
906814,502719,1141,Talla 36,1,"47,53 €",0.3
906815,502719,1229,M,1,"38,72 €",10
906816,502719,1362,XL,1,"26,07 €",0.3
906817,502720,1279,S,1,"28,28 €",20%
906818,502720,1298,L,1,"30,07 €",0
906819,502721,1107,40,1,"55,33 €",20
906820,502721,1080,Talla S,1,"34,78 €",40%
906821,502721,1009,M,1,"25,67 €",10
906822,502721,1014,Talla XL,1,"48,60 €",30%
906823,502721,1334,S,2,"41,41 €",0.0
906824,502721,1215,S,1,"23,23 €",10
906825,502722,1305,S,1,"32,92 €",0
906826,502722,1339,s,1,"55,93 €",40%
906827,502722,1219,XL,1,"17,73 €",30
906828,502723,1315,XS,1,"32,56 €",40
906829,502723,1259,Talla L,1,"30,24 €",0.2
906830,502723,1337,Talla XL,1,"63,78 €",30
906831,502723,1176,m,0,"23,41 €",20%
906832,502723,1215,M,1,"23,23 €",30%
906833,502723,1124,40,1,"77,92 €",20%
906834,502724,1204,M,1,"12,35 €",0.1
906835,502724,1199,S,1,"21,22 €",0%
906836,502724,1368,M,1,"20,18 €",0.5
906837,502724,1308,L,1,"36,22 €",0.3
906838,502725,1042,XL,1,"49,99 €",40%
906839,502725,1134,38,1,"31,21 €",0%
906840,502725,1230,s,1,"25,06 €",0%
906841,502725,1211,m,1,"12,54 €",0
906842,502726,1042,L,1,"49,99 €",40%
906843,502726,1380,xs,1,"34,77 €",0%
906844,502726,1121,40,1,"72,81 €",20
906845,502726,1293,XS,2,"37,48 €",20%
906846,502727,1289,M,1,"22,39 €",20
906847,502728,1204,S,1,"12,35 €",0.1
906848,502729,1346,L,1,"45,31 €",0.3
906849,502730,1204,L,1,"12,35 €",0.1
906850,502730,1198,M,1,"16,38 €",0.3
906851,502730,1381,S,1,"34,45 €",30%
906852,502730,1240,M,1,"41,66 €",0.2
906853,502731,1061,S,1,"46,35 €",0.1
906854,502731,1182,M,1,"16,74 €",30
906855,502731,1140,37,1,"39,31 €",0.2
906856,502731,1211,L,1,"12,54 €",10%
906857,502731,1393,S,3,"13,58 €",0.2
906858,502731,1284,Talla M,1,"20,70 €",0.1
906859,502732,1364,xs,1,"11,29 €",40%
906860,502732,1107,39,1,"55,33 €",20
906861,502732,1252,L,1,"33,85 €",50
906862,502733,1169,L,1,"14,75 €",20%
906863,502733,1337,M,1,"63,78 €",20
906864,502734,1197,S,1,"14,87 €",20%
906865,502734,1094,38,1,"61,63 €",0.2
906866,502735,1007,S,1,"30,50 €",0.0
906867,502735,1362,Talla S,3,"26,07 €",0
906868,502735,1229,M,1,"38,72 €",10%
906869,502735,1254,l,1,"42,10 €",0
906870,502735,1203,xs,1,"19,01 €",0
906871,502736,1235,M,1,"34,51 €",20%
906872,502737,1121,36,1,"72,81 €",30%
906873,502738,1214,L,1,"17,10 €",30%
906874,502739,1176,Talla L,2,"23,41 €",20%
906875,502739,1030,Talla XL,1,"46,38 €",40%
906876,502740,1042,s,1,"49,99 €",0.4
906877,502740,1175,m,3,"17,99 €",0.4
906878,502740,1194,Talla M,2,"22,75 €",0.4
906879,502740,1094,38,1,"61,63 €",20
906880,502740,1044,L,1,"36,91 €",0.2
906881,502741,1004,S,1,"45,55 €",0%
906882,502741,1385,l,1,"28,77 €",0%
906883,502741,1373,S,1,"14,01 €",0.0
906884,502741,1330,XL,1,"48,41 €",0.0
906885,502741,1204,M,1,"12,35 €",0.0
906886,502741,1386,M,3,"32,98 €",0.0
906887,502742,1387,M,1,"10,36 €",0.0
906888,502742,1291,S,1,"28,71 €",0.0
906889,502742,1099,38,1,"79,99 €",0%
906890,502742,1294,S,1,"28,15 €",0
906891,502743,1176,S,2,"23,41 €",10%
906892,502744,1315,Talla M,2,"32,56 €",0.0
906893,502745,1037,Talla S,1,"41,52 €",10
906894,502745,1189,XS,2,"16,40 €",20
906895,502746,1053,M,1,"38,51 €",0.2
906896,502747,1389,XL,1,"21,34 €",10
906897,502748,1175,S,1,"17,99 €",0.1
906898,502748,1140,40,1,"39,31 €",30%
906899,502748,1366,M,1,"26,15 €",0.2
906900,502749,1319,L,1,"30,13 €",0%
906901,502749,1296,L,1,"41,51 €",0.0
906902,502749,1384,L,2,"25,64 €",0.0
906903,502749,1252,M,2,"33,85 €",0%
906904,502750,1292,L,1,"32,80 €",20
906905,502751,1295,L,2,"36,18 €",0.2
906906,502752,1124,38,1,"77,92 €",10
906907,502752,1273,XL,1,"32,69 €",0.3
906908,502752,1098,36,1,"38,24 €",30%
906909,502753,1135,41,1,"71,49 €",10
906910,502753,1239,S,1,"31,88 €",10%
906911,502754,1042,M,2,"49,99 €",40
906912,502755,1346,XL,2,"45,31 €",30
906913,502755,1285,S,1,"39,82 €",20%
906914,502755,1374,M,1,"12,90 €",50
906915,502756,1196,M,1,"15,48 €",20
906916,502756,1376,L,1,"26,99 €",20%
906917,502757,1327,L,3,"77,26 €",40
906918,502758,1173,M,1,"22,99 €",20%
906919,502758,1246,M,1,"32,78 €",0.0
906920,502758,1019,L,1,"38,48 €",0.0
906921,502758,1284,M,1,"20,70 €",20%
906922,502759,1142,39,1,"75,44 €",40%
906923,502759,1298,M,1,"30,07 €",0.1
906924,502759,1376,L,3,"26,99 €",0.3
906925,502759,1334,L,1,"41,41 €",0.1
906926,502759,1298,XL,1,"30,07 €",0.0
906927,502759,1284,S,1,"20,70 €",10%
906928,502760,1042,l,1,"49,99 €",40%
906929,502760,1141,40,3,"47,53 €",30%
906930,502760,1147,37,2,"30,45 €",0.2
906931,502761,1113,38,1,"38,95 €",0.1
906932,502761,1305,M,1,"32,92 €",20%
906933,502761,1232,xs,1,"26,48 €",0%
906934,502762,1134,Talla 38,3,"31,21 €",30%
906935,502762,1123,37,1,"77,67 €",0.3
906936,502762,1127,38,1,"79,76 €",0%
906937,502762,1374,S,1,"12,90 €",50%
906938,502762,1388,m,1,"15,95 €",50%
906939,502762,1291,M,1,"28,71 €",20%
906940,502763,1235,L,1,"34,51 €",50%
906941,502763,1169,S,1,"14,75 €",50
906942,502763,1110,40,1,"37,86 €",40%
906943,502763,1275,Talla L,1,"24,89 €",40
906944,502764,1150,39,1,"53,53 €",0.0
906945,502764,1141,41,2,"47,53 €",40%
906946,502764,1204,M,2,"12,35 €",0.2
906947,502765,1311,XS,1,"30,25 €",20
906948,502766,1053,L,1,"38,51 €",50
906949,502766,1168,Talla L,1,"19,82 €",30%
906950,502766,1376,M,2,"26,99 €",10%
906951,502767,1213,XL,1,"12,89 €",10%
906952,502767,1053,XL,1,"38,51 €",30
906953,502768,1220,XS,1,"18,87 €",0.5
906954,502768,1012,Talla S,1,"40,99 €",10%
906955,502768,1357,L,1,"16,44 €",20%
906956,502768,1201,l,1,"24,28 €",0.2
906957,502769,1042,XL,1,"49,99 €",40
906958,502769,1252,M,1,"33,85 €",20
906959,502770,1036,XL,1,"51,15 €",0.4
906960,502770,1374,Talla M,1,"12,90 €",10%
906961,502770,1087,m,1,"49,59 €",10%
906962,502770,1350,S,1,"57,49 €",30%
906963,502770,1161,L,1,"23,07 €",0.0
906964,502771,1105,37,1,"77,31 €",0
906965,502772,1106,36,2,"73,33 €",20%
906966,502772,1180,S,1,"17,79 €",0.0
906967,502773,1322,XL,1,"33,07 €",20%
906968,502773,1368,M,3,"20,18 €",20%
906969,502774,1011,L,1,"58,99 €",10%
906970,502774,1252,m,1,"33,85 €",30%
906971,502774,1203,S,1,"19,01 €",20%
906972,502774,1044,S,1,"36,91 €",30%
906973,502775,1366,S,1,"26,15 €",10
906974,502776,1285,M,1,"39,82 €",20%
906975,502776,1141,39,1,"47,53 €",0.2
906976,502776,1204,XS,1,"12,35 €",20
906977,502777,1224,L,1,"25,88 €",0.1
906978,502777,1070,L,2,"27,27 €",0.1
906979,502777,1248,S,2,"44,58 €",0.0
906980,502777,1036,XS,1,"51,15 €",0%
906981,502777,1113,39,3,"38,95 €",40%
906982,502777,1315,L,2,"32,56 €",40%
906983,502778,1094,40,1,"61,63 €",20%
906984,502778,1106,40,1,"73,33 €",0.1
906985,502779,1185,s,1,"21,81 €",10
906986,502779,1165,XS,1,"13,35 €",30%
906987,502779,1257,XS,1,"41,13 €",30%
906988,502780,1042,XL,1,"49,99 €",0.4
906989,502781,1261,M,1,"33,18 €",10%
906990,502781,1168,XS,1,"19,82 €",0.2
906991,502781,1235,M,1,"34,51 €",20
906992,502782,1042,Talla L,1,"49,99 €",40%
906993,502783,1307,Talla S,1,"42,98 €",30%
906994,502783,1155,40,1,"61,83 €",30
906995,502784,1316,S,1,"43,89 €",20
906996,502785,1204,s,1,"12,35 €",50%
906997,502785,1280,S,2,"29,54 €",20
906998,502786,1192,XL,1,"13,33 €",0.2
906999,502786,1346,Talla XS,1,"45,31 €",10
907000,502786,1036,XS,1,"51,15 €",20%
907001,502787,1286,L,1,"28,43 €",20
907002,502788,1042,L,1,"49,99 €",0.4
907003,502788,1148,41,2,"36,02 €",20
907004,502788,1397,M,3,"20,12 €",20%
907005,502789,1121,41,1,"72,81 €",30%
907006,502789,1362,M,1,"26,07 €",0.4
907007,502789,1285,Talla S,1,"39,82 €",40%
907008,502790,1052,L,2,"52,18 €",30%
907009,502791,1145,42,1,"44,56 €",0.1
907010,502791,1013,M,2,"31,03 €",20%
907011,502792,1038,S,1,"27,52 €",0.2
907012,502792,1234,XS,1,"26,50 €",0%
907013,502792,1098,Talla 38,1,"38,24 €",0%
907014,502793,1293,l,1,"37,48 €",0.4
907015,502793,1208,Talla L,1,"22,70 €",0.1
907016,502794,1106,38,1,"73,33 €",0.3
907017,502794,1366,M,1,"26,15 €",10
907018,502795,1143,39,1,"54,97 €",0.0
907019,502795,1235,M,1,"34,51 €",30
907020,502795,1007,S,1,"30,50 €",0.1
907021,502796,1105,38,1,"77,31 €",10
907022,502796,1093,37,1,"68,61 €",0.2
907023,502796,1226,Talla L,1,"35,69 €",30%
907024,502796,1136,39,1,"73,76 €",40%
907025,502796,1197,Talla M,1,"14,87 €",50
907026,502796,1250,L,2,"31,36 €",0.2
907027,502797,1212,l,1,"12,74 €",0.0
907028,502797,1029,Talla M,1,"31,92 €",0
907029,502797,1077,XS,1,"57,81 €",0%
907030,502797,1315,L,1,"32,56 €",0.2
907031,502797,1038,S,1,"27,52 €",20
907032,502797,1038,XS,1,"27,52 €",0.0
907033,502797,1345,L,1,"85,68 €",0.0
907034,502798,1384,m,1,"25,64 €",30%
907035,502799,1098,38,1,"38,24 €",30%
907036,502799,1207,S,1,"16,71 €",40
907037,502799,1315,L,1,"32,56 €",50%
907038,502800,1097,40,1,"45,52 €",30%
907039,502801,1020,M,1,"35,48 €",0.3
907040,502801,1100,40,1,"49,80 €",0.3
907041,502801,1288,Talla M,1,"30,24 €",30
907042,502801,1194,Talla XL,2,"22,75 €",0
907043,502802,1172,S,1,"18,98 €",20
907044,502803,1269,M,1,"20,24 €",0.0
907045,502803,1282,M,1,"36,05 €",10%
907046,502803,1394,Talla M,1,"26,56 €",0%
907047,502803,1362,Talla S,1,"26,07 €",0%
907048,502803,1345,XL,1,"85,68 €",0.0
907049,502803,1285,XS,1,"39,82 €",0%
907050,502803,1288,L,1,"30,24 €",0.0
907051,502804,1361,L,1,"14,66 €",10%
907052,502805,1307,M,1,"42,98 €",10
907053,502806,1364,m,1,"11,29 €",0.1
907054,502806,1208,M,2,"22,70 €",0
907055,502806,1036,S,1,"51,15 €",0.1
907056,502807,1227,S,2,"25,33 €",10
907057,502807,1014,Talla S,1,"48,60 €",20%
907058,502807,1260,S,1,"41,99 €",50
907059,502807,1069,XS,3,"29,38 €",0%
907060,502808,1334,L,1,"41,41 €",30
907061,502808,1206,M,2,"15,68 €",0.4
907062,502808,1038,M,1,"27,52 €",30%
907063,502809,1138,Talla 40,1,"48,26 €",50%
907064,502809,1282,L,1,"36,05 €",0.3
907065,502809,1288,m,1,"30,24 €",10
907066,502810,1383,L,1,"20,95 €",30%
907067,502810,1120,38,1,"65,76 €",20%
907068,502810,1008,m,1,"54,28 €",0.5
907069,502810,1358,S,1,"26,83 €",40%
907070,502810,1118,38,1,"79,30 €",0%
907071,502811,1011,M,1,"58,99 €",40
907072,502811,1175,L,1,"17,99 €",30%
907073,502812,1261,XS,1,"33,18 €",0%
907074,502812,1202,Talla M,1,"20,61 €",0%
907075,502812,1184,M,1,"14,15 €",10%
907076,502812,1253,L,1,"42,45 €",0
907077,502813,1201,S,1,"24,28 €",10
907078,502814,1041,XL,2,"57,12 €",30
907079,502814,1204,M,1,"12,35 €",0.3
907080,502815,1357,M,1,"16,44 €",40%
907081,502816,1136,40,1,"73,76 €",0%
907082,502816,1065,XS,1,"49,52 €",0.5
907083,502817,1229,XL,1,"38,72 €",0.3
907084,502817,1300,L,1,"32,84 €",0%
907085,502817,1015,S,1,"33,85 €",0
907086,502818,1228,XS,1,"37,14 €",0.0
907087,502819,1013,S,1,"31,03 €",0.3
907088,502819,1365,M,2,"27,56 €",30
907089,502820,1229,m,2,"38,72 €",0.0
907090,502820,1184,m,3,"14,15 €",0
907091,502821,1305,M,1,"32,92 €",20
907092,502822,1260,M,1,"41,99 €",0.1
907093,502822,1206,S,1,"15,68 €",0.4
907094,502822,1257,M,2,"41,13 €",30
907095,502822,1203,L,1,"19,01 €",0.2
907096,502822,1098,38,1,"38,24 €",20%
907097,502823,1063,XL,1,"41,19 €",20%
907098,502823,1190,XS,1,"19,61 €",0.2
907099,502824,1330,L,1,"48,41 €",30%
907100,502825,1113,40,1,"38,95 €",0.2
907101,502825,1176,L,1,"23,41 €",30%
907102,502825,1140,38,1,"39,31 €",0.3
907103,502825,1165,l,1,"13,35 €",20%
907104,502825,1067,S,1,"32,97 €",0.5
907105,502825,1270,XS,1,"37,43 €",0.2
907106,502826,1099,38,1,"79,99 €",0
907107,502826,1178,M,1,"22,32 €",0.0
907108,502826,1294,Talla L,1,"28,15 €",0.0
907109,502827,1036,L,1,"51,15 €",20%
907110,502828,1042,M,2,"49,99 €",40%
907111,502828,1283,XL,1,"24,64 €",40
907112,502829,1142,39,1,"75,44 €",0.2
907113,502829,1098,37,1,"38,24 €",0.0
907114,502829,1229,XL,2,"38,72 €",0%
907115,502830,1070,M,1,"27,27 €",20%
907116,502830,1299,L,1,"43,49 €",10
907117,502830,1276,M,1,"24,73 €",0%
907118,502830,1229,XL,2,"38,72 €",40%
907119,502831,1140,39,1,"39,31 €",0.2
907120,502831,1094,40,1,"61,63 €",0.3
907121,502831,1399,M,1,"31,60 €",10%
907122,502831,1087,XL,1,"49,59 €",0%
907123,502831,1362,S,1,"26,07 €",0.3
907124,502831,1260,m,1,"41,99 €",10%
907125,502832,1141,37,1,"47,53 €",20%
907126,502833,1036,M,3,"51,15 €",0.4
907127,502833,1176,L,2,"23,41 €",30%
907128,502833,1022,L,1,"36,94 €",0%
907129,502833,1285,Talla XL,2,"39,82 €",40
907130,502834,1042,M,1,"49,99 €",40%
907131,502834,1362,S,1,"26,07 €",20%
907132,502834,1139,38,1,"49,46 €",10%
907133,502835,1371,xl,1,"33,17 €",30
907134,502835,1121,39,1,"72,81 €",0.2
907135,502835,1354,XS,1,"10,85 €",40
907136,502836,1082,M,1,"49,65 €",0%
907137,502837,1047,xs,1,"27,30 €",30
907138,502837,1381,M,1,"34,45 €",20%
907139,502838,1042,XL,1,"49,99 €",40%
907140,502838,1167,L,2,"18,87 €",30%
907141,502838,1399,S,1,"31,60 €",0.3
907142,502838,1141,39,1,"47,53 €",0.1
907143,502839,1015,XS,1,"33,85 €",20%
907144,502839,1123,41,0,"77,67 €",30%
907145,502839,1340,XS,1,"80,92 €",30%
907146,502839,1362,Talla L,1,"26,07 €",30%
907147,502840,1393,L,1,"13,58 €",0.2
907148,502840,1068,m,1,"49,68 €",0
907149,502841,1042,L,1,"49,99 €",40
907150,502841,1045,S,1,"57,82 €",0.1
907151,502842,1315,L,1,"32,56 €",20
907152,502842,1043,M,1,"54,13 €",30
907153,502842,1205,M,1,"13,61 €",30%
907154,502842,1279,M,1,"28,28 €",0.2
907155,502843,1283,L,2,"24,64 €",20
907156,502843,1284,XL,1,"20,70 €",20%
907157,502843,1386,M,1,"32,98 €",0.4
907158,502844,1219,S,1,"17,73 €",20%
907159,502844,1119,38,2,"55,00 €",0.5
907160,502844,1055,L,1,"33,15 €",0.3
907161,502844,1106,40,1,"73,33 €",20%
907162,502845,1113,40,1,"38,95 €",0.2
907163,502846,1303,S,1,"34,22 €",20%
907164,502846,1038,Talla M,1,"27,52 €",0.5
907165,502847,1367,S,1,"13,47 €",20%
907166,502847,1277,XL,1,"28,10 €",20
907167,502848,1385,XL,1,"28,77 €",0.3
907168,502848,1344,Talla L,2,"48,33 €",30%
907169,502848,1167,XL,2,"18,87 €",0.3
907170,502849,1138,36,1,"48,26 €",20
907171,502849,1285,S,1,"39,82 €",0.2
907172,502849,1080,M,1,"34,78 €",0.4
907173,502850,1197,S,1,"14,87 €",0.2
907174,502851,1126,36,1,"52,20 €",40%
907175,502852,1015,Talla M,1,"33,85 €",20%
907176,502852,1336,M,1,"80,41 €",20%
907177,502853,1042,l,1,"49,99 €",40%
907178,502854,1282,S,1,"36,05 €",0.4
907179,502855,1383,Talla S,1,"20,95 €",0.2
907180,502856,1053,M,1,"38,51 €",10
907181,502856,1168,m,1,"19,82 €",0%
907182,502857,1134,40,1,"31,21 €",0%
907183,502857,1080,Talla M,1,"34,78 €",0.0
907184,502857,1286,XS,1,"28,43 €",0.2
907185,502858,1094,36,1,"61,63 €",20%
907186,502858,1369,S,1,"15,16 €",30
907187,502858,1180,XS,1,"17,79 €",0.0
907188,502858,1240,Talla S,1,"41,66 €",20
907189,502859,1167,Talla S,1,"18,87 €",0.2
907190,502859,1204,L,1,"12,35 €",0.4
907191,502859,1144,39,1,"75,61 €",30%
907192,502860,1397,M,1,"20,12 €",20
907193,502860,1129,39,1,"73,51 €",0.2
907194,502860,1161,S,1,"23,07 €",10
907195,502861,1182,M,1,"16,74 €",0.0
907196,502861,1130,39,1,"73,00 €",30%
907197,502861,1203,L,1,"19,01 €",0
907198,502862,1257,L,1,"41,13 €",30%
907199,502862,1285,L,1,"39,82 €",20%
907200,502862,1176,M,1,"23,41 €",30
907201,502863,1308,L,2,"36,22 €",0.0
907202,502863,1309,XS,1,"29,96 €",0.0
907203,502863,1285,l,1,"39,82 €",10
907204,502863,1067,XS,1,"32,97 €",0%
907205,502864,1284,Talla XL,1,"20,70 €",10%
907206,502864,1390,L,1,"19,91 €",20
907207,502864,1369,XL,1,"15,16 €",0%
907208,502864,1053,XL,1,"38,51 €",30
907209,502865,1327,S,1,"77,26 €",20
907210,502866,1136,41,1,"73,76 €",20
907211,502867,1168,S,2,"19,82 €",0%
907212,502867,1288,L,1,"30,24 €",0.3
907213,502868,1045,M,2,"57,82 €",0.5
907214,502868,1374,XS,1,"12,90 €",0.5
907215,502868,1131,39,1,"55,67 €",20%
907216,502868,1146,39,1,"34,21 €",0.3
907217,502869,1042,S,1,"49,99 €",0.4
907218,502869,1321,M,1,"37,98 €",0%
907219,502869,1377,Talla XS,1,"31,22 €",30
907220,502869,1017,S,1,"33,77 €",30
907221,502869,1275,S,1,"24,89 €",40%
907222,502870,1395,m,1,"20,05 €",0.2
907223,502870,1285,M,1,"39,82 €",0.2
907224,502870,1229,xl,1,"38,72 €",50%
907225,502870,1068,S,1,"49,68 €",30%
907226,502871,1129,40,1,"73,51 €",0.4
907227,502871,1245,M,1,"40,31 €",30
907228,502872,1196,XS,1,"15,48 €",0%
907229,502872,1302,L,1,"47,49 €",0%
907230,502872,1058,M,1,"51,95 €",0%
907231,502873,1204,M,2,"12,35 €",30%
907232,502874,1362,L,1,"26,07 €",30
907233,502874,1383,S,1,"20,95 €",20%
907234,502874,1148,38,1,"36,02 €",10%
907235,502875,1222,S,2,"27,70 €",0.2
907236,502875,1122,40,2,"63,66 €",0
907237,502876,1362,XL,1,"26,07 €",30%
907238,502876,1349,Talla M,3,"53,20 €",30
907239,502877,1042,S,1,"49,99 €",0.4
907240,502877,1276,L,1,"24,73 €",10%
907241,502877,1345,XS,1,"85,68 €",20%
907242,502877,1148,38,1,"36,02 €",20%
907243,502878,1357,Talla M,1,"16,44 €",0%
907244,502879,1094,36,1,"61,63 €",0.2
907245,502879,1231,XS,1,"35,23 €",30%
907246,502880,1202,S,2,"20,61 €",0.0
907247,502880,1151,39,1,"47,09 €",0%
907248,502880,1164,L,1,"18,58 €",0.2
907249,502880,1296,M,1,"41,51 €",0.0
907250,502880,1134,42,2,"31,21 €",0%
907251,502881,1204,M,1,"12,35 €",0.3
907252,502881,1222,XL,1,"27,70 €",0
907253,502881,1285,M,1,"39,82 €",20
907254,502881,1254,M,1,"42,10 €",0%
907255,502882,1357,S,1,"16,44 €",0.4
907256,502883,1229,L,1,"38,72 €",0.2
907257,502884,1002,Talla S,1,"27,23 €",0%
907258,502884,1334,S,2,"41,41 €",0
907259,502885,1011,s,1,"58,99 €",0.1
907260,502886,1158,Talla 40,1,"44,36 €",0%
907261,502887,1118,39,1,"79,30 €",0.3
907262,502887,1124,37,1,"77,92 €",20%
907263,502887,1367,S,1,"13,47 €",0.2
907264,502888,1042,L,1,"49,99 €",0.4
907265,502888,1304,L,3,"44,49 €",20%
907266,502888,1233,M,1,"30,63 €",40%
907267,502889,1292,S,1,"32,80 €",0.2
907268,502889,1315,L,1,"32,56 €",0.4
907269,502890,1270,Talla XL,1,"37,43 €",0%
907270,502890,1315,L,1,"32,56 €",30
907271,502891,1096,38,1,"53,68 €",0.2
907272,502892,1330,S,1,"48,41 €",0.2
907273,502892,1216,XL,3,"17,83 €",10
907274,502892,1392,m,1,"12,73 €",20
907275,502893,1258,XL,2,"35,14 €",40%
907276,502893,1045,M,1,"57,82 €",20
907277,502894,1252,M,1,"33,85 €",20
907278,502895,1257,Talla M,1,"41,13 €",30%
907279,502895,1293,S,2,"37,48 €",0
907280,502896,1207,Talla S,3,"16,71 €",0.1
907281,502896,1210,L,1,"18,98 €",30%
907282,502896,1122,40,1,"63,66 €",20%
907283,502896,1087,L,2,"49,59 €",0.3
907284,502896,1027,M,1,"34,91 €",10
907285,502896,1299,m,1,"43,49 €",0.1
907286,502897,1042,XL,1,"49,99 €",40
907287,502898,1106,39,1,"73,33 €",0
907288,502898,1385,Talla L,1,"28,77 €",0.0
907289,502899,1042,M,1,"49,99 €",40%
907290,502899,1312,L,1,"35,92 €",0%
907291,502899,1036,L,1,"51,15 €",0.4
907292,502900,1142,39,1,"75,44 €",30%
907293,502900,1105,36,1,"77,31 €",0%
907294,502900,1106,36,1,"73,33 €",20%
907295,502900,1204,m,1,"12,35 €",0%
907296,502901,1100,39,1,"49,80 €",0.3
907297,502901,1227,S,1,"25,33 €",20
907298,502902,1229,Talla M,1,"38,72 €",20
907299,502902,1140,42,1,"39,31 €",0
907300,502902,1195,Talla L,1,"18,13 €",10%
907301,502902,1207,S,1,"16,71 €",20%
907302,502903,1042,M,1,"49,99 €",40%
907303,502903,1167,S,1,"18,87 €",0.2
907304,502904,1086,M,1,"33,74 €",10
907305,502904,1190,L,1,"19,61 €",50
907306,502904,1061,M,1,"46,35 €",30
907307,502905,1400,l,1,"25,30 €",10%
907308,502906,1282,S,1,"36,05 €",10
907309,502906,1055,Talla XS,2,"33,15 €",0.2
907310,502906,1293,Talla XL,1,"37,48 €",0.0
907311,502906,1045,XS,1,"57,82 €",0%
907312,502906,1284,M,2,"20,70 €",0
907313,502907,1144,36,1,"75,61 €",20
907314,502907,1378,S,1,"21,35 €",0.2
907315,502907,1198,S,1,"16,38 €",30%
907316,502908,1220,L,1,"18,87 €",0.0
907317,502908,1157,38,1,"47,95 €",0.2
907318,502909,1197,Talla M,1,"14,87 €",40
907319,502909,1204,S,1,"12,35 €",20%
907320,502909,1110,40,1,"37,86 €",0.4
907321,502910,1070,S,1,"27,27 €",0.0
907322,502911,1098,40,1,"38,24 €",0
907323,502912,1053,M,1,"38,51 €",30%
907324,502912,1314,L,1,"42,15 €",0.2
907325,502913,1149,38,1,"75,51 €",20
907326,502913,1034,M,1,"42,28 €",20%
907327,502914,1320,M,1,"35,05 €",20
907328,502914,1106,40,1,"73,33 €",0.1
907329,502914,1356,M,1,"31,86 €",20%
907330,502915,1128,41,1,"71,15 €",30
907331,502915,1050,L,2,"52,78 €",0.1
907332,502915,1174,S,1,"20,68 €",0.3
907333,502915,1252,L,2,"33,85 €",20%
907334,502916,1286,l,1,"28,43 €",0.3
907335,502916,1308,l,1,"36,22 €",10%
907336,502917,1162,XL,1,"19,00 €",0.3
907337,502917,1073,M,1,"26,22 €",0.3
907338,502918,1125,37,1,"51,19 €",0.3
907339,502918,1197,L,1,"14,87 €",20
907340,502918,1272,S,1,"29,98 €",30
907341,502919,1170,M,2,"12,32 €",0.4
907342,502919,1193,L,2,"20,23 €",0.2
907343,502920,1236,L,3,"32,57 €",30%
907344,502920,1049,XS,1,"47,10 €",20
907345,502920,1302,XL,1,"47,49 €",0.1
907346,502921,1042,Talla M,1,"49,99 €",40%
907347,502922,1097,39,1,"45,52 €",0.1
907348,502922,1182,l,2,"16,74 €",40%
907349,502922,1181,M,1,"24,51 €",30
907350,502922,1198,L,2,"16,38 €",10
907351,502923,1106,38,2,"73,33 €",40
907352,502923,1144,39,1,"75,61 €",0.4
907353,502923,1169,L,3,"14,75 €",30%
907354,502924,1248,XL,1,"44,58 €",40
907355,502924,1229,L,1,"38,72 €",30
907356,502924,1095,41,1,"41,57 €",0.2
907357,502924,1173,L,1,"22,99 €",0.0
907358,502924,1030,m,1,"46,38 €",0.2
907359,502925,1042,L,1,"49,99 €",0.4
907360,502925,1106,37,1,"73,33 €",0.4
907361,502925,1232,M,1,"26,48 €",0%
907362,502925,1204,l,1,"12,35 €",0.2
907363,502925,1301,L,1,"46,93 €",30
907364,502925,1257,M,1,"41,13 €",20
907365,502925,1236,XS,1,"32,57 €",0.3
907366,502926,1129,38,1,"73,51 €",50
907367,502926,1254,M,1,"42,10 €",20%
907368,502927,1046,XL,1,"42,24 €",30%
907369,502927,1258,L,1,"35,14 €",30%
907370,502927,1063,xs,1,"41,19 €",20
907371,502927,1070,L,1,"27,27 €",30%
907372,502928,1362,M,1,"26,07 €",20%
907373,502928,1117,36,1,"49,56 €",10
907374,502928,1173,L,1,"22,99 €",30%
907375,502928,1183,L,1,"22,12 €",0.0
907376,502928,1065,M,1,"49,52 €",40%
907377,502928,1124,41,1,"77,92 €",20%
907378,502929,1042,L,1,"49,99 €",0.4
907379,502929,1116,38,1,"50,71 €",0.4
907380,502930,1042,XL,1,"49,99 €",40%
907381,502930,1159,39,1,"51,99 €",10%
907382,502931,1188,Talla M,1,"23,94 €",40%
907383,502931,1241,XS,2,"36,57 €",10%
907384,502932,1229,M,1,"38,72 €",0.5
907385,502932,1252,M,1,"33,85 €",40%
907386,502932,1305,Talla M,1,"32,92 €",30%
907387,502932,1315,L,1,"32,56 €",10%
907388,502933,1141,Talla 39,1,"47,53 €",20%
907389,502933,1099,40,1,"79,99 €",0.2
907390,502934,1178,Talla L,1,"22,32 €",20%
907391,502934,1134,38,1,"31,21 €",0.0
907392,502934,1334,Talla L,1,"41,41 €",30%
907393,502935,1185,L,2,"21,81 €",30
907394,502935,1002,l,1,"27,23 €",0.2
907395,502935,1043,S,1,"54,13 €",20%
907396,502935,1289,Talla L,1,"22,39 €",10%
907397,502936,1305,L,1,"32,92 €",0.5
907398,502937,1104,38,1,"51,58 €",0.0
907399,502937,1070,S,1,"27,27 €",0
907400,502938,1042,XL,1,"49,99 €",0.4
907401,502939,1192,M,1,"13,33 €",20
907402,502940,1295,M,3,"36,18 €",30
907403,502940,1110,Talla 37,1,"37,86 €",30
907404,502940,1100,36,1,"49,80 €",30%
907405,502940,1151,Talla 40,1,"47,09 €",10
907406,502941,1362,L,1,"26,07 €",0.3
907407,502941,1257,XL,2,"41,13 €",10%
907408,502941,1074,M,1,"27,23 €",20%
907409,502941,1375,m,1,"22,99 €",20
907410,502942,1284,L,1,"20,70 €",0.2
907411,502943,1293,Talla M,1,"37,48 €",0
907412,502944,1065,XL,1,"49,52 €",10%
907413,502944,1175,L,1,"17,99 €",40
907414,502944,1285,Talla M,2,"39,82 €",20%
907415,502945,1392,S,1,"12,73 €",0.0
907416,502945,1005,Talla L,1,"31,32 €",0%
907417,502945,1229,Talla XL,1,"38,72 €",0%
907418,502946,1103,36,2,"62,95 €",30%
907419,502946,1219,XS,1,"17,73 €",0.4
907420,502947,1061,XL,1,"46,35 €",0.3
907421,502948,1285,XS,1,"39,82 €",0.1
907422,502948,1032,M,1,"29,90 €",0.4
907423,502949,1222,L,1,"27,70 €",10
907424,502949,1229,l,2,"38,72 €",0.1
907425,502949,1288,M,1,"30,24 €",20%
907426,502949,1036,XL,1,"51,15 €",30%
907427,502950,1050,XS,2,"52,78 €",0.1
907428,502950,1248,M,2,"44,58 €",0.3
907429,502950,1272,S,1,"29,98 €",0.1
907430,502951,1334,XS,1,"41,41 €",0.0
907431,502951,1045,M,1,"57,82 €",0%
907432,502951,1106,40,2,"73,33 €",0%
907433,502951,1149,42,1,"75,51 €",0%
907434,502952,1228,M,1,"37,14 €",0%
907435,502952,1057,L,1,"28,72 €",20
907436,502952,1156,39,1,"56,23 €",40%
907437,502952,1145,41,1,"44,56 €",40
907438,502953,1042,S,1,"49,99 €",40%
907439,502953,1204,L,1,"12,35 €",0.2
907440,502954,1353,M,1,"13,83 €",20
907441,502954,1019,M,1,"38,48 €",30%
907442,502954,1282,L,1,"36,05 €",0.4
907443,502955,1173,M,1,"22,99 €",0.4
907444,502955,1009,xl,1,"25,67 €",20
907445,502955,1204,M,1,"12,35 €",10%
907446,502956,1094,40,1,"61,63 €",20%
907447,502956,1334,s,1,"41,41 €",30
907448,502956,1076,m,1,"47,04 €",30%
907449,502957,1243,L,2,"42,14 €",0.2
907450,502957,1065,M,1,"49,52 €",20%
907451,502958,1042,XL,1,"49,99 €",40%
907452,502958,1204,L,1,"12,35 €",0%
907453,502958,1283,M,1,"24,64 €",0.0
907454,502958,1013,L,1,"31,03 €",0.1
907455,502959,1392,S,1,"12,73 €",0%
907456,502960,1329,XS,1,"45,80 €",50
907457,502960,1014,Talla L,1,"48,60 €",0.2
907458,502960,1240,M,1,"41,66 €",0.3
907459,502960,1040,XS,3,"49,21 €",50%
907460,502961,1096,Talla 39,1,"53,68 €",0.3
907461,502962,1047,M,1,"27,30 €",0.0
907462,502962,1051,Talla M,1,"46,46 €",0.3
907463,502963,1381,L,1,"34,45 €",0.2
907464,502963,1197,Talla XL,1,"14,87 €",20
907465,502964,1134,36,1,"31,21 €",10%
907466,502965,1368,M,1,"20,18 €",0.1
907467,502966,1106,37,1,"73,33 €",50%
907468,502966,1283,S,1,"24,64 €",0%
907469,502967,1003,Talla S,1,"55,06 €",30
907470,502967,1362,M,1,"26,07 €",40%
907471,502967,1013,L,1,"31,03 €",0.0
907472,502967,1053,Talla XL,1,"38,51 €",30%
907473,502968,1079,M,1,"46,26 €",0.2
907474,502968,1249,Talla L,1,"34,29 €",20%
907475,502968,1148,37,1,"36,02 €",0.2
907476,502968,1238,s,2,"36,15 €",0.3
907477,502969,1220,Talla S,1,"18,87 €",0.3
907478,502969,1332,XL,2,"87,31 €",10%
907479,502970,1285,s,1,"39,82 €",10%
907480,502971,1332,M,1,"87,31 €",20%
907481,502971,1211,Talla L,1,"12,54 €",0.0
907482,502972,1008,m,1,"54,28 €",30%
907483,502972,1197,Talla L,1,"14,87 €",20
907484,502973,1073,Talla XL,1,"26,22 €",0.2
907485,502973,1162,L,1,"19,00 €",0.4
907486,502973,1053,m,2,"38,51 €",0.2
907487,502973,1252,XL,1,"33,85 €",30%
907488,502973,1116,41,1,"50,71 €",10
907489,502974,1204,s,1,"12,35 €",0.3
907490,502974,1029,M,1,"31,92 €",40%
907491,502974,1136,39,1,"73,76 €",0.0
907492,502974,1204,L,1,"12,35 €",20%
907493,502975,1340,L,1,"80,92 €",0%
907494,502975,1252,s,1,"33,85 €",30%
907495,502975,1105,37,1,"77,31 €",0.1
907496,502975,1105,39,1,"77,31 €",30
907497,502975,1365,Talla M,1,"27,56 €",30%
907498,502976,1315,XS,1,"32,56 €",0.2
907499,502976,1207,M,1,"16,71 €",0%
907500,502976,1250,Talla XS,1,"31,36 €",0.1
907501,502977,1117,37,1,"49,56 €",30
907502,502977,1268,xs,1,"36,99 €",0%
907503,502978,1245,S,1,"40,31 €",10%
907504,502979,1285,xs,2,"39,82 €",0.2
907505,502979,1391,Talla L,1,"13,83 €",10%
907506,502980,1111,37,1,"59,92 €",40
907507,502981,1003,xl,1,"55,06 €",40%
907508,502981,1225,s,3,"39,08 €",50%
907509,502982,1360,S,1,"18,88 €",0.2
907510,502982,1184,M,1,"14,15 €",20%
907511,502983,1273,Talla M,1,"32,69 €",30
907512,502984,1023,L,1,"31,99 €",40%
907513,502984,1068,L,2,"49,68 €",30%
907514,502985,1090,XL,1,"34,56 €",0
907515,502985,1367,Talla L,1,"13,47 €",0%
907516,502985,1083,M,3,"54,14 €",0%
907517,502986,1236,Talla L,2,"32,57 €",0
907518,502986,1188,l,1,"23,94 €",0%
907519,502986,1094,41,1,"61,63 €",0
907520,502987,1164,L,1,"18,58 €",20
907521,502987,1087,XL,1,"49,59 €",30%
907522,502987,1341,L,1,"40,01 €",10
907523,502987,1211,M,3,"12,54 €",50%
907524,502987,1337,L,1,"63,78 €",0.1
907525,502987,1280,Talla S,1,"29,54 €",20%
907526,502988,1362,Talla S,1,"26,07 €",30
907527,502988,1066,Talla L,1,"34,07 €",10%
907528,502988,1239,M,1,"31,88 €",20%
907529,502988,1070,L,1,"27,27 €",20%
907530,502988,1243,M,1,"42,14 €",0.1
907531,502989,1080,Talla S,2,"34,78 €",30
907532,502989,1267,M,1,"36,41 €",40%
907533,502989,1387,M,1,"10,36 €",30
907534,502989,1298,Talla M,1,"30,07 €",0.1
907535,502990,1252,M,2,"33,85 €",0.3
907536,502990,1201,M,1,"24,28 €",20
907537,502990,1366,M,1,"26,15 €",30%
907538,502991,1106,Talla 40,1,"73,33 €",0.1
907539,502991,1373,XL,1,"14,01 €",0.3
907540,502992,1367,Talla XL,1,"13,47 €",0
907541,502993,1105,39,1,"77,31 €",0.3
907542,502994,1283,Talla XL,1,"24,64 €",30%
907543,502994,1286,Talla M,1,"28,43 €",40%
907544,502994,1029,L,1,"31,92 €",10%
907545,502994,1041,L,1,"57,12 €",20%
907546,502995,1042,M,1,"49,99 €",0.4
907547,502996,1203,Talla S,1,"19,01 €",20
907548,502996,1061,s,1,"46,35 €",0.2
907549,502996,1167,M,1,"18,87 €",0.3
907550,502997,1042,M,1,"49,99 €",0.4
907551,502997,1301,L,1,"46,93 €",10%
907552,502998,1062,M,1,"43,22 €",0.0
907553,502999,1047,s,1,"27,30 €",20
907554,502999,1182,L,1,"16,74 €",0.1
907555,502999,1252,Talla S,1,"33,85 €",0.2
907556,502999,1392,L,2,"12,73 €",10
907557,503000,1340,l,1,"80,92 €",20
907558,503001,1152,36,1,"48,30 €",10
907559,503001,1369,M,1,"15,16 €",0%
907560,503001,1204,M,1,"12,35 €",0%
907561,503001,1329,M,1,"45,80 €",0%
907562,503002,1013,M,1,"31,03 €",0.1
907563,503002,1344,XL,1,"48,33 €",40
907564,503002,1233,L,1,"30,63 €",0.0
907565,503002,1027,XS,1,"34,91 €",10%
907566,503002,1176,M,2,"23,41 €",0.3
907567,503002,1047,M,1,"27,30 €",10
907568,503003,1042,S,1,"49,99 €",0.4
907569,503004,1215,Talla XS,1,"23,23 €",10%
907570,503005,1042,M,1,"49,99 €",40%
907571,503005,1044,S,1,"36,91 €",30%
907572,503006,1070,L,1,"27,27 €",0%
907573,503006,1095,37,1,"41,57 €",30%
907574,503006,1285,S,2,"39,82 €",30%
907575,503006,1252,M,1,"33,85 €",10%
907576,503007,1036,L,1,"51,15 €",0.2
907577,503008,1029,xs,1,"31,92 €",0.3
907578,503008,1094,36,2,"61,63 €",0.4
907579,503008,1359,Talla XS,3,"29,93 €",0.1
907580,503008,1315,XS,1,"32,56 €",0
907581,503009,1355,L,1,"26,01 €",30
907582,503009,1350,M,1,"57,49 €",0%
907583,503010,1090,L,1,"34,56 €",0.1
907584,503010,1263,S,2,"39,31 €",20
907585,503010,1094,36,2,"61,63 €",20
907586,503011,1325,S,1,"46,91 €",0.0
907587,503011,1184,XS,1,"14,15 €",0%
907588,503011,1203,s,1,"19,01 €",0.1
907589,503012,1169,L,1,"14,75 €",0.2
907590,503012,1285,Talla XL,1,"39,82 €",30%
907591,503013,1204,M,1,"12,35 €",30%
907592,503013,1305,Talla S,1,"32,92 €",0.3
907593,503014,1299,s,1,"43,49 €",50%
907594,503014,1053,M,1,"38,51 €",20%
907595,503015,1042,L,1,"49,99 €",40%
907596,503015,1262,M,1,"36,87 €",20
907597,503016,1334,XS,1,"41,41 €",30%
907598,503016,1305,XL,1,"32,92 €",0%
907599,503017,1276,XS,1,"24,73 €",20%
907600,503017,1239,S,1,"31,88 €",20%
907601,503017,1215,Talla XS,1,"23,23 €",30%
907602,503018,1042,xl,1,"49,99 €",40%
907603,503018,1285,L,1,"39,82 €",0.0
907604,503018,1315,L,1,"32,56 €",20
907605,503019,1227,S,1,"25,33 €",0.3
907606,503019,1091,37,1,"75,99 €",20
907607,503020,1285,M,2,"39,82 €",50%
907608,503021,1374,Talla XS,1,"12,90 €",0.1
907609,503021,1282,S,1,"36,05 €",0
907610,503022,1292,m,1,"32,80 €",30
907611,503022,1248,S,1,"44,58 €",20%
907612,503023,1276,XS,2,"24,73 €",10%
907613,503023,1229,XL,1,"38,72 €",20
907614,503024,1290,M,1,"23,54 €",20%
907615,503024,1234,Talla S,1,"26,50 €",0.4
907616,503025,1299,M,1,"43,49 €",20%
907617,503026,1380,S,1,"34,77 €",20
907618,503026,1254,xs,3,"42,10 €",0.4
907619,503026,1232,Talla S,1,"26,48 €",40
907620,503027,1307,S,1,"42,98 €",0.2
907621,503027,1198,xl,2,"16,38 €",0.2
907622,503027,1012,XL,1,"40,99 €",20%
907623,503027,1094,39,1,"61,63 €",30
907624,503027,1203,Talla L,1,"19,01 €",0.3
907625,503027,1272,L,2,"29,98 €",10%
907626,503028,1239,XS,1,"31,88 €",20%
907627,503028,1170,S,1,"12,32 €",20
907628,503028,1133,37,2,"48,67 €",10%
907629,503028,1141,39,2,"47,53 €",10%
907630,503029,1315,S,1,"32,56 €",10%
907631,503029,1040,Talla S,1,"49,21 €",0.3
907632,503030,1144,36,1,"75,61 €",0
907633,503030,1250,S,1,"31,36 €",0.0
907634,503030,1390,S,1,"19,91 €",0%
907635,503030,1111,38,1,"59,92 €",0.0
907636,503030,1295,Talla M,1,"36,18 €",0
907637,503030,1298,M,1,"30,07 €",0
907638,503031,1242,L,2,"38,06 €",20%
907639,503032,1250,L,1,"31,36 €",10
907640,503032,1350,XL,1,"57,49 €",0.0
907641,503033,1297,Talla L,1,"39,25 €",0.4
907642,503033,1239,Talla XS,1,"31,88 €",0.4
907643,503034,1363,M,1,"31,93 €",20
907644,503034,1038,L,1,"27,52 €",20%
907645,503034,1047,S,1,"27,30 €",50%
907646,503035,1257,S,1,"41,13 €",20%
907647,503035,1046,L,1,"42,24 €",20%
907648,503035,1379,l,1,"31,72 €",20
907649,503036,1080,l,1,"34,78 €",0.3
907650,503036,1257,Talla L,1,"41,13 €",40%
907651,503036,1293,M,1,"37,48 €",30%
907652,503036,1233,Talla S,1,"30,63 €",30%
907653,503036,1106,39,1,"73,33 €",30%
907654,503037,1386,XL,1,"32,98 €",10
907655,503038,1273,XL,2,"32,69 €",10
907656,503038,1106,39,1,"73,33 €",20
907657,503039,1229,Talla L,1,"38,72 €",30
907658,503040,1290,S,1,"23,54 €",10
907659,503041,1122,40,2,"63,66 €",0.2
907660,503041,1328,S,1,"51,49 €",20%
907661,503042,1204,XS,1,"12,35 €",10
907662,503042,1038,Talla M,2,"27,52 €",20%
907663,503042,1248,XL,1,"44,58 €",0.2
907664,503043,1262,S,1,"36,87 €",20
907665,503043,1038,m,1,"27,52 €",30
907666,503043,1322,L,1,"33,07 €",10
907667,503043,1234,M,1,"26,50 €",20%
907668,503043,1054,S,2,"59,30 €",30
907669,503043,1064,XS,1,"33,05 €",20
907670,503044,1042,M,1,"49,99 €",40
907671,503044,1055,XS,1,"33,15 €",0
907672,503045,1252,M,2,"33,85 €",30
907673,503045,1209,M,1,"13,65 €",0.0
907674,503045,1006,m,1,"40,90 €",10%
907675,503045,1258,XS,1,"35,14 €",0.2
907676,503046,1102,37,2,"68,36 €",30
907677,503046,1225,M,1,"39,08 €",30%
907678,503047,1252,M,1,"33,85 €",40
907679,503047,1149,40,1,"75,51 €",20%
907680,503047,1275,m,1,"24,89 €",30
907681,503047,1285,l,1,"39,82 €",10%
907682,503047,1170,L,1,"12,32 €",0.1
907683,503047,1315,XS,1,"32,56 €",30
907684,503047,1221,L,1,"28,31 €",20
907685,503048,1042,S,1,"49,99 €",40%
907686,503049,1374,m,1,"12,90 €",20%
907687,503050,1250,M,1,"31,36 €",0.1
907688,503050,1136,36,1,"73,76 €",20%
907689,503051,1360,M,3,"18,88 €",20
907690,503051,1098,38,1,"38,24 €",0%
907691,503051,1118,41,1,"79,30 €",0.1
907692,503051,1357,S,2,"16,44 €",40
907693,503052,1315,M,1,"32,56 €",30%
907694,503053,1374,S,1,"12,90 €",0.2
907695,503053,1284,Talla L,1,"20,70 €",20
907696,503054,1209,XL,1,"13,65 €",0.1
907697,503054,1368,s,2,"20,18 €",10%
907698,503055,1137,39,1,"63,83 €",40%
907699,503055,1185,S,1,"21,81 €",0
907700,503055,1282,xs,1,"36,05 €",0.0
907701,503055,1274,S,1,"39,02 €",0.2
907702,503056,1037,XL,1,"41,52 €",10%
907703,503056,1315,L,1,"32,56 €",0.0
907704,503056,1296,M,1,"41,51 €",0.1
907705,503056,1315,L,1,"32,56 €",0.2
907706,503056,1257,M,1,"41,13 €",10%
907707,503057,1248,M,1,"44,58 €",30
907708,503057,1148,40,1,"36,02 €",40%
907709,503058,1076,M,1,"47,04 €",0%
907710,503058,1205,XS,1,"13,61 €",10%
907711,503058,1388,XS,1,"15,95 €",10
907712,503058,1053,M,1,"38,51 €",30%
907713,503059,1032,M,1,"29,90 €",10%
907714,503059,1304,M,1,"44,49 €",10
907715,503059,1117,38,1,"49,56 €",0
907716,503059,1136,37,1,"73,76 €",20%
907717,503060,1300,M,1,"32,84 €",20
907718,503060,1264,S,1,"44,81 €",30%
907719,503060,1013,xl,1,"31,03 €",40%
907720,503061,1053,Talla S,1,"38,51 €",0.2
907721,503061,1180,S,1,"17,79 €",0.1
907722,503062,1315,XL,1,"32,56 €",50%
907723,503062,1180,XS,2,"17,79 €",10
907724,503062,1343,XL,2,"81,92 €",0.4
907725,503062,1203,M,2,"19,01 €",30%
907726,503063,1141,39,1,"47,53 €",0.0
907727,503063,1036,l,1,"51,15 €",0.2
907728,503063,1106,41,1,"73,33 €",20
907729,503064,1024,Talla L,1,"56,24 €",0.0
907730,503064,1260,L,1,"41,99 €",30%
907731,503065,1303,M,2,"34,22 €",10%
907732,503065,1229,Talla L,1,"38,72 €",0.3
907733,503065,1256,L,1,"30,08 €",30%
907734,503065,1029,L,1,"31,92 €",10%
907735,503066,1399,M,1,"31,60 €",0.2
907736,503067,1042,M,1,"49,99 €",0.4
907737,503068,1308,M,1,"36,22 €",20
907738,503068,1259,S,1,"30,24 €",40%
907739,503069,1362,XS,1,"26,07 €",10%
907740,503069,1013,S,1,"31,03 €",30
907741,503069,1304,M,1,"44,49 €",0.3
907742,503069,1284,Talla M,1,"20,70 €",0.2
907743,503070,1322,l,2,"33,07 €",0.3
907744,503070,1106,40,1,"73,33 €",30
907745,503070,1017,xs,1,"33,77 €",30%
907746,503070,1122,39,1,"63,66 €",0.5
907747,503070,1315,xl,1,"32,56 €",0.2
907748,503071,1336,Talla M,1,"80,41 €",0.2
907749,503071,1292,S,1,"32,80 €",10%
907750,503072,1330,Talla M,1,"48,41 €",20
907751,503072,1057,Talla M,1,"28,72 €",0.5
907752,503072,1305,XS,3,"32,92 €",20%
907753,503072,1317,L,1,"27,13 €",40
907754,503072,1309,M,1,"29,96 €",20
907755,503072,1213,L,1,"12,89 €",10
907756,503073,1393,L,1,"13,58 €",20%
907757,503073,1123,40,1,"77,67 €",40
907758,503074,1204,M,2,"12,35 €",0.3
907759,503074,1141,39,1,"47,53 €",40
907760,503075,1303,S,1,"34,22 €",0%
907761,503075,1114,38,1,"41,35 €",30%
907762,503075,1074,S,1,"27,23 €",20
907763,503076,1106,37,1,"73,33 €",20%
907764,503076,1020,S,1,"35,48 €",20%
907765,503076,1107,38,1,"55,33 €",20%
907766,503077,1374,m,1,"12,90 €",0.3
907767,503077,1138,Talla 39,1,"48,26 €",30%
907768,503078,1126,38,2,"52,20 €",30%
907769,503078,1334,S,1,"41,41 €",0.5
907770,503078,1288,L,2,"30,24 €",30%
907771,503079,1388,L,1,"15,95 €",10%
907772,503080,1284,l,1,"20,70 €",50%
907773,503080,1190,XL,1,"19,61 €",40%
907774,503081,1208,l,1,"22,70 €",10
907775,503081,1248,L,1,"44,58 €",20%
907776,503082,1393,S,1,"13,58 €",0
907777,503082,1176,M,1,"23,41 €",0.1
907778,503082,1180,m,2,"17,79 €",0
907779,503082,1012,M,1,"40,99 €",0
907780,503082,1080,S,1,"34,78 €",0%
907781,503083,1183,m,1,"22,12 €",0.2
907782,503084,1086,M,1,"33,74 €",20%
907783,503084,1180,XL,2,"17,79 €",40%
907784,503085,1273,L,1,"32,69 €",20%
907785,503085,1040,Talla XL,1,"49,21 €",0.2
907786,503085,1093,36,1,"68,61 €",20%
907787,503085,1358,M,1,"26,83 €",0.4
907788,503086,1235,L,1,"34,51 €",0.3
907789,503086,1077,M,2,"57,81 €",0.2
907790,503086,1375,Talla S,1,"22,99 €",20
907791,503086,1364,L,1,"11,29 €",30%
907792,503087,1296,s,1,"41,51 €",0.4
907793,503087,1327,M,1,"77,26 €",30%
907794,503088,1026,M,1,"49,99 €",50
907795,503088,1141,38,1,"47,53 €",50%
907796,503088,1065,XL,1,"49,52 €",0.3
907797,503089,1252,L,2,"33,85 €",0.3
907798,503089,1021,S,3,"43,85 €",20%
907799,503089,1076,S,1,"47,04 €",0.0
907800,503090,1007,M,1,"30,50 €",0.3
907801,503090,1019,XL,1,"38,48 €",20%
907802,503091,1274,XL,1,"39,02 €",0.2
907803,503092,1066,Talla L,1,"34,07 €",0%
907804,503092,1334,L,1,"41,41 €",0%
907805,503092,1123,Talla 36,1,"77,67 €",20%
907806,503093,1046,M,1,"42,24 €",0.2
907807,503093,1177,S,1,"20,83 €",20%
907808,503093,1123,38,1,"77,67 €",50%
907809,503094,1374,S,1,"12,90 €",0.2
907810,503095,1266,S,1,"33,10 €",0.2
907811,503096,1291,XS,1,"28,71 €",10%
907812,503096,1010,L,1,"32,90 €",30%
907813,503096,1070,M,1,"27,27 €",10%
907814,503096,1351,S,1,"26,88 €",10
907815,503096,1339,L,1,"55,93 €",20%
907816,503097,1088,Talla M,1,"36,00 €",0.0
907817,503097,1061,M,1,"46,35 €",0.4
907818,503098,1346,S,1,"45,31 €",0.0
907819,503099,1042,S,1,"49,99 €",0.4
907820,503099,1313,L,1,"38,98 €",0.2
907821,503099,1100,40,1,"49,80 €",40
907822,503100,1103,41,1,"62,95 €",20%
907823,503100,1053,Talla S,1,"38,51 €",30%
907824,503101,1186,Talla XS,2,"16,09 €",20
907825,503101,1023,S,1,"31,99 €",0.2
907826,503101,1204,S,1,"12,35 €",30%
907827,503101,1020,m,1,"35,48 €",30%
907828,503101,1305,Talla XS,1,"32,92 €",20
907829,503101,1357,M,1,"16,44 €",0.5
907830,503102,1068,l,1,"49,68 €",0.0
907831,503102,1347,XS,1,"80,46 €",0.1
907832,503103,1325,XS,1,"46,91 €",0.0
907833,503103,1254,M,1,"42,10 €",0.0
907834,503103,1322,XS,1,"33,07 €",0.0
907835,503104,1357,Talla XL,1,"16,44 €",10
907836,503105,1072,S,2,"46,42 €",20
907837,503105,1285,xl,1,"39,82 €",40%
907838,503105,1204,S,1,"12,35 €",0.5
907839,503105,1329,XS,1,"45,80 €",50%
907840,503105,1163,M,1,"22,89 €",0.3
907841,503106,1123,38,1,"77,67 €",20
907842,503107,1269,S,2,"20,24 €",0.3
907843,503108,1203,XS,1,"19,01 €",40%
907844,503108,1046,M,1,"42,24 €",30%
907845,503108,1176,XS,1,"23,41 €",20%
907846,503108,1204,Talla M,1,"12,35 €",30
907847,503108,1043,Talla M,1,"54,13 €",0.2
907848,503108,1252,XL,1,"33,85 €",40
907849,503109,1127,40,1,"79,76 €",20
907850,503109,1166,L,1,"15,50 €",0.3
907851,503110,1062,m,1,"43,22 €",0.2
907852,503111,1025,l,1,"59,54 €",20%
907853,503112,1400,XS,2,"25,30 €",0%
907854,503113,1174,S,1,"20,68 €",10
907855,503113,1252,xl,1,"33,85 €",10%
907856,503114,1368,S,1,"20,18 €",20
907857,503114,1268,L,1,"36,99 €",0.2
907858,503115,1096,38,1,"53,68 €",40%
907859,503115,1327,s,1,"77,26 €",0.1
907860,503115,1362,M,1,"26,07 €",0.0
907861,503116,1364,L,1,"11,29 €",20%
907862,503116,1015,S,1,"33,85 €",0.5
907863,503116,1346,S,1,"45,31 €",10%
907864,503117,1038,L,1,"27,52 €",0%
907865,503118,1249,S,1,"34,29 €",20%
907866,503119,1157,38,1,"47,95 €",0.4
907867,503119,1178,XL,2,"22,32 €",10%
907868,503120,1037,L,1,"41,52 €",10
907869,503120,1190,Talla L,1,"19,61 €",20%
907870,503121,1027,M,2,"34,91 €",20
907871,503122,1053,L,1,"38,51 €",0.4
907872,503123,1196,L,1,"15,48 €",20%
907873,503124,1180,M,1,"17,79 €",0%
907874,503125,1379,XS,1,"31,72 €",0.0
907875,503125,1027,Talla L,1,"34,91 €",0.2
907876,503125,1106,41,1,"73,33 €",0.0
907877,503125,1126,38,1,"52,20 €",0.0
907878,503125,1054,L,1,"59,30 €",0%
907879,503125,1203,S,1,"19,01 €",0
907880,503126,1066,L,2,"34,07 €",0
907881,503127,1048,Talla L,1,"36,45 €",0.0
907882,503127,1176,L,2,"23,41 €",0
907883,503127,1334,S,1,"41,41 €",10%
907884,503128,1217,xs,1,"12,11 €",20
907885,503128,1392,XL,1,"12,73 €",40%
907886,503129,1096,38,1,"53,68 €",10%
907887,503130,1065,L,1,"49,52 €",20
907888,503130,1341,L,3,"40,01 €",20%
907889,503131,1027,s,1,"34,91 €",0.3
907890,503132,1178,m,1,"22,32 €",0.1
907891,503132,1048,XS,1,"36,45 €",0
907892,503132,1064,Talla XS,2,"33,05 €",0.2
907893,503133,1362,S,1,"26,07 €",30
907894,503133,1204,L,1,"12,35 €",20
907895,503134,1327,Talla L,1,"77,26 €",0.1
907896,503134,1244,xs,2,"26,77 €",0.2
907897,503134,1311,M,1,"30,25 €",20
907898,503134,1148,36,1,"36,02 €",40%
907899,503135,1359,M,1,"29,93 €",0.3
907900,503136,1382,S,1,"30,95 €",30%
907901,503137,1349,XL,2,"53,20 €",20%
907902,503137,1015,S,1,"33,85 €",0.2
907903,503137,1299,L,1,"43,49 €",30%
907904,503137,1181,Talla XS,1,"24,51 €",30%
907905,503137,1091,38,1,"75,99 €",10%
907906,503137,1118,36,1,"79,30 €",0.3
907907,503138,1069,M,1,"29,38 €",0.1
907908,503138,1308,Talla XS,1,"36,22 €",0.2
907909,503139,1282,M,1,"36,05 €",0.1
907910,503139,1163,L,2,"22,89 €",20%
907911,503139,1258,m,1,"35,14 €",0.0
907912,503139,1204,L,1,"12,35 €",40
907913,503139,1260,Talla S,1,"41,99 €",20%
907914,503139,1295,XL,1,"36,18 €",20%
907915,503139,1289,xl,2,"22,39 €",40%
907916,503140,1251,L,1,"41,39 €",10%
907917,503141,1285,XL,1,"39,82 €",0.1
907918,503142,1008,s,1,"54,28 €",20%
907919,503142,1400,XS,1,"25,30 €",0.1
907920,503142,1257,l,1,"41,13 €",40
907921,503143,1283,L,1,"24,64 €",0.1
907922,503143,1175,M,1,"17,99 €",10%
907923,503144,1334,S,1,"41,41 €",10%
907924,503144,1362,S,1,"26,07 €",0.2
907925,503144,1176,m,1,"23,41 €",0.4
907926,503145,1042,L,1,"49,99 €",40
907927,503145,1229,XL,1,"38,72 €",0.3
907928,503146,1176,M,1,"23,41 €",0.0
907929,503147,1077,xl,2,"57,81 €",20%
907930,503148,1249,xs,1,"34,29 €",0%
907931,503149,1286,XL,1,"28,43 €",0.3
907932,503150,1161,XS,1,"23,07 €",20
907933,503150,1243,S,1,"42,14 €",50%
907934,503151,1066,L,2,"34,07 €",30%
907935,503152,1050,M,1,"52,78 €",10%
907936,503152,1362,M,1,"26,07 €",10%
907937,503152,1229,M,1,"38,72 €",0.3
907938,503153,1042,XL,1,"49,99 €",40
907939,503153,1204,S,1,"12,35 €",30
907940,503153,1185,L,1,"21,81 €",20%
907941,503153,1115,36,1,"64,90 €",30
907942,503154,1166,M,1,"15,50 €",0.0
907943,503154,1093,38,1,"68,61 €",0
907944,503154,1331,L,1,"73,27 €",10%
907945,503155,1266,S,1,"33,10 €",20
907946,503156,1092,37,2,"69,97 €",30%
907947,503156,1362,M,1,"26,07 €",0%
907948,503156,1204,S,3,"12,35 €",30
907949,503156,1048,S,1,"36,45 €",10%
907950,503156,1041,L,1,"57,12 €",30%
907951,503156,1220,Talla XS,1,"18,87 €",0.2
907952,503157,1362,l,2,"26,07 €",0.3
907953,503157,1203,Talla L,1,"19,01 €",0%
907954,503158,1188,L,1,"23,94 €",20%
907955,503159,1193,S,1,"20,23 €",0.3
907956,503159,1027,S,1,"34,91 €",0.3
907957,503160,1090,S,1,"34,56 €",0.1
907958,503161,1193,Talla S,1,"20,23 €",30
907959,503162,1316,Talla XL,1,"43,89 €",0%
907960,503163,1400,S,1,"25,30 €",20%
907961,503163,1289,XS,1,"22,39 €",40
907962,503164,1040,xl,1,"49,21 €",30
907963,503164,1231,XL,1,"35,23 €",30
907964,503164,1295,L,1,"36,18 €",0.1
907965,503164,1115,41,1,"64,90 €",10%
907966,503164,1117,38,1,"49,56 €",40
907967,503164,1180,M,1,"17,79 €",0%
907968,503165,1236,l,1,"32,57 €",0%
907969,503166,1105,38,1,"77,31 €",20
907970,503167,1074,M,1,"27,23 €",10%
907971,503167,1284,L,1,"20,70 €",0.2
907972,503168,1235,L,1,"34,51 €",0.0
907973,503168,1111,37,1,"59,92 €",0
907974,503169,1042,M,1,"49,99 €",40%
907975,503169,1374,XS,1,"12,90 €",0.3
907976,503170,1042,XL,1,"49,99 €",0.4
907977,503170,1109,37,1,"76,92 €",50
907978,503171,1070,s,1,"27,27 €",0
907979,503171,1256,L,1,"30,08 €",0
907980,503172,1345,M,1,"85,68 €",0.2
907981,503173,1233,m,1,"30,63 €",0.0
907982,503173,1374,l,1,"12,90 €",20%
907983,503173,1070,S,1,"27,27 €",30%
907984,503174,1176,XL,1,"23,41 €",0.4
907985,503175,1277,m,1,"28,10 €",0.4
907986,503175,1263,S,2,"39,31 €",30%
907987,503175,1212,xl,1,"12,74 €",0.0
907988,503176,1362,S,1,"26,07 €",30%
907989,503177,1042,L,2,"49,99 €",40%
907990,503177,1301,L,1,"46,93 €",0.4
907991,503178,1160,39,1,"65,05 €",40%
907992,503179,1101,Talla 38,2,"57,43 €",0.0
907993,503179,1203,L,1,"19,01 €",10
907994,503179,1211,XL,2,"12,54 €",0.2
907995,503180,1026,L,2,"49,99 €",20%
907996,503180,1151,42,1,"47,09 €",20
907997,503180,1200,L,1,"21,79 €",20%
907998,503181,1042,M,1,"49,99 €",40%
907999,503181,1334,M,2,"41,41 €",20%
908000,503181,1006,XL,1,"40,90 €",30%
908001,503182,1042,M,1,"49,99 €",40
908002,503183,1077,M,1,"57,81 €",0.1
908003,503183,1129,37,1,"73,51 €",0.0
908004,503183,1329,l,1,"45,80 €",40%
908005,503184,1197,L,1,"14,87 €",10
908006,503184,1111,38,1,"59,92 €",20
908007,503184,1175,L,1,"17,99 €",10%
908008,503185,1165,XL,1,"13,35 €",0.3
908009,503185,1359,Talla XS,1,"29,93 €",40
908010,503185,1097,41,1,"45,52 €",30%
908011,503185,1374,Talla L,1,"12,90 €",20%
908012,503186,1256,M,1,"30,08 €",50
908013,503186,1363,XS,2,"31,93 €",0.2
908014,503186,1362,S,1,"26,07 €",0.1
908015,503187,1197,L,2,"14,87 €",20
908016,503187,1216,M,1,"17,83 €",0.2
908017,503188,1322,S,1,"33,07 €",0.4
908018,503188,1315,L,1,"32,56 €",30%
908019,503189,1042,l,1,"49,99 €",40%
908020,503190,1256,M,2,"30,08 €",0.5
908021,503190,1208,L,1,"22,70 €",0.3
908022,503190,1362,M,1,"26,07 €",10
908023,503191,1163,XL,2,"22,89 €",10
908024,503191,1066,M,1,"34,07 €",20
908025,503191,1201,xs,1,"24,28 €",10
908026,503192,1209,S,1,"13,65 €",30%
908027,503193,1014,L,1,"48,60 €",0.3
908028,503193,1035,L,1,"57,32 €",0%
908029,503193,1304,Talla S,1,"44,49 €",0.3
908030,503193,1315,Talla XS,1,"32,56 €",0.4
908031,503194,1175,L,1,"17,99 €",40%
908032,503194,1206,Talla XL,1,"15,68 €",40%
908033,503194,1315,XL,2,"32,56 €",30
908034,503195,1042,s,1,"49,99 €",0.4
908035,503195,1298,l,3,"30,07 €",10
908036,503195,1277,S,1,"28,10 €",20%
908037,503196,1268,XS,1,"36,99 €",20
908038,503196,1249,L,1,"34,29 €",0%
908039,503197,1370,M,1,"32,70 €",0.2
908040,503198,1285,L,2,"39,82 €",10
908041,503198,1198,M,1,"16,38 €",0
908042,503199,1067,XL,1,"32,97 €",0.3
908043,503199,1238,M,1,"36,15 €",40
908044,503199,1252,XS,1,"33,85 €",40
908045,503199,1176,M,1,"23,41 €",10%
908046,503199,1230,XL,1,"25,06 €",10
908047,503199,1163,S,1,"22,89 €",0.3
908048,503200,1030,L,1,"46,38 €",0%
908049,503200,1176,L,1,"23,41 €",10%
908050,503201,1314,XL,2,"42,15 €",0.0
908051,503201,1077,S,1,"57,81 €",0.1
908052,503202,1004,L,1,"45,55 €",0.2
908053,503203,1100,36,1,"49,80 €",0
908054,503203,1211,S,1,"12,54 €",20%
908055,503203,1198,M,1,"16,38 €",0.2
908056,503203,1130,41,1,"73,00 €",0.2
908057,503203,1013,Talla L,2,"31,03 €",30%
908058,503204,1314,M,1,"42,15 €",40
908059,503204,1211,XL,1,"12,54 €",0.1
908060,503205,1203,M,1,"19,01 €",0%
908061,503205,1148,36,1,"36,02 €",0.1
908062,503205,1149,39,1,"75,51 €",30%
908063,503205,1315,L,1,"32,56 €",0.2
908064,503206,1083,S,1,"54,14 €",20%
908065,503207,1155,38,1,"61,83 €",20
908066,503207,1377,L,1,"31,22 €",20%
908067,503207,1124,37,1,"77,92 €",20%
908068,503207,1184,XS,1,"14,15 €",0.3
908069,503207,1322,L,1,"33,07 €",0.4
908070,503208,1285,L,1,"39,82 €",0.3
908071,503208,1330,S,1,"48,41 €",0.4
908072,503208,1315,XS,1,"32,56 €",10
908073,503208,1175,Talla L,1,"17,99 €",10%
908074,503209,1169,S,1,"14,75 €",0.3
908075,503210,1340,XS,3,"80,92 €",30
908076,503211,1365,m,1,"27,56 €",20
908077,503211,1327,Talla M,1,"77,26 €",0.0
908078,503211,1356,XL,1,"31,86 €",0
908079,503211,1238,M,1,"36,15 €",0%
908080,503211,1315,m,1,"32,56 €",0%
908081,503212,1205,L,1,"13,61 €",0%
908082,503213,1106,39,1,"73,33 €",30
908083,503214,1229,XS,1,"38,72 €",30%
908084,503214,1350,M,1,"57,49 €",0.2
908085,503215,1027,XS,1,"34,91 €",20
908086,503215,1362,XS,1,"26,07 €",50%
908087,503216,1123,39,1,"77,67 €",30%
908088,503216,1065,xl,1,"49,52 €",0.3
908089,503216,1252,l,1,"33,85 €",0.1
908090,503216,1012,M,1,"40,99 €",40
908091,503216,1319,s,1,"30,13 €",0.2
908092,503217,1204,XL,1,"12,35 €",20
908093,503217,1265,l,1,"44,68 €",10
908094,503217,1315,XS,2,"32,56 €",0.1
908095,503217,1246,XL,1,"32,78 €",10%
908096,503217,1106,37,1,"73,33 €",10%
908097,503217,1168,L,1,"19,82 €",20%
908098,503218,1042,l,2,"49,99 €",0.4
908099,503218,1041,L,1,"57,12 €",0%
908100,503219,1284,XS,1,"20,70 €",20%
908101,503219,1204,l,1,"12,35 €",0.4
908102,503219,1285,M,1,"39,82 €",0.4
908103,503220,1042,M,1,"49,99 €",0.4
908104,503220,1305,L,1,"32,92 €",10%
908105,503220,1163,L,1,"22,89 €",10
908106,503220,1315,M,1,"32,56 €",0.3
908107,503221,1257,S,1,"41,13 €",20%
908108,503222,1313,Talla L,1,"38,98 €",10
908109,503222,1397,L,1,"20,12 €",0.1
908110,503223,1352,XS,1,"12,43 €",10%
908111,503223,1372,Talla L,1,"28,06 €",30%
908112,503224,1292,xl,2,"32,80 €",20%
908113,503224,1271,M,1,"39,71 €",30%
908114,503224,1114,40,2,"41,35 €",50
908115,503224,1089,S,1,"33,88 €",0.0
908116,503224,1336,Talla XL,1,"80,41 €",10%
908117,503225,1317,XS,1,"27,13 €",0.5
908118,503225,1335,xs,1,"70,30 €",0.0
908119,503226,1023,XL,1,"31,99 €",0%
908120,503226,1070,XL,1,"27,27 €",0.0
908121,503227,1374,S,1,"12,90 €",0%
908122,503228,1285,XL,1,"39,82 €",0%
908123,503228,1014,l,1,"48,60 €",30%
908124,503229,1258,XS,1,"35,14 €",20%
908125,503229,1068,Talla M,1,"49,68 €",0%
908126,503229,1033,L,1,"54,99 €",10
908127,503229,1204,M,2,"12,35 €",0.4
908128,503230,1301,L,1,"46,93 €",0.1
908129,503230,1163,Talla XL,1,"22,89 €",40
908130,503230,1052,S,1,"52,18 €",10%
908131,503231,1099,39,2,"79,99 €",20%
908132,503231,1085,M,2,"41,61 €",10
908133,503232,1392,S,1,"12,73 €",0.4
908134,503232,1315,XS,1,"32,56 €",0.2
908135,503232,1070,S,1,"27,27 €",30
908136,503232,1376,M,1,"26,99 €",10
908137,503232,1019,s,1,"38,48 €",30%
908138,503233,1251,M,1,"41,39 €",40%
908139,503233,1114,36,2,"41,35 €",0.1
908140,503233,1157,38,1,"47,95 €",0.5
908141,503233,1082,L,1,"49,65 €",20%
908142,503234,1031,XS,3,"33,85 €",20%
908143,503234,1252,L,1,"33,85 €",20%
908144,503235,1027,xl,1,"34,91 €",10
908145,503235,1383,Talla L,1,"20,95 €",0.2
908146,503235,1163,Talla S,1,"22,89 €",10
908147,503236,1257,M,2,"41,13 €",0.4
908148,503237,1362,XL,2,"26,07 €",10%
908149,503237,1346,m,1,"45,31 €",20%
908150,503237,1121,40,1,"72,81 €",10
908151,503238,1150,39,1,"53,53 €",0.0
908152,503238,1294,l,1,"28,15 €",0.0
908153,503238,1066,Talla S,1,"34,07 €",0.0
908154,503239,1042,Talla M,1,"49,99 €",0.4
908155,503239,1087,L,1,"49,59 €",0.2
908156,503239,1046,XL,1,"42,24 €",0.4
908157,503239,1239,XS,1,"31,88 €",0.4
908158,503240,1315,xl,1,"32,56 €",10%
908159,503240,1204,Talla M,1,"12,35 €",0%
908160,503241,1359,XL,1,"29,93 €",0.1
908161,503241,1251,S,1,"41,39 €",0.0
908162,503241,1185,M,1,"21,81 €",0
908163,503241,1021,Talla XS,1,"43,85 €",0.2
908164,503241,1334,XS,1,"41,41 €",0.0
908165,503242,1391,M,1,"13,83 €",0.4
908166,503242,1015,S,1,"33,85 €",10
908167,503242,1349,Talla XS,1,"53,20 €",0.1
908168,503242,1114,38,1,"41,35 €",0.4
908169,503243,1195,XS,2,"18,13 €",0.1
908170,503243,1113,39,2,"38,95 €",0.1
908171,503243,1385,S,1,"28,77 €",0
908172,503244,1027,S,2,"34,91 €",40%
908173,503244,1053,L,1,"38,51 €",10%
908174,503245,1204,M,2,"12,35 €",0.2
908175,503246,1027,S,1,"34,91 €",30%
908176,503246,1229,m,2,"38,72 €",20%
908177,503246,1121,Talla 37,2,"72,81 €",0.1
908178,503246,1395,s,2,"20,05 €",20
908179,503247,1042,XL,2,"49,99 €",40%
908180,503247,1176,M,2,"23,41 €",0%
908181,503248,1013,M,1,"31,03 €",0.2
908182,503248,1123,37,1,"77,67 €",10
908183,503248,1283,M,2,"24,64 €",40%
908184,503248,1255,XL,1,"31,35 €",0.4
908185,503248,1311,L,1,"30,25 €",0.1
908186,503248,1124,Talla 40,1,"77,92 €",0.3
908187,503249,1093,39,2,"68,61 €",0.0
908188,503249,1217,XL,1,"12,11 €",0.0
908189,503250,1252,m,3,"33,85 €",0.4
908190,503250,1310,L,1,"40,69 €",20%
908191,503250,1119,Talla 37,1,"55,00 €",30%
908192,503250,1240,S,1,"41,66 €",30%
908193,503251,1342,S,1,"54,22 €",0.0
908194,503251,1259,XS,1,"30,24 €",0%
908195,503251,1252,m,1,"33,85 €",0.0
908196,503252,1263,XS,1,"39,31 €",0.1
908197,503252,1077,M,1,"57,81 €",50
908198,503253,1172,XS,2,"18,98 €",0.1
908199,503253,1035,l,1,"57,32 €",0.4
908200,503253,1302,M,1,"47,49 €",10%
908201,503253,1113,40,1,"38,95 €",0.0
908202,503253,1008,m,1,"54,28 €",30
908203,503254,1070,Talla S,3,"27,27 €",0.1
908204,503255,1240,XL,1,"41,66 €",20%
908205,503256,1328,M,1,"51,49 €",30
908206,503256,1229,M,1,"38,72 €",0.3
908207,503256,1107,38,1,"55,33 €",0.2
908208,503256,1148,Talla 39,3,"36,02 €",40%
908209,503257,1042,XS,1,"49,99 €",40
908210,503257,1368,XL,1,"20,18 €",0.4
908211,503258,1095,39,2,"41,57 €",40%
908212,503258,1046,S,1,"42,24 €",10
908213,503258,1013,M,1,"31,03 €",30%
908214,503259,1001,S,2,"32,57 €",0.2
908215,503260,1387,Talla XL,1,"10,36 €",0.4
908216,503260,1276,XS,1,"24,73 €",40%
908217,503260,1341,XS,1,"40,01 €",0.4
908218,503260,1184,Talla L,2,"14,15 €",0.4
908219,503261,1042,S,1,"49,99 €",0.4
908220,503262,1087,S,1,"49,59 €",0.4
908221,503262,1292,Talla M,1,"32,80 €",0.5
908222,503262,1243,XL,1,"42,14 €",0%
908223,503262,1381,M,1,"34,45 €",0.3
908224,503263,1126,Talla 41,1,"52,20 €",0%
908225,503263,1179,XS,1,"24,02 €",10%
908226,503264,1204,m,1,"12,35 €",20
908227,503264,1013,XL,1,"31,03 €",30
908228,503264,1080,XL,2,"34,78 €",0%
908229,503265,1099,40,1,"79,99 €",0.2
908230,503265,1094,40,1,"61,63 €",30%
908231,503266,1204,XL,1,"12,35 €",0.3
908232,503267,1042,M,1,"49,99 €",0.4
908233,503267,1229,M,2,"38,72 €",0.2
908234,503267,1362,m,1,"26,07 €",0.4
908235,503267,1318,S,1,"40,14 €",30%
908236,503268,1204,Talla M,1,"12,35 €",20%
908237,503268,1140,Talla 38,1,"39,31 €",0.5
908238,503268,1362,M,1,"26,07 €",0.1
908239,503269,1016,M,1,"58,66 €",40
908240,503269,1315,M,1,"32,56 €",0.0
908241,503269,1028,Talla L,1,"48,82 €",50%
908242,503269,1142,37,1,"75,44 €",20%
908243,503270,1304,S,1,"44,49 €",0%
908244,503270,1151,39,1,"47,09 €",30%
908245,503270,1314,XS,1,"42,15 €",40
908246,503270,1376,L,2,"26,99 €",0.1
908247,503271,1360,S,1,"18,88 €",0%
908248,503271,1257,Talla M,1,"41,13 €",0.0
908249,503272,1282,M,1,"36,05 €",10%
908250,503273,1395,L,1,"20,05 €",0.2
908251,503273,1324,M,1,"40,15 €",0.5
908252,503273,1303,S,1,"34,22 €",10%
908253,503273,1241,L,1,"36,57 €",20
908254,503273,1034,M,1,"42,28 €",0
908255,503274,1099,39,1,"79,99 €",0.3
908256,503274,1069,S,1,"29,38 €",20%
908257,503275,1036,L,1,"51,15 €",30%
908258,503275,1066,S,1,"34,07 €",30%
908259,503276,1296,S,1,"41,51 €",40
908260,503276,1285,M,3,"39,82 €",0.5
908261,503277,1229,Talla M,1,"38,72 €",50
908262,503277,1160,39,1,"65,05 €",50
908263,503277,1272,L,1,"29,98 €",0%
908264,503277,1383,XL,2,"20,95 €",0.3
908265,503278,1315,XS,1,"32,56 €",0%
908266,503279,1280,XL,2,"29,54 €",0%
908267,503279,1167,XL,1,"18,87 €",0.4
908268,503279,1282,S,1,"36,05 €",40
908269,503279,1386,XL,2,"32,98 €",10
908270,503279,1111,42,1,"59,92 €",10
908271,503280,1362,S,1,"26,07 €",0.1
908272,503280,1020,XS,1,"35,48 €",0.2
908273,503280,1114,36,1,"41,35 €",10%
908274,503280,1313,M,1,"38,98 €",40
908275,503280,1214,L,1,"17,10 €",10%
908276,503281,1078,S,1,"56,16 €",0.2
908277,503281,1057,XL,1,"28,72 €",0.0
908278,503282,1055,L,1,"33,15 €",30%
908279,503282,1245,Talla L,1,"40,31 €",20
908280,503283,1360,M,1,"18,88 €",30%
908281,503283,1294,S,1,"28,15 €",20
908282,503283,1083,M,1,"54,14 €",0.4
908283,503283,1271,Talla L,1,"39,71 €",10
908284,503284,1027,L,2,"34,91 €",0.3
908285,503284,1315,Talla XL,1,"32,56 €",40%
908286,503284,1119,40,1,"55,00 €",0.0
908287,503285,1041,XL,1,"57,12 €",30%
908288,503286,1115,36,2,"64,90 €",30%
908289,503286,1285,m,1,"39,82 €",40
908290,503286,1189,Talla S,1,"16,40 €",10%
908291,503286,1315,M,3,"32,56 €",40%
908292,503287,1141,38,1,"47,53 €",0
908293,503287,1215,XS,1,"23,23 €",0%
908294,503288,1236,L,1,"32,57 €",10%
908295,503288,1051,M,1,"46,46 €",0.0
908296,503289,1311,L,1,"30,25 €",30%
908297,503289,1315,S,1,"32,56 €",10%
908298,503290,1399,M,1,"31,60 €",40%
908299,503290,1015,S,2,"33,85 €",20
908300,503290,1294,M,1,"28,15 €",20%
908301,503290,1291,S,1,"28,71 €",0.2
908302,503291,1053,M,1,"38,51 €",0.1
908303,503291,1171,L,1,"18,14 €",40%
908304,503292,1194,XL,2,"22,75 €",0%
908305,503292,1149,38,1,"75,51 €",0%
908306,503293,1250,M,1,"31,36 €",30%
908307,503293,1377,XL,1,"31,22 €",0.0
908308,503294,1323,S,1,"32,89 €",0.3
908309,503294,1134,37,3,"31,21 €",10%
908310,503294,1155,37,1,"61,83 €",20
908311,503294,1362,S,1,"26,07 €",0.1
908312,503294,1077,L,2,"57,81 €",0.0
908313,503294,1293,L,1,"37,48 €",0.5
908314,503295,1042,S,1,"49,99 €",40%
908315,503295,1305,Talla XL,1,"32,92 €",0.0
908316,503295,1285,l,1,"39,82 €",0.2
908317,503295,1062,Talla S,1,"43,22 €",0
908318,503295,1329,M,1,"45,80 €",20
908319,503295,1122,38,1,"63,66 €",50
908320,503296,1055,M,1,"33,15 €",30
908321,503296,1175,l,1,"17,99 €",40%
908322,503297,1359,M,1,"29,93 €",30
908323,503297,1153,39,1,"46,79 €",0.4
908324,503298,1076,XS,1,"47,04 €",40%
908325,503299,1327,Talla M,1,"77,26 €",10%
908326,503299,1014,XL,1,"48,60 €",0.4
908327,503299,1254,S,1,"42,10 €",0%
908328,503300,1270,Talla XL,1,"37,43 €",0.1
908329,503300,1383,L,1,"20,95 €",20%
908330,503301,1343,S,1,"81,92 €",10
908331,503301,1311,XL,1,"30,25 €",0.4
908332,503301,1179,Talla S,2,"24,02 €",10
908333,503302,1329,XL,1,"45,80 €",0.1
908334,503302,1200,xs,1,"21,79 €",20%
908335,503303,1127,40,1,"79,76 €",0.1
908336,503303,1141,37,1,"47,53 €",0.0
908337,503303,1176,M,1,"23,41 €",10%
908338,503304,1175,m,1,"17,99 €",40%
908339,503304,1168,s,1,"19,82 €",0.3
908340,503304,1163,m,1,"22,89 €",40
908341,503305,1379,m,1,"31,72 €",0.0
908342,503305,1357,XS,1,"16,44 €",0%
908343,503305,1185,L,2,"21,81 €",0.0
908344,503305,1094,39,2,"61,63 €",0
908345,503305,1387,XS,1,"10,36 €",10%
908346,503305,1169,Talla S,1,"14,75 €",0.0
908347,503306,1042,l,1,"49,99 €",40
908348,503306,1370,L,1,"32,70 €",0.2
908349,503306,1039,S,1,"53,52 €",20%
908350,503306,1285,L,1,"39,82 €",0.2
908351,503306,1119,38,1,"55,00 €",30
908352,503307,1381,L,1,"34,45 €",40%
908353,503307,1152,36,2,"48,30 €",40
908354,503308,1302,XS,1,"47,49 €",30
908355,503308,1357,XL,1,"16,44 €",10%
908356,503309,1127,Talla 41,1,"79,76 €",20
908357,503309,1161,L,1,"23,07 €",10
908358,503309,1080,Talla XL,1,"34,78 €",10
908359,503309,1087,s,1,"49,59 €",10
908360,503310,1042,l,1,"49,99 €",40%
908361,503310,1204,l,2,"12,35 €",0.3
908362,503311,1284,L,1,"20,70 €",0%
908363,503311,1070,m,1,"27,27 €",0
908364,503311,1040,l,1,"49,21 €",0.0
908365,503311,1217,Talla L,1,"12,11 €",0.2
908366,503311,1182,XL,1,"16,74 €",0
908367,503311,1283,L,1,"24,64 €",0%
908368,503312,1094,39,1,"61,63 €",0%
908369,503312,1362,S,1,"26,07 €",0%
908370,503313,1055,Talla M,1,"33,15 €",0.3
908371,503313,1093,41,1,"68,61 €",0.4
908372,503313,1008,M,1,"54,28 €",0%
908373,503314,1050,S,1,"52,78 €",0.2
908374,503315,1380,S,1,"34,77 €",0%
908375,503316,1309,M,1,"29,96 €",0.2
908376,503317,1123,36,2,"77,67 €",0%
908377,503317,1374,XS,1,"12,90 €",10
908378,503317,1362,s,1,"26,07 €",0%
908379,503317,1189,L,1,"16,40 €",0
908380,503318,1042,L,1,"49,99 €",0.4
908381,503318,1282,L,1,"36,05 €",20%
908382,503318,1282,XS,1,"36,05 €",20%
908383,503319,1396,L,1,"15,65 €",0.3
908384,503319,1202,m,1,"20,61 €",10%
908385,503320,1112,Talla 39,1,"78,05 €",0.0
908386,503320,1094,41,1,"61,63 €",0.0
908387,503320,1161,M,1,"23,07 €",20%
908388,503321,1362,L,1,"26,07 €",0.2
908389,503321,1332,L,1,"87,31 €",0.2
908390,503321,1123,38,1,"77,67 €",20%
908391,503321,1204,M,1,"12,35 €",20%
908392,503322,1268,S,1,"36,99 €",20%
908393,503323,1185,L,1,"21,81 €",0.4
908394,503323,1188,M,1,"23,94 €",50%
908395,503323,1018,M,1,"45,78 €",50%
908396,503323,1248,XL,1,"44,58 €",30
908397,503324,1339,xs,2,"55,93 €",0.3
908398,503324,1229,S,1,"38,72 €",0
908399,503324,1292,M,1,"32,80 €",10%
908400,503325,1042,L,1,"49,99 €",40%
908401,503325,1084,S,1,"59,12 €",20%
908402,503326,1346,M,1,"45,31 €",0%
908403,503327,1059,M,1,"55,73 €",20
908404,503327,1110,37,1,"37,86 €",0.4
908405,503328,1057,m,1,"28,72 €",30%
908406,503328,1307,XS,2,"42,98 €",40
908407,503328,1270,L,1,"37,43 €",0.2
908408,503328,1007,S,1,"30,50 €",0.2
908409,503329,1042,M,1,"49,99 €",0.4
908410,503329,1350,s,1,"57,49 €",0.3
908411,503330,1015,M,1,"33,85 €",0
908412,503330,1204,S,1,"12,35 €",0.3
908413,503330,1123,38,1,"77,67 €",0.0
908414,503331,1042,M,1,"49,99 €",40%
908415,503331,1027,XL,1,"34,91 €",10%
908416,503331,1019,m,1,"38,48 €",20%
908417,503332,1374,M,1,"12,90 €",0.3
908418,503333,1257,XL,1,"41,13 €",0.1
908419,503333,1060,M,1,"48,04 €",20%
908420,503333,1098,39,1,"38,24 €",0%
908421,503334,1290,XS,1,"23,54 €",40%
908422,503335,1042,L,1,"49,99 €",40%
908423,503336,1091,38,1,"75,99 €",0
908424,503336,1204,XL,1,"12,35 €",0%
908425,503337,1042,M,1,"49,99 €",40%
908426,503337,1266,S,1,"33,10 €",20
908427,503338,1042,M,1,"49,99 €",40%
908428,503338,1245,L,1,"40,31 €",0.1
908429,503338,1140,Talla 39,3,"39,31 €",0%
908430,503339,1024,M,2,"56,24 €",0.4
908431,503340,1257,Talla S,1,"41,13 €",40
908432,503340,1203,L,1,"19,01 €",0.5
908433,503340,1058,m,1,"51,95 €",10%
908434,503341,1042,Talla M,1,"49,99 €",40
908435,503341,1286,M,1,"28,43 €",0.3
908436,503341,1353,M,1,"13,83 €",0.2
908437,503342,1350,Talla S,1,"57,49 €",0%
908438,503343,1204,Talla M,1,"12,35 €",20
908439,503343,1336,L,1,"80,41 €",0.3
908440,503344,1381,Talla S,1,"34,45 €",0
908441,503344,1279,M,1,"28,28 €",0%
908442,503345,1042,Talla S,1,"49,99 €",40
908443,503345,1280,s,2,"29,54 €",20%
908444,503346,1121,38,1,"72,81 €",40
908445,503346,1219,S,1,"17,73 €",10%
908446,503347,1190,Talla XL,2,"19,61 €",50%
908447,503347,1113,Talla 39,2,"38,95 €",0.1
908448,503348,1042,M,1,"49,99 €",0.4
908449,503348,1021,Talla XL,2,"43,85 €",0.2
908450,503348,1048,S,1,"36,45 €",30%
908451,503349,1390,L,2,"19,91 €",0.3
908452,503349,1134,40,1,"31,21 €",20%
908453,503350,1113,40,1,"38,95 €",20%
908454,503350,1036,XL,1,"51,15 €",0.2
908455,503350,1261,L,1,"33,18 €",40
908456,503351,1393,XS,1,"13,58 €",0.1
908457,503352,1119,38,1,"55,00 €",30
908458,503352,1094,Talla 39,1,"61,63 €",30%
908459,503352,1334,XL,1,"41,41 €",0
908460,503353,1387,Talla S,1,"10,36 €",0
908461,503354,1225,Talla XS,1,"39,08 €",0%
908462,503354,1319,XL,1,"30,13 €",0.0
908463,503354,1334,L,1,"41,41 €",0%
908464,503355,1106,Talla 37,1,"73,33 €",30%
908465,503355,1269,L,1,"20,24 €",30
908466,503355,1314,S,1,"42,15 €",50
908467,503355,1122,42,1,"63,66 €",0.1
908468,503356,1042,XL,1,"49,99 €",0.4
908469,503356,1333,Talla XS,2,"89,35 €",0.5
908470,503357,1312,xl,1,"35,92 €",10%
908471,503358,1042,Talla L,1,"49,99 €",40%
908472,503358,1204,s,1,"12,35 €",0.2
908473,503359,1209,Talla M,1,"13,65 €",0%
908474,503359,1289,Talla L,1,"22,39 €",0.0
908475,503359,1134,36,2,"31,21 €",0
908476,503360,1129,Talla 39,1,"73,51 €",40
908477,503361,1293,Talla M,1,"37,48 €",0.4
908478,503361,1371,S,1,"33,17 €",0.2
908479,503361,1367,M,1,"13,47 €",30%
908480,503362,1078,s,1,"56,16 €",40
908481,503362,1330,M,2,"48,41 €",10
908482,503362,1006,L,1,"40,90 €",20
908483,503363,1282,XL,1,"36,05 €",20
908484,503363,1052,XS,1,"52,18 €",0.2
908485,503363,1381,M,1,"34,45 €",0.2
908486,503364,1325,XL,1,"46,91 €",0.1
908487,503364,1183,l,1,"22,12 €",40
908488,503365,1315,XL,1,"32,56 €",0%
908489,503365,1322,L,1,"33,07 €",0.2
908490,503366,1247,XS,2,"43,39 €",0%
908491,503366,1106,39,1,"73,33 €",0
908492,503366,1292,Talla M,2,"32,80 €",0
908493,503367,1204,m,1,"12,35 €",20%
908494,503368,1271,S,2,"39,71 €",30
908495,503369,1113,38,1,"38,95 €",30%
908496,503369,1269,XS,1,"20,24 €",20
908497,503369,1168,Talla S,1,"19,82 €",50
908498,503369,1272,M,1,"29,98 €",40%
908499,503370,1053,L,1,"38,51 €",0
908500,503370,1091,Talla 40,1,"75,99 €",0%
908501,503370,1176,M,1,"23,41 €",0
908502,503370,1020,XL,1,"35,48 €",0.0
908503,503370,1142,Talla 37,1,"75,44 €",20%
908504,503371,1024,S,1,"56,24 €",10%
908505,503372,1042,L,1,"49,99 €",40
908506,503372,1362,l,1,"26,07 €",40%
908507,503373,1042,M,1,"49,99 €",0.4
908508,503374,1262,Talla M,1,"36,87 €",0.1
908509,503375,1228,M,1,"37,14 €",40
908510,503376,1122,42,1,"63,66 €",0.3
908511,503377,1042,s,2,"49,99 €",0.4
908512,503378,1285,L,1,"39,82 €",0.0
908513,503379,1182,Talla M,1,"16,74 €",0%
908514,503379,1084,M,1,"59,12 €",0%
908515,503380,1208,m,1,"22,70 €",40
908516,503380,1285,M,1,"39,82 €",50%
908517,503381,1284,XL,1,"20,70 €",0.2
908518,503381,1077,S,1,"57,81 €",0.2
908519,503381,1147,39,1,"30,45 €",10%
908520,503381,1350,XS,1,"57,49 €",0.2
908521,503381,1258,M,1,"35,14 €",10%
908522,503382,1295,L,1,"36,18 €",0
908523,503382,1302,M,1,"47,49 €",10
908524,503382,1184,L,1,"14,15 €",40
908525,503383,1325,XS,1,"46,91 €",0.1
908526,503383,1341,S,1,"40,01 €",20%
908527,503383,1083,M,2,"54,14 €",20
908528,503384,1275,M,1,"24,89 €",0.4
908529,503385,1027,XS,1,"34,91 €",30%
908530,503386,1315,Talla S,1,"32,56 €",0%
908531,503386,1378,m,1,"21,35 €",0%
908532,503386,1211,Talla S,1,"12,54 €",0
908533,503386,1055,L,1,"33,15 €",0.0
908534,503387,1070,xl,1,"27,27 €",0.0
908535,503387,1002,M,2,"27,23 €",0.1
908536,503387,1247,Talla S,1,"43,39 €",10%
908537,503387,1360,S,2,"18,88 €",40
908538,503387,1062,L,1,"43,22 €",10%
908539,503388,1379,M,1,"31,72 €",20%
908540,503388,1145,36,1,"44,56 €",0.2
908541,503388,1080,L,1,"34,78 €",20
908542,503388,1324,XL,1,"40,15 €",10
908543,503388,1392,m,1,"12,73 €",20
908544,503388,1345,S,1,"85,68 €",0%
908545,503389,1042,m,1,"49,99 €",0.4
908546,503389,1273,l,1,"32,69 €",20
908547,503389,1229,L,1,"38,72 €",20
908548,503389,1211,M,2,"12,54 €",30
908549,503390,1396,L,1,"15,65 €",10
908550,503390,1204,M,1,"12,35 €",0.0
908551,503390,1134,Talla 40,1,"31,21 €",0.3
908552,503390,1088,XS,2,"36,00 €",40
908553,503391,1357,S,2,"16,44 €",0.2
908554,503392,1269,XS,1,"20,24 €",10
908555,503392,1200,S,2,"21,79 €",20%
908556,503393,1289,Talla M,1,"22,39 €",10
908557,503393,1231,Talla XS,1,"35,23 €",0.4
908558,503394,1283,L,1,"24,64 €",20
908559,503394,1282,M,1,"36,05 €",10%
908560,503395,1359,Talla XL,1,"29,93 €",20%
908561,503396,1342,XL,1,"54,22 €",0.2
908562,503397,1083,M,1,"54,14 €",30
908563,503398,1042,xl,1,"49,99 €",40
908564,503399,1352,Talla M,1,"12,43 €",0.3
908565,503399,1040,xs,1,"49,21 €",0
908566,503400,1204,M,3,"12,35 €",0%
908567,503400,1327,XS,1,"77,26 €",0%
908568,503400,1004,xs,1,"45,55 €",0%
908569,503401,1305,M,1,"32,92 €",0.0
908570,503401,1304,XS,1,"44,49 €",0%
908571,503401,1015,Talla M,1,"33,85 €",0%
908572,503402,1070,Talla XL,1,"27,27 €",0.3
908573,503403,1382,M,1,"30,95 €",10%
908574,503404,1055,S,1,"33,15 €",20%
908575,503404,1368,m,2,"20,18 €",30%
908576,503405,1042,m,1,"49,99 €",0.4
908577,503405,1182,S,2,"16,74 €",0.3
908578,503405,1356,L,1,"31,86 €",40
908579,503405,1130,Talla 42,1,"73,00 €",0.5
908580,503406,1388,Talla L,0,"15,95 €",20
908581,503406,1377,XL,1,"31,22 €",30
908582,503407,1015,XS,1,"33,85 €",50%
908583,503407,1251,S,2,"41,39 €",0%
908584,503407,1181,Talla XL,1,"24,51 €",20%
908585,503407,1300,M,2,"32,84 €",0.2
908586,503408,1127,Talla 37,1,"79,76 €",30%
908587,503408,1250,M,2,"31,36 €",0.0
908588,503408,1305,M,1,"32,92 €",0.3
908589,503408,1346,L,1,"45,31 €",20%
908590,503408,1170,S,1,"12,32 €",0.1
908591,503409,1314,S,3,"42,15 €",0.0
908592,503409,1122,Talla 38,1,"63,66 €",0%
908593,503410,1197,M,1,"14,87 €",10%
908594,503410,1049,M,1,"47,10 €",20%
908595,503411,1391,L,1,"13,83 €",0.2
908596,503411,1229,M,1,"38,72 €",30
908597,503412,1120,Talla 38,1,"65,76 €",30%
908598,503412,1213,xs,1,"12,89 €",30%
908599,503413,1048,S,1,"36,45 €",0%
908600,503413,1280,S,1,"29,54 €",0.5
908601,503414,1210,M,2,"18,98 €",0.3
908602,503414,1198,M,1,"16,38 €",30%
908603,503414,1010,XL,1,"32,90 €",30
908604,503414,1205,L,1,"13,61 €",0.2
908605,503415,1204,Talla S,1,"12,35 €",30%
908606,503415,1087,L,1,"49,59 €",10%
908607,503416,1346,S,2,"45,31 €",30%
908608,503416,1211,XL,1,"12,54 €",30%
908609,503416,1350,M,1,"57,49 €",0.1
908610,503416,1037,Talla M,1,"41,52 €",0.4
908611,503417,1063,L,1,"41,19 €",10%
908612,503417,1372,M,1,"28,06 €",30%
908613,503418,1104,Talla 39,1,"51,58 €",0.2
908614,503419,1252,Talla M,1,"33,85 €",0.4
908615,503419,1176,L,1,"23,41 €",30
908616,503420,1002,M,1,"27,23 €",10%
908617,503421,1042,Talla M,2,"49,99 €",40%
908618,503421,1398,Talla XL,1,"25,22 €",30%
908619,503421,1223,M,1,"29,79 €",0.3
908620,503421,1094,39,1,"61,63 €",0.2
908621,503422,1042,L,1,"49,99 €",0.4
908622,503422,1065,M,2,"49,52 €",20%
908623,503422,1204,S,1,"12,35 €",10%
908624,503423,1063,Talla S,1,"41,19 €",0%
908625,503424,1141,39,1,"47,53 €",0
908626,503424,1376,L,1,"26,99 €",0%
908627,503424,1303,l,2,"34,22 €",20%
908628,503425,1186,S,1,"16,09 €",10
908629,503425,1106,38,1,"73,33 €",30%
908630,503425,1296,XS,1,"41,51 €",20%
908631,503425,1041,l,1,"57,12 €",0.4
908632,503426,1244,xs,1,"26,77 €",0.3
908633,503426,1258,XL,1,"35,14 €",0.2
908634,503426,1012,Talla M,2,"40,99 €",0.3
908635,503427,1263,xs,1,"39,31 €",0.2
908636,503427,1211,xl,1,"12,54 €",0.4
908637,503428,1352,XL,1,"12,43 €",0%
908638,503428,1348,s,1,"54,42 €",30
908639,503428,1249,M,1,"34,29 €",0.4
908640,503429,1042,S,1,"49,99 €",40%
908641,503429,1312,Talla L,1,"35,92 €",20%
908642,503429,1374,XS,1,"12,90 €",20
908643,503430,1362,L,1,"26,07 €",0
908644,503430,1272,Talla M,1,"29,98 €",0%
908645,503431,1176,S,1,"23,41 €",0
908646,503431,1077,M,1,"57,81 €",0%
908647,503432,1013,S,1,"31,03 €",30%
908648,503432,1070,S,1,"27,27 €",10%
908649,503433,1275,M,1,"24,89 €",0.2
908650,503433,1227,XS,1,"25,33 €",40
908651,503434,1347,L,1,"80,46 €",40%
908652,503435,1042,Talla S,1,"49,99 €",40%
908653,503436,1027,xs,1,"34,91 €",0.0
908654,503436,1027,L,2,"34,91 €",10
908655,503436,1239,S,1,"31,88 €",30%
908656,503437,1229,S,1,"38,72 €",0.3
908657,503437,1004,S,1,"45,55 €",20%
908658,503438,1205,Talla XS,1,"13,61 €",0.4
908659,503438,1201,S,1,"24,28 €",40%
908660,503438,1246,S,2,"32,78 €",20%
908661,503439,1206,Talla L,1,"15,68 €",0.1
908662,503440,1134,Talla 38,1,"31,21 €",0.2
908663,503440,1368,l,1,"20,18 €",40%
908664,503440,1292,L,1,"32,80 €",30%
908665,503440,1285,M,1,"39,82 €",0.0
908666,503440,1211,M,1,"12,54 €",0.4
908667,503440,1124,40,1,"77,92 €",0.2
908668,503441,1159,38,1,"51,99 €",0.0
908669,503442,1090,L,1,"34,56 €",50%
908670,503443,1374,M,1,"12,90 €",0.0
908671,503444,1074,S,1,"27,23 €",0.2
908672,503445,1238,S,1,"36,15 €",0%
908673,503445,1302,M,1,"47,49 €",0.0
908674,503445,1087,M,1,"49,59 €",0%
908675,503445,1013,S,1,"31,03 €",0.0
908676,503445,1244,Talla M,1,"26,77 €",0.0
908677,503446,1211,XL,1,"12,54 €",10%
908678,503446,1251,S,1,"41,39 €",0.1
908679,503447,1042,L,1,"49,99 €",40%
908680,503447,1278,L,1,"29,80 €",0.0
908681,503448,1042,Talla M,1,"49,99 €",40%
908682,503449,1197,L,1,"14,87 €",30%
908683,503450,1374,Talla XL,1,"12,90 €",0.1
908684,503450,1393,Talla XL,-1,"13,58 €",0%
908685,503450,1038,XS,2,"27,52 €",20%
908686,503450,1180,L,1,"17,79 €",0.3
908687,503450,1070,m,1,"27,27 €",0.1
908688,503451,1042,S,1,"49,99 €",40
908689,503451,1106,37,1,"73,33 €",50%
908690,503451,1364,S,1,"11,29 €",30
908691,503452,1042,L,1,"49,99 €",0.4
908692,503452,1203,XS,1,"19,01 €",20%
908693,503452,1236,M,1,"32,57 €",20
908694,503453,1346,M,1,"45,31 €",0
908695,503453,1214,S,1,"17,10 €",40%
908696,503453,1015,Talla M,1,"33,85 €",20
908697,503453,1388,M,1,"15,95 €",0.1
908698,503454,1303,XS,1,"34,22 €",20%
908699,503454,1353,M,1,"13,83 €",30
908700,503455,1306,L,2,"38,88 €",0.5
908701,503455,1118,39,1,"79,30 €",30%
908702,503456,1359,s,1,"29,93 €",20%
908703,503456,1152,42,2,"48,30 €",10%
908704,503457,1009,M,1,"25,67 €",20%
908705,503458,1204,Talla L,1,"12,35 €",30%
908706,503458,1252,XS,1,"33,85 €",10%
908707,503458,1261,XS,1,"33,18 €",0.4
908708,503458,1211,M,2,"12,54 €",0.2
908709,503458,1111,39,1,"59,92 €",0.3
908710,503459,1304,M,1,"44,49 €",10%
908711,503459,1056,s,1,"39,14 €",0.3
908712,503460,1027,L,1,"34,91 €",40%
908713,503460,1157,41,2,"47,95 €",0%
908714,503460,1182,M,1,"16,74 €",20%
908715,503460,1282,m,2,"36,05 €",30%
908716,503460,1075,l,1,"43,55 €",20%
908717,503461,1072,L,2,"46,42 €",0.3
908718,503461,1244,s,1,"26,77 €",0.2
908719,503462,1042,M,1,"49,99 €",40%
908720,503462,1254,M,1,"42,10 €",0.2
908721,503463,1042,M,1,"49,99 €",40%
908722,503463,1122,37,1,"63,66 €",30
908723,503464,1374,Talla XL,1,"12,90 €",0.2
908724,503464,1188,XS,1,"23,94 €",40
908725,503464,1367,L,1,"13,47 €",0%
908726,503464,1028,Talla L,1,"48,82 €",30%
908727,503465,1368,XL,1,"20,18 €",20%
908728,503466,1209,XS,2,"13,65 €",0.2
908729,503467,1121,38,1,"72,81 €",20%
908730,503467,1179,L,1,"24,02 €",0.0
908731,503468,1204,S,1,"12,35 €",20%
908732,503468,1027,L,1,"34,91 €",0.2
908733,503468,1110,40,1,"37,86 €",0.2
908734,503468,1106,39,1,"73,33 €",0.2
908735,503469,1229,M,1,"38,72 €",0.0
908736,503469,1320,S,1,"35,05 €",0.0
908737,503469,1182,Talla M,1,"16,74 €",0
908738,503469,1197,xs,1,"14,87 €",0
908739,503470,1105,39,1,"77,31 €",10%
908740,503470,1168,XL,1,"19,82 €",0.0
908741,503470,1246,L,1,"32,78 €",0.1
908742,503470,1364,M,1,"11,29 €",0
908743,503471,1042,L,1,"49,99 €",0.4
908744,503472,1173,S,2,"22,99 €",30
908745,503473,1358,S,1,"26,83 €",0.2
908746,503474,1015,M,1,"33,85 €",0
908747,503474,1056,L,1,"39,14 €",0.1
908748,503474,1148,41,1,"36,02 €",0
908749,503475,1093,38,2,"68,61 €",20%
908750,503476,1376,S,1,"26,99 €",0.1
908751,503476,1034,Talla L,1,"42,28 €",10%
908752,503477,1052,m,1,"52,18 €",0%
908753,503477,1070,m,3,"27,27 €",0%
908754,503477,1158,38,1,"44,36 €",0.0
908755,503477,1229,l,1,"38,72 €",10%
908756,503477,1368,M,1,"20,18 €",10
908757,503477,1330,M,1,"48,41 €",0.2
908758,503478,1278,XS,1,"29,80 €",20%
908759,503478,1386,M,1,"32,98 €",10%
908760,503479,1225,L,1,"39,08 €",30%
908761,503480,1027,S,2,"34,91 €",20
908762,503480,1374,M,2,"12,90 €",30%
908763,503481,1113,36,1,"38,95 €",20
908764,503481,1257,M,1,"41,13 €",20
908765,503482,1187,S,1,"17,31 €",20%
908766,503483,1116,39,1,"50,71 €",0.3
908767,503483,1379,S,1,"31,72 €",20%
908768,503484,1096,39,1,"53,68 €",30
908769,503485,1200,S,1,"21,79 €",20
908770,503485,1388,M,2,"15,95 €",0.1
908771,503486,1089,Talla XS,1,"33,88 €",30
908772,503486,1235,L,1,"34,51 €",20%
908773,503487,1094,38,1,"61,63 €",20
908774,503487,1070,L,1,"27,27 €",0.2
908775,503488,1060,m,1,"48,04 €",0%
908776,503488,1063,S,1,"41,19 €",0.0
908777,503488,1379,M,1,"31,72 €",0.0
908778,503488,1241,XS,1,"36,57 €",10%
908779,503489,1087,XS,1,"49,59 €",20%
908780,503490,1311,m,1,"30,25 €",0.3
908781,503490,1038,S,1,"27,52 €",0.1
908782,503490,1389,M,3,"21,34 €",20
908783,503490,1397,XL,1,"20,12 €",30
908784,503491,1229,XL,1,"38,72 €",0.2
908785,503491,1121,41,1,"72,81 €",0.0
908786,503492,1078,l,1,"56,16 €",30
908787,503492,1355,S,2,"26,01 €",30%
908788,503492,1088,L,1,"36,00 €",0.3
908789,503493,1274,XL,1,"39,02 €",0.3
908790,503494,1204,L,1,"12,35 €",10
908791,503494,1384,XS,1,"25,64 €",0.0
908792,503494,1315,M,1,"32,56 €",0
908793,503495,1374,xs,1,"12,90 €",20%
908794,503496,1140,38,1,"39,31 €",0.4
908795,503496,1187,S,1,"17,31 €",50
908796,503496,1304,xs,1,"44,49 €",0.5
908797,503497,1350,Talla M,1,"57,49 €",30
908798,503497,1204,S,1,"12,35 €",10%
908799,503498,1184,M,1,"14,15 €",30%
908800,503498,1056,XL,1,"39,14 €",20
908801,503498,1362,l,1,"26,07 €",20%
908802,503498,1053,M,1,"38,51 €",0.2
908803,503498,1224,L,1,"25,88 €",0.3
908804,503499,1203,Talla S,2,"19,01 €",0.2
908805,503499,1315,s,1,"32,56 €",10%
908806,503499,1041,M,1,"57,12 €",20%
908807,503499,1006,M,2,"40,90 €",20%
908808,503499,1224,l,1,"25,88 €",20
908809,503500,1140,36,1,"39,31 €",10
908810,503500,1094,36,1,"61,63 €",0.1
908811,503501,1116,Talla 39,1,"50,71 €",30%
908812,503501,1331,L,1,"73,27 €",0.1
908813,503501,1252,L,1,"33,85 €",0.2
908814,503502,1070,Talla L,1,"27,27 €",0.0
908815,503502,1049,l,2,"47,10 €",0.0
908816,503503,1039,Talla M,1,"53,52 €",0.3
908817,503503,1130,36,1,"73,00 €",50%
908818,503503,1075,Talla XS,1,"43,55 €",0%
908819,503503,1353,L,1,"13,83 €",0.3
908820,503503,1118,38,1,"79,30 €",30%
908821,503503,1007,L,1,"30,50 €",20
908822,503504,1105,39,1,"77,31 €",30%
908823,503504,1038,S,1,"27,52 €",0.3
908824,503505,1128,36,1,"71,15 €",10
908825,503505,1033,S,1,"54,99 €",0%
908826,503505,1248,XL,1,"44,58 €",0.0
908827,503506,1042,XS,1,"49,99 €",0.4
908828,503506,1357,xl,1,"16,44 €",0.3
908829,503506,1049,M,1,"47,10 €",0.3
908830,503507,1305,m,1,"32,92 €",40
908831,503507,1102,40,1,"68,36 €",0.5
908832,503508,1300,L,1,"32,84 €",0.1
908833,503508,1384,M,1,"25,64 €",10%
908834,503509,1219,XL,1,"17,73 €",20%
908835,503510,1038,Talla M,1,"27,52 €",20
908836,503511,1138,39,1,"48,26 €",0.3
908837,503511,1249,XL,1,"34,29 €",0.3
908838,503511,1036,XL,1,"51,15 €",20
908839,503511,1027,xs,3,"34,91 €",0.3
908840,503512,1204,L,1,"12,35 €",10
908841,503512,1234,M,2,"26,50 €",0%
908842,503512,1076,XL,1,"47,04 €",0%
908843,503513,1289,S,1,"22,39 €",20
908844,503513,1060,Talla M,1,"48,04 €",20
908845,503514,1155,40,1,"61,83 €",0.2
908846,503515,1057,Talla XL,1,"28,72 €",20%
908847,503515,1094,39,1,"61,63 €",0%
908848,503515,1045,L,1,"57,82 €",30%
908849,503516,1170,Talla XS,1,"12,32 €",20%
908850,503516,1075,M,1,"43,55 €",40
908851,503516,1012,M,1,"40,99 €",0.0
908852,503516,1224,XS,1,"25,88 €",0.0
908853,503517,1204,Talla XL,1,"12,35 €",0.3
908854,503517,1081,S,1,"55,86 €",0
908855,503517,1235,L,1,"34,51 €",0.1
908856,503518,1106,Talla 41,1,"73,33 €",40%
908857,503518,1089,XL,1,"33,88 €",0.3
908858,503519,1101,40,1,"57,43 €",40
908859,503519,1061,M,3,"46,35 €",10
908860,503519,1094,Talla 40,1,"61,63 €",40%
908861,503519,1092,42,1,"69,97 €",10%
908862,503520,1204,XS,1,"12,35 €",0.4
908863,503520,1112,42,1,"78,05 €",10
908864,503520,1012,S,1,"40,99 €",0.2
908865,503520,1283,xl,1,"24,64 €",20%
908866,503521,1227,S,1,"25,33 €",10%
908867,503521,1027,XS,2,"34,91 €",10
908868,503521,1176,XS,1,"23,41 €",0
908869,503522,1203,L,3,"19,01 €",20
908870,503522,1247,L,1,"43,39 €",0.2
908871,503523,1280,Talla L,1,"29,54 €",0
908872,503523,1100,36,1,"49,80 €",30%
908873,503523,1362,xl,1,"26,07 €",0.3
908874,503523,1064,XS,1,"33,05 €",0
908875,503524,1355,xl,1,"26,01 €",0%
908876,503524,1386,L,1,"32,98 €",0.1
908877,503524,1175,S,1,"17,99 €",0.4
908878,503525,1042,S,1,"49,99 €",40
908879,503525,1015,XS,1,"33,85 €",20
908880,503526,1204,XL,1,"12,35 €",0
908881,503526,1046,Talla M,1,"42,24 €",0
908882,503527,1292,S,2,"32,80 €",10%
908883,503527,1094,Talla 37,1,"61,63 €",0%
908884,503527,1345,L,1,"85,68 €",0%
908885,503527,1282,M,1,"36,05 €",0%
908886,503527,1140,38,1,"39,31 €",0.0
908887,503527,1197,M,2,"14,87 €",0.0
908888,503527,1241,XL,1,"36,57 €",0%
908889,503528,1365,L,2,"27,56 €",20%
908890,503529,1042,S,1,"49,99 €",0.4
908891,503529,1345,l,1,"85,68 €",20%
908892,503529,1111,36,1,"59,92 €",10%
908893,503529,1273,M,1,"32,69 €",0.3
908894,503529,1204,L,1,"12,35 €",0.1
908895,503529,1257,M,1,"41,13 €",20%
908896,503530,1042,m,1,"49,99 €",40%
908897,503530,1347,M,1,"80,46 €",30%
908898,503530,1064,XL,1,"33,05 €",30%
908899,503530,1022,XL,1,"36,94 €",0.2
908900,503530,1011,L,1,"58,99 €",0
908901,503531,1071,XS,1,"29,62 €",10
908902,503531,1397,XS,1,"20,12 €",20%
908903,503532,1357,M,1,"16,44 €",0.3
908904,503533,1094,39,1,"61,63 €",10%
908905,503534,1204,M,1,"12,35 €",10%
908906,503535,1185,XL,1,"21,81 €",20
908907,503535,1207,XL,1,"16,71 €",0.4
908908,503536,1042,M,1,"49,99 €",0.4
908909,503537,1388,S,1,"15,95 €",20
908910,503538,1211,M,1,"12,54 €",30%
908911,503539,1062,l,1,"43,22 €",0%
908912,503540,1085,S,1,"41,61 €",20
908913,503540,1103,Talla 40,2,"62,95 €",40%
908914,503540,1089,M,1,"33,88 €",50
908915,503540,1130,38,1,"73,00 €",10%
908916,503540,1204,M,1,"12,35 €",10
908917,503541,1058,XL,1,"51,95 €",10%
908918,503541,1136,41,1,"73,76 €",30
908919,503541,1269,Talla M,1,"20,24 €",0.3
908920,503542,1233,S,1,"30,63 €",0.0
908921,503543,1042,M,2,"49,99 €",40%
908922,503543,1377,S,2,"31,22 €",40
908923,503544,1357,Talla XL,1,"16,44 €",0.1
908924,503544,1386,M,1,"32,98 €",30%
908925,503545,1359,S,1,"29,93 €",10
908926,503545,1364,S,1,"11,29 €",0.1
908927,503545,1214,xl,1,"17,10 €",0
908928,503546,1219,Talla S,1,"17,73 €",20%
908929,503547,1310,XS,1,"40,69 €",10%
908930,503547,1021,XL,1,"43,85 €",0
908931,503547,1277,Talla S,1,"28,10 €",0
908932,503547,1068,XL,1,"49,68 €",0%
908933,503547,1334,s,1,"41,41 €",0%
908934,503548,1042,M,2,"49,99 €",40%
908935,503548,1391,s,1,"13,83 €",0.3
908936,503549,1337,L,1,"63,78 €",10
908937,503549,1041,S,1,"57,12 €",20%
908938,503549,1015,S,1,"33,85 €",20
908939,503550,1042,L,1,"49,99 €",0.4
908940,503551,1327,M,1,"77,26 €",20
908941,503551,1253,l,1,"42,45 €",10
908942,503552,1203,M,1,"19,01 €",20%
908943,503552,1303,Talla XL,2,"34,22 €",0.4
908944,503553,1285,M,2,"39,82 €",0.2
908945,503553,1285,Talla S,1,"39,82 €",30%
908946,503554,1042,S,1,"49,99 €",0.4
908947,503554,1392,S,1,"12,73 €",0.2
908948,503554,1304,L,1,"44,49 €",50
908949,503555,1345,xl,2,"85,68 €",0
908950,503555,1054,M,1,"59,30 €",20%
908951,503555,1315,xl,1,"32,56 €",0%
908952,503556,1069,XS,1,"29,38 €",30
908953,503557,1329,S,1,"45,80 €",0%
908954,503557,1297,Talla XL,1,"39,25 €",0.0
908955,503558,1270,XS,1,"37,43 €",0.4
908956,503558,1252,S,1,"33,85 €",40%
908957,503558,1168,Talla M,1,"19,82 €",20
908958,503558,1036,M,1,"51,15 €",0.3
908959,503558,1275,M,1,"24,89 €",20%
908960,503558,1356,M,1,"31,86 €",0.4
908961,503559,1040,Talla M,1,"49,21 €",0.3
908962,503559,1013,l,1,"31,03 €",0.3
908963,503559,1365,Talla XL,1,"27,56 €",0%
908964,503559,1194,XL,1,"22,75 €",0.3
908965,503559,1059,M,1,"55,73 €",30%
908966,503560,1392,L,1,"12,73 €",0.1
908967,503560,1016,M,1,"58,66 €",0.0
908968,503560,1053,M,1,"38,51 €",0%
908969,503560,1238,XL,1,"36,15 €",0
908970,503561,1175,XS,1,"17,99 €",40%
908971,503561,1241,Talla XL,2,"36,57 €",10
908972,503562,1234,Talla M,1,"26,50 €",0.3
908973,503563,1138,36,1,"48,26 €",30%
908974,503563,1216,L,1,"17,83 €",0.4
908975,503563,1116,Talla 39,1,"50,71 €",0.3
908976,503563,1174,S,1,"20,68 €",10
908977,503563,1060,XS,1,"48,04 €",0.4
908978,503564,1227,S,2,"25,33 €",30%
908979,503564,1256,M,1,"30,08 €",20
908980,503565,1262,xs,1,"36,87 €",0.2
908981,503565,1204,XS,1,"12,35 €",0%
908982,503566,1231,S,1,"35,23 €",30%
908983,503566,1139,40,1,"49,46 €",0.1
908984,503567,1168,xl,1,"19,82 €",0
908985,503567,1288,Talla L,2,"30,24 €",0
908986,503567,1035,M,1,"57,32 €",0
908987,503568,1072,L,2,"46,42 €",0%
908988,503568,1381,XL,1,"34,45 €",0%
908989,503569,1369,Talla M,1,"15,16 €",0.3
908990,503569,1362,L,2,"26,07 €",10%
908991,503569,1362,L,1,"26,07 €",10%
908992,503570,1267,XS,1,"36,41 €",0.0
908993,503571,1042,Talla S,1,"49,99 €",40%
908994,503572,1046,XS,1,"42,24 €",0.1
908995,503572,1027,L,2,"34,91 €",30%
908996,503573,1136,40,1,"73,76 €",0.0
908997,503573,1387,S,1,"10,36 €",0%
908998,503574,1069,XL,1,"29,38 €",0.2
908999,503574,1122,Talla 38,1,"63,66 €",10%
909000,503575,1339,L,1,"55,93 €",0.0
909001,503575,1036,m,1,"51,15 €",0
909002,503576,1319,XS,1,"30,13 €",0.2
909003,503576,1352,S,1,"12,43 €",0.0
909004,503577,1279,M,1,"28,28 €",0%
909005,503577,1226,S,1,"35,69 €",0%
909006,503577,1360,M,1,"18,88 €",0.0
909007,503577,1252,S,1,"33,85 €",0.1
909008,503578,1042,L,1,"49,99 €",40%
909009,503578,1282,XL,1,"36,05 €",20
909010,503578,1184,S,1,"14,15 €",0.2
909011,503579,1088,l,1,"36,00 €",0.1
909012,503580,1169,XL,1,"14,75 €",20%
909013,503580,1168,L,1,"19,82 €",20
909014,503580,1352,S,1,"12,43 €",10
909015,503580,1385,S,1,"28,77 €",0.1
909016,503580,1182,S,1,"16,74 €",40%
909017,503581,1078,s,1,"56,16 €",0
909018,503581,1103,39,2,"62,95 €",30%
909019,503581,1384,XL,1,"25,64 €",0.4
909020,503582,1059,S,1,"55,73 €",0.2
909021,503582,1223,L,1,"29,79 €",20%
909022,503582,1073,Talla S,1,"26,22 €",50
909023,503583,1336,Talla XS,1,"80,41 €",10%
909024,503583,1338,M,1,"61,23 €",10%
909025,503583,1390,Talla S,2,"19,91 €",10%
909026,503584,1042,Talla M,0,"49,99 €",40%
909027,503584,1384,XS,1,"25,64 €",10
909028,503585,1042,L,1,"49,99 €",40%
909029,503585,1082,S,2,"49,65 €",20%
909030,503585,1362,L,1,"26,07 €",0.4
909031,503586,1096,40,1,"53,68 €",0.0
909032,503587,1059,L,1,"55,73 €",0.2
909033,503587,1133,38,1,"48,67 €",20%
909034,503587,1236,XL,1,"32,57 €",20
909035,503587,1239,M,1,"31,88 €",0.2
909036,503587,1383,XL,1,"20,95 €",0
909037,503587,1315,L,1,"32,56 €",0.5
909038,503588,1080,s,1,"34,78 €",20%
909039,503589,1388,xs,1,"15,95 €",50%
909040,503590,1362,XL,1,"26,07 €",30%
909041,503590,1144,41,1,"75,61 €",0.2
909042,503591,1042,Talla L,1,"49,99 €",40%
909043,503591,1036,L,1,"51,15 €",30
909044,503591,1010,xl,1,"32,90 €",0%
909045,503591,1222,L,1,"27,70 €",20%
909046,503591,1117,37,1,"49,56 €",0.2
909047,503592,1036,XL,1,"51,15 €",0.1
909048,503592,1175,M,1,"17,99 €",30%
909049,503592,1285,M,1,"39,82 €",10%
909050,503593,1042,L,1,"49,99 €",0.4
909051,503593,1309,M,1,"29,96 €",40%
909052,503594,1201,XL,1,"24,28 €",0.2
909053,503594,1362,m,1,"26,07 €",10%
909054,503594,1127,39,1,"79,76 €",20%
909055,503594,1204,L,2,"12,35 €",0%
909056,503595,1070,L,1,"27,27 €",30%
909057,503596,1211,M,1,"12,54 €",0.3
909058,503596,1228,L,1,"37,14 €",20%
909059,503597,1204,XL,1,"12,35 €",10%
909060,503597,1229,l,1,"38,72 €",20
909061,503597,1350,XL,2,"57,49 €",20%
909062,503598,1113,39,2,"38,95 €",0.3
909063,503598,1241,XS,1,"36,57 €",40%
909064,503598,1040,M,1,"49,21 €",20%
909065,503599,1211,S,2,"12,54 €",30%
909066,503599,1182,l,1,"16,74 €",30%
909067,503600,1210,XL,3,"18,98 €",30
909068,503600,1396,M,1,"15,65 €",10%
909069,503600,1273,XS,1,"32,69 €",10%
909070,503601,1257,Talla L,1,"41,13 €",20
909071,503601,1359,Talla L,2,"29,93 €",40%
909072,503601,1231,l,2,"35,23 €",20%
909073,503601,1111,42,1,"59,92 €",30%
909074,503602,1291,m,1,"28,71 €",20%
909075,503603,1359,Talla M,1,"29,93 €",10%
909076,503604,1302,L,1,"47,49 €",0.0
909077,503604,1211,M,1,"12,54 €",0.0
909078,503604,1347,L,1,"80,46 €",0.0
909079,503605,1374,M,1,"12,90 €",0.1
909080,503605,1329,Talla XS,1,"45,80 €",0.3
909081,503606,1251,L,1,"41,39 €",20%
909082,503607,1167,M,3,"18,87 €",20%
909083,503607,1207,M,1,"16,71 €",0.3
909084,503608,1289,L,1,"22,39 €",30
909085,503608,1189,S,1,"16,40 €",0.1
909086,503609,1362,S,2,"26,07 €",0.2
909087,503609,1053,L,2,"38,51 €",20
909088,503609,1345,XL,2,"85,68 €",20%
909089,503610,1252,S,1,"33,85 €",10%
909090,503610,1048,XS,1,"36,45 €",0%
909091,503611,1251,L,2,"41,39 €",20%
909092,503611,1111,38,2,"59,92 €",0.2
909093,503611,1001,S,1,"32,57 €",20
909094,503611,1307,M,1,"42,98 €",20%
909095,503612,1084,s,1,"59,12 €",0.2
909096,503613,1042,Talla XL,2,"49,99 €",0.4
909097,503614,1017,XL,1,"33,77 €",0.5
909098,503614,1142,37,1,"75,44 €",0
909099,503614,1134,41,1,"31,21 €",0.1
909100,503614,1216,M,1,"17,83 €",0.5
909101,503615,1042,M,1,"49,99 €",0.4
909102,503615,1015,L,1,"33,85 €",0.1
909103,503616,1027,S,2,"34,91 €",20
909104,503616,1028,Talla M,1,"48,82 €",0.1
909105,503616,1139,38,1,"49,46 €",0.3
909106,503616,1271,S,1,"39,71 €",30%
909107,503617,1054,M,1,"59,30 €",0.1
909108,503617,1002,S,1,"27,23 €",0.0
909109,503617,1197,Talla XL,1,"14,87 €",20
909110,503618,1203,L,1,"19,01 €",20%
909111,503618,1204,L,1,"12,35 €",10%
909112,503618,1116,Talla 39,1,"50,71 €",0.5
909113,503618,1381,L,1,"34,45 €",0.0
909114,503618,1106,38,1,"73,33 €",0%
909115,503619,1294,L,1,"28,15 €",30%
909116,503619,1248,XL,1,"44,58 €",30%
909117,503620,1042,m,1,"49,99 €",40%
909118,503621,1185,M,2,"21,81 €",0.3
909119,503622,1197,L,1,"14,87 €",20
909120,503622,1204,XL,1,"12,35 €",0.1
909121,503623,1312,XS,1,"35,92 €",10%
909122,503623,1327,l,1,"77,26 €",0.0
909123,503623,1204,M,1,"12,35 €",30%
909124,503623,1235,S,1,"34,51 €",20%
909125,503623,1322,M,1,"33,07 €",0.0
909126,503624,1077,M,1,"57,81 €",20
909127,503624,1243,S,1,"42,14 €",0.2
909128,503624,1268,XS,1,"36,99 €",30%
909129,503624,1303,L,1,"34,22 €",0.5
909130,503625,1296,S,1,"41,51 €",0.4
909131,503625,1112,Talla 38,1,"78,05 €",0.0
909132,503626,1046,M,2,"42,24 €",10
909133,503626,1036,M,1,"51,15 €",0.0
909134,503627,1238,M,1,"36,15 €",0%
909135,503627,1013,XL,1,"31,03 €",0.3
909136,503627,1132,36,1,"72,05 €",0.2
909137,503628,1204,m,1,"12,35 €",0.2
909138,503628,1277,L,1,"28,10 €",0%
909139,503629,1252,s,1,"33,85 €",40%
909140,503629,1014,M,1,"48,60 €",0.4
909141,503630,1211,Talla M,1,"12,54 €",0%
909142,503631,1013,XL,1,"31,03 €",40
909143,503631,1197,S,1,"14,87 €",20%
909144,503631,1314,s,1,"42,15 €",20%
909145,503632,1229,L,1,"38,72 €",20%
909146,503632,1263,XL,1,"39,31 €",10
909147,503632,1077,M,1,"57,81 €",40%
909148,503632,1204,L,1,"12,35 €",0.2
909149,503633,1229,l,1,"38,72 €",30%
909150,503633,1163,S,1,"22,89 €",50%
909151,503634,1087,m,1,"49,59 €",0.4
909152,503634,1155,40,1,"61,83 €",10%
909153,503634,1175,m,1,"17,99 €",10%
909154,503635,1042,L,1,"49,99 €",0.4
909155,503636,1180,L,1,"17,79 €",30
909156,503637,1377,L,1,"31,22 €",0.3
909157,503637,1154,Talla 41,1,"70,63 €",30%
909158,503638,1208,S,2,"22,70 €",30
909159,503638,1305,M,1,"32,92 €",30
909160,503638,1280,M,1,"29,54 €",30%
909161,503638,1350,L,1,"57,49 €",30%
909162,503639,1176,S,1,"23,41 €",10%
909163,503639,1322,M,1,"33,07 €",20%
909164,503640,1345,m,1,"85,68 €",0%
909165,503640,1095,38,1,"41,57 €",0%
909166,503640,1036,XS,1,"51,15 €",0.0
909167,503641,1042,M,1,"49,99 €",40%
909168,503641,1313,XS,1,"38,98 €",20
909169,503641,1122,37,2,"63,66 €",0.1
909170,503642,1172,Talla M,1,"18,98 €",30
909171,503642,1318,L,1,"40,14 €",0
909172,503642,1280,L,2,"29,54 €",0.1
909173,503642,1253,L,1,"42,45 €",0.3
909174,503642,1229,Talla M,1,"38,72 €",0.4
909175,503643,1042,M,1,"49,99 €",40%
909176,503643,1155,40,1,"61,83 €",40%
909177,503643,1362,L,1,"26,07 €",10
909178,503644,1265,L,1,"44,68 €",20%
909179,503644,1367,s,1,"13,47 €",40%
909180,503645,1282,s,2,"36,05 €",10
909181,503646,1029,S,1,"31,92 €",20
909182,503646,1038,S,1,"27,52 €",30%
909183,503646,1116,Talla 38,2,"50,71 €",0.3
909184,503646,1303,XL,2,"34,22 €",10
909185,503646,1094,38,1,"61,63 €",10%
909186,503647,1106,40,1,"73,33 €",0%
909187,503647,1152,41,1,"48,30 €",0.0
909188,503647,1148,40,1,"36,02 €",0.0
909189,503648,1094,41,1,"61,63 €",0.2
909190,503649,1133,Talla 40,1,"48,67 €",20
909191,503650,1007,M,1,"30,50 €",30
909192,503651,1384,s,1,"25,64 €",40%
909193,503652,1109,41,1,"76,92 €",0.3
909194,503652,1345,L,1,"85,68 €",10
909195,503653,1117,40,2,"49,56 €",10
909196,503653,1213,M,1,"12,89 €",40%
909197,503653,1374,Talla S,2,"12,90 €",20
909198,503653,1117,38,1,"49,56 €",0%
909199,503654,1152,40,2,"48,30 €",40%
909200,503654,1285,XL,1,"39,82 €",0.5
909201,503655,1193,S,1,"20,23 €",0.2
909202,503655,1005,M,1,"31,32 €",40
909203,503656,1084,S,3,"59,12 €",30%
909204,503657,1106,38,1,"73,33 €",0.0
909205,503658,1206,L,1,"15,68 €",0.1
909206,503658,1315,S,1,"32,56 €",0.2
909207,503658,1094,37,2,"61,63 €",30%
909208,503659,1204,Talla M,1,"12,35 €",10%
909209,503660,1323,XS,1,"32,89 €",0
909210,503660,1315,Talla XL,1,"32,56 €",0.2
909211,503661,1281,XL,3,"34,30 €",10%
909212,503661,1357,L,1,"16,44 €",0%
909213,503661,1106,37,2,"73,33 €",50
909214,503661,1164,S,1,"18,58 €",0.1
909215,503662,1030,M,1,"46,38 €",0.4
909216,503662,1331,M,1,"73,27 €",20%
909217,503662,1359,S,1,"29,93 €",0.4
909218,503663,1396,S,1,"15,65 €",0
909219,503663,1370,XL,1,"32,70 €",0%
909220,503663,1154,Talla 39,1,"70,63 €",0
909221,503663,1146,39,1,"34,21 €",0.3
909222,503663,1229,xs,1,"38,72 €",0.2
909223,503664,1111,Talla 38,1,"59,92 €",20%
909224,503664,1216,M,2,"17,83 €",10%
909225,503664,1197,M,2,"14,87 €",20
909226,503665,1042,M,1,"49,99 €",0.4
909227,503665,1291,M,1,"28,71 €",10%
909228,503666,1013,M,2,"31,03 €",0.0
909229,503667,1376,M,1,"26,99 €",0.0
909230,503667,1106,39,1,"73,33 €",0.0
909231,503668,1042,M,1,"49,99 €",0.4
909232,503668,1354,M,1,"10,85 €",0.5
909233,503669,1204,L,1,"12,35 €",40
909234,503669,1319,S,2,"30,13 €",0.3
909235,503670,1155,38,1,"61,83 €",10%
909236,503671,1346,l,1,"45,31 €",0.0
909237,503672,1391,M,1,"13,83 €",0.2
909238,503673,1042,S,1,"49,99 €",40%
909239,503673,1315,XL,1,"32,56 €",10%
909240,503673,1114,Talla 37,2,"41,35 €",50%
909241,503673,1293,XL,1,"37,48 €",0.4
909242,503673,1034,m,1,"42,28 €",30%
909243,503674,1282,Talla S,1,"36,05 €",0%
909244,503674,1048,l,1,"36,45 €",0%
909245,503674,1054,M,1,"59,30 €",0.0
909246,503675,1042,m,3,"49,99 €",0.4
909247,503676,1111,39,1,"59,92 €",0.2
909248,503676,1273,S,1,"32,69 €",30
909249,503677,1027,S,1,"34,91 €",50%
909250,503677,1107,37,1,"55,33 €",0.1
909251,503677,1021,m,1,"43,85 €",20%
909252,503677,1165,Talla L,1,"13,35 €",0.1
909253,503678,1255,S,2,"31,35 €",20%
909254,503679,1176,M,1,"23,41 €",20
909255,503679,1354,XS,1,"10,85 €",30
909256,503680,1042,l,1,"49,99 €",0.4
909257,503680,1321,S,2,"37,98 €",0.3
909258,503680,1029,L,1,"31,92 €",0.5
909259,503680,1374,XS,1,"12,90 €",20%
909260,503681,1204,Talla M,1,"12,35 €",0%
909261,503682,1285,XL,1,"39,82 €",0
909262,503682,1089,m,1,"33,88 €",0.1
909263,503683,1191,XS,1,"20,63 €",0.2
909264,503683,1382,XL,1,"30,95 €",10%
909265,503684,1038,m,1,"27,52 €",20%
909266,503684,1087,L,1,"49,59 €",20%
909267,503684,1315,M,1,"32,56 €",0.1
909268,503685,1337,M,1,"63,78 €",0%
909269,503685,1052,M,1,"52,18 €",0.2
909270,503685,1394,M,1,"26,56 €",0.2
909271,503685,1229,L,1,"38,72 €",40%
909272,503685,1381,Talla XL,1,"34,45 €",20
909273,503686,1085,Talla M,1,"41,61 €",10%
909274,503686,1271,M,1,"39,71 €",0.0
909275,503687,1099,37,1,"79,99 €",30%
909276,503687,1156,39,1,"56,23 €",0.1
909277,503688,1047,XL,1,"27,30 €",10%
909278,503689,1222,L,1,"27,70 €",0.3
909279,503690,1348,M,1,"54,42 €",0.3
909280,503690,1315,S,2,"32,56 €",20
909281,503690,1211,XL,2,"12,54 €",0.3
909282,503690,1237,Talla S,1,"35,53 €",40
909283,503691,1362,L,1,"26,07 €",30
909284,503691,1278,XS,1,"29,80 €",30
909285,503691,1312,L,1,"35,92 €",40%
909286,503692,1282,L,2,"36,05 €",20%
909287,503692,1077,Talla XS,1,"57,81 €",20%
909288,503693,1280,L,1,"29,54 €",10%
909289,503693,1388,M,1,"15,95 €",30
909290,503693,1107,37,1,"55,33 €",10%
909291,503694,1229,Talla M,1,"38,72 €",0.0
909292,503695,1085,Talla XL,1,"41,61 €",20%
909293,503696,1229,M,1,"38,72 €",30
909294,503696,1315,M,1,"32,56 €",10%
909295,503697,1249,M,1,"34,29 €",20%
909296,503697,1285,L,1,"39,82 €",0.1
909297,503697,1014,L,1,"48,60 €",20
909298,503697,1254,l,1,"42,10 €",20%
909299,503697,1027,M,1,"34,91 €",30%
909300,503698,1175,S,1,"17,99 €",0
909301,503698,1168,M,1,"19,82 €",0
909302,503699,1082,xl,2,"49,65 €",30%
909303,503699,1314,M,2,"42,15 €",20%
909304,503700,1374,XL,1,"12,90 €",0.2
909305,503700,1392,M,1,"12,73 €",0.4
909306,503701,1283,XL,1,"24,64 €",0.1
909307,503702,1042,m,1,"49,99 €",40
909308,503702,1285,L,1,"39,82 €",30%
909309,503702,1111,41,2,"59,92 €",40
909310,503703,1093,40,2,"68,61 €",0.4
909311,503704,1377,XL,1,"31,22 €",0.1
909312,503704,1106,38,2,"73,33 €",20%
909313,503705,1156,37,1,"56,23 €",50
909314,503705,1195,M,1,"18,13 €",10%
909315,503705,1362,M,1,"26,07 €",20
909316,503706,1070,XS,1,"27,27 €",0%
909317,503706,1376,L,2,"26,99 €",0.4
909318,503706,1374,M,1,"12,90 €",0.2
909319,503706,1202,Talla S,1,"20,61 €",0%
909320,503707,1140,Talla 41,1,"39,31 €",10
909321,503708,1252,Talla XL,1,"33,85 €",0
909322,503709,1203,L,2,"19,01 €",20%
909323,503709,1175,M,1,"17,99 €",40%
909324,503709,1095,Talla 40,1,"41,57 €",10%
909325,503709,1119,38,1,"55,00 €",0.3
909326,503709,1006,S,2,"40,90 €",10%
909327,503710,1333,XS,2,"89,35 €",10%
909328,503710,1240,S,3,"41,66 €",0%
909329,503710,1234,Talla L,1,"26,50 €",0.4
909330,503710,1266,S,1,"33,10 €",20
909331,503711,1018,M,1,"45,78 €",0.3
909332,503712,1054,XL,1,"59,30 €",0.2
909333,503712,1293,M,1,"37,48 €",0.2
909334,503713,1356,M,1,"31,86 €",20%
909335,503713,1053,L,2,"38,51 €",0.1
909336,503714,1167,xs,1,"18,87 €",30%
909337,503714,1038,L,1,"27,52 €",10%
909338,503715,1005,S,1,"31,32 €",10%
909339,503715,1230,m,1,"25,06 €",0%
909340,503715,1100,36,1,"49,80 €",0
909341,503715,1391,l,1,"13,83 €",10%
909342,503715,1202,xs,1,"20,61 €",0
909343,503716,1053,S,1,"38,51 €",20%
909344,503716,1064,S,1,"33,05 €",0%
909345,503716,1370,m,1,"32,70 €",20
909346,503716,1336,L,1,"80,41 €",0.1
909347,503716,1374,XS,1,"12,90 €",10%
909348,503716,1029,S,1,"31,92 €",20
909349,503717,1286,xl,1,"28,43 €",40%
909350,503718,1204,M,1,"12,35 €",10%
909351,503718,1182,L,1,"16,74 €",30
909352,503718,1243,L,1,"42,14 €",0.5
909353,503719,1371,m,1,"33,17 €",20%
909354,503719,1055,L,1,"33,15 €",0.2
909355,503719,1056,XL,1,"39,14 €",0.2
909356,503719,1204,S,1,"12,35 €",0.2
909357,503719,1205,Talla M,1,"13,61 €",20%
909358,503719,1218,Talla S,1,"23,13 €",0%
909359,503720,1379,M,2,"31,72 €",30
909360,503720,1036,S,1,"51,15 €",30
909361,503721,1286,S,1,"28,43 €",0.0
909362,503721,1305,XL,1,"32,92 €",0
909363,503721,1036,m,1,"51,15 €",0%
909364,503722,1059,L,2,"55,73 €",0.3
909365,503722,1303,XL,1,"34,22 €",20%
909366,503723,1278,l,2,"29,80 €",10
909367,503724,1072,XL,1,"46,42 €",0.3
909368,503724,1271,XS,1,"39,71 €",0.2
909369,503725,1314,Talla XS,2,"42,15 €",0.3
909370,503725,1342,Talla M,1,"54,22 €",0.3
909371,503726,1162,XS,1,"19,00 €",20
909372,503726,1087,M,2,"49,59 €",10%
909373,503727,1325,L,2,"46,91 €",0
909374,503727,1374,S,1,"12,90 €",20%
909375,503727,1357,L,1,"16,44 €",20%
909376,503727,1105,38,1,"77,31 €",30%
909377,503727,1032,S,1,"29,90 €",20%
909378,503727,1346,L,1,"45,31 €",10%
909379,503728,1042,Talla XL,1,"49,99 €",40
909380,503728,1248,M,1,"44,58 €",50
909381,503728,1399,S,2,"31,60 €",0.1
909382,503729,1390,m,1,"19,91 €",10
909383,503729,1053,XS,1,"38,51 €",0.1
909384,503730,1080,L,1,"34,78 €",0%
909385,503730,1136,38,1,"73,76 €",0.1
909386,503730,1176,m,2,"23,41 €",30
909387,503731,1060,l,3,"48,04 €",50%
909388,503731,1117,39,2,"49,56 €",0.4
909389,503731,1054,S,1,"59,30 €",10%
909390,503732,1086,M,1,"33,74 €",30%
909391,503732,1122,39,1,"63,66 €",0.1
909392,503733,1136,37,1,"73,76 €",10
909393,503733,1328,s,1,"51,49 €",0.4
909394,503734,1013,m,1,"31,03 €",30%
909395,503734,1074,xs,1,"27,23 €",0.3
909396,503735,1148,40,1,"36,02 €",0%
909397,503735,1015,L,1,"33,85 €",10%
909398,503735,1203,Talla M,3,"19,01 €",0.0
909399,503735,1362,M,1,"26,07 €",0.0
909400,503736,1108,41,1,"69,72 €",0%
909401,503736,1211,M,3,"12,54 €",0%
909402,503737,1157,39,2,"47,95 €",20%
909403,503737,1053,S,1,"38,51 €",0.1
909404,503738,1257,L,1,"41,13 €",30
909405,503738,1289,Talla M,1,"22,39 €",0%
909406,503739,1042,S,1,"49,99 €",0.4
909407,503739,1285,XS,1,"39,82 €",30
909408,503739,1124,36,1,"77,92 €",0.4
909409,503739,1262,S,2,"36,87 €",30
909410,503739,1285,M,1,"39,82 €",30%
909411,503740,1112,36,2,"78,05 €",0.1
909412,503741,1027,M,1,"34,91 €",0.2
909413,503741,1367,L,1,"13,47 €",20%
909414,503741,1185,XS,1,"21,81 €",10
909415,503741,1362,M,1,"26,07 €",0.1
909416,503742,1366,L,1,"26,15 €",40
909417,503742,1115,Talla 36,1,"64,90 €",30
909418,503743,1016,S,1,"58,66 €",0.2
909419,503743,1086,L,1,"33,74 €",30%
909420,503744,1346,M,1,"45,31 €",0.3
909421,503745,1315,XS,1,"32,56 €",0.3
909422,503745,1315,M,1,"32,56 €",0.2
909423,503746,1053,S,2,"38,51 €",10
909424,503747,1391,S,1,"13,83 €",10%
909425,503747,1327,L,2,"77,26 €",30
909426,503748,1077,L,1,"57,81 €",0.0
909427,503748,1204,m,1,"12,35 €",0.0
909428,503749,1120,40,1,"65,76 €",10%
909429,503749,1095,Talla 36,1,"41,57 €",30
909430,503749,1338,L,1,"61,23 €",0.4
909431,503750,1250,M,1,"31,36 €",0.4
909432,503750,1092,41,1,"69,97 €",40%
909433,503751,1015,xs,1,"33,85 €",0%
909434,503751,1376,L,1,"26,99 €",0%
909435,503751,1204,m,1,"12,35 €",0.0
909436,503751,1004,M,1,"45,55 €",0%
909437,503751,1053,M,1,"38,51 €",0%
909438,503752,1288,L,1,"30,24 €",40
909439,503752,1276,S,1,"24,73 €",0%
909440,503752,1109,Talla 39,1,"76,92 €",0
909441,503753,1034,XS,1,"42,28 €",0.0
909442,503754,1204,XS,1,"12,35 €",0.3
909443,503754,1315,L,3,"32,56 €",0.3
909444,503754,1252,M,1,"33,85 €",50%
909445,503754,1295,S,1,"36,18 €",0.2
909446,503755,1273,M,1,"32,69 €",20%
909447,503755,1362,L,1,"26,07 €",0.2
909448,503756,1141,41,1,"47,53 €",0.3
909449,503757,1106,Talla 39,2,"73,33 €",0.1
909450,503758,1385,L,1,"28,77 €",30
909451,503758,1140,Talla 42,1,"39,31 €",20
909452,503758,1315,M,1,"32,56 €",0
909453,503758,1234,Talla M,1,"26,50 €",0.3
909454,503758,1118,40,1,"79,30 €",40%
909455,503759,1359,M,1,"29,93 €",50
909456,503759,1121,40,1,"72,81 €",20%
909457,503760,1282,xs,1,"36,05 €",50%
909458,503760,1293,M,1,"37,48 €",0.3
909459,503761,1129,42,1,"73,51 €",0.1
909460,503762,1323,M,1,"32,89 €",20%
909461,503763,1327,XL,1,"77,26 €",0.1
909462,503764,1042,l,1,"49,99 €",40%
909463,503764,1207,XL,1,"16,71 €",0.2
909464,503765,1141,Talla 41,1,"47,53 €",20
909465,503766,1213,S,1,"12,89 €",0.2
909466,503766,1390,S,1,"19,91 €",0.1
909467,503766,1175,S,1,"17,99 €",40
909468,503766,1317,L,1,"27,13 €",0.3
909469,503767,1150,42,1,"53,53 €",10%
909470,503767,1229,S,1,"38,72 €",40
909471,503768,1046,M,1,"42,24 €",30%
909472,503768,1390,M,1,"19,91 €",0.1
909473,503768,1135,Talla 39,1,"71,49 €",30%
909474,503768,1002,L,1,"27,23 €",0.4
909475,503768,1315,M,1,"32,56 €",50%
909476,503769,1359,Talla S,1,"29,93 €",0%
909477,503769,1318,S,1,"40,14 €",0
909478,503769,1285,S,1,"39,82 €",0.0
909479,503769,1303,Talla XS,1,"34,22 €",0.0
909480,503769,1037,l,1,"41,52 €",0%
909481,503770,1255,Talla S,2,"31,35 €",0.2
909482,503770,1157,Talla 37,1,"47,95 €",30%
909483,503770,1175,L,1,"17,99 €",30%
909484,503770,1155,42,1,"61,83 €",40%
909485,503770,1273,l,1,"32,69 €",0.1
909486,503770,1076,M,1,"47,04 €",0.4
909487,503770,1204,XL,1,"12,35 €",50%
909488,503771,1042,M,1,"49,99 €",0.4
909489,503771,1294,XL,1,"28,15 €",20%
909490,503771,1012,L,1,"40,99 €",0.2
909491,503772,1042,M,1,"49,99 €",40%
909492,503772,1297,L,1,"39,25 €",0.2
909493,503772,1127,39,1,"79,76 €",0.0
909494,503773,1387,Talla XL,1,"10,36 €",10%
909495,503773,1198,xs,1,"16,38 €",50
909496,503773,1178,L,1,"22,32 €",0.2
909497,503774,1393,M,1,"13,58 €",0.1
909498,503775,1317,M,1,"27,13 €",0.3
909499,503775,1090,XL,1,"34,56 €",50%
909500,503775,1276,M,1,"24,73 €",10%
909501,503775,1171,M,1,"18,14 €",0.4
909502,503776,1372,XL,2,"28,06 €",0.4
909503,503776,1060,M,1,"48,04 €",20%
909504,503776,1157,37,2,"47,95 €",0.3
909505,503776,1171,S,1,"18,14 €",40%
909506,503777,1027,l,2,"34,91 €",0%
909507,503778,1136,37,2,"73,76 €",0.0
909508,503778,1204,XL,1,"12,35 €",10%
909509,503778,1285,XL,2,"39,82 €",0
909510,503778,1256,Talla S,1,"30,08 €",10
909511,503779,1106,39,1,"73,33 €",20
909512,503779,1168,M,1,"19,82 €",30%
909513,503780,1251,L,1,"41,39 €",0.0
909514,503781,1168,L,1,"19,82 €",40%
909515,503781,1232,Talla S,1,"26,48 €",20
909516,503781,1171,XL,1,"18,14 €",0.2
909517,503782,1110,38,1,"37,86 €",0.1
909518,503782,1204,Talla XS,1,"12,35 €",30
909519,503783,1184,Talla S,1,"14,15 €",0.4
909520,503784,1013,XL,2,"31,03 €",0.2
909521,503785,1123,40,1,"77,67 €",40
909522,503785,1061,XS,2,"46,35 €",0.0
909523,503786,1357,xl,1,"16,44 €",20
909524,503786,1111,37,1,"59,92 €",0.3
909525,503786,1277,M,1,"28,10 €",0.2
909526,503787,1175,XS,1,"17,99 €",20
909527,503787,1123,41,1,"77,67 €",10%
909528,503788,1042,S,1,"49,99 €",0.4
909529,503788,1396,L,1,"15,65 €",0.1
909530,503789,1042,M,1,"49,99 €",40%
909531,503790,1055,M,1,"33,15 €",0.2
909532,503791,1261,L,1,"33,18 €",0.2
909533,503791,1381,Talla S,1,"34,45 €",40%
909534,503791,1267,M,1,"36,41 €",0.4
909535,503791,1268,M,1,"36,99 €",0.2
909536,503791,1111,37,1,"59,92 €",0
909537,503792,1240,Talla S,1,"41,66 €",0
909538,503792,1276,Talla S,1,"24,73 €",30%
909539,503792,1285,Talla L,1,"39,82 €",0.1
909540,503793,1211,L,1,"12,54 €",0.0
909541,503793,1280,L,1,"29,54 €",0
909542,503794,1336,M,1,"80,41 €",0.2
909543,503794,1015,L,1,"33,85 €",0.4
909544,503795,1172,M,2,"18,98 €",10
909545,503795,1235,M,1,"34,51 €",10%
909546,503795,1295,M,2,"36,18 €",20
909547,503795,1314,M,1,"42,15 €",0.2
909548,503796,1383,S,1,"20,95 €",20
909549,503797,1392,L,1,"12,73 €",0.2
909550,503797,1109,38,1,"76,92 €",50
909551,503797,1315,S,1,"32,56 €",10%
909552,503798,1136,41,1,"73,76 €",0
909553,503798,1285,l,1,"39,82 €",0%
909554,503798,1298,s,1,"30,07 €",0
909555,503799,1219,Talla XL,1,"17,73 €",30
909556,503799,1109,36,1,"76,92 €",10%
909557,503800,1170,S,1,"12,32 €",0.0
909558,503800,1164,XS,1,"18,58 €",0.0
909559,503801,1036,XS,1,"51,15 €",10%
909560,503802,1042,L,1,"49,99 €",40%
909561,503803,1362,XS,1,"26,07 €",20
909562,503803,1369,XS,1,"15,16 €",0
909563,503803,1303,S,1,"34,22 €",0%
909564,503804,1141,38,1,"47,53 €",30
909565,503804,1315,xl,1,"32,56 €",0%
909566,503805,1149,Talla 41,3,"75,51 €",0.3
909567,503805,1123,42,2,"77,67 €",20%
909568,503806,1204,XS,1,"12,35 €",0.2
909569,503806,1249,m,1,"34,29 €",10%
909570,503807,1038,L,1,"27,52 €",10%
909571,503807,1284,M,1,"20,70 €",0.5
909572,503808,1134,Talla 40,1,"31,21 €",30%
909573,503808,1210,L,1,"18,98 €",0.4
909574,503808,1328,Talla M,1,"51,49 €",0.2
909575,503808,1315,M,3,"32,56 €",20%
909576,503808,1090,L,1,"34,56 €",30%
909577,503809,1312,XL,1,"35,92 €",30
909578,503809,1315,s,1,"32,56 €",0%
909579,503809,1055,XS,1,"33,15 €",20
909580,503810,1366,L,1,"26,15 €",30
909581,503810,1252,L,1,"33,85 €",50%
909582,503810,1210,S,1,"18,98 €",10
909583,503811,1113,41,1,"38,95 €",0.4
909584,503811,1336,Talla L,1,"80,41 €",30%
909585,503811,1144,38,2,"75,61 €",40%
909586,503811,1400,S,2,"25,30 €",0.3
909587,503812,1312,M,1,"35,92 €",0.1
909588,503812,1053,L,1,"38,51 €",0.3
909589,503812,1241,M,1,"36,57 €",0.2
909590,503812,1232,Talla M,1,"26,48 €",0.5
909591,503813,1022,L,1,"36,94 €",30
909592,503813,1246,XS,1,"32,78 €",20%
909593,503814,1347,M,1,"80,46 €",0.2
909594,503814,1053,M,1,"38,51 €",0.3
909595,503814,1357,M,1,"16,44 €",20%
909596,503815,1095,Talla 39,2,"41,57 €",0%
909597,503815,1289,S,1,"22,39 €",30%
909598,503816,1235,XS,2,"34,51 €",10
909599,503816,1387,XL,1,"10,36 €",0.3
909600,503816,1305,L,1,"32,92 €",30%
909601,503816,1039,M,1,"53,52 €",30%
909602,503816,1195,M,1,"18,13 €",0
909603,503817,1061,S,1,"46,35 €",0
909604,503817,1254,L,1,"42,10 €",0
909605,503817,1305,XS,2,"32,92 €",20
909606,503818,1243,M,1,"42,14 €",40
909607,503818,1001,XL,1,"32,57 €",30%
909608,503818,1047,XS,1,"27,30 €",0.0
909609,503818,1204,XS,1,"12,35 €",20
909610,503818,1155,Talla 39,1,"61,83 €",10
909611,503819,1087,M,1,"49,59 €",30%
909612,503820,1095,39,1,"41,57 €",0%
909613,503820,1208,S,1,"22,70 €",0.0
909614,503821,1141,40,1,"47,53 €",40
909615,503822,1213,L,1,"12,89 €",0.1
909616,503822,1362,XL,3,"26,07 €",30%
909617,503823,1290,m,1,"23,54 €",0.0
909618,503823,1124,39,1,"77,92 €",50
909619,503823,1259,Talla XL,1,"30,24 €",0.5
909620,503823,1203,m,2,"19,01 €",0.2
909621,503824,1140,39,1,"39,31 €",10
909622,503824,1286,XL,2,"28,43 €",50%
909623,503825,1184,M,1,"14,15 €",0.2
909624,503825,1282,l,1,"36,05 €",30%
909625,503825,1185,L,2,"21,81 €",30
909626,503825,1271,M,1,"39,71 €",20
909627,503826,1015,S,1,"33,85 €",50
909628,503826,1257,m,1,"41,13 €",0.2
909629,503827,1235,XL,1,"34,51 €",0.0
909630,503828,1204,M,2,"12,35 €",0.2
909631,503828,1039,L,1,"53,52 €",0.2
909632,503828,1093,40,3,"68,61 €",20%
909633,503828,1198,M,1,"16,38 €",30%
909634,503829,1066,L,1,"34,07 €",0.4
909635,503829,1244,L,1,"26,77 €",0.0
909636,503830,1186,L,1,"16,09 €",0%
909637,503830,1235,XS,1,"34,51 €",0.3
909638,503830,1315,xl,2,"32,56 €",20
909639,503830,1231,S,1,"35,23 €",10%
909640,503831,1048,M,1,"36,45 €",20%
909641,503831,1197,S,3,"14,87 €",50
909642,503831,1273,M,1,"32,69 €",20%
909643,503832,1148,Talla 38,1,"36,02 €",50%
909644,503833,1105,41,1,"77,31 €",0.2
909645,503833,1075,M,1,"43,55 €",40%
909646,503833,1033,Talla M,1,"54,99 €",0.1
909647,503834,1372,S,1,"28,06 €",20%
909648,503834,1128,39,1,"71,15 €",30
909649,503834,1089,M,1,"33,88 €",20%
909650,503835,1204,M,1,"12,35 €",0.4
909651,503835,1065,M,2,"49,52 €",30
909652,503835,1207,L,1,"16,71 €",0.4
909653,503835,1327,S,1,"77,26 €",30
909654,503836,1042,L,1,"49,99 €",40%
909655,503836,1010,M,1,"32,90 €",30
909656,503837,1368,Talla L,1,"20,18 €",0.0
909657,503837,1020,s,1,"35,48 €",0%
909658,503838,1367,Talla L,2,"13,47 €",0%
909659,503838,1025,M,1,"59,54 €",0.0
909660,503838,1337,L,1,"63,78 €",0
909661,503838,1017,L,1,"33,77 €",0.0
909662,503839,1305,M,1,"32,92 €",0.4
909663,503840,1180,Talla S,2,"17,79 €",40
909664,503840,1362,Talla M,1,"26,07 €",10
909665,503841,1237,Talla XL,1,"35,53 €",10%
909666,503842,1343,M,1,"81,92 €",0.3
909667,503842,1350,S,1,"57,49 €",0.1
909668,503843,1376,Talla XS,1,"26,99 €",0.4
909669,503843,1087,M,1,"49,59 €",0.5
909670,503843,1273,XL,1,"32,69 €",20%
909671,503844,1298,M,1,"30,07 €",30%
909672,503845,1383,L,1,"20,95 €",0.1
909673,503846,1372,l,1,"28,06 €",20%
909674,503847,1313,Talla M,2,"38,98 €",20
909675,503847,1312,M,1,"35,92 €",20%
909676,503847,1373,M,1,"14,01 €",20
909677,503847,1388,S,1,"15,95 €",0.3
909678,503848,1321,S,1,"37,98 €",30
909679,503848,1218,Talla L,1,"23,13 €",40%
909680,503848,1106,Talla 37,1,"73,33 €",0.2
909681,503849,1106,37,1,"73,33 €",20%
909682,503850,1254,M,2,"42,10 €",0.1
909683,503850,1106,41,1,"73,33 €",30%
909684,503851,1042,S,1,"49,99 €",40
909685,503852,1319,XL,1,"30,13 €",10%
909686,503853,1042,s,1,"49,99 €",40
909687,503854,1325,XL,3,"46,91 €",0.0
909688,503855,1042,l,2,"49,99 €",0.4
909689,503855,1315,M,1,"32,56 €",10%
909690,503856,1053,M,1,"38,51 €",0.3
909691,503856,1245,M,1,"40,31 €",0.1
909692,503856,1244,S,1,"26,77 €",0.1
909693,503856,1111,Talla 40,1,"59,92 €",0.3
909694,503856,1258,M,1,"35,14 €",0.4
909695,503857,1042,S,1,"49,99 €",40
909696,503857,1283,Talla S,1,"24,64 €",0.3
909697,503857,1083,L,3,"54,14 €",0.2
909698,503858,1049,M,1,"47,10 €",20%
909699,503859,1102,36,1,"68,36 €",20
909700,503860,1347,XL,1,"80,46 €",0.0
909701,503860,1322,S,3,"33,07 €",10%
909702,503860,1070,xs,1,"27,27 €",0
909703,503861,1154,41,1,"70,63 €",20%
909704,503861,1375,Talla M,2,"22,99 €",0.2
909705,503861,1135,37,1,"71,49 €",0%
909706,503862,1025,S,1,"59,54 €",0.2
909707,503863,1053,XS,1,"38,51 €",20%
909708,503863,1036,M,1,"51,15 €",0.4
909709,503864,1328,m,1,"51,49 €",0.1
909710,503864,1127,40,1,"79,76 €",10%
909711,503864,1341,S,1,"40,01 €",40%
909712,503865,1042,M,1,"49,99 €",40%
909713,503865,1203,M,1,"19,01 €",20%
909714,503866,1004,L,1,"45,55 €",20%
909715,503866,1075,M,1,"43,55 €",0.0
909716,503867,1042,S,3,"49,99 €",0.4
909717,503868,1099,40,1,"79,99 €",20%
909718,503868,1013,xs,1,"31,03 €",20%
909719,503868,1113,41,1,"38,95 €",10%
909720,503869,1357,Talla XS,1,"16,44 €",30
909721,503869,1232,XS,1,"26,48 €",20%
909722,503869,1315,M,1,"32,56 €",50
909723,503869,1204,XS,1,"12,35 €",40%
909724,503869,1106,38,1,"73,33 €",20
909725,503870,1204,L,1,"12,35 €",20
909726,503870,1105,36,2,"77,31 €",0
909727,503870,1158,40,1,"44,36 €",0.0
909728,503871,1206,m,1,"15,68 €",30
909729,503871,1048,M,1,"36,45 €",0.3
909730,503871,1359,L,1,"29,93 €",0.0
909731,503872,1089,L,2,"33,88 €",0.0
909732,503872,1271,S,1,"39,71 €",0.0
909733,503873,1263,M,1,"39,31 €",30
909734,503873,1017,S,1,"33,77 €",0.1
909735,503874,1053,L,1,"38,51 €",0.3
909736,503875,1006,L,1,"40,90 €",10%
909737,503876,1184,L,1,"14,15 €",0.1
909738,503876,1315,Talla M,1,"32,56 €",30%
909739,503876,1007,m,3,"30,50 €",30%
909740,503877,1399,S,1,"31,60 €",0.4
909741,503877,1204,XS,1,"12,35 €",10%
909742,503877,1053,XS,1,"38,51 €",30%
909743,503878,1204,S,1,"12,35 €",0.4
909744,503879,1278,S,1,"29,80 €",20
909745,503879,1257,S,1,"41,13 €",30
909746,503879,1198,M,1,"16,38 €",10%
909747,503880,1357,XL,1,"16,44 €",0%
909748,503880,1315,M,1,"32,56 €",0%
909749,503881,1362,L,1,"26,07 €",0.1
909750,503881,1242,S,1,"38,06 €",30%
909751,503881,1029,M,1,"31,92 €",30
909752,503881,1368,S,1,"20,18 €",30%
909753,503882,1346,L,1,"45,31 €",10
909754,503882,1105,Talla 38,1,"77,31 €",0%
909755,503882,1261,xl,1,"33,18 €",20%
909756,503882,1036,XS,1,"51,15 €",30%
909757,503883,1266,m,1,"33,10 €",50%
909758,503883,1267,Talla L,1,"36,41 €",40
909759,503884,1357,s,1,"16,44 €",0.1
909760,503884,1122,40,1,"63,66 €",0.0
909761,503885,1054,M,1,"59,30 €",10
909762,503886,1317,XS,1,"27,13 €",40
909763,503886,1169,m,1,"14,75 €",10%
909764,503887,1325,L,3,"46,91 €",0.1
909765,503887,1370,M,1,"32,70 €",20%
909766,503888,1086,S,1,"33,74 €",0
909767,503888,1003,M,1,"55,06 €",0.1
909768,503888,1150,41,1,"53,53 €",10
909769,503888,1190,L,1,"19,61 €",10
909770,503889,1039,xs,1,"53,52 €",0.2
909771,503889,1390,Talla S,1,"19,91 €",0.3
909772,503890,1095,41,1,"41,57 €",0.2
909773,503890,1293,S,1,"37,48 €",0.0
909774,503890,1273,Talla M,1,"32,69 €",10%
909775,503890,1315,XL,1,"32,56 €",40%
909776,503891,1132,39,1,"72,05 €",20%
909777,503891,1311,M,1,"30,25 €",0.2
909778,503891,1362,XS,1,"26,07 €",0.3
909779,503892,1042,M,2,"49,99 €",40%
909780,503893,1315,Talla L,1,"32,56 €",0.3
909781,503893,1111,40,1,"59,92 €",0%
909782,503893,1391,Talla XS,1,"13,83 €",0.1
909783,503894,1078,XS,1,"56,16 €",30%
909784,503894,1397,XL,1,"20,12 €",30%
909785,503894,1049,S,2,"47,10 €",0.0
909786,503894,1168,m,2,"19,82 €",0.4
909787,503894,1332,L,1,"87,31 €",0.2
909788,503895,1042,m,1,"49,99 €",40%
909789,503896,1303,M,1,"34,22 €",0%
909790,503896,1345,Talla M,2,"85,68 €",0.2
909791,503897,1026,L,1,"49,99 €",0%
909792,503897,1003,Talla M,1,"55,06 €",0
909793,503897,1315,M,1,"32,56 €",0.0
909794,503897,1204,s,1,"12,35 €",0.0
909795,503897,1315,M,1,"32,56 €",10%
909796,503898,1126,39,1,"52,20 €",0
909797,503898,1270,M,1,"37,43 €",0
909798,503898,1176,Talla S,3,"23,41 €",0
909799,503899,1373,L,1,"14,01 €",20%
909800,503900,1113,37,1,"38,95 €",40%
909801,503900,1290,XL,1,"23,54 €",40%
909802,503901,1363,Talla XS,1,"31,93 €",0
909803,503901,1040,XL,1,"49,21 €",0.0
909804,503902,1293,Talla L,1,"37,48 €",0.2
909805,503902,1201,Talla M,1,"24,28 €",20
909806,503902,1046,s,1,"42,24 €",20%
909807,503902,1397,L,1,"20,12 €",0
909808,503902,1275,M,1,"24,89 €",50
909809,503903,1336,XS,1,"80,41 €",30%
909810,503903,1029,l,2,"31,92 €",20%
909811,503904,1293,M,1,"37,48 €",0.2
909812,503905,1381,L,1,"34,45 €",30%
909813,503906,1359,L,1,"29,93 €",20
909814,503906,1157,40,1,"47,95 €",40%
909815,503906,1285,M,1,"39,82 €",0.2
909816,503906,1079,L,3,"46,26 €",40
909817,503907,1315,XL,1,"32,56 €",0.3
909818,503908,1042,S,1,"49,99 €",0.4
909819,503908,1244,m,2,"26,77 €",0.2
909820,503908,1298,s,1,"30,07 €",0.2
909821,503908,1127,42,1,"79,76 €",20%
909822,503908,1194,L,2,"22,75 €",0.2
909823,503909,1282,M,1,"36,05 €",0.1
909824,503909,1134,41,2,"31,21 €",20%
909825,503909,1098,40,1,"38,24 €",20
909826,503910,1382,XS,1,"30,95 €",0.4
909827,503910,1204,L,1,"12,35 €",30%
909828,503911,1334,L,1,"41,41 €",10%
909829,503911,1292,L,1,"32,80 €",40%
909830,503912,1042,XL,1,"49,99 €",40%
909831,503913,1249,XS,1,"34,29 €",0.5
909832,503914,1051,m,1,"46,46 €",20
909833,503915,1042,S,1,"49,99 €",40%
909834,503916,1299,S,1,"43,49 €",30
909835,503917,1128,41,1,"71,15 €",0
909836,503917,1351,s,1,"26,88 €",0.1
909837,503917,1236,Talla M,1,"32,57 €",0%
909838,503917,1014,S,1,"48,60 €",0%
909839,503918,1333,XS,1,"89,35 €",30%
909840,503919,1007,l,1,"30,50 €",20
909841,503919,1251,XL,1,"41,39 €",30
909842,503920,1362,S,1,"26,07 €",0.1
909843,503920,1094,Talla 38,1,"61,63 €",0.3
909844,503921,1042,S,1,"49,99 €",40%
909845,503921,1362,M,2,"26,07 €",10%
909846,503922,1042,xs,1,"49,99 €",40
909847,503922,1323,XL,1,"32,89 €",40%
909848,503923,1167,M,1,"18,87 €",20%
909849,503923,1013,L,1,"31,03 €",30%
909850,503923,1139,37,2,"49,46 €",30%
909851,503923,1315,XS,1,"32,56 €",0.2
909852,503923,1285,Talla XL,1,"39,82 €",10%
909853,503923,1127,Talla 39,1,"79,76 €",30%
909854,503923,1277,XS,1,"28,10 €",40
909855,503924,1048,Talla M,1,"36,45 €",30
909856,503925,1176,S,2,"23,41 €",0.1
909857,503925,1263,L,1,"39,31 €",50
909858,503925,1284,S,2,"20,70 €",30
909859,503925,1132,36,2,"72,05 €",0.4
909860,503926,1220,S,1,"18,87 €",30%
909861,503926,1311,XS,3,"30,25 €",40%
909862,503926,1221,Talla L,1,"28,31 €",0.3
909863,503926,1311,L,2,"30,25 €",10%
909864,503927,1061,M,1,"46,35 €",0.3
909865,503927,1285,M,1,"39,82 €",0.3
909866,503928,1379,XL,1,"31,72 €",0.0
909867,503928,1374,s,1,"12,90 €",10%
909868,503928,1204,Talla S,1,"12,35 €",0%
909869,503928,1273,m,1,"32,69 €",0.0
909870,503929,1285,M,1,"39,82 €",0.3
909871,503930,1173,M,1,"22,99 €",30%
909872,503930,1169,S,1,"14,75 €",50
909873,503930,1099,Talla 41,1,"79,99 €",30%
909874,503930,1205,Talla M,1,"13,61 €",0.3
909875,503930,1077,XS,1,"57,81 €",0.1
909876,503931,1284,XL,1,"20,70 €",10
909877,503932,1114,40,2,"41,35 €",20
909878,503933,1362,m,2,"26,07 €",0.1
909879,503934,1053,m,1,"38,51 €",0.0
909880,503935,1200,L,1,"21,79 €",0.2
909881,503935,1315,S,1,"32,56 €",0.1
909882,503935,1305,Talla L,2,"32,92 €",40
909883,503935,1373,M,1,"14,01 €",0.4
909884,503936,1211,L,1,"12,54 €",0%
909885,503936,1154,41,1,"70,63 €",0.1
909886,503936,1221,XS,1,"28,31 €",0%
909887,503937,1261,l,1,"33,18 €",30%
909888,503937,1176,l,2,"23,41 €",0.2
909889,503937,1041,M,1,"57,12 €",0.1
909890,503937,1112,36,1,"78,05 €",40%
909891,503937,1276,M,1,"24,73 €",40%
909892,503937,1262,M,1,"36,87 €",30%
909893,503937,1350,XL,1,"57,49 €",10%
909894,503938,1003,L,1,"55,06 €",0.3
909895,503938,1222,m,1,"27,70 €",0.2
909896,503938,1393,M,1,"13,58 €",30%
909897,503939,1353,XS,1,"13,83 €",0.3
909898,503939,1189,XS,2,"16,40 €",0.2
909899,503939,1223,XS,1,"29,79 €",20%
909900,503940,1321,Talla L,2,"37,98 €",0.2
909901,503941,1276,xl,2,"24,73 €",20%
909902,503941,1315,S,1,"32,56 €",10%
909903,503941,1387,L,1,"10,36 €",0.1
909904,503942,1336,L,1,"80,41 €",0.1
909905,503942,1041,M,1,"57,12 €",0.2
909906,503942,1115,39,1,"64,90 €",10
909907,503943,1291,L,1,"28,71 €",30%
909908,503943,1390,L,1,"19,91 €",30%
909909,503943,1245,Talla XL,1,"40,31 €",0%
909910,503943,1279,L,1,"28,28 €",0.2
909911,503944,1013,Talla S,1,"31,03 €",0.3
909912,503944,1166,L,1,"15,50 €",0.2
909913,503944,1315,XL,1,"32,56 €",40%
909914,503944,1145,40,1,"44,56 €",0.4
909915,503945,1063,m,2,"41,19 €",0%
909916,503946,1042,XL,1,"49,99 €",0.4
909917,503946,1080,M,1,"34,78 €",50%
909918,503947,1204,S,2,"12,35 €",0.2
909919,503947,1315,L,1,"32,56 €",40%
909920,503947,1336,L,1,"80,41 €",0.4
909921,503947,1126,36,1,"52,20 €",40
909922,503948,1285,XL,3,"39,82 €",0.2
909923,503948,1317,XL,1,"27,13 €",20
909924,503949,1165,L,1,"13,35 €",0.2
909925,503949,1260,M,1,"41,99 €",40
909926,503950,1346,M,1,"45,31 €",30%
909927,503950,1060,XL,1,"48,04 €",20%
909928,503951,1285,L,1,"39,82 €",40
909929,503952,1204,S,1,"12,35 €",0.2
909930,503953,1302,s,1,"47,49 €",0.3
909931,503953,1027,Talla M,1,"34,91 €",40
909932,503954,1384,Talla S,1,"25,64 €",20%
909933,503955,1396,M,1,"15,65 €",30
909934,503955,1012,S,1,"40,99 €",50
909935,503955,1148,38,1,"36,02 €",0%
909936,503956,1333,M,1,"89,35 €",20%
909937,503956,1255,L,1,"31,35 €",0.2
909938,503957,1159,38,1,"51,99 €",30
909939,503957,1312,Talla M,1,"35,92 €",0%
909940,503958,1254,M,2,"42,10 €",20%
909941,503959,1069,XS,2,"29,38 €",20%
909942,503960,1041,S,1,"57,12 €",0.1
909943,503960,1310,XS,1,"40,69 €",0.2
909944,503960,1392,L,1,"12,73 €",0%
909945,503961,1252,Talla S,1,"33,85 €",30%
909946,503961,1193,S,3,"20,23 €",0.2
909947,503961,1322,M,1,"33,07 €",20
909948,503962,1219,S,1,"17,73 €",0
909949,503962,1176,XS,1,"23,41 €",0.2
909950,503962,1110,39,1,"37,86 €",0%
909951,503962,1198,s,1,"16,38 €",0.0
909952,503963,1090,M,1,"34,56 €",40
909953,503963,1362,M,1,"26,07 €",40%
909954,503963,1099,39,1,"79,99 €",10
909955,503963,1053,L,1,"38,51 €",0.3
909956,503963,1223,s,1,"29,79 €",0.2
909957,503963,1204,Talla L,2,"12,35 €",0.5
909958,503964,1042,XL,1,"49,99 €",40
909959,503965,1213,L,1,"12,89 €",10%
909960,503965,1198,XL,1,"16,38 €",10
909961,503966,1128,39,1,"71,15 €",0%
909962,503967,1136,39,2,"73,76 €",0%
909963,503968,1141,39,1,"47,53 €",20
909964,503968,1166,L,1,"15,50 €",50%
909965,503969,1293,L,1,"37,48 €",0.0
909966,503969,1151,37,1,"47,09 €",30%
909967,503969,1114,41,2,"41,35 €",0.0
909968,503970,1118,37,2,"79,30 €",0%
909969,503970,1184,Talla L,3,"14,15 €",0.0
909970,503970,1025,XL,1,"59,54 €",0%
909971,503971,1358,L,1,"26,83 €",20
909972,503972,1252,L,1,"33,85 €",0%
909973,503972,1147,Talla 40,1,"30,45 €",30%
909974,503973,1059,m,1,"55,73 €",40%
909975,503973,1076,XL,1,"47,04 €",0.3
909976,503973,1259,l,1,"30,24 €",0.2
909977,503974,1042,L,1,"49,99 €",40%
909978,503974,1218,l,1,"23,13 €",10%
909979,503975,1041,s,2,"57,12 €",0.2
909980,503976,1333,S,1,"89,35 €",0%
909981,503976,1268,S,1,"36,99 €",10%
909982,503976,1390,S,3,"19,91 €",0.0
909983,503976,1278,L,1,"29,80 €",0.0
909984,503977,1094,41,2,"61,63 €",20
909985,503977,1283,m,1,"24,64 €",0.2
909986,503978,1132,Talla 39,1,"72,05 €",0.1
909987,503978,1305,L,1,"32,92 €",0.1
909988,503978,1374,Talla XS,1,"12,90 €",0%
909989,503979,1042,XL,2,"49,99 €",0.4
909990,503980,1151,37,1,"47,09 €",0.3
909991,503980,1116,41,1,"50,71 €",30%
909992,503980,1381,S,1,"34,45 €",30%
909993,503981,1282,M,2,"36,05 €",0
909994,503981,1147,38,1,"30,45 €",40%
909995,503981,1017,M,1,"33,77 €",20
909996,503982,1079,M,1,"46,26 €",0%
909997,503982,1331,M,2,"73,27 €",0%
909998,503982,1150,38,2,"53,53 €",0.0
909999,503983,1116,39,1,"50,71 €",0.3
910000,503984,1363,XL,1,"31,93 €",10%
910001,503984,1016,L,1,"58,66 €",10%
910002,503984,1134,41,1,"31,21 €",0.0
910003,503985,1042,L,1,"49,99 €",0.4
910004,503986,1089,M,1,"33,88 €",0
910005,503986,1250,XL,1,"31,36 €",0.0
910006,503987,1027,Talla S,3,"34,91 €",0.1
910007,503987,1380,xl,2,"34,77 €",0.3
910008,503987,1193,XL,1,"20,23 €",0.4
910009,503988,1099,36,1,"79,99 €",20%
910010,503989,1110,40,1,"37,86 €",30%
910011,503989,1183,s,1,"22,12 €",30
910012,503989,1368,S,1,"20,18 €",0.2
910013,503990,1362,S,1,"26,07 €",20
910014,503991,1370,XL,2,"32,70 €",0.2
910015,503991,1013,L,1,"31,03 €",50
910016,503991,1185,M,1,"21,81 €",30
910017,503991,1066,M,2,"34,07 €",0.5
910018,503992,1042,L,1,"49,99 €",40%
910019,503992,1033,XL,1,"54,99 €",20%
910020,503992,1179,M,1,"24,02 €",50%
910021,503993,1248,L,1,"44,58 €",10
910022,503994,1319,l,1,"30,13 €",0.3
910023,503994,1326,Talla S,1,"67,24 €",0
910024,503994,1036,l,1,"51,15 €",50%
910025,503995,1346,M,1,"45,31 €",10
910026,503995,1318,L,1,"40,14 €",0.1
910027,503996,1216,L,1,"17,83 €",0.1
910028,503997,1204,Talla XS,1,"12,35 €",30%
910029,503997,1299,M,1,"43,49 €",40%
910030,503997,1350,XS,1,"57,49 €",30
910031,503997,1388,S,2,"15,95 €",30%
910032,503997,1096,41,1,"53,68 €",50%
910033,503998,1042,M,1,"49,99 €",0.4
910034,503999,1301,XS,2,"46,93 €",40
910035,503999,1252,S,1,"33,85 €",0%
910036,503999,1254,L,1,"42,10 €",10%
910037,504000,1379,s,2,"31,72 €",10%
910038,504000,1374,XL,1,"12,90 €",30%
910039,504000,1008,M,1,"54,28 €",0.0
910040,504001,1315,M,1,"32,56 €",0.0
910041,504002,1042,S,1,"49,99 €",40%
910042,504002,1285,XL,1,"39,82 €",30
910043,504002,1052,l,2,"52,18 €",0.4
910044,504002,1318,Talla M,1,"40,14 €",0.1
910045,504002,1311,M,1,"30,25 €",0.1
910046,504003,1042,S,2,"49,99 €",40%
910047,504003,1126,Talla 37,1,"52,20 €",0.3
910048,504003,1030,l,1,"46,38 €",20
910049,504003,1057,XL,3,"28,72 €",30
910050,504004,1308,S,1,"36,22 €",50%
910051,504004,1204,M,1,"12,35 €",10%
910052,504004,1366,S,1,"26,15 €",0.3
910053,504004,1147,38,1,"30,45 €",50%
910054,504004,1359,L,1,"29,93 €",0.3
910055,504004,1134,36,1,"31,21 €",30%
910056,504005,1099,Talla 38,1,"79,99 €",0%
910057,504005,1239,XS,1,"31,88 €",0.0
910058,504006,1296,S,1,"41,51 €",10%
910059,504007,1081,M,1,"55,86 €",20%
910060,504007,1114,38,1,"41,35 €",0.2
910061,504007,1250,L,2,"31,36 €",0.2
910062,504007,1362,XS,1,"26,07 €",20
910063,504007,1170,Talla M,1,"12,32 €",40%
910064,504008,1093,Talla 38,1,"68,61 €",20%
910065,504008,1185,Talla XS,1,"21,81 €",40%
910066,504008,1212,L,2,"12,74 €",0.0
910067,504009,1312,S,1,"35,92 €",10%
910068,504009,1317,S,2,"27,13 €",10%
910069,504010,1387,L,2,"10,36 €",0.4
910070,504010,1091,38,1,"75,99 €",0.5
910071,504010,1030,M,1,"46,38 €",0
910072,504010,1275,M,1,"24,89 €",40%
910073,504010,1269,M,1,"20,24 €",40%
910074,504010,1148,38,1,"36,02 €",30%
910075,504011,1110,40,1,"37,86 €",0.2
910076,504012,1015,S,1,"33,85 €",0.3
910077,504012,1315,XS,3,"32,56 €",0%
910078,504012,1055,S,1,"33,15 €",20%
910079,504013,1279,L,2,"28,28 €",0%
910080,504013,1036,XS,1,"51,15 €",0
910081,504013,1366,M,1,"26,15 €",0.1
910082,504014,1077,XS,1,"57,81 €",20
910083,504015,1120,38,1,"65,76 €",0.5
910084,504015,1291,S,1,"28,71 €",30
910085,504016,1182,S,1,"16,74 €",0%
910086,504016,1116,38,1,"50,71 €",0.0
910087,504016,1184,Talla S,1,"14,15 €",20%
910088,504017,1205,XL,1,"13,61 €",20%
910089,504017,1120,39,1,"65,76 €",0.4
910090,504017,1004,S,1,"45,55 €",10
910091,504017,1241,S,1,"36,57 €",0.5
910092,504018,1391,M,1,"13,83 €",0.4
910093,504018,1396,s,1,"15,65 €",20
910094,504019,1238,M,1,"36,15 €",10%
910095,504019,1290,m,1,"23,54 €",10%
910096,504019,1241,xl,1,"36,57 €",0%
910097,504020,1133,38,1,"48,67 €",40%
910098,504020,1283,L,1,"24,64 €",20%
910099,504021,1224,M,1,"25,88 €",50%
910100,504021,1252,M,1,"33,85 €",0.2
910101,504022,1267,Talla M,1,"36,41 €",10%
910102,504022,1125,39,1,"51,19 €",20%
910103,504023,1042,Talla S,1,"49,99 €",0.4
910104,504024,1103,38,1,"62,95 €",0.2
910105,504025,1204,M,1,"12,35 €",0.2
910106,504025,1362,L,1,"26,07 €",0.1
910107,504025,1204,l,2,"12,35 €",0
910108,504025,1243,M,1,"42,14 €",0.2
910109,504025,1030,M,1,"46,38 €",0.1
910110,504025,1211,XL,1,"12,54 €",0.2
910111,504026,1042,L,3,"49,99 €",0.4
910112,504026,1053,L,1,"38,51 €",30%
910113,504027,1315,L,1,"32,56 €",0.0
910114,504027,1197,XS,1,"14,87 €",0%
910115,504028,1015,m,1,"33,85 €",20
910116,504029,1131,38,1,"55,67 €",0%
910117,504029,1263,XS,1,"39,31 €",0.1
910118,504030,1052,s,1,"52,18 €",0.2
910119,504030,1186,L,1,"16,09 €",20
910120,504031,1175,L,1,"17,99 €",20
910121,504031,1396,L,1,"15,65 €",20
910122,504032,1168,Talla L,1,"19,82 €",20%
910123,504033,1042,L,1,"49,99 €",40%
910124,504033,1203,M,1,"19,01 €",10%
910125,504033,1390,M,1,"19,91 €",20%
910126,504034,1347,XL,3,"80,46 €",40%
910127,504034,1019,L,1,"38,48 €",20
910128,504034,1324,M,1,"40,15 €",0.1
910129,504034,1275,Talla L,1,"24,89 €",0.2
910130,504034,1196,S,2,"15,48 €",20%
910131,504034,1072,XL,1,"46,42 €",40%
910132,504035,1136,37,1,"73,76 €",0.0
910133,504036,1285,L,1,"39,82 €",0.1
910134,504036,1012,L,1,"40,99 €",20%
910135,504037,1072,M,2,"46,42 €",0.3
910136,504037,1119,39,1,"55,00 €",20%
910137,504037,1013,M,1,"31,03 €",30%
910138,504037,1004,M,1,"45,55 €",0.3
910139,504038,1170,S,2,"12,32 €",30
910140,504038,1053,l,2,"38,51 €",0.1
910141,504038,1027,Talla XS,1,"34,91 €",30%
910142,504038,1267,XS,1,"36,41 €",0
910143,504038,1206,L,1,"15,68 €",20
910144,504039,1042,M,1,"49,99 €",40%
910145,504039,1172,XS,1,"18,98 €",0.4
910146,504039,1285,xs,1,"39,82 €",0.2
910147,504040,1263,XS,1,"39,31 €",0
910148,504041,1042,M,1,"49,99 €",40
910149,504042,1094,38,2,"61,63 €",0.5
910150,504042,1204,L,1,"12,35 €",0.5
910151,504042,1252,xs,2,"33,85 €",0.2
910152,504043,1270,L,2,"37,43 €",20
910153,504043,1121,39,1,"72,81 €",0.1
910154,504043,1011,L,1,"58,99 €",0.2
910155,504044,1020,xl,2,"35,48 €",0%
910156,504044,1055,L,1,"33,15 €",0%
910157,504045,1070,L,2,"27,27 €",10
910158,504045,1111,37,1,"59,92 €",0.0
910159,504046,1036,Talla M,3,"51,15 €",0.4
910160,504047,1022,M,1,"36,94 €",20%
910161,504047,1058,M,1,"51,95 €",0.2
910162,504048,1367,Talla S,1,"13,47 €",20%
910163,504048,1072,M,1,"46,42 €",20%
910164,504049,1204,m,1,"12,35 €",20
910165,504049,1041,L,3,"57,12 €",0
910166,504049,1389,XL,1,"21,34 €",10%
910167,504049,1015,L,1,"33,85 €",10%
910168,504049,1290,M,1,"23,54 €",0.4
910169,504049,1050,M,1,"52,78 €",10
910170,504050,1089,L,1,"33,88 €",0.3
910171,504050,1364,M,1,"11,29 €",0.4
910172,504050,1166,S,1,"15,50 €",0.3
910173,504050,1349,s,1,"53,20 €",10
910174,504051,1053,XS,1,"38,51 €",50
910175,504052,1348,S,1,"54,42 €",10%
910176,504052,1356,S,1,"31,86 €",30%
910177,504053,1113,39,1,"38,95 €",0
910178,504053,1110,40,1,"37,86 €",0
910179,504054,1194,S,1,"22,75 €",0.3
910180,504055,1098,37,1,"38,24 €",0.3
910181,504056,1010,M,1,"32,90 €",0%
910182,504057,1388,m,1,"15,95 €",50%
910183,504057,1292,L,1,"32,80 €",20%
910184,504057,1203,L,1,"19,01 €",30
910185,504058,1050,M,1,"52,78 €",0.4
910186,504058,1305,Talla L,1,"32,92 €",30%
910187,504058,1380,L,1,"34,77 €",0
910188,504058,1067,S,1,"32,97 €",10%
910189,504059,1204,L,1,"12,35 €",20
910190,504059,1106,Talla 37,1,"73,33 €",0.4
910191,504060,1386,M,1,"32,98 €",20%
910192,504060,1025,l,1,"59,54 €",30%
910193,504061,1168,S,1,"19,82 €",20%
910194,504061,1398,XL,1,"25,22 €",20
910195,504062,1047,XL,1,"27,30 €",0.1
910196,504062,1336,XL,2,"80,41 €",0%
910197,504063,1288,S,2,"30,24 €",0.0
910198,504063,1203,XS,1,"19,01 €",0.3
910199,504064,1258,m,1,"35,14 €",10%
910200,504064,1385,M,1,"28,77 €",20
910201,504065,1084,Talla S,2,"59,12 €",0.3
910202,504066,1362,Talla M,1,"26,07 €",20%
910203,504067,1260,m,1,"41,99 €",10%
910204,504067,1292,XL,1,"32,80 €",40%
910205,504067,1354,Talla M,1,"10,85 €",0.2
910206,504068,1042,XL,1,"49,99 €",40
910207,504068,1277,Talla XS,1,"28,10 €",40%
910208,504069,1332,XS,1,"87,31 €",40
910209,504069,1335,XL,1,"70,30 €",30
910210,504070,1367,M,1,"13,47 €",0.2
910211,504071,1159,38,1,"51,99 €",20%
910212,504072,1204,M,2,"12,35 €",50%
910213,504072,1312,XS,3,"35,92 €",20%
910214,504072,1285,XS,1,"39,82 €",40
910215,504073,1042,m,1,"49,99 €",40%
910216,504073,1041,m,1,"57,12 €",0.0
910217,504073,1310,S,1,"40,69 €",30%
910218,504074,1148,38,1,"36,02 €",0.0
910219,504074,1386,m,1,"32,98 €",20
910220,504074,1185,L,1,"21,81 €",0%
910221,504075,1074,M,1,"27,23 €",0.2
910222,504076,1042,M,1,"49,99 €",0.4
910223,504076,1292,S,1,"32,80 €",40%
910224,504077,1204,L,1,"12,35 €",10%
910225,504078,1069,M,1,"29,38 €",40%
910226,504079,1053,M,1,"38,51 €",0.3
910227,504079,1264,M,1,"44,81 €",0.0
910228,504079,1329,M,1,"45,80 €",30%
910229,504080,1042,M,1,"49,99 €",40%
910230,504080,1066,M,1,"34,07 €",30%
910231,504081,1333,XL,2,"89,35 €",0.0
910232,504081,1180,s,1,"17,79 €",30
910233,504082,1042,M,1,"49,99 €",0.4
910234,504083,1042,XS,1,"49,99 €",0.4
910235,504083,1293,L,1,"37,48 €",10
910236,504083,1319,L,3,"30,13 €",10%
910237,504083,1285,L,1,"39,82 €",30
910238,504084,1394,M,1,"26,56 €",0.4
910239,504084,1183,M,-1,"22,12 €",0%
910240,504084,1065,Talla L,1,"49,52 €",20
910241,504084,1025,m,1,"59,54 €",0.4
910242,504085,1342,XS,1,"54,22 €",20
910243,504086,1305,XL,1,"32,92 €",0
910244,504086,1080,L,2,"34,78 €",50
910245,504087,1053,m,1,"38,51 €",20%
910246,504087,1168,XL,1,"19,82 €",20
910247,504087,1244,XL,1,"26,77 €",40
910248,504087,1002,L,1,"27,23 €",0.3
910249,504087,1378,L,1,"21,35 €",0.4
910250,504087,1357,M,2,"16,44 €",0.2
910251,504088,1350,M,1,"57,49 €",0%
910252,504089,1168,Talla S,1,"19,82 €",0%
910253,504090,1042,L,1,"49,99 €",0.4
910254,504090,1276,S,3,"24,73 €",0.1
910255,504091,1243,S,1,"42,14 €",0.4
910256,504091,1350,L,1,"57,49 €",30
910257,504092,1072,S,1,"46,42 €",10%
910258,504092,1162,S,1,"19,00 €",40
910259,504092,1038,L,1,"27,52 €",0.3
910260,504093,1047,XL,1,"27,30 €",0.3
910261,504094,1112,38,1,"78,05 €",0.0
910262,504094,1222,S,1,"27,70 €",0.0
910263,504094,1204,S,1,"12,35 €",0.0
910264,504095,1236,s,1,"32,57 €",0.3
910265,504096,1204,M,1,"12,35 €",0.1
910266,504097,1208,S,1,"22,70 €",30
910267,504098,1200,XS,2,"21,79 €",20
910268,504098,1141,39,1,"47,53 €",20
910269,504098,1016,L,1,"58,66 €",0.1
910270,504099,1015,M,2,"33,85 €",0%
910271,504099,1282,S,1,"36,05 €",0%
910272,504100,1215,s,1,"23,23 €",0.3
910273,504100,1043,M,1,"54,13 €",0%
910274,504100,1040,L,1,"49,21 €",10
910275,504101,1194,XS,1,"22,75 €",20%
910276,504102,1100,37,1,"49,80 €",20
910277,504102,1123,Talla 41,1,"77,67 €",0
910278,504102,1389,S,1,"21,34 €",0.1
910279,504103,1193,s,1,"20,23 €",20%
910280,504104,1266,M,1,"33,10 €",20
910281,504105,1105,41,1,"77,31 €",30%
910282,504105,1053,L,1,"38,51 €",40
910283,504106,1216,Talla XS,1,"17,83 €",30%
910284,504106,1351,XS,1,"26,88 €",0.1
910285,504106,1295,M,1,"36,18 €",30
910286,504107,1048,XL,1,"36,45 €",0%
910287,504108,1111,40,1,"59,92 €",0%
910288,504109,1393,Talla XS,1,"13,58 €",0.3
910289,504109,1094,39,1,"61,63 €",10%
910290,504110,1115,37,1,"64,90 €",0%
910291,504110,1078,xs,3,"56,16 €",0%
910292,504111,1374,Talla S,1,"12,90 €",10
910293,504112,1282,M,2,"36,05 €",0%
910294,504112,1204,M,1,"12,35 €",10%
910295,504112,1203,XL,1,"19,01 €",0.1
910296,504113,1362,Talla M,1,"26,07 €",0%
910297,504113,1015,L,1,"33,85 €",10%
910298,504114,1317,XS,1,"27,13 €",0%
910299,504114,1164,M,1,"18,58 €",0
910300,504114,1175,L,1,"17,99 €",0
910301,504115,1263,Talla M,1,"39,31 €",0%
910302,504115,1241,M,1,"36,57 €",10
910303,504115,1346,M,1,"45,31 €",20
910304,504116,1359,M,1,"29,93 €",10%
910305,504116,1282,S,1,"36,05 €",20%
910306,504116,1112,39,1,"78,05 €",0.1
910307,504116,1315,L,1,"32,56 €",10%
910308,504116,1196,L,1,"15,48 €",0.4
910309,504116,1315,XS,1,"32,56 €",10%
910310,504117,1159,36,1,"51,99 €",0.5
910311,504118,1042,m,1,"49,99 €",40
910312,504118,1038,S,1,"27,52 €",20%
910313,504119,1343,Talla XS,1,"81,92 €",0.1
910314,504119,1217,XS,1,"12,11 €",20
910315,504120,1042,XL,2,"49,99 €",40%
910316,504120,1095,38,1,"41,57 €",0.1
910317,504121,1135,40,1,"71,49 €",30
910318,504122,1320,S,2,"35,05 €",20%
910319,504122,1315,Talla XS,1,"32,56 €",10
910320,504123,1362,L,1,"26,07 €",0.1
910321,504124,1216,Talla L,1,"17,83 €",0.3
910322,504125,1234,Talla M,1,"26,50 €",0.0
910323,504126,1395,M,2,"20,05 €",20%
910324,504127,1282,XS,1,"36,05 €",0%
910325,504127,1334,M,1,"41,41 €",10
910326,504128,1180,L,1,"17,79 €",50
910327,504129,1053,L,1,"38,51 €",0.1
910328,504129,1036,Talla L,1,"51,15 €",0.3
910329,504130,1111,40,1,"59,92 €",0.1
910330,504130,1387,S,1,"10,36 €",30%
910331,504130,1094,38,1,"61,63 €",20%
910332,504130,1315,S,1,"32,56 €",20
910333,504131,1229,L,3,"38,72 €",30
910334,504131,1070,m,1,"27,27 €",0.2
910335,504131,1106,40,1,"73,33 €",20%
910336,504131,1340,S,1,"80,92 €",30%
910337,504131,1239,L,1,"31,88 €",0.2
910338,504132,1050,S,1,"52,78 €",10
910339,504132,1259,L,1,"30,24 €",30
910340,504133,1387,XS,1,"10,36 €",0%
910341,504133,1056,S,1,"39,14 €",20
910342,504133,1213,XL,2,"12,89 €",10%
910343,504133,1293,M,1,"37,48 €",0.5
910344,504134,1193,S,2,"20,23 €",0%
910345,504134,1168,XS,1,"19,82 €",0.2
910346,504135,1053,Talla M,3,"38,51 €",40%
910347,504135,1324,S,1,"40,15 €",20%
910348,504135,1291,M,1,"28,71 €",0
910349,504135,1322,L,1,"33,07 €",0%
910350,504136,1211,XS,1,"12,54 €",0.0
910351,504137,1270,Talla L,1,"37,43 €",20
910352,504138,1364,xs,1,"11,29 €",0.3
910353,504138,1029,Talla XS,1,"31,92 €",0.4
910354,504138,1033,XS,1,"54,99 €",40%
910355,504138,1071,m,1,"29,62 €",0.2
910356,504139,1001,M,1,"32,57 €",20%
910357,504139,1244,L,1,"26,77 €",10%
910358,504139,1136,37,1,"73,76 €",40%
910359,504140,1290,S,1,"23,54 €",0
910360,504140,1315,XS,3,"32,56 €",0%
910361,504140,1162,XS,1,"19,00 €",0
910362,504141,1168,m,1,"19,82 €",0.5
910363,504141,1120,36,2,"65,76 €",0.1
910364,504141,1070,M,2,"27,27 €",10
910365,504141,1128,40,1,"71,15 €",30%
910366,504141,1357,l,1,"16,44 €",0.3
910367,504141,1273,m,1,"32,69 €",0.3
910368,504142,1076,S,1,"47,04 €",20
910369,504142,1182,S,1,"16,74 €",20%
910370,504143,1362,M,1,"26,07 €",0.2
910371,504143,1204,S,1,"12,35 €",40%
910372,504143,1106,38,1,"73,33 €",0%
910373,504144,1314,S,1,"42,15 €",0.0
910374,504144,1315,Talla L,2,"32,56 €",30
910375,504144,1113,42,1,"38,95 €",0.1
910376,504145,1303,L,1,"34,22 €",40%
910377,504145,1126,38,1,"52,20 €",0%
910378,504145,1339,Talla XS,1,"55,93 €",0.4
910379,504146,1258,M,1,"35,14 €",10
910380,504146,1146,Talla 40,1,"34,21 €",0
910381,504147,1077,L,1,"57,81 €",30
910382,504147,1175,s,1,"17,99 €",0.4
910383,504147,1289,XS,1,"22,39 €",0.1
910384,504148,1204,M,3,"12,35 €",0.2
910385,504148,1281,M,1,"34,30 €",0.1
910386,504148,1380,S,1,"34,77 €",0.1
910387,504149,1042,Talla XS,1,"49,99 €",40%
910388,504150,1303,M,1,"34,22 €",30
910389,504150,1356,Talla L,1,"31,86 €",0.3
910390,504151,1155,39,1,"61,83 €",0%
910391,504152,1137,41,1,"63,83 €",0.3
910392,504153,1315,M,1,"32,56 €",0.0
910393,504153,1272,L,1,"29,98 €",0
910394,504154,1068,XS,2,"49,68 €",0
910395,504154,1147,Talla 37,1,"30,45 €",0.0
910396,504155,1359,S,1,"29,93 €",0.0
910397,504156,1334,S,1,"41,41 €",30%
910398,504157,1094,Talla 38,1,"61,63 €",0.2
910399,504157,1396,Talla S,2,"15,65 €",0.2
910400,504157,1202,M,1,"20,61 €",0.4
910401,504158,1374,L,1,"12,90 €",0.0
910402,504159,1250,xs,2,"31,36 €",10
910403,504159,1218,Talla S,1,"23,13 €",0.4
910404,504159,1298,XS,1,"30,07 €",10
910405,504159,1077,Talla XS,1,"57,81 €",0.2
910406,504159,1030,XS,1,"46,38 €",0.2
910407,504159,1058,s,1,"51,95 €",0.1
910408,504160,1356,M,1,"31,86 €",30
910409,504160,1345,Talla L,1,"85,68 €",30%
910410,504160,1321,S,1,"37,98 €",0.2
910411,504160,1068,l,1,"49,68 €",30%
910412,504160,1191,M,1,"20,63 €",10
910413,504160,1204,S,1,"12,35 €",0.0
910414,504161,1113,41,1,"38,95 €",20
910415,504162,1233,S,1,"30,63 €",20%
910416,504162,1366,L,1,"26,15 €",30%
910417,504163,1042,M,1,"49,99 €",40%
910418,504163,1121,39,1,"72,81 €",0
910419,504164,1374,S,1,"12,90 €",0.1
910420,504165,1105,41,1,"77,31 €",0.4
910421,504165,1396,Talla S,1,"15,65 €",0.2
910422,504165,1105,39,1,"77,31 €",0.2
910423,504166,1041,S,1,"57,12 €",0
910424,504167,1188,S,1,"23,94 €",0%
910425,504167,1381,XL,1,"34,45 €",10%
910426,504168,1229,XS,1,"38,72 €",10%
910427,504169,1042,Talla XL,3,"49,99 €",40%
910428,504169,1037,L,1,"41,52 €",50%
910429,504170,1023,xs,1,"31,99 €",0%
910430,504170,1359,m,1,"29,93 €",0.1
910431,504171,1395,Talla L,1,"20,05 €",0%
910432,504171,1263,Talla S,1,"39,31 €",0.0
910433,504172,1015,Talla S,1,"33,85 €",50%
910434,504172,1346,XS,1,"45,31 €",30%
910435,504172,1273,M,2,"32,69 €",0.0
910436,504173,1042,L,1,"49,99 €",40%
910437,504174,1257,Talla XL,1,"41,13 €",20%
910438,504174,1315,L,2,"32,56 €",10
910439,504175,1042,M,3,"49,99 €",40%
910440,504176,1315,S,1,"32,56 €",0.0
910441,504176,1330,L,1,"48,41 €",0.0
910442,504176,1065,XS,1,"49,52 €",0%
910443,504176,1066,xl,1,"34,07 €",0
910444,504176,1252,L,3,"33,85 €",0%
910445,504176,1284,m,1,"20,70 €",0%
910446,504177,1244,M,1,"26,77 €",20
910447,504177,1284,M,1,"20,70 €",30%
910448,504177,1272,s,1,"29,98 €",0.3
910449,504177,1376,M,1,"26,99 €",0.4
910450,504177,1272,L,1,"29,98 €",30
910451,504178,1126,41,1,"52,20 €",0.4
910452,504178,1161,L,3,"23,07 €",0.4
910453,504178,1003,M,2,"55,06 €",10
910454,504178,1047,XS,1,"27,30 €",0.4
910455,504179,1042,L,1,"49,99 €",0.4
910456,504179,1057,M,2,"28,72 €",0.3
910457,504180,1384,XL,1,"25,64 €",20%
910458,504181,1063,Talla L,1,"41,19 €",20%
910459,504181,1085,S,1,"41,61 €",0.0
910460,504181,1224,S,1,"25,88 €",40%
910461,504182,1356,S,1,"31,86 €",0.2
910462,504183,1007,M,1,"30,50 €",0.0
910463,504183,1094,37,1,"61,63 €",20
910464,504184,1357,M,1,"16,44 €",0
910465,504185,1042,M,1,"49,99 €",40%
910466,504185,1252,Talla M,1,"33,85 €",0.4
910467,504185,1375,M,1,"22,99 €",40%
910468,504186,1275,XS,1,"24,89 €",10%
910469,504187,1105,38,1,"77,31 €",0.0
910470,504187,1250,L,1,"31,36 €",10
910471,504187,1189,L,1,"16,40 €",0
910472,504188,1318,L,1,"40,14 €",0%
910473,504188,1069,M,1,"29,38 €",0.0
910474,504189,1204,M,1,"12,35 €",20
910475,504190,1362,XL,1,"26,07 €",10%
910476,504190,1141,41,1,"47,53 €",20
910477,504191,1042,L,2,"49,99 €",40
910478,504192,1025,L,1,"59,54 €",0.0
910479,504192,1126,38,1,"52,20 €",0
910480,504193,1241,l,2,"36,57 €",0.2
910481,504193,1097,Talla 37,1,"45,52 €",0.2
910482,504193,1033,XS,1,"54,99 €",10%
910483,504194,1200,M,1,"21,79 €",10
910484,504194,1032,L,1,"29,90 €",20
910485,504194,1106,39,1,"73,33 €",30%
910486,504194,1282,XL,1,"36,05 €",10
910487,504194,1299,XS,1,"43,49 €",30%
910488,504195,1193,M,1,"20,23 €",0.4
910489,504195,1288,l,1,"30,24 €",20%
910490,504195,1094,40,1,"61,63 €",20
910491,504196,1213,L,1,"12,89 €",0.1
910492,504196,1266,S,1,"33,10 €",20%
910493,504196,1077,L,1,"57,81 €",0%
910494,504197,1036,l,1,"51,15 €",0.4
910495,504197,1122,39,1,"63,66 €",0.3
910496,504197,1256,Talla L,1,"30,08 €",0.0
910497,504198,1165,XS,1,"13,35 €",20%
910498,504199,1220,XL,1,"18,87 €",0.0
910499,504199,1189,S,1,"16,40 €",10%
910500,504199,1004,M,1,"45,55 €",20%
910501,504200,1148,36,1,"36,02 €",0.0
910502,504200,1074,xl,1,"27,23 €",0.0
910503,504200,1218,M,1,"23,13 €",10
910504,504201,1338,S,1,"61,23 €",20
910505,504202,1391,L,1,"13,83 €",0%
910506,504202,1004,S,3,"45,55 €",0%
910507,504202,1231,S,1,"35,23 €",0.0
910508,504202,1136,37,1,"73,76 €",10
910509,504202,1052,L,2,"52,18 €",0
910510,504203,1150,42,2,"53,53 €",20
910511,504203,1053,L,1,"38,51 €",10%
910512,504203,1053,M,1,"38,51 €",0.4
910513,504203,1275,XS,1,"24,89 €",20%
910514,504204,1314,L,1,"42,15 €",0%
910515,504204,1317,XS,2,"27,13 €",50
910516,504204,1266,XS,1,"33,10 €",20%
910517,504205,1042,M,1,"49,99 €",40
910518,504206,1042,l,1,"49,99 €",40%
910519,504206,1204,Talla L,2,"12,35 €",0.4
910520,504207,1038,l,1,"27,52 €",10%
910521,504207,1161,XS,1,"23,07 €",0.0
910522,504207,1382,XS,1,"30,95 €",10%
910523,504208,1001,xs,1,"32,57 €",50
910524,504208,1273,m,1,"32,69 €",0.1
910525,504208,1148,41,1,"36,02 €",0
910526,504208,1081,XL,1,"55,86 €",10%
910527,504209,1176,XL,2,"23,41 €",0%
910528,504209,1223,L,1,"29,79 €",0%
910529,504210,1283,s,1,"24,64 €",30%
910530,504211,1080,L,1,"34,78 €",0.4
910531,504212,1341,XL,2,"40,01 €",0%
910532,504213,1360,Talla L,3,"18,88 €",10%
910533,504213,1090,XS,1,"34,56 €",0.1
910534,504214,1145,41,1,"44,56 €",0%
910535,504214,1281,Talla S,1,"34,30 €",20%
910536,504215,1141,37,1,"47,53 €",0.2
910537,504215,1298,XS,1,"30,07 €",30%
910538,504215,1036,Talla XL,1,"51,15 €",20%
910539,504216,1392,L,1,"12,73 €",0.2
910540,504216,1349,M,1,"53,20 €",20%
910541,504216,1068,s,1,"49,68 €",0.5
910542,504217,1371,XL,1,"33,17 €",20%
910543,504217,1074,Talla S,1,"27,23 €",0.1
910544,504217,1384,S,1,"25,64 €",20%
910545,504218,1267,L,1,"36,41 €",20
910546,504218,1111,40,1,"59,92 €",40%
910547,504218,1340,Talla S,1,"80,92 €",20%
910548,504219,1336,XS,1,"80,41 €",0.0
910549,504219,1117,Talla 38,1,"49,56 €",0.0
910550,504219,1204,XS,1,"12,35 €",0%
910551,504220,1364,Talla M,1,"11,29 €",0.1
910552,504220,1041,m,1,"57,12 €",30
910553,504220,1322,L,1,"33,07 €",10%
910554,504221,1034,L,1,"42,28 €",0.2
910555,504221,1070,L,1,"27,27 €",40%
910556,504222,1333,XL,1,"89,35 €",0.2
910557,504222,1176,S,1,"23,41 €",0
910558,504223,1148,38,1,"36,02 €",10%
910559,504224,1257,M,1,"41,13 €",10
910560,504225,1322,m,1,"33,07 €",0.0
910561,504226,1134,40,2,"31,21 €",10
910562,504226,1252,XL,1,"33,85 €",0.1
910563,504226,1274,XS,3,"39,02 €",50
910564,504226,1041,Talla M,1,"57,12 €",40%
910565,504227,1322,XS,1,"33,07 €",0.2
910566,504227,1197,XL,1,"14,87 €",0.3
910567,504227,1078,M,1,"56,16 €",20%
910568,504227,1153,36,1,"46,79 €",30%
910569,504227,1262,Talla M,1,"36,87 €",0.0
910570,504228,1042,L,1,"49,99 €",0.4
910571,504229,1042,L,1,"49,99 €",0.4
910572,504229,1075,l,2,"43,55 €",40%
910573,504229,1053,xl,1,"38,51 €",30
910574,504230,1250,XL,1,"31,36 €",0%
910575,504231,1014,S,1,"48,60 €",10%
910576,504231,1386,xs,1,"32,98 €",40%
910577,504232,1352,S,1,"12,43 €",0.3
910578,504233,1227,S,3,"25,33 €",0.2
910579,504233,1119,36,1,"55,00 €",0.3
910580,504234,1281,M,1,"34,30 €",0
910581,504234,1281,S,2,"34,30 €",0
910582,504234,1191,S,1,"20,63 €",0%
910583,504235,1357,Talla M,1,"16,44 €",20
910584,504235,1392,l,1,"12,73 €",0.2
910585,504236,1111,39,1,"59,92 €",30%
910586,504237,1242,L,1,"38,06 €",0.2
910587,504237,1289,m,1,"22,39 €",0.3
910588,504237,1315,XL,1,"32,56 €",20
910589,504237,1135,38,1,"71,49 €",0.2
910590,504237,1036,M,1,"51,15 €",0.2
910591,504237,1285,M,1,"39,82 €",30
910592,504238,1042,XL,1,"49,99 €",0.4
910593,504238,1026,XL,1,"49,99 €",0%
910594,504239,1135,38,2,"71,49 €",0.2
910595,504240,1297,Talla M,1,"39,25 €",0.0
910596,504240,1297,Talla M,2,"39,25 €",10
910597,504240,1322,XL,1,"33,07 €",20
910598,504240,1368,XL,1,"20,18 €",0.3
910599,504240,1092,39,1,"69,97 €",40%
910600,504241,1204,S,1,"12,35 €",0
910601,504241,1239,Talla XS,1,"31,88 €",0%
910602,504241,1289,S,1,"22,39 €",0.0
910603,504242,1042,L,1,"49,99 €",0.4
910604,504243,1106,40,1,"73,33 €",30%
910605,504243,1346,S,1,"45,31 €",50%
910606,504244,1014,XL,1,"48,60 €",0%
910607,504244,1121,40,1,"72,81 €",0%
910608,504245,1042,XL,2,"49,99 €",40
910609,504246,1080,xl,1,"34,78 €",0.2
910610,504246,1305,M,1,"32,92 €",0.1
910611,504247,1362,M,1,"26,07 €",0
910612,504247,1070,l,1,"27,27 €",0.1
910613,504247,1345,M,1,"85,68 €",0
910614,504247,1363,S,1,"31,93 €",0.0
910615,504247,1204,M,1,"12,35 €",10%
910616,504248,1115,37,1,"64,90 €",0
910617,504249,1241,L,1,"36,57 €",10%
910618,504250,1079,Talla S,3,"46,26 €",10%
910619,504250,1344,M,1,"48,33 €",30
910620,504251,1113,38,1,"38,95 €",20%
910621,504251,1204,S,1,"12,35 €",0.1
910622,504252,1090,XS,1,"34,56 €",10%
910623,504252,1002,L,1,"27,23 €",30%
910624,504253,1298,l,1,"30,07 €",10%
910625,504254,1229,L,1,"38,72 €",0
910626,504254,1247,Talla S,1,"43,39 €",0.0
910627,504255,1369,M,1,"15,16 €",0.2
910628,504255,1305,M,1,"32,92 €",10
910629,504255,1125,38,1,"51,19 €",40%
910630,504255,1364,S,1,"11,29 €",0.0
910631,504256,1057,M,1,"28,72 €",0.0
910632,504257,1300,S,1,"32,84 €",20%
910633,504257,1298,XS,1,"30,07 €",0.1
910634,504257,1351,M,1,"26,88 €",30%
910635,504257,1204,Talla XL,1,"12,35 €",10%
910636,504257,1021,L,1,"43,85 €",40
910637,504257,1295,XL,1,"36,18 €",0.2
910638,504257,1182,S,1,"16,74 €",20%
910639,504258,1285,s,1,"39,82 €",20%
910640,504258,1396,M,2,"15,65 €",20%
910641,504259,1134,40,1,"31,21 €",0.0
910642,504260,1387,M,1,"10,36 €",20%
910643,504261,1301,L,1,"46,93 €",20
910644,504262,1060,M,1,"48,04 €",30%
910645,504262,1346,m,1,"45,31 €",50%
910646,504262,1227,Talla M,1,"25,33 €",0.4
910647,504263,1350,L,1,"57,49 €",0.3
910648,504264,1284,xs,1,"20,70 €",40%
910649,504264,1053,m,1,"38,51 €",10%
910650,504264,1362,XS,1,"26,07 €",40%
910651,504265,1288,M,3,"30,24 €",0.1
910652,504265,1120,37,2,"65,76 €",0.3
910653,504266,1383,Talla XL,1,"20,95 €",0.0
910654,504267,1329,XS,1,"45,80 €",0%
910655,504268,1059,Talla XL,1,"55,73 €",10%
910656,504268,1373,XL,1,"14,01 €",20
910657,504268,1168,XL,1,"19,82 €",30
910658,504268,1122,42,1,"63,66 €",30
910659,504269,1193,M,1,"20,23 €",0.2
910660,504269,1088,M,1,"36,00 €",0%
910661,504269,1204,Talla M,1,"12,35 €",0%
910662,504270,1011,Talla M,1,"58,99 €",0%
910663,504270,1326,L,1,"67,24 €",20%
910664,504271,1341,XL,1,"40,01 €",40%
910665,504272,1381,XL,1,"34,45 €",0.1
910666,504272,1315,M,1,"32,56 €",0.0
910667,504272,1307,M,1,"42,98 €",0%
910668,504272,1315,l,1,"32,56 €",10%
910669,504273,1305,S,3,"32,92 €",0.2
910670,504273,1012,M,1,"40,99 €",0%
910671,504274,1032,L,1,"29,90 €",0%
910672,504274,1036,L,1,"51,15 €",0.0
910673,504274,1297,M,1,"39,25 €",10
910674,504275,1230,L,2,"25,06 €",0%
910675,504275,1027,L,1,"34,91 €",20%
910676,504276,1331,M,1,"73,27 €",10%
910677,504277,1224,S,1,"25,88 €",30
910678,504278,1205,xs,1,"13,61 €",0.2
910679,504278,1204,XS,1,"12,35 €",0.4
910680,504278,1057,XL,1,"28,72 €",20%
910681,504278,1388,L,1,"15,95 €",20%
910682,504279,1139,40,1,"49,46 €",0%
910683,504280,1117,39,1,"49,56 €",10%
910684,504280,1225,S,1,"39,08 €",0.1
910685,504280,1378,Talla S,1,"21,35 €",20%
910686,504280,1338,M,2,"61,23 €",20%
910687,504280,1273,M,2,"32,69 €",30
910688,504281,1045,L,1,"57,82 €",10
910689,504281,1288,XS,1,"30,24 €",30%
910690,504281,1248,XS,1,"44,58 €",0.2
910691,504282,1150,39,1,"53,53 €",40%
910692,504282,1082,s,1,"49,65 €",0.4
910693,504283,1294,S,1,"28,15 €",0%
910694,504284,1189,S,1,"16,40 €",10%
910695,504285,1113,Talla 37,1,"38,95 €",0.0
910696,504285,1128,38,1,"71,15 €",0.0
910697,504285,1204,S,1,"12,35 €",0%
910698,504285,1276,M,2,"24,73 €",0
910699,504286,1070,S,1,"27,27 €",20%
910700,504286,1108,38,1,"69,72 €",10%
910701,504286,1113,40,1,"38,95 €",0.2
910702,504286,1054,m,2,"59,30 €",0.2
910703,504287,1294,M,1,"28,15 €",40%
910704,504287,1189,L,2,"16,40 €",20%
910705,504287,1106,37,1,"73,33 €",30
910706,504287,1081,Talla S,1,"55,86 €",0.2
910707,504288,1257,L,1,"41,13 €",0.1
910708,504288,1204,L,2,"12,35 €",0.2
910709,504288,1151,37,2,"47,09 €",20%
910710,504288,1272,M,1,"29,98 €",30
910711,504288,1029,M,2,"31,92 €",0%
910712,504288,1250,XL,1,"31,36 €",0.0
910713,504288,1197,L,1,"14,87 €",0.2
910714,504289,1192,Talla M,2,"13,33 €",0.0
910715,504289,1239,M,1,"31,88 €",20
910716,504289,1204,Talla M,2,"12,35 €",0.2
910717,504290,1194,L,1,"22,75 €",0.0
910718,504290,1197,S,1,"14,87 €",0
910719,504290,1077,Talla XL,1,"57,81 €",0.0
910720,504291,1174,L,1,"20,68 €",20%
910721,504291,1157,36,1,"47,95 €",20%
910722,504291,1314,Talla L,1,"42,15 €",10%
910723,504291,1241,M,1,"36,57 €",20
910724,504291,1256,M,1,"30,08 €",0.2
910725,504292,1282,m,1,"36,05 €",0.0
910726,504292,1362,XL,1,"26,07 €",0
910727,504292,1023,M,1,"31,99 €",10%
910728,504292,1013,m,1,"31,03 €",0.0
910729,504292,1136,36,1,"73,76 €",0
910730,504293,1151,40,2,"47,09 €",40%
910731,504293,1288,M,1,"30,24 €",10%
910732,504294,1042,Talla L,3,"49,99 €",40%
910733,504294,1094,40,1,"61,63 €",30%
910734,504294,1374,XL,2,"12,90 €",20%
910735,504295,1002,XL,2,"27,23 €",0.3
910736,504295,1315,S,1,"32,56 €",0.2
910737,504295,1266,S,1,"33,10 €",40%
910738,504295,1095,39,1,"41,57 €",10
910739,504296,1011,m,1,"58,99 €",0.1
910740,504296,1266,L,1,"33,10 €",0.2
910741,504297,1216,S,1,"17,83 €",0.2
910742,504297,1395,XL,1,"20,05 €",40
910743,504298,1388,xs,1,"15,95 €",0%
910744,504298,1203,xs,1,"19,01 €",0%
910745,504299,1007,Talla XS,1,"30,50 €",30%
910746,504299,1214,M,1,"17,10 €",0
910747,504299,1168,xl,1,"19,82 €",10%
910748,504299,1094,37,1,"61,63 €",0
910749,504299,1311,Talla XS,1,"30,25 €",0.2
910750,504299,1094,Talla 39,1,"61,63 €",10
910751,504300,1159,38,3,"51,99 €",40%
910752,504300,1252,L,1,"33,85 €",0.0
910753,504301,1179,Talla S,1,"24,02 €",20
910754,504302,1345,XL,1,"85,68 €",10%
910755,504303,1385,L,1,"28,77 €",20%
910756,504304,1353,XS,1,"13,83 €",0.1
910757,504304,1219,Talla M,1,"17,73 €",20%
910758,504304,1061,XS,1,"46,35 €",30%
910759,504304,1116,41,1,"50,71 €",0.3
910760,504305,1042,m,1,"49,99 €",40
910761,504305,1288,XS,1,"30,24 €",10%
910762,504305,1250,M,1,"31,36 €",50
910763,504305,1321,XS,1,"37,98 €",30
910764,504305,1049,Talla L,1,"47,10 €",0.2
910765,504305,1204,M,1,"12,35 €",0.3
910766,504305,1315,M,1,"32,56 €",10%
910767,504306,1354,m,1,"10,85 €",20%
910768,504307,1254,XS,1,"42,10 €",10
910769,504308,1204,L,1,"12,35 €",40
910770,504308,1219,l,1,"17,73 €",0.5
910771,504309,1151,Talla 39,1,"47,09 €",30%
910772,504310,1250,M,1,"31,36 €",40%
910773,504310,1098,38,1,"38,24 €",20
910774,504310,1030,Talla M,1,"46,38 €",0
910775,504311,1042,Talla S,1,"49,99 €",40%
910776,504311,1134,40,1,"31,21 €",10
910777,504311,1236,M,1,"32,57 €",0.2
910778,504312,1042,Talla L,2,"49,99 €",40%
910779,504313,1042,XL,1,"49,99 €",40%
910780,504314,1107,37,1,"55,33 €",10
910781,504314,1229,S,1,"38,72 €",20%
910782,504314,1239,m,1,"31,88 €",20%
910783,504315,1342,M,1,"54,22 €",30%
910784,504316,1356,xs,1,"31,86 €",0
910785,504316,1191,Talla M,1,"20,63 €",0.4
910786,504316,1184,M,1,"14,15 €",0.4
910787,504316,1077,XL,1,"57,81 €",30%
910788,504317,1274,XL,2,"39,02 €",0.3
910789,504317,1036,L,1,"51,15 €",40%
910790,504317,1270,L,1,"37,43 €",0.1
910791,504317,1319,Talla L,1,"30,13 €",0.2
910792,504317,1345,M,1,"85,68 €",30
910793,504318,1303,Talla S,1,"34,22 €",0.3
910794,504318,1244,M,1,"26,77 €",0
910795,504318,1330,XL,1,"48,41 €",20
910796,504318,1204,M,1,"12,35 €",10%
910797,504318,1080,L,1,"34,78 €",10
910798,504319,1170,L,1,"12,32 €",30%
910799,504319,1197,S,1,"14,87 €",0.0
910800,504319,1379,m,1,"31,72 €",0.1
910801,504319,1281,S,1,"34,30 €",20
910802,504320,1106,38,2,"73,33 €",10
910803,504320,1252,S,3,"33,85 €",20%
910804,504320,1182,XL,1,"16,74 €",30
910805,504320,1382,XL,1,"30,95 €",20%
910806,504320,1280,Talla S,1,"29,54 €",30
910807,504321,1013,Talla S,1,"31,03 €",20%
910808,504321,1025,S,2,"59,54 €",0.2
910809,504322,1072,XS,1,"46,42 €",30%
910810,504322,1211,L,1,"12,54 €",40
910811,504322,1315,S,1,"32,56 €",10%
910812,504323,1106,42,1,"73,33 €",20
910813,504323,1364,s,1,"11,29 €",50%
910814,504324,1242,M,1,"38,06 €",0.5
910815,504324,1208,S,3,"22,70 €",10%
910816,504324,1089,L,1,"33,88 €",30
910817,504325,1383,Talla M,1,"20,95 €",20%
910818,504325,1080,XS,3,"34,78 €",20
910819,504326,1275,L,1,"24,89 €",30%
910820,504327,1133,38,1,"48,67 €",30%
910821,504327,1185,s,2,"21,81 €",0.4
910822,504327,1047,M,1,"27,30 €",0.1
910823,504327,1003,m,2,"55,06 €",10
910824,504328,1203,M,1,"19,01 €",0.1
910825,504329,1083,XS,1,"54,14 €",10
910826,504329,1059,S,1,"55,73 €",30
910827,504329,1136,39,1,"73,76 €",30%
910828,504330,1273,Talla XS,1,"32,69 €",40
910829,504330,1027,m,1,"34,91 €",0.1
910830,504331,1331,S,1,"73,27 €",30
910831,504331,1336,Talla L,3,"80,41 €",30%
910832,504331,1313,Talla S,1,"38,98 €",40%
910833,504331,1315,S,1,"32,56 €",40
910834,504332,1356,l,1,"31,86 €",0%
910835,504332,1370,Talla L,1,"32,70 €",0%
910836,504332,1389,L,1,"21,34 €",0.0
910837,504333,1204,S,2,"12,35 €",0
910838,504333,1022,XL,1,"36,94 €",0.0
910839,504333,1136,37,1,"73,76 €",0.0
910840,504334,1183,L,1,"22,12 €",0
910841,504335,1316,L,1,"43,89 €",0.1
910842,504335,1065,Talla XS,1,"49,52 €",20
910843,504336,1042,M,1,"49,99 €",40%
910844,504337,1042,s,1,"49,99 €",0.4
910845,504338,1315,L,1,"32,56 €",0.2
910846,504338,1176,L,1,"23,41 €",30%
910847,504339,1079,XL,1,"46,26 €",20
910848,504340,1396,Talla S,1,"15,65 €",0.2
910849,504340,1082,L,1,"49,65 €",20%
910850,504340,1315,Talla M,3,"32,56 €",0.2
910851,504340,1105,40,1,"77,31 €",10%
910852,504341,1250,S,1,"31,36 €",0.0
910853,504341,1351,XS,1,"26,88 €",0.0
910854,504341,1097,37,1,"45,52 €",0.0
910855,504341,1357,S,1,"16,44 €",0%
910856,504342,1038,XL,1,"27,52 €",0.0
910857,504342,1308,Talla M,1,"36,22 €",0.0
910858,504342,1168,L,1,"19,82 €",0.0
910859,504343,1036,XS,1,"51,15 €",0.0
910860,504343,1015,S,1,"33,85 €",30%
910861,504344,1314,Talla XL,1,"42,15 €",0.2
910862,504344,1203,M,1,"19,01 €",10%
910863,504345,1365,L,1,"27,56 €",0
910864,504345,1304,S,1,"44,49 €",0
910865,504345,1204,XL,1,"12,35 €",0.0
910866,504346,1042,m,2,"49,99 €",0.4
910867,504346,1137,41,1,"63,83 €",0.2
910868,504346,1115,38,1,"64,90 €",10%
910869,504346,1001,M,1,"32,57 €",20%
910870,504347,1042,l,1,"49,99 €",40%
910871,504347,1286,XL,1,"28,43 €",0.2
910872,504348,1269,S,1,"20,24 €",0.0
910873,504348,1158,40,1,"44,36 €",30%
910874,504348,1075,m,1,"43,55 €",10%
910875,504348,1110,40,1,"37,86 €",10%
910876,504349,1229,M,1,"38,72 €",0.2
910877,504349,1265,S,1,"44,68 €",40
910878,504350,1309,L,1,"29,96 €",20%
910879,504350,1122,39,1,"63,66 €",0.4
910880,504351,1086,XL,2,"33,74 €",20%
910881,504351,1063,l,2,"41,19 €",40
910882,504352,1053,Talla L,1,"38,51 €",10%
910883,504352,1180,S,1,"17,79 €",0.0
910884,504352,1097,38,1,"45,52 €",0%
910885,504353,1365,M,1,"27,56 €",30
910886,504354,1317,m,3,"27,13 €",30%
910887,504355,1037,L,1,"41,52 €",10
910888,504355,1233,m,2,"30,63 €",0.0
910889,504356,1346,S,1,"45,31 €",0.1
910890,504356,1004,XS,1,"45,55 €",0.3
910891,504356,1069,Talla S,1,"29,38 €",0.2
910892,504356,1352,M,1,"12,43 €",50%
910893,504356,1368,L,1,"20,18 €",30%
910894,504357,1198,L,1,"16,38 €",0.3
910895,504358,1362,L,1,"26,07 €",20%
910896,504359,1094,38,1,"61,63 €",0.1
910897,504359,1134,37,1,"31,21 €",40
910898,504359,1197,S,1,"14,87 €",10%
910899,504360,1094,42,1,"61,63 €",30
910900,504360,1141,39,1,"47,53 €",0%
910901,504360,1080,M,1,"34,78 €",0.2
910902,504360,1316,S,1,"43,89 €",0.2
910903,504360,1312,S,1,"35,92 €",0%
910904,504361,1176,s,1,"23,41 €",0%
910905,504361,1209,XL,1,"13,65 €",0
910906,504362,1019,L,2,"38,48 €",20%
910907,504362,1185,Talla M,1,"21,81 €",0.0
910908,504363,1021,s,1,"43,85 €",30%
910909,504364,1285,L,2,"39,82 €",30%
910910,504364,1106,39,1,"73,33 €",10%
910911,504365,1126,38,1,"52,20 €",40
910912,504365,1123,36,1,"77,67 €",20%
910913,504365,1013,xs,2,"31,03 €",0.0
910914,504365,1123,Talla 38,1,"77,67 €",30
910915,504366,1042,L,1,"49,99 €",40
910916,504367,1118,38,1,"79,30 €",0.2
910917,504368,1163,S,1,"22,89 €",0%
910918,504368,1048,M,1,"36,45 €",0
910919,504368,1374,S,1,"12,90 €",0%
910920,504369,1329,XS,1,"45,80 €",0.2
910921,504369,1252,XS,1,"33,85 €",0%
910922,504370,1370,xs,1,"32,70 €",0.2
910923,504370,1327,Talla S,1,"77,26 €",20%
910924,504371,1204,M,1,"12,35 €",0.3
910925,504371,1307,M,2,"42,98 €",0.0
910926,504371,1189,S,1,"16,40 €",20%
910927,504372,1082,XL,1,"49,65 €",0.4
910928,504372,1127,39,1,"79,76 €",0.2
910929,504373,1211,L,1,"12,54 €",50
910930,504374,1388,XL,1,"15,95 €",0%
910931,504375,1096,36,2,"53,68 €",0.0
910932,504375,1051,L,1,"46,46 €",0.1
910933,504375,1124,36,1,"77,92 €",0.0
910934,504375,1346,Talla M,1,"45,31 €",0.1
910935,504376,1182,L,3,"16,74 €",0.2
910936,504376,1285,M,1,"39,82 €",40
910937,504377,1008,xs,1,"54,28 €",10%
910938,504377,1185,M,1,"21,81 €",0%
910939,504377,1390,M,1,"19,91 €",0.0
910940,504377,1201,XS,1,"24,28 €",0
910941,504378,1190,M,1,"19,61 €",0.3
910942,504379,1013,M,1,"31,03 €",10%
910943,504379,1190,M,1,"19,61 €",30
910944,504380,1315,XS,1,"32,56 €",0%
910945,504380,1350,XS,1,"57,49 €",0.0
910946,504381,1386,M,1,"32,98 €",10%
910947,504381,1262,L,1,"36,87 €",10
910948,504381,1256,xl,1,"30,08 €",40%
910949,504381,1108,37,1,"69,72 €",10
910950,504382,1138,42,1,"48,26 €",0.2
910951,504382,1162,l,1,"19,00 €",0.1
910952,504382,1270,L,1,"37,43 €",0.0
910953,504383,1176,Talla M,1,"23,41 €",30%
910954,504383,1160,39,1,"65,05 €",30
910955,504384,1302,S,1,"47,49 €",0.0
910956,504385,1381,L,1,"34,45 €",20
910957,504385,1339,S,1,"55,93 €",10
910958,504386,1042,L,1,"49,99 €",40
910959,504386,1090,M,1,"34,56 €",50%
910960,504387,1315,L,1,"32,56 €",0.2
910961,504387,1225,L,2,"39,08 €",30%
910962,504387,1272,Talla L,2,"29,98 €",0.1
910963,504388,1070,XS,1,"27,27 €",50
910964,504389,1100,38,1,"49,80 €",10%
910965,504389,1109,41,1,"76,92 €",0.2
910966,504390,1042,M,2,"49,99 €",40
910967,504391,1275,M,1,"24,89 €",0.1
910968,504392,1103,38,1,"62,95 €",0.0
910969,504392,1098,Talla 39,2,"38,24 €",0.2
910970,504392,1388,Talla M,1,"15,95 €",10%
910971,504393,1042,M,2,"49,99 €",0.4
910972,504393,1311,L,1,"30,25 €",10
910973,504393,1296,s,1,"41,51 €",30%
910974,504394,1237,L,1,"35,53 €",0.5
910975,504394,1193,M,2,"20,23 €",0
910976,504395,1088,XL,1,"36,00 €",0%
910977,504396,1245,Talla XS,3,"40,31 €",20
910978,504396,1374,l,2,"12,90 €",50
910979,504396,1106,41,1,"73,33 €",30%
910980,504396,1045,xs,1,"57,82 €",0.2
910981,504396,1176,S,1,"23,41 €",30%
910982,504397,1264,L,1,"44,81 €",10%
910983,504397,1015,Talla M,1,"33,85 €",0.2
910984,504397,1053,Talla S,2,"38,51 €",20%
910985,504398,1362,L,1,"26,07 €",0.4
910986,504398,1036,S,1,"51,15 €",20%
910987,504399,1335,XS,1,"70,30 €",0%
910988,504399,1251,l,1,"41,39 €",0.0
910989,504400,1176,Talla S,1,"23,41 €",0.0
910990,504400,1388,xs,1,"15,95 €",0.0
910991,504401,1138,39,1,"48,26 €",0.1
910992,504401,1011,M,1,"58,99 €",0.4
910993,504401,1147,40,1,"30,45 €",0.1
910994,504402,1315,XS,1,"32,56 €",0.3
910995,504402,1204,XL,1,"12,35 €",30%
910996,504402,1004,Talla S,1,"45,55 €",0.3
910997,504403,1263,s,1,"39,31 €",20
910998,504403,1026,S,1,"49,99 €",10%
910999,504403,1124,40,1,"77,92 €",10
911000,504403,1204,XS,1,"12,35 €",10%
911001,504404,1359,XL,1,"29,93 €",20%
911002,504404,1106,42,1,"73,33 €",20
911003,504404,1262,L,1,"36,87 €",0.1
911004,504405,1362,M,1,"26,07 €",0.2
911005,504405,1111,39,1,"59,92 €",0.1
911006,504406,1120,Talla 39,1,"65,76 €",0.1
911007,504406,1304,Talla M,2,"44,49 €",10
911008,504406,1337,L,1,"63,78 €",0.1
911009,504407,1315,L,1,"32,56 €",10
911010,504407,1364,XS,1,"11,29 €",0.1
911011,504408,1253,S,1,"42,45 €",40%
911012,504409,1065,XS,1,"49,52 €",20%
911013,504410,1231,L,1,"35,23 €",30%
911014,504410,1272,M,1,"29,98 €",0.3
911015,504410,1117,40,2,"49,56 €",0.2
911016,504411,1085,S,2,"41,61 €",0.2
911017,504411,1262,M,1,"36,87 €",20%
911018,504412,1204,Talla S,1,"12,35 €",0.4
911019,504412,1197,xl,1,"14,87 €",20%
911020,504412,1073,XL,1,"26,22 €",0.5
911021,504413,1042,XL,1,"49,99 €",40%
911022,504413,1315,S,1,"32,56 €",0.0
911023,504413,1182,Talla M,1,"16,74 €",0%
911024,504413,1270,Talla XL,1,"37,43 €",40%
911025,504413,1284,L,1,"20,70 €",20%
911026,504414,1042,m,1,"49,99 €",0.4
911027,504415,1291,Talla S,1,"28,71 €",0.3
911028,504415,1094,36,1,"61,63 €",20%
911029,504415,1379,M,1,"31,72 €",30%
911030,504415,1169,S,1,"14,75 €",0.1
911031,504416,1277,XS,1,"28,10 €",0.2
911032,504416,1385,M,1,"28,77 €",40
911033,504416,1072,S,1,"46,42 €",20
911034,504417,1357,S,1,"16,44 €",0.1
911035,504418,1042,M,1,"49,99 €",40%
911036,504419,1160,37,1,"65,05 €",30
911037,504419,1064,L,1,"33,05 €",10%
911038,504419,1365,XL,1,"27,56 €",30%
911039,504419,1280,M,1,"29,54 €",30
911040,504420,1312,l,1,"35,92 €",0.3
911041,504420,1175,Talla M,1,"17,99 €",10%
911042,504421,1150,38,1,"53,53 €",0.3
911043,504421,1285,L,1,"39,82 €",0.3
911044,504421,1175,S,1,"17,99 €",40%
911045,504422,1148,Talla 36,1,"36,02 €",0.4
911046,504422,1244,L,1,"26,77 €",20%
911047,504423,1276,XL,1,"24,73 €",0%
911048,504424,1315,XL,1,"32,56 €",0.1
911049,504425,1203,Talla XL,1,"19,01 €",0%
911050,504425,1170,XL,2,"12,32 €",10
911051,504426,1042,XS,2,"49,99 €",40
911052,504426,1332,M,1,"87,31 €",0.2
911053,504427,1185,l,2,"21,81 €",0.1
911054,504427,1315,XL,1,"32,56 €",40%
911055,504428,1075,M,2,"43,55 €",0.2
911056,504428,1367,S,1,"13,47 €",0.3
911057,504429,1197,XL,1,"14,87 €",20
911058,504429,1346,S,1,"45,31 €",20%
911059,504429,1338,XL,1,"61,23 €",0%
911060,504430,1285,xl,1,"39,82 €",0.3
911061,504430,1362,Talla L,1,"26,07 €",0.0
911062,504431,1100,36,1,"49,80 €",0
911063,504432,1166,S,1,"15,50 €",20%
911064,504432,1371,L,1,"33,17 €",20%
911065,504432,1362,Talla S,1,"26,07 €",30
911066,504432,1274,m,1,"39,02 €",0.5
911067,504433,1094,41,2,"61,63 €",0.1
911068,504433,1051,XL,1,"46,46 €",0.1
911069,504434,1346,l,1,"45,31 €",30%
911070,504434,1193,s,1,"20,23 €",30%
911071,504434,1322,Talla S,1,"33,07 €",0.1
911072,504434,1076,xs,1,"47,04 €",20%
911073,504434,1204,M,1,"12,35 €",0.0
911074,504435,1272,Talla L,1,"29,98 €",30
911075,504435,1063,XS,1,"41,19 €",0.2
911076,504435,1204,Talla XL,1,"12,35 €",20%
911077,504435,1183,L,1,"22,12 €",40%
911078,504435,1380,XS,2,"34,77 €",20%
911079,504435,1187,Talla XL,1,"17,31 €",0.4
911080,504436,1201,XL,1,"24,28 €",0.3
911081,504436,1080,S,1,"34,78 €",0.4
911082,504436,1393,S,1,"13,58 €",20%
911083,504436,1223,L,2,"29,79 €",0%
911084,504437,1204,M,1,"12,35 €",0.3
911085,504437,1051,XS,1,"46,46 €",0.2
911086,504438,1094,38,1,"61,63 €",40
911087,504438,1057,XL,1,"28,72 €",30%
911088,504439,1169,xs,1,"14,75 €",10
911089,504439,1080,M,1,"34,78 €",10%
911090,504439,1171,M,2,"18,14 €",0.2
911091,504440,1305,S,1,"32,92 €",0.0
911092,504440,1204,S,1,"12,35 €",0.1
911093,504440,1225,M,2,"39,08 €",0%
911094,504441,1342,L,1,"54,22 €",20
911095,504441,1155,39,1,"61,83 €",0.2
911096,504442,1224,M,1,"25,88 €",0.1
911097,504442,1315,S,1,"32,56 €",0.5
911098,504443,1054,S,1,"59,30 €",0.2
911099,504443,1240,S,1,"41,66 €",40%
911100,504443,1113,37,1,"38,95 €",20%
911101,504443,1362,xs,1,"26,07 €",0.3
911102,504444,1386,xs,1,"32,98 €",10%
911103,504444,1043,XL,2,"54,13 €",20%
911104,504445,1357,Talla XL,1,"16,44 €",0.2
911105,504445,1340,M,1,"80,92 €",0.3
911106,504445,1014,L,1,"48,60 €",30%
911107,504445,1196,s,1,"15,48 €",30%
911108,504446,1165,L,2,"13,35 €",0.0
911109,504446,1300,m,2,"32,84 €",10
911110,504446,1205,M,1,"13,61 €",10%
911111,504447,1034,S,1,"42,28 €",0.0
911112,504447,1076,Talla L,1,"47,04 €",10%
911113,504447,1101,39,1,"57,43 €",20%
911114,504447,1285,L,1,"39,82 €",0.2
911115,504447,1113,41,2,"38,95 €",10%
911116,504448,1229,L,1,"38,72 €",0%
911117,504449,1302,XL,1,"47,49 €",0.4
911118,504449,1203,L,2,"19,01 €",0%
911119,504449,1182,XL,1,"16,74 €",0.2
911120,504450,1186,l,1,"16,09 €",0%
911121,504451,1042,M,1,"49,99 €",40%
911122,504451,1229,m,1,"38,72 €",10%
911123,504451,1229,L,1,"38,72 €",40%
911124,504451,1233,M,2,"30,63 €",30%
911125,504452,1362,S,1,"26,07 €",10%
911126,504452,1346,S,1,"45,31 €",10
911127,504453,1203,L,1,"19,01 €",0%
911128,504453,1310,m,1,"40,69 €",30%
911129,504454,1042,XL,1,"49,99 €",40
911130,504455,1292,L,1,"32,80 €",30
911131,504456,1042,M,1,"49,99 €",40%
911132,504456,1178,L,3,"22,32 €",30
911133,504457,1204,XS,1,"12,35 €",0.3
911134,504457,1257,L,1,"41,13 €",20
911135,504458,1136,39,1,"73,76 €",0.3
911136,504458,1359,XL,2,"29,93 €",0
911137,504458,1339,m,1,"55,93 €",30
911138,504458,1229,Talla S,1,"38,72 €",10%
911139,504458,1140,36,1,"39,31 €",50%
911140,504458,1393,M,2,"13,58 €",0%
911141,504459,1204,Talla XL,2,"12,35 €",0.3
911142,504459,1132,37,1,"72,05 €",40
911143,504459,1381,M,1,"34,45 €",0%
911144,504459,1379,S,1,"31,72 €",0.1
911145,504459,1282,M,1,"36,05 €",40%
911146,504460,1068,S,1,"49,68 €",40
911147,504460,1082,L,1,"49,65 €",0.1
911148,504461,1347,Talla L,1,"80,46 €",20%
911149,504462,1289,L,1,"22,39 €",0.0
911150,504462,1257,M,3,"41,13 €",0.0
911151,504462,1189,S,1,"16,40 €",0%
911152,504463,1134,36,1,"31,21 €",10
911153,504464,1053,S,1,"38,51 €",30%
911154,504464,1219,XS,2,"17,73 €",20
911155,504464,1193,s,1,"20,23 €",0.0
911156,504465,1099,40,1,"79,99 €",0%
911157,504465,1229,XL,1,"38,72 €",0
911158,504466,1295,Talla M,1,"36,18 €",0.0
911159,504467,1039,L,1,"53,52 €",0.4
911160,504467,1128,37,1,"71,15 €",0.3
911161,504467,1205,XL,1,"13,61 €",0.4
911162,504467,1358,Talla S,1,"26,83 €",30
911163,504468,1062,S,1,"43,22 €",20%
911164,504468,1305,S,1,"32,92 €",0.3
911165,504469,1038,M,1,"27,52 €",0.3
911166,504469,1346,M,1,"45,31 €",0%
911167,504469,1055,L,1,"33,15 €",30
911168,504469,1383,l,1,"20,95 €",30
911169,504470,1080,L,1,"34,78 €",30%
911170,504470,1323,Talla XL,1,"32,89 €",0.2
911171,504471,1042,XS,1,"49,99 €",40
911172,504471,1375,XL,1,"22,99 €",30%
911173,504472,1093,Talla 40,1,"68,61 €",40
911174,504472,1322,Talla S,1,"33,07 €",10
911175,504473,1014,L,3,"48,60 €",30
911176,504473,1246,L,1,"32,78 €",10%
911177,504473,1242,S,1,"38,06 €",40
911178,504473,1014,s,1,"48,60 €",0.5
911179,504474,1333,XL,1,"89,35 €",0.1
911180,504474,1284,L,1,"20,70 €",0.4
911181,504474,1049,L,1,"47,10 €",0.1
911182,504474,1180,M,2,"17,79 €",30%
911183,504474,1393,M,1,"13,58 €",0.0
911184,504474,1133,36,1,"48,67 €",0.2
911185,504475,1037,XS,1,"41,52 €",0
911186,504476,1293,M,1,"37,48 €",20%
911187,504477,1240,Talla M,1,"41,66 €",0%
911188,504477,1392,M,1,"12,73 €",10%
911189,504477,1099,38,1,"79,99 €",0
911190,504477,1279,Talla S,3,"28,28 €",0.2
911191,504477,1114,39,1,"41,35 €",0
911192,504478,1157,42,1,"47,95 €",20%
911193,504479,1362,Talla XS,1,"26,07 €",0.3
911194,504479,1106,39,1,"73,33 €",20%
911195,504479,1071,XL,1,"29,62 €",30%
911196,504480,1091,39,1,"75,99 €",10%
911197,504480,1350,XL,1,"57,49 €",30
911198,504480,1322,S,1,"33,07 €",0.4
911199,504481,1285,Talla S,1,"39,82 €",20%
911200,504481,1363,XS,1,"31,93 €",20
911201,504481,1176,M,1,"23,41 €",10%
911202,504482,1049,L,1,"47,10 €",0.3
911203,504482,1398,M,1,"25,22 €",20%
911204,504482,1204,L,1,"12,35 €",30%
911205,504483,1042,M,1,"49,99 €",0.4
911206,504484,1133,39,1,"48,67 €",10%
911207,504484,1288,Talla L,1,"30,24 €",0.2
911208,504484,1292,m,1,"32,80 €",20
911209,504485,1320,S,1,"35,05 €",30%
911210,504485,1161,Talla L,1,"23,07 €",50
911211,504486,1140,40,1,"39,31 €",0.0
911212,504487,1336,Talla S,1,"80,41 €",0.5
911213,504487,1315,M,2,"32,56 €",30
911214,504487,1250,Talla L,3,"31,36 €",10%
911215,504487,1300,M,1,"32,84 €",20
911216,504488,1372,xl,1,"28,06 €",20%
911217,504488,1359,S,1,"29,93 €",0.2
911218,504488,1168,XL,2,"19,82 €",20
911219,504488,1015,Talla M,1,"33,85 €",30%
911220,504488,1026,S,1,"49,99 €",30%
911221,504489,1285,XL,2,"39,82 €",0
911222,504489,1303,xl,1,"34,22 €",40%
911223,504489,1208,M,1,"22,70 €",0.3
911224,504490,1027,Talla XS,1,"34,91 €",20
911225,504491,1279,M,2,"28,28 €",0.1
911226,504491,1208,M,1,"22,70 €",20%
911227,504491,1325,xs,1,"46,91 €",0.0
911228,504492,1073,S,1,"26,22 €",20
911229,504493,1373,m,1,"14,01 €",0%
911230,504493,1219,XS,1,"17,73 €",20%
911231,504493,1342,XS,1,"54,22 €",0
911232,504494,1365,L,1,"27,56 €",0.4
911233,504494,1285,M,1,"39,82 €",0%
911234,504494,1316,XL,1,"43,89 €",30%
911235,504495,1042,M,1,"49,99 €",40
911236,504495,1184,M,1,"14,15 €",30
911237,504496,1069,S,1,"29,38 €",0.4
911238,504496,1291,L,1,"28,71 €",30%
911239,504497,1286,M,1,"28,43 €",0.1
911240,504497,1008,S,1,"54,28 €",0.2
911241,504497,1005,M,1,"31,32 €",30
911242,504498,1315,XS,1,"32,56 €",0.3
911243,504498,1376,M,1,"26,99 €",30
911244,504498,1204,M,2,"12,35 €",20
911245,504499,1077,S,1,"57,81 €",0.3
911246,504499,1384,L,1,"25,64 €",0.2
911247,504499,1357,Talla L,1,"16,44 €",20
911248,504499,1229,XS,1,"38,72 €",30%
911249,504500,1200,M,1,"21,79 €",20
911250,504500,1175,xs,1,"17,99 €",40%
911251,504501,1262,L,1,"36,87 €",0.2
911252,504501,1267,M,1,"36,41 €",0%
911253,504501,1013,S,1,"31,03 €",0.0
911254,504501,1272,L,1,"29,98 €",0%
911255,504502,1042,xl,1,"49,99 €",40
911256,504502,1094,42,1,"61,63 €",20%
911257,504502,1314,S,1,"42,15 €",30%
911258,504503,1229,S,1,"38,72 €",0.4
911259,504503,1357,M,1,"16,44 €",20%
911260,504504,1273,Talla S,2,"32,69 €",0.0
911261,504505,1278,L,1,"29,80 €",0.0
911262,504505,1272,XS,1,"29,98 €",0%
911263,504505,1229,S,1,"38,72 €",0%
911264,504506,1049,XL,1,"47,10 €",20%
911265,504506,1315,S,1,"32,56 €",40
911266,504507,1042,M,1,"49,99 €",0.4
911267,504507,1077,Talla XS,1,"57,81 €",10
911268,504507,1204,l,1,"12,35 €",0.2
911269,504507,1106,36,1,"73,33 €",0.3
911270,504507,1252,L,1,"33,85 €",20
911271,504507,1272,L,1,"29,98 €",10%
911272,504508,1252,M,2,"33,85 €",0%
911273,504508,1039,S,1,"53,52 €",0.2
911274,504509,1072,L,2,"46,42 €",30%
911275,504510,1322,M,1,"33,07 €",0.3
911276,504510,1015,XL,1,"33,85 €",30%
911277,504511,1262,L,1,"36,87 €",0%
911278,504511,1362,M,1,"26,07 €",0%
911279,504512,1042,M,2,"49,99 €",40%
911280,504512,1191,S,1,"20,63 €",10%
911281,504512,1335,L,1,"70,30 €",0.0
911282,504513,1265,M,2,"44,68 €",0.0
911283,504513,1168,L,1,"19,82 €",0.2
911284,504514,1015,L,1,"33,85 €",0.4
911285,504514,1120,37,1,"65,76 €",50%
911286,504515,1030,Talla M,1,"46,38 €",30
911287,504515,1204,M,1,"12,35 €",20%
911288,504515,1118,37,1,"79,30 €",0.3
911289,504515,1318,L,1,"40,14 €",0.2
911290,504515,1233,L,1,"30,63 €",30
911291,504515,1379,XL,1,"31,72 €",40%
911292,504516,1285,M,1,"39,82 €",0.1
911293,504516,1048,XL,2,"36,45 €",0.1
911294,504516,1198,XS,1,"16,38 €",0
911295,504516,1248,L,1,"44,58 €",0.3
911296,504517,1135,39,1,"71,49 €",20%
911297,504518,1362,M,1,"26,07 €",0.0
911298,504518,1037,Talla S,1,"41,52 €",10
911299,504518,1362,M,2,"26,07 €",0%
911300,504519,1075,M,1,"43,55 €",0.4
911301,504519,1339,XS,2,"55,93 €",30%
911302,504519,1173,Talla L,2,"22,99 €",10
911303,504520,1188,M,1,"23,94 €",20
911304,504520,1153,39,1,"46,79 €",10%
911305,504520,1289,XL,2,"22,39 €",50
911306,504521,1042,L,1,"49,99 €",0.4
911307,504522,1203,S,1,"19,01 €",10
911308,504522,1204,M,1,"12,35 €",40%
911309,504523,1080,Talla L,1,"34,78 €",40
911310,504524,1357,M,1,"16,44 €",0.2
911311,504525,1163,XS,2,"22,89 €",30%
911312,504525,1376,Talla XS,2,"26,99 €",20%
911313,504526,1070,S,1,"27,27 €",10
911314,504527,1346,M,1,"45,31 €",30%
911315,504528,1053,XS,1,"38,51 €",20
911316,504528,1337,Talla XL,1,"63,78 €",40
911317,504528,1242,M,1,"38,06 €",10%
911318,504529,1061,XL,1,"46,35 €",0%
911319,504530,1283,S,1,"24,64 €",30
911320,504530,1250,XL,1,"31,36 €",30%
911321,504531,1286,S,1,"28,43 €",20%
911322,504531,1388,Talla L,2,"15,95 €",0.1
911323,504532,1042,L,1,"49,99 €",40%
911324,504532,1128,39,1,"71,15 €",20%
911325,504532,1235,L,1,"34,51 €",0.0
911326,504533,1106,38,1,"73,33 €",0
911327,504534,1175,XL,1,"17,99 €",0.2
911328,504534,1077,M,1,"57,81 €",10%
911329,504534,1252,S,1,"33,85 €",20
911330,504535,1204,Talla L,1,"12,35 €",0.1
911331,504535,1233,l,1,"30,63 €",40
911332,504535,1002,Talla XL,1,"27,23 €",0.1
911333,504536,1290,M,1,"23,54 €",30%
911334,504536,1045,l,1,"57,82 €",10%
911335,504536,1299,L,1,"43,49 €",10%
911336,504536,1282,M,2,"36,05 €",30%
911337,504537,1053,s,1,"38,51 €",0.1
911338,504537,1122,38,1,"63,66 €",0%
911339,504537,1045,M,1,"57,82 €",30
911340,504537,1140,37,1,"39,31 €",40%
911341,504538,1159,36,1,"51,99 €",0.2
911342,504538,1397,L,1,"20,12 €",0.0
911343,504539,1169,L,1,"14,75 €",10%
911344,504539,1010,Talla S,2,"32,90 €",0.4
911345,504540,1333,M,1,"89,35 €",40
911346,504541,1307,l,1,"42,98 €",0%
911347,504541,1015,Talla S,1,"33,85 €",10%
911348,504542,1285,M,1,"39,82 €",0.1
911349,504542,1094,39,2,"61,63 €",20%
911350,504543,1204,Talla S,1,"12,35 €",20%
911351,504544,1107,40,2,"55,33 €",10
911352,504544,1128,39,1,"71,15 €",20%
911353,504545,1250,S,1,"31,36 €",10
911354,504545,1211,s,1,"12,54 €",20
911355,504546,1363,M,3,"31,93 €",0%
911356,504546,1094,41,1,"61,63 €",30%
911357,504546,1203,l,2,"19,01 €",10
911358,504547,1283,XS,1,"24,64 €",20%
911359,504547,1065,Talla S,1,"49,52 €",20%
911360,504547,1357,L,1,"16,44 €",0.3
911361,504547,1004,xs,1,"45,55 €",40%
911362,504547,1139,41,1,"49,46 €",30
911363,504547,1362,Talla XL,1,"26,07 €",40
911364,504548,1363,l,1,"31,93 €",30%
911365,504548,1178,XS,1,"22,32 €",20%
911366,504549,1094,40,1,"61,63 €",0.2
911367,504549,1238,S,1,"36,15 €",0.3
911368,504549,1200,XS,1,"21,79 €",0.3
911369,504549,1193,L,1,"20,23 €",30
911370,504549,1028,l,1,"48,82 €",30%
911371,504550,1111,41,1,"59,92 €",20%
911372,504550,1193,M,1,"20,23 €",0%
911373,504551,1367,M,1,"13,47 €",10%
911374,504551,1070,xl,1,"27,27 €",0.3
911375,504551,1029,XL,1,"31,92 €",0
911376,504551,1143,41,1,"54,97 €",20%
911377,504551,1010,XS,1,"32,90 €",10%
911378,504552,1042,L,1,"49,99 €",40%
911379,504552,1310,Talla XS,1,"40,69 €",40
911380,504552,1177,S,1,"20,83 €",20
911381,504552,1134,39,1,"31,21 €",0%
911382,504553,1042,M,2,"49,99 €",40%
911383,504554,1183,L,1,"22,12 €",0.1
911384,504554,1013,Talla S,1,"31,03 €",0%
911385,504554,1138,39,1,"48,26 €",50
911386,504554,1210,m,1,"18,98 €",20
911387,504554,1236,S,1,"32,57 €",20
911388,504554,1198,M,1,"16,38 €",0%
911389,504555,1229,xl,1,"38,72 €",0.2
911390,504556,1306,XS,1,"38,88 €",20
911391,504557,1042,M,2,"49,99 €",40%
911392,504557,1332,XL,1,"87,31 €",30%
911393,504557,1153,38,1,"46,79 €",0.2
911394,504558,1330,l,1,"48,41 €",0%
911395,504558,1101,37,1,"57,43 €",0%
911396,504559,1350,S,2,"57,49 €",30%
911397,504559,1026,Talla XS,1,"49,99 €",20%
911398,504560,1082,XL,1,"49,65 €",10%
911399,504560,1252,XS,2,"33,85 €",40%
911400,504560,1026,M,1,"49,99 €",0.5
911401,504560,1284,XS,1,"20,70 €",0.2
911402,504560,1343,L,1,"81,92 €",20%
911403,504561,1042,M,1,"49,99 €",40%
911404,504562,1253,L,1,"42,45 €",30%
911405,504563,1216,XL,2,"17,83 €",10%
911406,504564,1283,L,1,"24,64 €",0%
911407,504564,1027,M,2,"34,91 €",0
911408,504564,1038,L,1,"27,52 €",0.0
911409,504565,1180,Talla S,1,"17,79 €",30%
911410,504566,1070,XS,1,"27,27 €",10%
911411,504566,1088,M,1,"36,00 €",20
911412,504566,1193,M,1,"20,23 €",20%
911413,504566,1315,S,1,"32,56 €",0.2
911414,504566,1115,40,3,"64,90 €",20
911415,504566,1021,xs,1,"43,85 €",10%
911416,504567,1241,m,1,"36,57 €",0.1
911417,504567,1171,L,1,"18,14 €",0.2
911418,504567,1229,M,1,"38,72 €",50
911419,504567,1141,36,1,"47,53 €",0.3
911420,504568,1025,Talla XS,1,"59,54 €",0
911421,504569,1106,37,1,"73,33 €",0%
911422,504569,1214,M,1,"17,10 €",0%
911423,504570,1234,s,1,"26,50 €",20%
911424,504570,1388,Talla M,3,"15,95 €",0.0
911425,504571,1015,S,1,"33,85 €",20%
911426,504571,1273,L,1,"32,69 €",30%
911427,504571,1005,XS,1,"31,32 €",0.4
911428,504572,1121,39,1,"72,81 €",10%
911429,504572,1285,S,1,"39,82 €",30%
911430,504572,1049,M,1,"47,10 €",10%
911431,504572,1195,l,1,"18,13 €",10%
911432,504573,1042,XS,1,"49,99 €",0.4
911433,504573,1283,M,1,"24,64 €",0.2
911434,504573,1391,S,2,"13,83 €",0.3
911435,504573,1245,S,1,"40,31 €",20
911436,504573,1096,42,1,"53,68 €",20
911437,504574,1042,M,1,"49,99 €",40
911438,504574,1135,37,2,"71,49 €",0
911439,504574,1167,S,1,"18,87 €",0%
911440,504575,1272,m,3,"29,98 €",30%
911441,504575,1381,l,1,"34,45 €",20
911442,504575,1322,M,1,"33,07 €",0
911443,504576,1357,M,1,"16,44 €",0.0
911444,504576,1343,Talla L,1,"81,92 €",0.1
911445,504576,1150,36,2,"53,53 €",0
911446,504576,1176,L,1,"23,41 €",0
911447,504577,1042,L,1,"49,99 €",40
911448,504578,1236,M,1,"32,57 €",20
911449,504578,1058,L,1,"51,95 €",20
911450,504578,1322,S,1,"33,07 €",0.1
911451,504579,1019,XS,1,"38,48 €",0.4
911452,504579,1315,xl,1,"32,56 €",0
911453,504579,1293,S,1,"37,48 €",0.3
911454,504580,1327,Talla XS,2,"77,26 €",30
911455,504580,1387,Talla S,1,"10,36 €",10%
911456,504581,1307,L,2,"42,98 €",30%
911457,504581,1285,S,1,"39,82 €",10
911458,504581,1381,m,1,"34,45 €",40
911459,504581,1155,39,1,"61,83 €",40%
911460,504581,1123,37,1,"77,67 €",10%
911461,504582,1195,Talla M,1,"18,13 €",10%
911462,504582,1297,l,1,"39,25 €",0.3
911463,504583,1168,XL,2,"19,82 €",0
911464,504583,1072,l,1,"46,42 €",0
911465,504583,1327,XL,1,"77,26 €",0.1
911466,504583,1385,S,1,"28,77 €",0%
911467,504584,1042,S,1,"49,99 €",40%
911468,504585,1016,M,1,"58,66 €",10
911469,504585,1206,XL,1,"15,68 €",0.4
911470,504585,1367,XL,1,"13,47 €",20%
911471,504585,1148,40,1,"36,02 €",20
911472,504585,1131,42,1,"55,67 €",0.1
911473,504586,1175,XL,1,"17,99 €",0.3
911474,504587,1283,Talla L,1,"24,64 €",20
911475,504587,1200,XS,1,"21,79 €",0.2
911476,504588,1022,L,1,"36,94 €",20
911477,504588,1090,m,1,"34,56 €",30
911478,504588,1185,S,1,"21,81 €",0.2
911479,504589,1042,Talla M,3,"49,99 €",40%
911480,504589,1053,S,1,"38,51 €",0.2
911481,504590,1216,M,1,"17,83 €",30
911482,504590,1305,Talla M,2,"32,92 €",0.3
911483,504591,1097,36,1,"45,52 €",20%
911484,504591,1207,M,1,"16,71 €",0.1
911485,504592,1097,40,1,"45,52 €",40
911486,504592,1184,M,1,"14,15 €",20%
911487,504592,1229,s,1,"38,72 €",10
911488,504593,1036,s,1,"51,15 €",20%
911489,504593,1080,XL,1,"34,78 €",30%
911490,504594,1185,s,1,"21,81 €",0.4
911491,504594,1234,XL,1,"26,50 €",0%
911492,504594,1102,39,1,"68,36 €",0.4
911493,504594,1229,L,1,"38,72 €",20%
911494,504595,1386,M,1,"32,98 €",0.3
911495,504596,1147,38,2,"30,45 €",0.5
911496,504596,1255,xl,1,"31,35 €",30
911497,504596,1160,39,1,"65,05 €",20
911498,504596,1204,XL,1,"12,35 €",0.2
911499,504596,1090,XL,1,"34,56 €",30%
911500,504597,1171,L,2,"18,14 €",30%
911501,504598,1185,S,1,"21,81 €",20%
911502,504598,1290,S,1,"23,54 €",0%
911503,504599,1042,L,1,"49,99 €",40
911504,504599,1376,S,1,"26,99 €",10%
911505,504599,1158,Talla 36,1,"44,36 €",20
911506,504600,1133,38,1,"48,67 €",0.1
911507,504600,1131,37,1,"55,67 €",20%
911508,504600,1260,M,1,"41,99 €",10
911509,504601,1055,M,1,"33,15 €",0
911510,504602,1206,S,1,"15,68 €",20
911511,504602,1378,L,1,"21,35 €",10%
911512,504603,1144,38,1,"75,61 €",50%
911513,504604,1022,XL,1,"36,94 €",20%
911514,504604,1252,M,1,"33,85 €",0.3
911515,504604,1228,l,1,"37,14 €",0.3
911516,504604,1107,39,1,"55,33 €",0.4
911517,504605,1055,Talla M,1,"33,15 €",10%
911518,504605,1392,m,1,"12,73 €",0.4
911519,504605,1285,L,3,"39,82 €",0.2
911520,504605,1097,39,1,"45,52 €",20%
911521,504606,1357,Talla S,2,"16,44 €",20
911522,504606,1175,Talla S,3,"17,99 €",40%
911523,504607,1235,xs,1,"34,51 €",0.2
911524,504607,1085,XS,1,"41,61 €",30
911525,504608,1197,XL,2,"14,87 €",0.1
911526,504608,1084,L,1,"59,12 €",10%
911527,504608,1193,XL,1,"20,23 €",0.3
911528,504608,1229,S,1,"38,72 €",30%
911529,504609,1094,39,1,"61,63 €",50%
911530,504610,1227,XL,1,"25,33 €",10%
911531,504611,1355,XL,3,"26,01 €",0%
911532,504612,1173,M,1,"22,99 €",0.3
911533,504612,1094,40,1,"61,63 €",0.5
911534,504613,1208,S,2,"22,70 €",30%
911535,504613,1023,S,2,"31,99 €",0.3
911536,504614,1277,M,1,"28,10 €",0%
911537,504614,1020,Talla L,1,"35,48 €",0.0
911538,504615,1182,XL,1,"16,74 €",0.4
911539,504615,1303,m,1,"34,22 €",20%
911540,504616,1397,S,1,"20,12 €",0.0
911541,504616,1111,37,1,"59,92 €",0.0
911542,504616,1091,37,1,"75,99 €",0%
911543,504616,1375,XS,1,"22,99 €",0
911544,504616,1236,S,1,"32,57 €",0.1
911545,504617,1332,M,1,"87,31 €",20
911546,504617,1245,M,1,"40,31 €",0.2
911547,504618,1200,XS,1,"21,79 €",0.1
911548,504618,1368,S,1,"20,18 €",10%
911549,504618,1318,M,1,"40,14 €",0%
911550,504618,1033,L,1,"54,99 €",0
911551,504618,1259,S,1,"30,24 €",0
911552,504619,1079,S,1,"46,26 €",30
911553,504619,1069,M,1,"29,38 €",20
911554,504620,1061,XL,1,"46,35 €",0.0
911555,504620,1362,S,2,"26,07 €",20
911556,504621,1115,40,1,"64,90 €",30%
911557,504621,1319,S,1,"30,13 €",20%
911558,504621,1136,42,1,"73,76 €",10
911559,504621,1357,XS,1,"16,44 €",0.5
911560,504621,1098,Talla 39,1,"38,24 €",30
911561,504622,1023,xs,1,"31,99 €",10
911562,504622,1392,M,1,"12,73 €",0.3
911563,504623,1362,S,1,"26,07 €",10%
911564,504623,1067,XL,1,"32,97 €",0.2
911565,504624,1042,L,1,"49,99 €",40
911566,504624,1326,M,1,"67,24 €",40%
911567,504624,1298,S,1,"30,07 €",0.0
911568,504624,1315,L,1,"32,56 €",0
911569,504625,1393,XL,1,"13,58 €",30
911570,504625,1315,L,1,"32,56 €",40%
911571,504625,1305,XS,1,"32,92 €",30%
911572,504625,1366,L,1,"26,15 €",0.3
911573,504625,1248,s,1,"44,58 €",20%
911574,504626,1368,XL,1,"20,18 €",30%
911575,504626,1197,m,1,"14,87 €",0.3
911576,504626,1275,S,1,"24,89 €",30%
911577,504626,1203,S,1,"19,01 €",0.2
911578,504627,1080,M,1,"34,78 €",10
911579,504628,1154,Talla 36,1,"70,63 €",10%
911580,504629,1149,37,1,"75,51 €",30%
911581,504629,1036,Talla S,1,"51,15 €",0
911582,504629,1298,S,1,"30,07 €",0
911583,504629,1157,40,1,"47,95 €",20
911584,504630,1042,L,1,"49,99 €",40%
911585,504630,1315,M,1,"32,56 €",20
911586,504630,1284,XS,1,"20,70 €",30%
911587,504630,1129,39,1,"73,51 €",40
911588,504631,1173,Talla L,2,"22,99 €",40%
911589,504631,1245,M,1,"40,31 €",20%
911590,504632,1225,S,1,"39,08 €",0
911591,504633,1042,Talla M,1,"49,99 €",40%
911592,504633,1381,L,1,"34,45 €",10%
911593,504634,1042,L,1,"49,99 €",40%
911594,504634,1265,S,1,"44,68 €",40
911595,504634,1193,L,1,"20,23 €",30
911596,504635,1385,M,1,"28,77 €",40%
911597,504635,1080,XL,1,"34,78 €",0.2
911598,504636,1229,L,1,"38,72 €",40%
911599,504636,1145,37,1,"44,56 €",40%
911600,504636,1229,M,1,"38,72 €",0.2
911601,504637,1141,38,1,"47,53 €",20%
911602,504638,1298,XS,1,"30,07 €",0
911603,504638,1270,XL,1,"37,43 €",0.1
911604,504639,1252,L,1,"33,85 €",0.2
911605,504639,1098,40,1,"38,24 €",50%
911606,504639,1092,37,2,"69,97 €",20
911607,504639,1062,Talla M,1,"43,22 €",20
911608,504639,1151,Talla 36,2,"47,09 €",10%
911609,504639,1100,42,1,"49,80 €",40%
911610,504640,1013,S,1,"31,03 €",0.2
911611,504640,1032,XL,1,"29,90 €",0.3
911612,504640,1364,M,1,"11,29 €",0.1
911613,504640,1229,S,1,"38,72 €",0.1
911614,504641,1273,M,1,"32,69 €",40
911615,504641,1262,L,1,"36,87 €",20%
911616,504641,1369,XL,1,"15,16 €",30%
911617,504642,1103,36,1,"62,95 €",0.4
911618,504642,1124,39,1,"77,92 €",0.2
911619,504642,1055,Talla M,1,"33,15 €",20
911620,504642,1037,M,1,"41,52 €",0.3
911621,504642,1234,M,2,"26,50 €",20%
911622,504643,1170,S,2,"12,32 €",20
911623,504643,1265,XL,1,"44,68 €",50%
911624,504643,1069,l,1,"29,38 €",0
911625,504644,1056,M,1,"39,14 €",0%
911626,504645,1184,XS,1,"14,15 €",0.2
911627,504646,1317,L,1,"27,13 €",0.3
911628,504647,1352,M,1,"12,43 €",0.3
911629,504647,1266,l,1,"33,10 €",0.2
911630,504647,1104,41,1,"51,58 €",0.2
911631,504648,1380,S,1,"34,77 €",10%
911632,504648,1266,L,1,"33,10 €",0%
911633,504649,1234,XS,1,"26,50 €",0.1
911634,504650,1315,Talla M,3,"32,56 €",0.3
911635,504650,1311,S,1,"30,25 €",20%
911636,504651,1370,L,1,"32,70 €",0%
911637,504651,1017,XL,1,"33,77 €",0%
911638,504651,1258,XL,1,"35,14 €",10%
911639,504652,1047,l,1,"27,30 €",10%
911640,504652,1070,M,1,"27,27 €",40%
911641,504652,1061,XS,1,"46,35 €",0.2
911642,504653,1136,38,1,"73,76 €",10%
911643,504653,1266,Talla L,3,"33,10 €",40
911644,504654,1204,S,1,"12,35 €",0%
911645,504654,1152,37,2,"48,30 €",0.0
911646,504654,1156,40,1,"56,23 €",0%
911647,504655,1286,S,1,"28,43 €",20
911648,504655,1204,xs,1,"12,35 €",0%
911649,504656,1200,L,1,"21,79 €",20%
911650,504656,1112,Talla 38,1,"78,05 €",0
911651,504657,1014,XL,1,"48,60 €",0.2
911652,504657,1204,L,1,"12,35 €",20%
911653,504658,1038,M,1,"27,52 €",30
911654,504659,1126,36,3,"52,20 €",0%
911655,504659,1154,39,1,"70,63 €",0.1
911656,504659,1048,Talla XL,1,"36,45 €",20
911657,504659,1028,M,1,"48,82 €",30
911658,504659,1013,L,1,"31,03 €",30%
911659,504660,1130,38,1,"73,00 €",20%
911660,504660,1148,39,1,"36,02 €",0.1
911661,504660,1204,Talla L,1,"12,35 €",0.0
911662,504660,1374,s,1,"12,90 €",0.1
911663,504660,1028,L,1,"48,82 €",0.0
911664,504660,1334,M,1,"41,41 €",0.0
911665,504661,1042,S,2,"49,99 €",40
911666,504661,1019,L,1,"38,48 €",10%
911667,504661,1069,m,1,"29,38 €",0.5
911668,504661,1380,XL,1,"34,77 €",0.5
911669,504661,1204,M,1,"12,35 €",10
911670,504662,1362,XS,1,"26,07 €",40%
911671,504662,1017,Talla L,1,"33,77 €",20%
911672,504662,1036,L,1,"51,15 €",20
911673,504662,1252,L,1,"33,85 €",0.3
911674,504663,1204,S,1,"12,35 €",0.0
911675,504663,1197,M,1,"14,87 €",0
911676,504663,1170,S,2,"12,32 €",0%
911677,504664,1042,XL,1,"49,99 €",40
911678,504664,1318,L,1,"40,14 €",0.1
911679,504665,1350,M,1,"57,49 €",10
911680,504665,1080,XS,1,"34,78 €",0.2
911681,504666,1259,L,1,"30,24 €",10%
911682,504666,1263,L,1,"39,31 €",0.0
911683,504666,1336,XL,1,"80,41 €",0.2
911684,504666,1053,XL,2,"38,51 €",50
911685,504667,1139,39,1,"49,46 €",0.0
911686,504667,1315,S,1,"32,56 €",30%
911687,504667,1038,S,1,"27,52 €",0.3
911688,504667,1357,l,1,"16,44 €",0.5
911689,504668,1147,38,1,"30,45 €",0.2
911690,504668,1036,XS,1,"51,15 €",20%
911691,504668,1252,S,1,"33,85 €",50%
911692,504669,1042,S,1,"49,99 €",40
911693,504670,1185,XL,1,"21,81 €",0.5
911694,504670,1041,s,1,"57,12 €",10
911695,504670,1291,Talla S,1,"28,71 €",0.2
911696,504671,1301,M,1,"46,93 €",0.3
911697,504672,1258,L,1,"35,14 €",0.3
911698,504672,1264,m,2,"44,81 €",40
911699,504673,1225,M,3,"39,08 €",40%
911700,504673,1082,XL,1,"49,65 €",0.0
911701,504673,1194,xl,2,"22,75 €",20%
911702,504673,1036,Talla S,2,"51,15 €",40
911703,504674,1050,XS,1,"52,78 €",0.1
911704,504675,1042,M,1,"49,99 €",40
911705,504675,1001,XS,1,"32,57 €",20%
911706,504675,1185,XS,1,"21,81 €",0.1
911707,504676,1047,Talla M,1,"27,30 €",40%
911708,504676,1069,Talla L,1,"29,38 €",10%
911709,504677,1042,s,2,"49,99 €",0.4
911710,504677,1148,39,1,"36,02 €",0
911711,504678,1322,L,1,"33,07 €",0.3
911712,504679,1204,XS,2,"12,35 €",0.0
911713,504679,1080,M,1,"34,78 €",20
911714,504679,1140,41,1,"39,31 €",20%
911715,504679,1204,L,1,"12,35 €",50%
911716,504680,1014,L,1,"48,60 €",0.0
911717,504680,1204,XS,1,"12,35 €",0%
911718,504680,1036,l,3,"51,15 €",10
911719,504681,1247,m,1,"43,39 €",0%
911720,504681,1370,L,2,"32,70 €",0%
911721,504682,1042,M,1,"49,99 €",0.4
911722,504683,1042,L,1,"49,99 €",0.4
911723,504684,1310,S,1,"40,69 €",0.2
911724,504684,1204,XL,1,"12,35 €",0%
911725,504685,1053,S,1,"38,51 €",0.3
911726,504685,1275,S,1,"24,89 €",0.4
911727,504685,1248,M,1,"44,58 €",0.2
911728,504685,1272,L,2,"29,98 €",0.3
911729,504686,1110,Talla 41,1,"37,86 €",0.0
911730,504686,1113,40,1,"38,95 €",0%
911731,504687,1058,Talla S,1,"51,95 €",10%
911732,504687,1279,Talla L,1,"28,28 €",50%
911733,504687,1010,L,1,"32,90 €",50%
911734,504688,1216,XL,1,"17,83 €",0.2
911735,504688,1357,m,1,"16,44 €",20%
911736,504688,1289,L,1,"22,39 €",0.3
911737,504689,1053,m,2,"38,51 €",0.3
911738,504689,1148,37,2,"36,02 €",0.5
911739,504690,1030,L,1,"46,38 €",40
911740,504690,1122,39,1,"63,66 €",40%
911741,504691,1368,M,1,"20,18 €",0%
911742,504691,1012,M,1,"40,99 €",30
911743,504691,1345,M,1,"85,68 €",10%
911744,504691,1148,36,1,"36,02 €",20%
911745,504692,1112,36,1,"78,05 €",20
911746,504692,1356,S,1,"31,86 €",10%
911747,504692,1283,XL,1,"24,64 €",10%
911748,504693,1322,XL,1,"33,07 €",10
911749,504693,1383,XS,1,"20,95 €",0.0
911750,504693,1362,L,1,"26,07 €",10%
911751,504693,1189,XS,1,"16,40 €",30%
911752,504693,1030,xl,1,"46,38 €",40%
911753,504693,1123,37,1,"77,67 €",0.1
911754,504694,1070,Talla S,1,"27,27 €",0.1
911755,504695,1285,S,1,"39,82 €",20%
911756,504695,1069,m,1,"29,38 €",0.4
911757,504695,1122,40,1,"63,66 €",0.3
911758,504695,1285,M,1,"39,82 €",0%
911759,504695,1175,XL,1,"17,99 €",20%
911760,504695,1219,Talla L,1,"17,73 €",0.2
911761,504695,1257,Talla M,1,"41,13 €",0.2
911762,504696,1152,37,1,"48,30 €",0.4
911763,504696,1394,S,2,"26,56 €",20%
911764,504697,1056,M,1,"39,14 €",0.2
911765,504698,1315,S,1,"32,56 €",40
911766,504699,1042,S,1,"49,99 €",40
911767,504699,1081,Talla S,1,"55,86 €",10%
911768,504699,1010,L,3,"32,90 €",0.1
911769,504699,1301,M,1,"46,93 €",0
911770,504700,1314,s,1,"42,15 €",0%
911771,504700,1009,Talla M,1,"25,67 €",20%
911772,504701,1203,L,1,"19,01 €",0
911773,504702,1042,xl,1,"49,99 €",0.4
911774,504702,1151,37,1,"47,09 €",0.2
911775,504702,1044,M,1,"36,91 €",10
911776,504703,1197,xs,2,"14,87 €",0
911777,504703,1113,39,1,"38,95 €",0.0
911778,504704,1315,Talla S,2,"32,56 €",30%
911779,504704,1306,L,3,"38,88 €",20
911780,504704,1379,XL,1,"31,72 €",40
911781,504705,1204,M,1,"12,35 €",30%
911782,504705,1372,Talla M,1,"28,06 €",30
911783,504705,1336,L,1,"80,41 €",0.4
911784,504706,1388,M,1,"15,95 €",0.2
911785,504706,1120,38,1,"65,76 €",0.3
911786,504706,1106,38,1,"73,33 €",20%
911787,504706,1340,Talla XS,3,"80,92 €",20
911788,504707,1038,M,1,"27,52 €",0.1
911789,504708,1159,40,1,"51,99 €",0.2
911790,504709,1273,S,2,"32,69 €",20%
911791,504710,1197,M,1,"14,87 €",0%
911792,504710,1165,l,1,"13,35 €",0.0
911793,504711,1151,37,1,"47,09 €",0.4
911794,504711,1197,s,1,"14,87 €",10%
911795,504711,1252,S,2,"33,85 €",0%
911796,504711,1243,S,1,"42,14 €",0.1
911797,504711,1318,l,1,"40,14 €",50%
911798,504711,1047,S,1,"27,30 €",30%
911799,504711,1211,S,1,"12,54 €",10%
911800,504712,1136,42,1,"73,76 €",0.3
911801,504712,1282,XS,1,"36,05 €",40%
911802,504713,1207,XL,1,"16,71 €",0.1
911803,504714,1342,M,1,"54,22 €",0.0
911804,504714,1299,L,1,"43,49 €",0.0
911805,504715,1222,M,3,"27,70 €",20%
911806,504715,1376,S,1,"26,99 €",40%
911807,504715,1037,XS,1,"41,52 €",0.2
911808,504715,1382,M,1,"30,95 €",0.1
911809,504716,1004,M,1,"45,55 €",0.0
911810,504716,1286,Talla L,1,"28,43 €",0%
911811,504717,1106,37,1,"73,33 €",0.0
911812,504717,1094,42,3,"61,63 €",0.0
911813,504717,1150,36,1,"53,53 €",0.0
911814,504718,1042,L,1,"49,99 €",0.4
911815,504718,1322,L,1,"33,07 €",10%
911816,504718,1254,XL,1,"42,10 €",0.2
911817,504719,1176,M,1,"23,41 €",40%
911818,504719,1182,M,1,"16,74 €",10
911819,504720,1362,XS,1,"26,07 €",0%
911820,504721,1036,l,1,"51,15 €",50
911821,504721,1293,M,1,"37,48 €",30%
911822,504722,1094,41,1,"61,63 €",10
911823,504722,1375,S,1,"22,99 €",20%
911824,504722,1279,s,2,"28,28 €",0.5
911825,504723,1044,L,1,"36,91 €",30%
911826,504723,1035,XL,1,"57,32 €",0%
911827,504724,1066,L,1,"34,07 €",10
911828,504725,1130,40,1,"73,00 €",0%
911829,504725,1043,xs,1,"54,13 €",0.2
911830,504725,1134,39,1,"31,21 €",0%
911831,504726,1042,M,1,"49,99 €",40
911832,504727,1182,S,1,"16,74 €",0%
911833,504728,1042,XL,1,"49,99 €",40%
911834,504728,1255,XS,3,"31,35 €",20%
911835,504728,1359,Talla M,1,"29,93 €",20
911836,504728,1061,XS,1,"46,35 €",40%
911837,504728,1241,M,1,"36,57 €",30
911838,504729,1124,Talla 38,1,"77,92 €",40
911839,504729,1185,L,1,"21,81 €",30
911840,504730,1042,Talla M,1,"49,99 €",40%
911841,504731,1042,XL,1,"49,99 €",0.4
911842,504732,1042,XL,2,"49,99 €",0.4
911843,504732,1277,Talla L,1,"28,10 €",10
911844,504733,1204,S,1,"12,35 €",10
911845,504733,1314,L,1,"42,15 €",10%
911846,504734,1074,XL,1,"27,23 €",20
911847,504734,1285,M,1,"39,82 €",0
911848,504734,1273,M,1,"32,69 €",20%
911849,504734,1004,L,1,"45,55 €",10
911850,504734,1161,M,1,"23,07 €",0
911851,504734,1208,xl,1,"22,70 €",30
911852,504735,1374,M,1,"12,90 €",20
911853,504735,1203,xl,1,"19,01 €",10%
911854,504736,1070,S,1,"27,27 €",40%
911855,504736,1264,S,1,"44,81 €",0.4
911856,504737,1277,M,1,"28,10 €",0.0
911857,504737,1197,S,1,"14,87 €",10%
911858,504737,1226,M,3,"35,69 €",0%
911859,504737,1273,M,2,"32,69 €",0.0
911860,504738,1327,S,1,"77,26 €",0.0
911861,504738,1087,S,1,"49,59 €",40%
911862,504738,1362,M,1,"26,07 €",0.4
911863,504738,1386,S,1,"32,98 €",0.2
911864,504738,1055,L,1,"33,15 €",0.1
911865,504739,1326,Talla XL,1,"67,24 €",0.3
911866,504739,1365,L,2,"27,56 €",0.3
911867,504739,1121,37,1,"72,81 €",10%
911868,504740,1042,S,1,"49,99 €",40
911869,504740,1305,M,2,"32,92 €",40%
911870,504740,1217,XL,2,"12,11 €",0
911871,504740,1314,L,1,"42,15 €",0.1
911872,504741,1281,Talla XS,1,"34,30 €",20
911873,504742,1060,XL,1,"48,04 €",0.3
911874,504742,1287,M,1,"35,59 €",0.2
911875,504742,1144,Talla 38,1,"75,61 €",10
911876,504743,1176,M,2,"23,41 €",20%
911877,504743,1211,l,1,"12,54 €",10%
911878,504743,1341,S,1,"40,01 €",40%
911879,504743,1148,39,1,"36,02 €",20
911880,504743,1060,XS,1,"48,04 €",0.2
911881,504744,1383,M,3,"20,95 €",0.3
911882,504744,1399,S,1,"31,60 €",0.3
911883,504745,1034,M,1,"42,28 €",0.2
911884,504745,1315,XS,1,"32,56 €",10%
911885,504745,1204,L,1,"12,35 €",10
911886,504746,1165,M,1,"13,35 €",0.2
911887,504747,1106,38,2,"73,33 €",0.0
911888,504747,1111,40,1,"59,92 €",0%
911889,504748,1036,M,1,"51,15 €",20%
911890,504749,1168,L,2,"19,82 €",50
911891,504750,1042,L,1,"49,99 €",0.4
911892,504750,1298,xl,1,"30,07 €",20%
911893,504750,1298,L,1,"30,07 €",0.2
911894,504750,1345,m,1,"85,68 €",0.3
911895,504750,1320,M,1,"35,05 €",0%
911896,504751,1206,S,1,"15,68 €",10
911897,504751,1295,l,1,"36,18 €",0.3
911898,504752,1363,L,1,"31,93 €",10%
911899,504752,1038,M,1,"27,52 €",30%
911900,504752,1045,L,1,"57,82 €",20%
911901,504753,1378,M,3,"21,35 €",0.3
911902,504753,1204,L,1,"12,35 €",20%
911903,504754,1288,m,1,"30,24 €",20%
911904,504754,1371,L,1,"33,17 €",0.3
911905,504754,1050,XL,1,"52,78 €",20%
911906,504754,1094,39,1,"61,63 €",0.0
911907,504755,1184,s,1,"14,15 €",0.2
911908,504755,1315,M,1,"32,56 €",10%
911909,504756,1362,l,1,"26,07 €",10%
911910,504756,1070,L,1,"27,27 €",0
911911,504757,1345,M,1,"85,68 €",10%
911912,504757,1374,L,1,"12,90 €",30%
911913,504758,1266,L,1,"33,10 €",40%
911914,504758,1106,38,1,"73,33 €",20
911915,504759,1164,S,2,"18,58 €",0.2
911916,504760,1273,m,1,"32,69 €",40%
911917,504760,1379,S,1,"31,72 €",30%
911918,504760,1343,L,1,"81,92 €",10%
911919,504760,1053,Talla XL,1,"38,51 €",10%
911920,504760,1333,XS,1,"89,35 €",40%
911921,504761,1199,XL,1,"21,22 €",0.2
911922,504761,1038,Talla M,1,"27,52 €",20%
911923,504761,1012,M,1,"40,99 €",20%
911924,504762,1204,Talla XS,1,"12,35 €",20%
911925,504762,1177,S,1,"20,83 €",0.1
911926,504762,1082,M,1,"49,65 €",0.3
911927,504762,1374,Talla S,1,"12,90 €",0.0
911928,504762,1032,XS,1,"29,90 €",30
911929,504763,1220,M,1,"18,87 €",0
911930,504763,1306,L,1,"38,88 €",0%
911931,504763,1204,L,1,"12,35 €",20%
911932,504764,1204,L,1,"12,35 €",0.0
911933,504765,1369,XL,1,"15,16 €",0%
911934,504766,1070,XL,1,"27,27 €",0.3
911935,504766,1007,XS,1,"30,50 €",20%
911936,504766,1131,37,2,"55,67 €",10%
911937,504767,1312,L,2,"35,92 €",0
911938,504767,1346,M,1,"45,31 €",0.0
911939,504768,1054,M,2,"59,30 €",20
911940,504768,1018,XL,2,"45,78 €",0%
911941,504768,1067,M,2,"32,97 €",20
911942,504768,1139,38,1,"49,46 €",0
911943,504768,1345,S,2,"85,68 €",20
911944,504768,1121,36,1,"72,81 €",10
911945,504769,1042,M,1,"49,99 €",0.4
911946,504769,1070,L,2,"27,27 €",0.2
911947,504769,1134,37,2,"31,21 €",20
911948,504770,1267,L,1,"36,41 €",0.1
911949,504770,1363,S,1,"31,93 €",0.2
911950,504771,1068,XL,1,"49,68 €",40%
911951,504771,1028,Talla XL,1,"48,82 €",30%
911952,504771,1198,L,1,"16,38 €",30%
911953,504771,1229,L,1,"38,72 €",30
911954,504772,1362,M,1,"26,07 €",30%
911955,504772,1249,m,1,"34,29 €",30
911956,504772,1298,M,3,"30,07 €",0.2
911957,504773,1313,XL,1,"38,98 €",20%
911958,504773,1006,m,1,"40,90 €",10
911959,504774,1229,Talla S,1,"38,72 €",30%
911960,504774,1204,L,1,"12,35 €",30
911961,504774,1265,M,1,"44,68 €",0%
911962,504774,1224,Talla XS,1,"25,88 €",0.3
911963,504774,1235,XL,1,"34,51 €",0.2
911964,504774,1187,S,1,"17,31 €",0%
911965,504775,1042,M,1,"49,99 €",0.4
911966,504775,1274,M,1,"39,02 €",0.2
911967,504776,1229,M,1,"38,72 €",50%
911968,504777,1358,L,2,"26,83 €",0.2
911969,504777,1172,XS,2,"18,98 €",0.1
911970,504777,1322,L,2,"33,07 €",10%
911971,504778,1204,L,1,"12,35 €",0.0
911972,504779,1358,XL,1,"26,83 €",20%
911973,504779,1237,S,1,"35,53 €",0.3
911974,504779,1027,S,1,"34,91 €",0.2
911975,504780,1053,XL,1,"38,51 €",0%
911976,504781,1346,Talla S,1,"45,31 €",20%
911977,504781,1046,S,1,"42,24 €",30%
911978,504781,1280,L,1,"29,54 €",10%
911979,504782,1357,M,1,"16,44 €",0%
911980,504782,1094,39,1,"61,63 €",0.0
911981,504783,1096,37,1,"53,68 €",50%
911982,504783,1185,s,1,"21,81 €",10%
911983,504784,1317,M,1,"27,13 €",0
911984,504784,1198,M,1,"16,38 €",0%
911985,504785,1345,m,1,"85,68 €",0.4
911986,504786,1305,L,1,"32,92 €",0.0
911987,504787,1315,XS,3,"32,56 €",0.3
911988,504788,1309,M,1,"29,96 €",20
911989,504788,1257,l,1,"41,13 €",20%
911990,504789,1180,L,2,"17,79 €",0.4
911991,504790,1053,XL,1,"38,51 €",0.1
911992,504790,1233,XS,1,"30,63 €",20%
911993,504790,1115,40,1,"64,90 €",30%
911994,504791,1121,40,1,"72,81 €",10
911995,504791,1241,M,1,"36,57 €",0.1
911996,504791,1027,M,1,"34,91 €",0.2
911997,504792,1253,M,1,"42,45 €",0.2
911998,504792,1189,S,1,"16,40 €",40%
911999,504793,1359,L,1,"29,93 €",10
912000,504793,1317,m,1,"27,13 €",30
912001,504793,1230,Talla XL,2,"25,06 €",40%
912002,504794,1256,M,1,"30,08 €",10%
912003,504795,1301,M,1,"46,93 €",0%
912004,504796,1359,M,1,"29,93 €",0.1
912005,504796,1070,XS,1,"27,27 €",10%
912006,504797,1192,M,1,"13,33 €",20
912007,504797,1243,s,1,"42,14 €",0.2
912008,504797,1357,XS,1,"16,44 €",40
912009,504797,1202,S,1,"20,61 €",10%
912010,504798,1042,m,1,"49,99 €",40%
912011,504798,1153,41,1,"46,79 €",0.4
912012,504799,1398,M,1,"25,22 €",0.1
912013,504800,1140,41,2,"39,31 €",0.2
912014,504801,1042,XS,1,"49,99 €",40
912015,504802,1106,39,1,"73,33 €",0.1
912016,504803,1225,XS,1,"39,08 €",50%
912017,504803,1330,S,3,"48,41 €",0.4
912018,504804,1285,M,1,"39,82 €",0.3
912019,504805,1042,S,1,"49,99 €",0.4
912020,504806,1056,XL,1,"39,14 €",0
912021,504807,1252,S,1,"33,85 €",30
912022,504808,1074,M,1,"27,23 €",20%
912023,504808,1286,L,1,"28,43 €",0.2
912024,504809,1042,XL,1,"49,99 €",40%
912025,504809,1368,XS,1,"20,18 €",10%
912026,504810,1298,M,1,"30,07 €",0.4
912027,504811,1391,m,1,"13,83 €",30%
912028,504811,1122,Talla 36,1,"63,66 €",0.1
912029,504811,1254,L,1,"42,10 €",40%
912030,504812,1106,38,2,"73,33 €",0
912031,504812,1063,l,2,"41,19 €",30%
912032,504812,1021,M,1,"43,85 €",30
912033,504812,1266,XL,1,"33,10 €",0.3
912034,504812,1361,Talla XL,1,"14,66 €",30%
912035,504812,1114,38,1,"41,35 €",0.3
912036,504813,1080,S,1,"34,78 €",0.0
912037,504813,1019,M,3,"38,48 €",0.0
912038,504813,1312,XS,1,"35,92 €",0
912039,504814,1377,S,3,"31,22 €",0.0
912040,504814,1070,l,3,"27,27 €",0%
912041,504814,1362,XL,2,"26,07 €",0
912042,504814,1244,L,1,"26,77 €",0.0
912043,504814,1290,l,1,"23,54 €",0%
912044,504814,1381,S,1,"34,45 €",0.0
912045,504815,1286,L,1,"28,43 €",0.1
912046,504816,1211,XS,1,"12,54 €",20%
912047,504816,1266,m,1,"33,10 €",40
912048,504817,1120,39,1,"65,76 €",30%
912049,504817,1220,M,1,"18,87 €",20
912050,504818,1104,37,1,"51,58 €",10%
912051,504818,1242,L,1,"38,06 €",20%
912052,504818,1123,37,1,"77,67 €",30%
912053,504819,1111,38,1,"59,92 €",10%
912054,504819,1394,l,1,"26,56 €",40%
912055,504820,1042,s,1,"49,99 €",0.4
912056,504820,1117,38,1,"49,56 €",0.2
912057,504820,1293,L,1,"37,48 €",0.0
912058,504820,1009,L,1,"25,67 €",40%
912059,504821,1122,41,1,"63,66 €",0.1
912060,504822,1105,40,1,"77,31 €",30
912061,504822,1219,S,1,"17,73 €",30%
912062,504823,1352,XS,1,"12,43 €",0%
912063,504824,1042,xl,2,"49,99 €",40%
912064,504824,1227,S,1,"25,33 €",0.5
912065,504824,1053,m,2,"38,51 €",0.3
912066,504825,1385,M,1,"28,77 €",0%
912067,504825,1392,L,2,"12,73 €",20%
912068,504825,1082,M,1,"49,65 €",0
912069,504825,1237,L,1,"35,53 €",0%
912070,504826,1181,M,1,"24,51 €",0.0
912071,504827,1311,L,1,"30,25 €",10
912072,504828,1009,M,1,"25,67 €",0%
912073,504828,1082,Talla S,1,"49,65 €",0.0
912074,504828,1381,XL,2,"34,45 €",0.0
912075,504829,1185,S,1,"21,81 €",20%
912076,504830,1102,38,2,"68,36 €",0.0
912077,504830,1265,S,1,"44,68 €",0%
912078,504831,1284,L,1,"20,70 €",30
912079,504832,1042,L,1,"49,99 €",0.4
912080,504833,1042,S,1,"49,99 €",40%
912081,504833,1080,m,2,"34,78 €",0%
912082,504834,1367,Talla S,1,"13,47 €",10
912083,504835,1184,Talla L,1,"14,15 €",30%
912084,504835,1148,39,2,"36,02 €",0.1
912085,504836,1042,L,1,"49,99 €",40%
912086,504836,1252,XS,1,"33,85 €",0.1
912087,504837,1203,Talla S,1,"19,01 €",0.4
912088,504837,1121,Talla 40,1,"72,81 €",0%
912089,504837,1138,37,1,"48,26 €",0.2
912090,504837,1014,M,1,"48,60 €",10%
912091,504838,1362,XL,1,"26,07 €",20
912092,504838,1210,S,2,"18,98 €",0.1
912093,504839,1348,l,1,"54,42 €",20%
912094,504839,1363,XL,2,"31,93 €",0.0
912095,504839,1141,41,1,"47,53 €",0.1
912096,504839,1285,s,2,"39,82 €",0
912097,504839,1333,l,1,"89,35 €",0.0
912098,504839,1196,XL,1,"15,48 €",0.1
912099,504840,1055,Talla M,1,"33,15 €",0.2
912100,504840,1142,38,1,"75,44 €",0.0
912101,504840,1248,M,1,"44,58 €",0.0
912102,504840,1100,40,1,"49,80 €",0.2
912103,504840,1104,41,1,"51,58 €",20%
912104,504841,1392,M,1,"12,73 €",20
912105,504842,1315,XS,1,"32,56 €",0%
912106,504842,1087,L,1,"49,59 €",0%
912107,504843,1139,40,1,"49,46 €",30%
912108,504844,1288,L,1,"30,24 €",20%
912109,504845,1320,XL,1,"35,05 €",20
912110,504845,1200,S,1,"21,79 €",20%
912111,504845,1204,Talla XL,1,"12,35 €",20
912112,504845,1103,Talla 41,1,"62,95 €",30
912113,504846,1226,s,1,"35,69 €",0.4
912114,504846,1204,M,2,"12,35 €",40%
912115,504846,1305,S,1,"32,92 €",0.3
912116,504847,1175,M,1,"17,99 €",50
912117,504847,1199,m,1,"21,22 €",0.4
912118,504847,1229,XS,1,"38,72 €",10
912119,504847,1103,39,1,"62,95 €",0.0
912120,504848,1036,S,1,"51,15 €",20
912121,504848,1317,L,1,"27,13 €",20
912122,504849,1090,L,1,"34,56 €",30%
912123,504849,1138,39,1,"48,26 €",0.2
912124,504849,1245,l,1,"40,31 €",20%
912125,504849,1019,L,1,"38,48 €",0.4
912126,504849,1293,S,2,"37,48 €",0
912127,504849,1106,Talla 39,1,"73,33 €",20%
912128,504849,1249,Talla L,1,"34,29 €",10%
912129,504850,1355,M,1,"26,01 €",30
912130,504850,1208,Talla XL,1,"22,70 €",30%
912131,504851,1042,Talla M,1,"49,99 €",40%
912132,504851,1036,s,1,"51,15 €",0.2
912133,504852,1209,L,1,"13,65 €",0%
912134,504852,1206,XS,1,"15,68 €",0
912135,504853,1333,M,1,"89,35 €",0.0
912136,504853,1081,Talla L,3,"55,86 €",20
912137,504853,1252,L,3,"33,85 €",30%
912138,504854,1132,38,1,"72,05 €",0.0
912139,504854,1151,38,1,"47,09 €",0
912140,504854,1078,XS,2,"56,16 €",0.4
912141,504854,1147,38,2,"30,45 €",0.1
912142,504855,1008,S,1,"54,28 €",0.5
912143,504855,1218,M,1,"23,13 €",0%
912144,504856,1284,S,1,"20,70 €",10
912145,504856,1015,L,1,"33,85 €",0%
912146,504857,1388,M,1,"15,95 €",0.4
912147,504857,1030,XS,1,"46,38 €",40%
912148,504858,1314,XL,1,"42,15 €",0.1
912149,504858,1229,Talla M,1,"38,72 €",10%
912150,504858,1196,L,1,"15,48 €",0.3
912151,504859,1148,Talla 37,1,"36,02 €",0.1
912152,504859,1284,XS,1,"20,70 €",10
912153,504859,1240,M,1,"41,66 €",0
912154,504860,1242,S,1,"38,06 €",30
912155,504860,1013,S,1,"31,03 €",0.2
912156,504860,1203,L,1,"19,01 €",20%
912157,504861,1257,XL,1,"41,13 €",10
912158,504861,1357,S,2,"16,44 €",10%
912159,504862,1087,M,1,"49,59 €",20
912160,504863,1042,XL,1,"49,99 €",40
912161,504863,1229,XL,1,"38,72 €",20%
912162,504864,1285,L,1,"39,82 €",40
912163,504865,1253,M,1,"42,45 €",0.4
912164,504866,1135,37,1,"71,49 €",20
912165,504866,1056,XS,1,"39,14 €",10%
912166,504866,1207,L,1,"16,71 €",10
912167,504866,1122,Talla 42,1,"63,66 €",30
912168,504867,1111,38,3,"59,92 €",0.1
912169,504867,1367,M,1,"13,47 €",40%
912170,504867,1061,XL,1,"46,35 €",0.0
912171,504867,1339,M,1,"55,93 €",20%
912172,504868,1251,M,1,"41,39 €",0.2
912173,504868,1315,S,1,"32,56 €",0.0
912174,504868,1252,M,1,"33,85 €",0%
912175,504869,1142,40,2,"75,44 €",40
912176,504869,1295,l,3,"36,18 €",0.3
912177,504870,1070,S,1,"27,27 €",0.1
912178,504870,1136,Talla 40,1,"73,76 €",0
912179,504870,1177,M,1,"20,83 €",0.0
912180,504871,1207,L,1,"16,71 €",10
912181,504872,1281,S,1,"34,30 €",10%
912182,504872,1098,41,1,"38,24 €",10%
912183,504872,1170,XS,1,"12,32 €",40%
912184,504873,1208,L,2,"22,70 €",0.4
912185,504873,1025,M,1,"59,54 €",50%
912186,504873,1285,m,1,"39,82 €",20%
912187,504873,1322,L,1,"33,07 €",0.2
912188,504873,1090,Talla M,1,"34,56 €",20
912189,504874,1236,M,1,"32,57 €",50%
912190,504875,1087,L,1,"49,59 €",30%
912191,504876,1023,XL,2,"31,99 €",0.3
912192,504877,1396,M,1,"15,65 €",40
912193,504877,1216,Talla L,1,"17,83 €",30%
912194,504877,1037,L,1,"41,52 €",0.0
912195,504878,1096,41,1,"53,68 €",0.3
912196,504879,1067,XL,1,"32,97 €",30%
912197,504880,1087,XS,1,"49,59 €",30
912198,504880,1013,S,1,"31,03 €",20%
912199,504880,1320,m,1,"35,05 €",0.0
912200,504881,1318,m,2,"40,14 €",20%
912201,504881,1345,S,3,"85,68 €",20%
912202,504882,1225,XS,1,"39,08 €",0.3
912203,504882,1257,Talla M,1,"41,13 €",20%
912204,504882,1148,37,1,"36,02 €",30%
912205,504883,1042,M,1,"49,99 €",40%
912206,504883,1115,41,1,"64,90 €",0.3
912207,504884,1165,XL,1,"13,35 €",10
912208,504884,1312,L,1,"35,92 €",0.2
912209,504884,1338,S,1,"61,23 €",30%
912210,504884,1379,XS,2,"31,72 €",30
912211,504884,1312,XS,1,"35,92 €",30%
912212,504885,1042,Talla L,1,"49,99 €",0.4
912213,504885,1027,M,1,"34,91 €",20%
912214,504885,1243,M,1,"42,14 €",20%
912215,504886,1245,Talla S,1,"40,31 €",30%
912216,504886,1270,L,1,"37,43 €",0.2
912217,504886,1136,38,1,"73,76 €",30
912218,504886,1329,XL,2,"45,80 €",0.1
912219,504887,1042,L,2,"49,99 €",40%
912220,504888,1036,Talla S,1,"51,15 €",0.5
912221,504888,1069,M,1,"29,38 €",40%
912222,504888,1365,XS,1,"27,56 €",20
912223,504888,1276,S,1,"24,73 €",20
912224,504888,1134,39,1,"31,21 €",0.0
912225,504889,1284,s,1,"20,70 €",0.1
912226,504890,1062,XL,1,"43,22 €",30
912227,504890,1280,M,1,"29,54 €",0.3
912228,504891,1204,S,1,"12,35 €",0
912229,504891,1058,Talla S,2,"51,95 €",20%
912230,504892,1233,S,1,"30,63 €",0.1
912231,504892,1061,M,1,"46,35 €",0.2
912232,504893,1027,xs,1,"34,91 €",0.4
912233,504893,1273,XS,1,"32,69 €",0.2
912234,504893,1184,Talla S,1,"14,15 €",50
912235,504894,1185,L,1,"21,81 €",0%
912236,504894,1211,Talla M,1,"12,54 €",0%
912237,504894,1286,Talla M,1,"28,43 €",10
912238,504895,1230,XS,1,"25,06 €",0.1
912239,504896,1168,XS,1,"19,82 €",10%
912240,504896,1335,L,1,"70,30 €",0.4
912241,504897,1337,M,1,"63,78 €",10%
912242,504898,1099,Talla 38,1,"79,99 €",20%
912243,504898,1368,M,1,"20,18 €",30%
912244,504899,1229,M,1,"38,72 €",20%
912245,504899,1204,l,1,"12,35 €",0.2
912246,504899,1032,XL,1,"29,90 €",30
912247,504900,1030,M,2,"46,38 €",40
912248,504900,1077,M,1,"57,81 €",0.3
912249,504901,1169,s,1,"14,75 €",0
912250,504901,1375,S,1,"22,99 €",30%
912251,504902,1042,M,1,"49,99 €",0.4
912252,504902,1152,36,3,"48,30 €",30
912253,504902,1265,L,1,"44,68 €",0.1
912254,504902,1293,M,1,"37,48 €",0.3
912255,504902,1258,S,1,"35,14 €",50%
912256,504902,1304,S,1,"44,49 €",40%
912257,504903,1042,S,1,"49,99 €",40%
912258,504904,1042,XL,1,"49,99 €",0.4
912259,504904,1357,xl,3,"16,44 €",20
912260,504904,1182,l,1,"16,74 €",40%
912261,504905,1376,M,1,"26,99 €",30
912262,504905,1115,36,1,"64,90 €",0.2
912263,504906,1042,L,1,"49,99 €",40%
912264,504906,1322,L,1,"33,07 €",30%
912265,504906,1245,L,1,"40,31 €",30
912266,504907,1191,L,1,"20,63 €",0%
912267,504907,1070,M,1,"27,27 €",20%
912268,504907,1219,Talla S,1,"17,73 €",0%
912269,504908,1256,L,1,"30,08 €",0.2
912270,504908,1208,M,1,"22,70 €",30%
912271,504908,1367,M,1,"13,47 €",10%
912272,504909,1042,M,1,"49,99 €",40%
912273,504909,1345,s,1,"85,68 €",20%
912274,504909,1339,M,1,"55,93 €",20
912275,504910,1050,L,1,"52,78 €",0.2
912276,504911,1315,S,1,"32,56 €",0.2
912277,504911,1170,XS,1,"12,32 €",20%
912278,504912,1042,S,1,"49,99 €",40%
912279,504912,1046,XL,1,"42,24 €",20
912280,504913,1097,39,3,"45,52 €",20%
912281,504913,1170,XL,1,"12,32 €",0.0
912282,504913,1136,39,1,"73,76 €",30%
912283,504913,1010,M,1,"32,90 €",20%
912284,504913,1198,L,1,"16,38 €",30%
912285,504914,1364,L,1,"11,29 €",0
912286,504914,1014,L,1,"48,60 €",0%
912287,504915,1392,L,1,"12,73 €",0
912288,504915,1209,S,1,"13,65 €",0.1
912289,504916,1278,L,1,"29,80 €",0.2
912290,504917,1345,XS,1,"85,68 €",0.3
912291,504917,1386,M,1,"32,98 €",30%
912292,504918,1035,XS,1,"57,32 €",40
912293,504918,1229,S,2,"38,72 €",10
912294,504919,1176,S,1,"23,41 €",10
912295,504920,1364,M,1,"11,29 €",0%
912296,504921,1197,m,1,"14,87 €",0.4
912297,504921,1148,Talla 42,1,"36,02 €",10
912298,504921,1069,M,1,"29,38 €",10%
912299,504922,1222,M,1,"27,70 €",30%
912300,504922,1045,XS,1,"57,82 €",20%
912301,504922,1315,S,1,"32,56 €",0.2
912302,504922,1098,39,2,"38,24 €",0.2
912303,504922,1111,38,3,"59,92 €",0.0
912304,504922,1016,S,1,"58,66 €",0.0
912305,504923,1042,S,1,"49,99 €",40%
912306,504924,1013,M,1,"31,03 €",30
912307,504924,1051,XS,2,"46,46 €",0.1
912308,504924,1047,L,1,"27,30 €",0.2
912309,504925,1036,M,1,"51,15 €",0%
912310,504925,1248,L,1,"44,58 €",0.0
912311,504926,1204,XS,1,"12,35 €",20%
912312,504926,1340,S,2,"80,92 €",0.0
912313,504927,1226,Talla M,2,"35,69 €",0%
912314,504928,1176,S,1,"23,41 €",0.2
912315,504929,1194,l,1,"22,75 €",20%
912316,504929,1386,Talla S,1,"32,98 €",10%
912317,504929,1204,S,1,"12,35 €",10
912318,504930,1037,XS,1,"41,52 €",0.2
912319,504930,1040,xs,1,"49,21 €",50
912320,504931,1239,L,1,"31,88 €",0.3
912321,504931,1322,M,1,"33,07 €",30%
912322,504932,1182,L,2,"16,74 €",10%
912323,504933,1042,M,1,"49,99 €",40%
912324,504933,1285,m,1,"39,82 €",0.4
912325,504934,1325,L,1,"46,91 €",0.2
912326,504934,1203,XS,1,"19,01 €",20%
912327,504934,1346,M,1,"45,31 €",0.1
912328,504934,1287,M,1,"35,59 €",0.2
912329,504934,1136,40,1,"73,76 €",0.2
912330,504935,1374,xs,1,"12,90 €",0
912331,504935,1090,Talla XL,2,"34,56 €",0%
912332,504935,1131,38,1,"55,67 €",0%
912333,504935,1226,XS,1,"35,69 €",0
912334,504936,1397,s,1,"20,12 €",0%
912335,504936,1229,M,1,"38,72 €",0.0
912336,504937,1203,S,1,"19,01 €",10%
912337,504937,1027,XS,1,"34,91 €",10%
912338,504938,1104,42,1,"51,58 €",20
912339,504939,1053,XL,1,"38,51 €",30%
912340,504939,1225,S,1,"39,08 €",0.1
912341,504939,1252,M,1,"33,85 €",30%
912342,504939,1208,Talla XS,2,"22,70 €",0.5
912343,504940,1286,L,1,"28,43 €",40%
912344,504940,1303,XS,1,"34,22 €",0%
912345,504940,1106,38,1,"73,33 €",0%
912346,504940,1089,XS,2,"33,88 €",10
912347,504941,1070,L,1,"27,27 €",30%
912348,504941,1122,39,1,"63,66 €",10
912349,504941,1210,M,1,"18,98 €",20%
912350,504941,1216,M,1,"17,83 €",40
912351,504942,1118,38,2,"79,30 €",0.4
912352,504942,1239,L,1,"31,88 €",10%
912353,504943,1072,L,1,"46,42 €",20%
912354,504943,1073,S,1,"26,22 €",0.0
912355,504944,1229,L,1,"38,72 €",0.0
912356,504944,1332,S,1,"87,31 €",20
912357,504944,1287,M,1,"35,59 €",20%
912358,504945,1233,XL,1,"30,63 €",0.0
912359,504945,1288,s,1,"30,24 €",0.0
912360,504946,1132,39,1,"72,05 €",0.3
912361,504946,1003,L,1,"55,06 €",0
912362,504947,1285,L,1,"39,82 €",40%
912363,504947,1186,M,1,"16,09 €",20%
912364,504947,1139,41,1,"49,46 €",40%
912365,504948,1113,Talla 40,2,"38,95 €",10
912366,504948,1168,M,1,"19,82 €",0.2
912367,504949,1315,M,1,"32,56 €",20%
912368,504950,1042,S,1,"49,99 €",40%
912369,504951,1198,M,1,"16,38 €",20
912370,504952,1376,Talla M,1,"26,99 €",30
912371,504952,1159,37,1,"51,99 €",10
912372,504953,1210,M,1,"18,98 €",0.3
912373,504953,1262,XS,2,"36,87 €",30%
912374,504954,1042,S,3,"49,99 €",40%
912375,504955,1070,Talla L,1,"27,27 €",10%
912376,504955,1053,M,1,"38,51 €",10%
912377,504956,1298,S,1,"30,07 €",30%
912378,504957,1288,S,1,"30,24 €",0.0
912379,504957,1100,39,1,"49,80 €",0.2
912380,504958,1275,Talla XS,1,"24,89 €",30
912381,504959,1136,40,1,"73,76 €",20
912382,504959,1129,39,1,"73,51 €",10%
912383,504960,1185,M,1,"21,81 €",0.1
912384,504960,1354,M,1,"10,85 €",30%
912385,504961,1243,XL,2,"42,14 €",10
912386,504961,1183,L,1,"22,12 €",40%
912387,504962,1282,L,2,"36,05 €",50%
912388,504962,1172,XS,1,"18,98 €",10%
912389,504962,1352,S,1,"12,43 €",0.5
912390,504963,1084,L,1,"59,12 €",20%
912391,504963,1111,37,2,"59,92 €",0.2
912392,504963,1050,S,1,"52,78 €",10%
912393,504964,1172,S,1,"18,98 €",20
912394,504965,1285,xs,1,"39,82 €",0.0
912395,504965,1226,Talla M,1,"35,69 €",20%
912396,504965,1371,M,1,"33,17 €",20%
912397,504965,1027,L,1,"34,91 €",30
912398,504965,1029,l,1,"31,92 €",20%
912399,504966,1094,Talla 42,1,"61,63 €",0.4
912400,504967,1290,Talla L,1,"23,54 €",50
912401,504967,1207,M,1,"16,71 €",30%
912402,504967,1075,Talla L,1,"43,55 €",10
912403,504967,1027,xs,1,"34,91 €",20%
912404,504967,1315,Talla S,1,"32,56 €",40
912405,504968,1204,S,1,"12,35 €",30%
912406,504968,1199,XS,1,"21,22 €",0.2
912407,504969,1315,S,1,"32,56 €",0.2
912408,504969,1345,XL,2,"85,68 €",20
912409,504970,1042,L,2,"49,99 €",0.4
912410,504970,1288,M,2,"30,24 €",10%
912411,504971,1280,m,1,"29,54 €",0.1
912412,504971,1315,M,1,"32,56 €",0.3
912413,504972,1023,XL,1,"31,99 €",20
912414,504972,1146,37,1,"34,21 €",0%
912415,504972,1203,S,1,"19,01 €",0.0
912416,504972,1234,XL,1,"26,50 €",20%
912417,504973,1157,37,1,"47,95 €",0
912418,504973,1362,XL,2,"26,07 €",0.0
912419,504973,1233,M,1,"30,63 €",0.0
912420,504974,1275,S,1,"24,89 €",20
912421,504975,1038,XS,1,"27,52 €",0
912422,504975,1379,Talla S,1,"31,72 €",0.0
912423,504975,1247,XS,1,"43,39 €",0.0
912424,504976,1209,M,1,"13,65 €",0
912425,504976,1358,Talla S,1,"26,83 €",0.0
912426,504977,1042,M,1,"49,99 €",0.4
912427,504977,1053,S,1,"38,51 €",0.2
912428,504977,1292,M,1,"32,80 €",10%
912429,504977,1121,39,1,"72,81 €",50
912430,504977,1227,L,1,"25,33 €",0.4
912431,504978,1301,S,1,"46,93 €",10
912432,504979,1014,m,1,"48,60 €",0.4
912433,504980,1331,M,1,"73,27 €",0.0
912434,504980,1246,XL,1,"32,78 €",20%
912435,504981,1362,S,1,"26,07 €",0.2
912436,504982,1284,xl,1,"20,70 €",0.2
912437,504982,1019,L,1,"38,48 €",0.2
912438,504983,1019,XS,3,"38,48 €",0.1
912439,504984,1243,XS,1,"42,14 €",10
912440,504984,1219,M,1,"17,73 €",20%
912441,504984,1336,XL,3,"80,41 €",20
912442,504985,1210,M,1,"18,98 €",20
912443,504986,1368,L,1,"20,18 €",0.0
912444,504986,1067,xl,1,"32,97 €",0
912445,504986,1121,39,1,"72,81 €",0.0
912446,504986,1141,36,1,"47,53 €",0.0
912447,504987,1175,S,1,"17,99 €",10
912448,504987,1204,XS,2,"12,35 €",0
912449,504987,1094,40,1,"61,63 €",0%
912450,504988,1042,M,1,"49,99 €",40
912451,504989,1118,36,1,"79,30 €",0%
912452,504989,1290,M,1,"23,54 €",30
912453,504989,1322,M,1,"33,07 €",0.1
912454,504990,1080,M,2,"34,78 €",30
912455,504990,1339,S,1,"55,93 €",0.3
912456,504990,1135,41,2,"71,49 €",30%
912457,504990,1038,S,1,"27,52 €",30%
912458,504991,1072,M,2,"46,42 €",50
912459,504991,1184,s,1,"14,15 €",40
912460,504991,1167,S,1,"18,87 €",20%
912461,504991,1099,36,1,"79,99 €",30
912462,504991,1216,L,1,"17,83 €",0.1
912463,504992,1254,XL,1,"42,10 €",0.3
912464,504992,1300,Talla S,1,"32,84 €",0%
912465,504993,1252,s,1,"33,85 €",0.2
912466,504993,1088,s,1,"36,00 €",0.3
912467,504993,1015,S,2,"33,85 €",0.2
912468,504993,1204,L,1,"12,35 €",0.2
912469,504993,1234,l,1,"26,50 €",10
912470,504994,1042,M,1,"49,99 €",40
912471,504994,1373,XL,1,"14,01 €",0.5
912472,504994,1185,S,1,"21,81 €",0.2
912473,504995,1163,xs,3,"22,89 €",0.2
912474,504996,1166,M,1,"15,50 €",0.2
912475,504996,1285,L,1,"39,82 €",0
912476,504997,1139,40,1,"49,46 €",0.3
912477,504997,1285,XL,1,"39,82 €",20%
912478,504998,1078,S,1,"56,16 €",10%
912479,504998,1085,L,1,"41,61 €",40
912480,504998,1092,41,1,"69,97 €",20%
912481,504998,1298,S,2,"30,07 €",20%
912482,504999,1204,M,1,"12,35 €",0.2
912483,504999,1267,M,1,"36,41 €",20%
912484,504999,1204,M,1,"12,35 €",30
912485,504999,1314,Talla XS,1,"42,15 €",40%
912486,504999,1285,S,1,"39,82 €",40%
912487,505000,1367,XL,1,"13,47 €",40%
912488,505000,1089,S,1,"33,88 €",40%
912489,505000,1281,Talla L,1,"34,30 €",0.4
912490,505001,1368,Talla S,1,"20,18 €",0.5
912491,505001,1141,Talla 39,1,"47,53 €",10
912492,505002,1141,41,1,"47,53 €",10
912493,505002,1040,XL,2,"49,21 €",20%
912494,505003,1345,M,1,"85,68 €",0.3
912495,505004,1257,XL,1,"41,13 €",0%
912496,505005,1116,38,1,"50,71 €",0.3
912497,505005,1282,S,1,"36,05 €",10
912498,505005,1053,L,2,"38,51 €",0.3
912499,505005,1357,M,1,"16,44 €",10%
912500,505006,1079,Talla XS,1,"46,26 €",0.2
912501,505006,1315,xs,2,"32,56 €",0.4
912502,505006,1262,L,1,"36,87 €",20%
912503,505006,1229,S,1,"38,72 €",0.1
912504,505007,1243,L,1,"42,14 €",30
912505,505007,1315,Talla L,1,"32,56 €",0.2
912506,505007,1040,l,1,"49,21 €",40%
912507,505007,1038,Talla S,1,"27,52 €",20%
912508,505008,1164,L,1,"18,58 €",50%
912509,505008,1207,L,1,"16,71 €",20%
912510,505009,1166,L,1,"15,50 €",50%
912511,505009,1374,S,1,"12,90 €",0.1
912512,505010,1053,L,1,"38,51 €",40%
912513,505010,1109,38,1,"76,92 €",10%
912514,505011,1042,M,1,"49,99 €",40
912515,505011,1170,Talla M,1,"12,32 €",40%
912516,505012,1388,L,1,"15,95 €",0.3
912517,505013,1396,S,1,"15,65 €",10
912518,505014,1145,36,1,"44,56 €",0.0
912519,505014,1235,XL,1,"34,51 €",0
912520,505014,1139,Talla 37,1,"49,46 €",0.1
912521,505014,1041,M,1,"57,12 €",0
912522,505015,1368,M,2,"20,18 €",10%
912523,505015,1266,s,1,"33,10 €",0.2
912524,505016,1211,M,1,"12,54 €",0.4
912525,505016,1376,L,1,"26,99 €",0.4
912526,505017,1327,XL,1,"77,26 €",0
912527,505017,1364,M,1,"11,29 €",0.0
912528,505017,1166,m,1,"15,50 €",0.0
912529,505018,1124,36,1,"77,92 €",20%
912530,505019,1009,Talla M,1,"25,67 €",20%
912531,505020,1243,S,1,"42,14 €",0.3
912532,505020,1073,M,1,"26,22 €",40
912533,505020,1121,40,1,"72,81 €",0.3
912534,505021,1204,Talla XL,1,"12,35 €",30%
912535,505021,1036,L,1,"51,15 €",30%
912536,505021,1056,XS,1,"39,14 €",20
912537,505021,1315,xs,1,"32,56 €",10%
912538,505022,1358,M,1,"26,83 €",20%
912539,505022,1311,M,1,"30,25 €",0.2
912540,505023,1110,40,2,"37,86 €",0.2
912541,505023,1362,S,1,"26,07 €",30
912542,505024,1196,M,2,"15,48 €",0%
912543,505024,1061,M,1,"46,35 €",0.0
912544,505025,1212,M,1,"12,74 €",30
912545,505026,1039,M,1,"53,52 €",10
912546,505026,1019,L,3,"38,48 €",50%
912547,505026,1060,M,1,"48,04 €",10
912548,505026,1303,S,2,"34,22 €",0.2
912549,505026,1392,M,1,"12,73 €",10%
912550,505026,1055,XL,1,"33,15 €",0.4
912551,505027,1089,XS,1,"33,88 €",30%
912552,505027,1177,L,1,"20,83 €",10
912553,505027,1362,Talla M,1,"26,07 €",10
912554,505027,1071,M,1,"29,62 €",0.1
912555,505027,1112,37,1,"78,05 €",0.1
912556,505027,1184,XL,1,"14,15 €",30
912557,505028,1106,42,1,"73,33 €",0.2
912558,505028,1263,XL,1,"39,31 €",10
912559,505029,1193,Talla XL,1,"20,23 €",0
912560,505029,1330,s,2,"48,41 €",0.0
912561,505029,1123,38,3,"77,67 €",10%
912562,505030,1050,M,1,"52,78 €",20
912563,505030,1239,M,2,"31,88 €",0
912564,505030,1229,S,1,"38,72 €",10
912565,505030,1366,S,1,"26,15 €",50%
912566,505031,1042,l,1,"49,99 €",0.4
912567,505031,1122,38,1,"63,66 €",0.3
912568,505032,1042,M,1,"49,99 €",0.4
912569,505033,1357,M,1,"16,44 €",30
912570,505033,1055,M,1,"33,15 €",40
912571,505034,1305,s,1,"32,92 €",40
912572,505035,1306,L,1,"38,88 €",0.1
912573,505036,1368,L,1,"20,18 €",20
912574,505036,1203,Talla L,1,"19,01 €",0.4
912575,505037,1008,S,2,"54,28 €",10
912576,505037,1257,Talla S,1,"41,13 €",10%
912577,505037,1286,xs,1,"28,43 €",0%
912578,505038,1392,S,1,"12,73 €",40%
912579,505038,1138,39,1,"48,26 €",10%
912580,505038,1159,39,2,"51,99 €",40%
912581,505039,1328,M,1,"51,49 €",0%
912582,505039,1093,38,1,"68,61 €",0.0
912583,505040,1362,M,1,"26,07 €",40
912584,505040,1346,S,2,"45,31 €",0.4
912585,505041,1042,S,1,"49,99 €",0.4
912586,505042,1382,M,1,"30,95 €",40
912587,505042,1120,Talla 38,1,"65,76 €",0.3
912588,505042,1301,S,1,"46,93 €",0.5
912589,505042,1275,L,1,"24,89 €",20%
912590,505042,1160,37,1,"65,05 €",10
912591,505043,1271,S,1,"39,71 €",0.0
912592,505043,1204,L,2,"12,35 €",20
912593,505044,1213,M,1,"12,89 €",0.1
912594,505044,1285,Talla M,1,"39,82 €",10
912595,505044,1342,M,1,"54,22 €",40%
912596,505045,1053,Talla S,1,"38,51 €",20%
912597,505046,1084,L,1,"59,12 €",40
912598,505046,1094,39,1,"61,63 €",0.4
912599,505046,1229,M,1,"38,72 €",0.1
912600,505047,1322,S,1,"33,07 €",30%
912601,505048,1150,38,2,"53,53 €",30
912602,505049,1196,M,1,"15,48 €",0.4
912603,505050,1033,s,1,"54,99 €",0.5
912604,505050,1390,M,1,"19,91 €",0.3
912605,505050,1106,38,1,"73,33 €",20%
912606,505051,1070,XL,1,"27,27 €",20%
912607,505052,1042,XL,1,"49,99 €",0.4
912608,505052,1385,L,2,"28,77 €",30%
912609,505052,1104,38,1,"51,58 €",50
912610,505052,1204,Talla S,1,"12,35 €",20
912611,505053,1377,l,1,"31,22 €",0.2
912612,505053,1364,XL,1,"11,29 €",0
912613,505053,1145,Talla 39,1,"44,56 €",10
912614,505053,1106,40,1,"73,33 €",20
912615,505053,1299,XL,1,"43,49 €",0.1
912616,505053,1252,XL,1,"33,85 €",20%
912617,505054,1042,Talla M,1,"49,99 €",40
912618,505054,1034,M,1,"42,28 €",40%
912619,505054,1082,L,1,"49,65 €",0.5
912620,505054,1182,S,1,"16,74 €",40%
912621,505055,1148,37,1,"36,02 €",30
912622,505055,1295,S,2,"36,18 €",10
912623,505055,1334,xl,1,"41,41 €",20
912624,505055,1087,XS,1,"49,59 €",20
912625,505055,1327,M,1,"77,26 €",20%
912626,505055,1189,XL,1,"16,40 €",20%
912627,505056,1003,L,1,"55,06 €",20%
912628,505056,1285,M,1,"39,82 €",40
912629,505056,1280,M,1,"29,54 €",0.2
912630,505056,1101,38,2,"57,43 €",0.1
912631,505056,1158,37,1,"44,36 €",40%
912632,505057,1147,38,1,"30,45 €",10
912633,505057,1170,Talla XL,1,"12,32 €",0
912634,505057,1178,l,1,"22,32 €",20
912635,505057,1038,M,1,"27,52 €",0.2
912636,505058,1163,XL,2,"22,89 €",50
912637,505058,1362,L,1,"26,07 €",10
912638,505059,1037,XL,2,"41,52 €",0
912639,505060,1053,xs,1,"38,51 €",0%
912640,505060,1123,40,1,"77,67 €",0.0
912641,505061,1292,S,1,"32,80 €",10%
912642,505061,1106,37,1,"73,33 €",20%
912643,505061,1261,S,1,"33,18 €",0
912644,505061,1317,Talla M,1,"27,13 €",0%
912645,505062,1391,M,1,"13,83 €",40
912646,505062,1285,M,1,"39,82 €",0.3
912647,505062,1058,S,1,"51,95 €",20%
912648,505063,1315,XL,1,"32,56 €",50%
912649,505063,1364,L,1,"11,29 €",0.2
912650,505063,1394,M,1,"26,56 €",0.1
912651,505063,1015,XS,1,"33,85 €",0.4
912652,505063,1351,XL,1,"26,88 €",20%
912653,505064,1357,XS,1,"16,44 €",20%
912654,505064,1203,S,1,"19,01 €",30%
912655,505064,1139,39,1,"49,46 €",0.3
912656,505064,1205,xs,1,"13,61 €",40%
912657,505065,1293,M,1,"37,48 €",0.3
912658,505065,1284,s,1,"20,70 €",0.3
912659,505065,1198,M,1,"16,38 €",20%
912660,505065,1315,xl,1,"32,56 €",10%
912661,505065,1208,L,1,"22,70 €",20
912662,505065,1204,M,2,"12,35 €",0.4
912663,505066,1281,M,1,"34,30 €",0
912664,505066,1391,Talla XS,1,"13,83 €",0
912665,505066,1070,Talla M,2,"27,27 €",0
912666,505067,1042,M,1,"49,99 €",0.4
912667,505067,1081,Talla L,1,"55,86 €",0.3
912668,505068,1384,Talla S,1,"25,64 €",0.2
912669,505068,1265,XL,1,"44,68 €",0.3
912670,505068,1240,Talla S,1,"41,66 €",0%
912671,505069,1322,L,1,"33,07 €",0
912672,505070,1173,Talla L,1,"22,99 €",0.2
912673,505070,1368,M,2,"20,18 €",0.4
912674,505070,1283,L,1,"24,64 €",10%
912675,505070,1176,XL,1,"23,41 €",40
912676,505071,1013,l,1,"31,03 €",0.0
912677,505072,1295,S,2,"36,18 €",20%
912678,505073,1309,m,1,"29,96 €",20%
912679,505073,1233,XL,1,"30,63 €",40
912680,505074,1131,40,1,"55,67 €",20%
912681,505075,1181,L,1,"24,51 €",20%
912682,505075,1148,42,1,"36,02 €",20%
912683,505075,1011,M,1,"58,99 €",40
912684,505075,1202,Talla L,1,"20,61 €",10
912685,505075,1384,L,1,"25,64 €",0.2
912686,505076,1197,Talla S,1,"14,87 €",0%
912687,505076,1170,S,2,"12,32 €",10%
912688,505076,1186,XS,1,"16,09 €",40%
912689,505077,1193,Talla XS,1,"20,23 €",0.2
912690,505077,1252,M,3,"33,85 €",0.3
912691,505078,1252,Talla XS,3,"33,85 €",0
912692,505079,1362,L,1,"26,07 €",30
912693,505080,1365,XS,1,"27,56 €",0.3
912694,505080,1168,M,2,"19,82 €",0.1
912695,505080,1227,L,1,"25,33 €",0.3
912696,505081,1002,S,1,"27,23 €",0.3
912697,505081,1206,S,1,"15,68 €",10%
912698,505081,1283,XL,1,"24,64 €",50
912699,505082,1042,XL,2,"49,99 €",0.4
912700,505083,1229,S,1,"38,72 €",0.2
912701,505084,1362,M,1,"26,07 €",30%
912702,505084,1304,L,1,"44,49 €",0%
912703,505085,1332,xs,1,"87,31 €",0.1
912704,505085,1063,XS,1,"41,19 €",50
912705,505085,1229,L,2,"38,72 €",0.0
912706,505085,1044,M,1,"36,91 €",10
912707,505086,1015,S,1,"33,85 €",0.4
912708,505086,1070,Talla M,1,"27,27 €",20%
912709,505086,1121,39,1,"72,81 €",0.2
912710,505087,1252,L,1,"33,85 €",30
912711,505088,1194,Talla XL,1,"22,75 €",10%
912712,505088,1325,XS,1,"46,91 €",20%
912713,505089,1255,M,3,"31,35 €",10
912714,505089,1144,39,1,"75,61 €",20
912715,505089,1122,37,1,"63,66 €",40
912716,505089,1374,XL,1,"12,90 €",0.2
912717,505090,1040,XS,1,"49,21 €",0.0
912718,505090,1134,42,2,"31,21 €",0.1
912719,505090,1198,XS,1,"16,38 €",0%
912720,505091,1106,39,1,"73,33 €",20%
912721,505091,1293,M,1,"37,48 €",0.0
912722,505092,1204,M,1,"12,35 €",0.0
912723,505092,1044,M,2,"36,91 €",0%
912724,505092,1362,M,1,"26,07 €",10
912725,505093,1123,Talla 39,1,"77,67 €",0.1
912726,505093,1245,XL,1,"40,31 €",30
912727,505093,1162,M,1,"19,00 €",40%
912728,505093,1107,41,1,"55,33 €",0.2
912729,505094,1204,XL,2,"12,35 €",0.3
912730,505095,1175,Talla M,1,"17,99 €",20%
912731,505095,1213,S,1,"12,89 €",0.1
912732,505095,1343,XL,1,"81,92 €",0.2
912733,505095,1204,l,2,"12,35 €",40
912734,505095,1010,M,1,"32,90 €",20
912735,505096,1322,S,1,"33,07 €",40%
912736,505096,1087,M,1,"49,59 €",30
912737,505096,1243,L,2,"42,14 €",0.3
912738,505096,1329,S,1,"45,80 €",0.1
912739,505097,1058,M,1,"51,95 €",0
912740,505098,1144,39,1,"75,61 €",0.3
912741,505099,1362,s,1,"26,07 €",10%
912742,505099,1037,XS,1,"41,52 €",20%
912743,505100,1203,XL,1,"19,01 €",0.1
912744,505100,1046,M,1,"42,24 €",0.3
912745,505101,1042,Talla XL,1,"49,99 €",40%
912746,505101,1229,S,1,"38,72 €",0.0
912747,505102,1013,Talla S,1,"31,03 €",0.3
912748,505102,1135,40,1,"71,49 €",0.1
912749,505103,1385,Talla XS,1,"28,77 €",0.2
912750,505104,1243,L,1,"42,14 €",20
912751,505105,1357,s,1,"16,44 €",0.2
912752,505105,1250,L,1,"31,36 €",50%
912753,505105,1179,M,1,"24,02 €",10%
912754,505105,1006,s,1,"40,90 €",20%
912755,505105,1362,M,1,"26,07 €",10%
912756,505106,1014,xl,1,"48,60 €",50
912757,505106,1316,XL,3,"43,89 €",0.0
912758,505106,1245,XS,3,"40,31 €",30%
912759,505107,1320,Talla M,1,"35,05 €",10
912760,505107,1203,S,1,"19,01 €",10
912761,505108,1192,XL,1,"13,33 €",0.2
912762,505108,1390,XL,1,"19,91 €",0.1
912763,505109,1109,39,3,"76,92 €",20
912764,505109,1389,L,1,"21,34 €",0.0
912765,505109,1129,36,1,"73,51 €",0.0
912766,505109,1252,M,2,"33,85 €",0.0
912767,505110,1069,S,1,"29,38 €",30
912768,505111,1252,XL,1,"33,85 €",50
912769,505112,1168,xs,1,"19,82 €",20%
912770,505113,1229,XL,1,"38,72 €",20
912771,505113,1064,S,1,"33,05 €",30%
912772,505113,1315,L,2,"32,56 €",40%
912773,505113,1197,S,1,"14,87 €",0.2
912774,505114,1288,m,1,"30,24 €",0.5
912775,505114,1353,M,1,"13,83 €",0.1
912776,505114,1388,S,1,"15,95 €",20%
912777,505114,1184,XS,1,"14,15 €",10%
912778,505115,1097,38,1,"45,52 €",30%
912779,505115,1162,S,1,"19,00 €",40
912780,505115,1311,Talla S,1,"30,25 €",0.2
912781,505115,1386,Talla S,2,"32,98 €",20
912782,505116,1257,Talla L,1,"41,13 €",0.0
912783,505116,1362,S,1,"26,07 €",0.0
912784,505117,1322,L,1,"33,07 €",20%
912785,505117,1291,L,1,"28,71 €",30%
912786,505117,1284,M,1,"20,70 €",10
912787,505117,1025,s,1,"59,54 €",0.0
912788,505117,1136,36,1,"73,76 €",0
912789,505118,1158,40,1,"44,36 €",10
912790,505119,1012,L,1,"40,99 €",20
912791,505119,1336,Talla M,1,"80,41 €",40%
912792,505120,1073,M,1,"26,22 €",20%
912793,505120,1188,M,1,"23,94 €",0.0
912794,505121,1139,41,1,"49,46 €",20%
912795,505121,1303,M,1,"34,22 €",0.3
912796,505122,1204,xl,2,"12,35 €",0.2
912797,505122,1211,L,1,"12,54 €",0.0
912798,505122,1054,M,2,"59,30 €",0.0
912799,505122,1193,Talla M,3,"20,23 €",0.0
912800,505123,1136,39,1,"73,76 €",30
912801,505124,1045,Talla M,2,"57,82 €",0
912802,505124,1152,Talla 42,1,"48,30 €",0%
912803,505125,1157,40,1,"47,95 €",20%
912804,505125,1069,m,1,"29,38 €",0.4
912805,505125,1214,S,1,"17,10 €",10%
912806,505126,1036,XL,1,"51,15 €",20%
912807,505127,1003,XS,1,"55,06 €",0
912808,505127,1382,L,2,"30,95 €",0%
912809,505127,1295,L,1,"36,18 €",0
912810,505128,1338,XL,1,"61,23 €",10
912811,505128,1285,xs,1,"39,82 €",40%
912812,505128,1357,M,3,"16,44 €",0.1
912813,505128,1392,S,1,"12,73 €",20%
912814,505128,1374,S,2,"12,90 €",0.1
912815,505129,1135,38,1,"71,49 €",0.0
912816,505129,1253,Talla XS,1,"42,45 €",0.1
912817,505129,1365,L,1,"27,56 €",0%
912818,505130,1015,S,1,"33,85 €",0
912819,505130,1182,Talla L,1,"16,74 €",0.2
912820,505130,1292,L,1,"32,80 €",0%
912821,505130,1360,L,1,"18,88 €",10
912822,505130,1072,l,1,"46,42 €",0.3
912823,505131,1036,xl,1,"51,15 €",40%
912824,505131,1100,Talla 39,1,"49,80 €",0.3
912825,505131,1305,l,3,"32,92 €",0.3
912826,505132,1195,xs,1,"18,13 €",0.4
912827,505132,1149,39,1,"75,51 €",30%
912828,505132,1219,M,1,"17,73 €",30%
912829,505132,1211,M,1,"12,54 €",0%
912830,505132,1315,Talla L,1,"32,56 €",0.1
912831,505133,1163,L,1,"22,89 €",50%
912832,505133,1071,XL,1,"29,62 €",0
912833,505134,1106,37,1,"73,33 €",0.1
912834,505134,1250,XS,1,"31,36 €",40%
912835,505134,1160,41,1,"65,05 €",0.0
912836,505134,1377,Talla L,1,"31,22 €",20
912837,505134,1272,Talla L,2,"29,98 €",0.3
912838,505135,1254,XL,1,"42,10 €",20%
912839,505135,1244,XL,1,"26,77 €",40%
912840,505135,1339,XL,1,"55,93 €",0.3
912841,505135,1378,XS,1,"21,35 €",0.1
912842,505135,1053,l,2,"38,51 €",10
912843,505135,1015,M,2,"33,85 €",20%
912844,505135,1114,40,1,"41,35 €",0.0
912845,505136,1176,Talla XS,1,"23,41 €",0.0
912846,505136,1135,38,1,"71,49 €",0.2
912847,505137,1120,Talla 38,1,"65,76 €",20%
912848,505137,1082,L,1,"49,65 €",0%
912849,505137,1061,Talla XL,1,"46,35 €",40%
912850,505137,1222,L,1,"27,70 €",0.1
912851,505138,1346,XL,1,"45,31 €",0.3
912852,505138,1273,XS,1,"32,69 €",10%
912853,505139,1285,XL,1,"39,82 €",0.3
912854,505139,1037,xl,1,"41,52 €",0
912855,505140,1144,Talla 39,1,"75,61 €",20%
912856,505140,1392,XL,1,"12,73 €",20
912857,505141,1256,L,2,"30,08 €",10%
912858,505142,1331,Talla M,1,"73,27 €",0.0
912859,505142,1310,XL,1,"40,69 €",0%
912860,505142,1015,S,1,"33,85 €",0%
912861,505143,1211,M,1,"12,54 €",40%
912862,505143,1087,M,1,"49,59 €",40%
912863,505143,1175,XL,1,"17,99 €",50%
912864,505143,1303,s,1,"34,22 €",20
912865,505143,1395,M,1,"20,05 €",30
912866,505144,1282,L,1,"36,05 €",0%
912867,505145,1208,L,1,"22,70 €",40%
912868,505146,1325,L,1,"46,91 €",0.4
912869,505146,1373,S,1,"14,01 €",30%
912870,505146,1198,XL,1,"16,38 €",0%
912871,505147,1013,L,1,"31,03 €",0.2
912872,505147,1154,36,1,"70,63 €",0.3
912873,505148,1234,L,1,"26,50 €",0.3
912874,505148,1272,M,1,"29,98 €",10%
912875,505148,1204,M,1,"12,35 €",20%
912876,505148,1288,L,1,"30,24 €",40
912877,505148,1143,Talla 40,1,"54,97 €",30%
912878,505148,1107,36,1,"55,33 €",10%
912879,505149,1385,M,1,"28,77 €",30
912880,505150,1004,XL,2,"45,55 €",40%
912881,505151,1273,XL,1,"32,69 €",20
912882,505151,1219,L,1,"17,73 €",30
912883,505152,1189,M,2,"16,40 €",20
912884,505152,1329,M,1,"45,80 €",30
912885,505153,1167,M,1,"18,87 €",50
912886,505153,1204,M,1,"12,35 €",0
912887,505154,1215,L,1,"23,23 €",0
912888,505154,1315,Talla S,1,"32,56 €",0%
912889,505155,1042,XL,1,"49,99 €",40
912890,505155,1168,M,1,"19,82 €",0.3
912891,505156,1182,Talla M,1,"16,74 €",0.0
912892,505156,1383,L,1,"20,95 €",20%
912893,505157,1315,S,1,"32,56 €",10%
912894,505157,1231,M,1,"35,23 €",30%
912895,505157,1225,M,1,"39,08 €",0
912896,505157,1170,Talla XS,2,"12,32 €",0.2
912897,505157,1284,S,1,"20,70 €",0.5
912898,505157,1037,Talla L,1,"41,52 €",10%
912899,505158,1368,S,1,"20,18 €",30%
912900,505159,1224,S,1,"25,88 €",0.2
912901,505159,1193,M,1,"20,23 €",0.0
912902,505159,1046,m,1,"42,24 €",10%
912903,505159,1030,XL,1,"46,38 €",20
912904,505160,1204,Talla L,3,"12,35 €",30%
912905,505160,1026,Talla L,1,"49,99 €",10
912906,505161,1229,m,1,"38,72 €",40
912907,505161,1053,XS,1,"38,51 €",30
912908,505162,1223,L,1,"29,79 €",20
912909,505162,1037,Talla XS,1,"41,52 €",20
912910,505163,1262,l,1,"36,87 €",10
912911,505163,1130,38,1,"73,00 €",30
912912,505163,1168,XL,1,"19,82 €",40
912913,505163,1174,S,1,"20,68 €",0.2
912914,505163,1106,40,1,"73,33 €",20%
912915,505164,1174,L,1,"20,68 €",0.4
912916,505165,1049,XL,1,"47,10 €",40%
912917,505165,1148,42,1,"36,02 €",20%
912918,505165,1296,M,1,"41,51 €",20
912919,505166,1329,M,1,"45,80 €",30%
912920,505166,1349,S,1,"53,20 €",20
912921,505166,1302,S,1,"47,49 €",0.3
912922,505167,1359,XL,1,"29,93 €",10
912923,505167,1154,38,1,"70,63 €",0.2
912924,505167,1015,xs,1,"33,85 €",20%
912925,505167,1280,M,1,"29,54 €",0%
912926,505168,1298,XL,1,"30,07 €",20%
912927,505169,1095,37,1,"41,57 €",0.3
912928,505169,1374,l,1,"12,90 €",0.4
912929,505170,1190,l,1,"19,61 €",10
912930,505170,1237,S,1,"35,53 €",0.3
912931,505170,1036,l,1,"51,15 €",20%
912932,505170,1329,L,1,"45,80 €",50%
912933,505170,1204,L,3,"12,35 €",40
912934,505171,1201,L,2,"24,28 €",10
912935,505171,1099,38,1,"79,99 €",0.4
912936,505171,1346,M,2,"45,31 €",10%
912937,505172,1204,XL,1,"12,35 €",30%
912938,505172,1218,xl,1,"23,13 €",0.3
912939,505173,1307,XL,1,"42,98 €",0.3
912940,505174,1204,Talla XS,1,"12,35 €",20
912941,505174,1285,L,1,"39,82 €",30%
912942,505174,1063,S,1,"41,19 €",10
912943,505174,1181,M,1,"24,51 €",0.2
912944,505174,1362,XS,1,"26,07 €",20
912945,505175,1359,XL,2,"29,93 €",40%
912946,505175,1204,l,1,"12,35 €",40%
912947,505176,1036,Talla M,1,"51,15 €",50%
912948,505177,1113,Talla 38,1,"38,95 €",0.4
912949,505178,1058,XS,1,"51,95 €",20
912950,505179,1074,L,1,"27,23 €",0.0
912951,505180,1105,36,2,"77,31 €",0.2
912952,505180,1252,S,1,"33,85 €",20%
912953,505181,1186,L,1,"16,09 €",0.1
912954,505181,1315,M,1,"32,56 €",40
912955,505181,1283,M,1,"24,64 €",40%
912956,505181,1288,M,1,"30,24 €",0.0
912957,505181,1113,36,1,"38,95 €",40%
912958,505181,1018,XL,1,"45,78 €",0.1
912959,505182,1282,m,1,"36,05 €",0.0
912960,505182,1204,l,1,"12,35 €",20%
912961,505183,1122,41,1,"63,66 €",50
912962,505183,1311,s,1,"30,25 €",20
912963,505183,1204,Talla M,1,"12,35 €",0.3
912964,505184,1104,Talla 39,1,"51,58 €",10%
912965,505184,1333,Talla L,1,"89,35 €",0.3
912966,505185,1388,M,3,"15,95 €",0%
912967,505186,1193,L,1,"20,23 €",0%
912968,505186,1359,s,1,"29,93 €",10
912969,505186,1388,l,2,"15,95 €",0.0
912970,505186,1204,L,2,"12,35 €",0.0
912971,505186,1129,42,2,"73,51 €",10%
912972,505187,1036,m,1,"51,15 €",0.2
912973,505188,1168,S,1,"19,82 €",30
912974,505189,1152,41,1,"48,30 €",20
912975,505189,1082,m,1,"49,65 €",50%
912976,505190,1134,40,1,"31,21 €",10%
912977,505190,1309,s,1,"29,96 €",20%
912978,505191,1315,L,1,"32,56 €",0%
912979,505191,1319,XL,1,"30,13 €",0.0
912980,505192,1116,37,2,"50,71 €",0.1
912981,505192,1396,XL,1,"15,65 €",0
912982,505193,1055,XS,1,"33,15 €",0.2
912983,505193,1204,XL,1,"12,35 €",40
912984,505194,1158,37,1,"44,36 €",20%
912985,505194,1271,S,1,"39,71 €",0.2
912986,505194,1231,L,2,"35,23 €",0%
912987,505194,1204,M,1,"12,35 €",20%
912988,505195,1192,M,1,"13,33 €",0.3
912989,505195,1086,M,1,"33,74 €",0%
912990,505195,1074,Talla XL,2,"27,23 €",0%
912991,505195,1152,39,1,"48,30 €",30
912992,505196,1364,Talla XL,1,"11,29 €",0.2
912993,505196,1368,S,1,"20,18 €",40%
912994,505197,1229,M,1,"38,72 €",50%
912995,505197,1283,L,1,"24,64 €",0.2
912996,505198,1326,XL,1,"67,24 €",20
912997,505199,1036,M,1,"51,15 €",10%
912998,505199,1140,37,1,"39,31 €",0.3
912999,505199,1128,36,2,"71,15 €",0.0
913000,505199,1106,38,1,"73,33 €",30
913001,505199,1090,XL,2,"34,56 €",0
913002,505200,1021,L,1,"43,85 €",20
913003,505200,1124,39,1,"77,92 €",0.2
913004,505201,1367,L,2,"13,47 €",30
913005,505202,1042,M,1,"49,99 €",40%
913006,505202,1002,Talla S,1,"27,23 €",10
913007,505203,1121,42,1,"72,81 €",0.1
913008,505204,1243,XL,1,"42,14 €",20%
913009,505204,1133,Talla 38,2,"48,67 €",0.3
913010,505205,1284,xl,1,"20,70 €",0%
913011,505206,1285,Talla L,1,"39,82 €",0.3
913012,505206,1240,Talla XS,1,"41,66 €",0.2
913013,505207,1224,XS,1,"25,88 €",20%
913014,505207,1251,s,1,"41,39 €",0.0
913015,505208,1315,M,1,"32,56 €",40%
913016,505208,1390,XL,3,"19,91 €",40
913017,505208,1087,XS,1,"49,59 €",20%
913018,505208,1108,40,1,"69,72 €",30%
913019,505209,1346,L,1,"45,31 €",40%
913020,505210,1388,S,1,"15,95 €",0.0
913021,505210,1273,M,1,"32,69 €",10
913022,505211,1123,38,1,"77,67 €",40%
913023,505212,1037,L,1,"41,52 €",20%
913024,505213,1123,40,1,"77,67 €",0.3
913025,505213,1385,XS,1,"28,77 €",10%
913026,505213,1187,L,1,"17,31 €",0.2
913027,505214,1087,Talla XS,1,"49,59 €",0
913028,505215,1273,L,1,"32,69 €",0.5
913029,505215,1134,38,1,"31,21 €",0%
913030,505216,1042,M,1,"49,99 €",0.4
913031,505216,1234,XL,1,"26,50 €",20
913032,505217,1336,xl,1,"80,41 €",0.0
913033,505218,1293,L,1,"37,48 €",20
913034,505219,1396,S,1,"15,65 €",30%
913035,505219,1122,37,1,"63,66 €",0.1
913036,505220,1351,m,1,"26,88 €",10%
913037,505220,1349,Talla XS,1,"53,20 €",0.0
913038,505220,1398,XS,1,"25,22 €",20
913039,505220,1053,m,1,"38,51 €",30
913040,505221,1254,XS,1,"42,10 €",0%
913041,505222,1359,M,1,"29,93 €",10
913042,505222,1293,M,1,"37,48 €",0%
913043,505222,1400,L,1,"25,30 €",0%
913044,505223,1204,XL,1,"12,35 €",20%
913045,505223,1282,S,1,"36,05 €",20
913046,505224,1386,m,1,"32,98 €",0.4
913047,505224,1315,M,1,"32,56 €",10
913048,505225,1204,S,1,"12,35 €",0.1
913049,505225,1242,L,1,"38,06 €",40
913050,505225,1346,m,1,"45,31 €",0.0
913051,505226,1248,S,1,"44,58 €",0%
913052,505226,1192,m,1,"13,33 €",0%
913053,505227,1051,L,1,"46,46 €",0.3
913054,505228,1252,S,1,"33,85 €",0%
913055,505229,1203,XL,1,"19,01 €",0%
913056,505230,1285,s,1,"39,82 €",0.2
913057,505230,1166,S,1,"15,50 €",0.2
913058,505231,1251,L,1,"41,39 €",10%
913059,505231,1311,XS,1,"30,25 €",0.5
913060,505232,1008,s,1,"54,28 €",0.4
913061,505232,1285,m,1,"39,82 €",20%
913062,505232,1064,M,3,"33,05 €",0.5
913063,505232,1081,l,2,"55,86 €",50
913064,505233,1162,XS,2,"19,00 €",10%
913065,505233,1060,s,1,"48,04 €",0.2
913066,505233,1111,42,1,"59,92 €",10%
913067,505233,1141,37,1,"47,53 €",0.2
913068,505234,1038,S,1,"27,52 €",20
913069,505234,1326,Talla M,1,"67,24 €",0.1
913070,505235,1042,xs,1,"49,99 €",40
913071,505235,1366,s,2,"26,15 €",30
913072,505235,1208,XL,1,"22,70 €",30%
913073,505235,1014,S,1,"48,60 €",30
913074,505236,1299,M,1,"43,49 €",0.0
913075,505236,1292,S,1,"32,80 €",0%
913076,505237,1256,XL,1,"30,08 €",0%
913077,505238,1032,M,1,"29,90 €",0.0
913078,505239,1072,S,1,"46,42 €",0.4
913079,505239,1022,Talla L,1,"36,94 €",10
913080,505239,1362,Talla L,1,"26,07 €",0.2
913081,505240,1208,S,1,"22,70 €",0.3
913082,505240,1385,XL,1,"28,77 €",0.3
913083,505241,1042,S,1,"49,99 €",40
913084,505242,1087,M,1,"49,59 €",0.3
913085,505243,1013,M,1,"31,03 €",0.1
913086,505243,1353,XL,1,"13,83 €",20%
913087,505243,1252,XL,1,"33,85 €",30
913088,505243,1070,XS,1,"27,27 €",0.2
913089,505244,1103,38,1,"62,95 €",30%
913090,505244,1234,L,1,"26,50 €",40%
913091,505245,1345,M,1,"85,68 €",30%
913092,505245,1250,S,1,"31,36 €",20
913093,505245,1333,M,1,"89,35 €",0%
913094,505246,1015,XL,1,"33,85 €",40%
913095,505246,1106,36,1,"73,33 €",0%
913096,505246,1225,M,2,"39,08 €",20
913097,505247,1217,S,1,"12,11 €",0.5
913098,505247,1204,s,1,"12,35 €",20
913099,505247,1069,L,1,"29,38 €",0.1
913100,505247,1262,M,1,"36,87 €",30%
913101,505248,1161,S,1,"23,07 €",0.0
913102,505248,1234,Talla XS,1,"26,50 €",20%
913103,505248,1322,M,1,"33,07 €",20%
913104,505249,1267,L,1,"36,41 €",20%
913105,505249,1315,M,1,"32,56 €",0.2
913106,505250,1229,M,1,"38,72 €",40%
913107,505250,1037,XS,1,"41,52 €",0.2
913108,505250,1206,S,1,"15,68 €",30%
913109,505250,1231,M,1,"35,23 €",0%
913110,505251,1047,S,2,"27,30 €",0.3
913111,505251,1149,39,1,"75,51 €",40%
913112,505252,1053,Talla XL,1,"38,51 €",0.1
913113,505252,1362,XL,1,"26,07 €",40
913114,505252,1304,M,1,"44,49 €",30%
913115,505252,1284,xs,1,"20,70 €",0%
913116,505253,1222,L,1,"27,70 €",0
913117,505253,1377,L,1,"31,22 €",0.1
913118,505254,1123,38,1,"77,67 €",30%
913119,505254,1045,xs,1,"57,82 €",20
913120,505254,1175,L,1,"17,99 €",10%
913121,505255,1036,M,1,"51,15 €",30%
913122,505255,1139,38,2,"49,46 €",30%
913123,505256,1204,L,2,"12,35 €",0.4
913124,505257,1229,M,1,"38,72 €",10
913125,505257,1023,M,3,"31,99 €",0.0
913126,505257,1390,S,1,"19,91 €",0.2
913127,505258,1110,41,1,"37,86 €",0.1
913128,505259,1280,S,1,"29,54 €",10%
913129,505259,1225,Talla L,1,"39,08 €",0%
913130,505259,1130,38,1,"73,00 €",0.0
913131,505259,1069,S,1,"29,38 €",0%
913132,505259,1338,XS,1,"61,23 €",0.1
913133,505259,1297,XS,1,"39,25 €",0
913134,505260,1070,S,1,"27,27 €",0.0
913135,505260,1070,Talla XS,1,"27,27 €",0.0
913136,505261,1042,S,1,"49,99 €",0.4
913137,505261,1098,37,1,"38,24 €",0.4
913138,505262,1081,M,2,"55,86 €",30%
913139,505262,1374,L,1,"12,90 €",30%
913140,505262,1003,XL,1,"55,06 €",0.3
913141,505263,1239,M,1,"31,88 €",0.3
913142,505263,1116,37,1,"50,71 €",0.5
913143,505264,1338,L,2,"61,23 €",0.3
913144,505264,1178,M,1,"22,32 €",10
913145,505264,1254,L,1,"42,10 €",20
913146,505264,1204,S,1,"12,35 €",0.5
913147,505265,1305,M,1,"32,92 €",10
913148,505265,1264,S,1,"44,81 €",40
913149,505265,1295,S,1,"36,18 €",30
913150,505265,1034,xs,1,"42,28 €",30%
913151,505266,1314,S,1,"42,15 €",0.2
913152,505266,1305,Talla XS,1,"32,92 €",30%
913153,505266,1350,XL,1,"57,49 €",0.4
913154,505267,1301,M,1,"46,93 €",20%
913155,505267,1214,M,1,"17,10 €",40%
913156,505268,1244,M,3,"26,77 €",10%
913157,505269,1042,XL,1,"49,99 €",40%
913158,505270,1042,M,2,"49,99 €",0.4
913159,505271,1315,Talla XL,1,"32,56 €",0%
913160,505272,1042,XL,1,"49,99 €",40%
913161,505272,1395,S,1,"20,05 €",10
913162,505272,1315,M,1,"32,56 €",0.2
913163,505272,1338,M,1,"61,23 €",50%
913164,505273,1210,Talla L,1,"18,98 €",10%
913165,505273,1160,38,1,"65,05 €",10%
913166,505274,1203,m,2,"19,01 €",0.2
913167,505274,1349,M,1,"53,20 €",30%
913168,505275,1232,XL,1,"26,48 €",30%
913169,505275,1194,L,1,"22,75 €",0.2
913170,505276,1061,M,1,"46,35 €",0.3
913171,505276,1038,m,1,"27,52 €",40%
913172,505276,1122,40,1,"63,66 €",20%
913173,505276,1315,XL,1,"32,56 €",20%
913174,505276,1375,M,1,"22,99 €",0%
913175,505277,1182,M,1,"16,74 €",20%
913176,505278,1275,S,1,"24,89 €",20
913177,505278,1252,m,1,"33,85 €",30%
913178,505278,1087,L,1,"49,59 €",0.2
913179,505278,1191,s,1,"20,63 €",0.1
913180,505279,1042,XL,1,"49,99 €",0.4
913181,505279,1168,L,1,"19,82 €",0.2
913182,505279,1168,S,1,"19,82 €",20%
913183,505279,1098,39,1,"38,24 €",40%
913184,505279,1216,S,3,"17,83 €",0.1
913185,505279,1213,S,1,"12,89 €",30
913186,505280,1021,M,1,"43,85 €",10%
913187,505280,1134,Talla 39,1,"31,21 €",0.1
913188,505280,1057,Talla L,1,"28,72 €",10
913189,505280,1314,L,1,"42,15 €",0.0
913190,505280,1070,XL,2,"27,27 €",0.0
913191,505281,1003,Talla XL,1,"55,06 €",0.0
913192,505281,1067,Talla L,1,"32,97 €",40
913193,505281,1366,l,1,"26,15 €",50
913194,505281,1068,S,2,"49,68 €",10%
913195,505281,1090,Talla M,1,"34,56 €",0.3
913196,505281,1143,Talla 38,1,"54,97 €",20%
913197,505282,1303,L,1,"34,22 €",20%
913198,505283,1205,XL,1,"13,61 €",40%
913199,505283,1063,M,1,"41,19 €",0.2
913200,505283,1204,M,1,"12,35 €",0.4
913201,505284,1042,XL,1,"49,99 €",40%
913202,505284,1006,M,1,"40,90 €",0.3
913203,505284,1013,s,1,"31,03 €",40%
913204,505284,1298,XL,1,"30,07 €",10%
913205,505285,1030,L,1,"46,38 €",40
913206,505286,1266,XS,1,"33,10 €",30%
913207,505286,1362,Talla S,1,"26,07 €",0.0
913208,505286,1029,S,1,"31,92 €",0.2
913209,505286,1077,L,1,"57,81 €",0.1
913210,505286,1354,XL,3,"10,85 €",10
913211,505287,1203,XL,1,"19,01 €",0.1
913212,505288,1066,M,1,"34,07 €",0.1
913213,505289,1204,XL,1,"12,35 €",40%
913214,505290,1040,M,1,"49,21 €",20%
913215,505290,1099,Talla 38,1,"79,99 €",0.2
913216,505290,1126,38,1,"52,20 €",30
913217,505290,1374,l,2,"12,90 €",0.1
913218,505290,1123,Talla 38,1,"77,67 €",50
913219,505290,1159,Talla 40,1,"51,99 €",40%
913220,505291,1366,S,2,"26,15 €",30%
913221,505291,1381,Talla M,1,"34,45 €",30%
913222,505292,1042,Talla S,1,"49,99 €",0.4
913223,505292,1058,M,1,"51,95 €",30
913224,505293,1251,XL,2,"41,39 €",0.1
913225,505294,1292,S,1,"32,80 €",0.4
913226,505294,1139,Talla 42,1,"49,46 €",20
913227,505295,1050,M,1,"52,78 €",0.3
913228,505295,1109,37,1,"76,92 €",20%
913229,505295,1262,M,2,"36,87 €",40
913230,505296,1286,L,1,"28,43 €",0%
913231,505296,1181,L,1,"24,51 €",20%
913232,505296,1012,M,1,"40,99 €",0.2
913233,505296,1331,M,1,"73,27 €",0.1
913234,505297,1393,Talla S,1,"13,58 €",20%
913235,505297,1307,M,1,"42,98 €",0.2
913236,505297,1314,m,1,"42,15 €",20
913237,505297,1045,S,1,"57,82 €",0.2
913238,505297,1069,S,1,"29,38 €",0.2
913239,505298,1229,XS,3,"38,72 €",0%
913240,505298,1289,S,1,"22,39 €",0.0
913241,505298,1036,M,1,"51,15 €",0.0
913242,505298,1308,XL,1,"36,22 €",0%
913243,505298,1136,39,2,"73,76 €",0
913244,505299,1277,s,1,"28,10 €",0.0
913245,505299,1305,M,1,"32,92 €",0.2
913246,505300,1031,s,2,"33,85 €",10%
913247,505300,1317,Talla L,1,"27,13 €",0%
913248,505301,1107,39,1,"55,33 €",20
913249,505302,1148,37,1,"36,02 €",20%
913250,505302,1283,M,1,"24,64 €",0.2
913251,505303,1132,40,1,"72,05 €",40
913252,505303,1197,xs,1,"14,87 €",0.2
913253,505303,1212,s,1,"12,74 €",20
913254,505304,1175,M,2,"17,99 €",30%
913255,505304,1071,S,1,"29,62 €",0.4
913256,505304,1290,L,1,"23,54 €",0
913257,505304,1090,Talla M,1,"34,56 €",0.2
913258,505305,1324,s,1,"40,15 €",0%
913259,505305,1186,M,1,"16,09 €",0.0
913260,505305,1223,M,1,"29,79 €",0.0
913261,505305,1396,S,1,"15,65 €",0.0
913262,505305,1240,s,1,"41,66 €",0
913263,505305,1219,Talla M,1,"17,73 €",0.0
913264,505306,1246,M,1,"32,78 €",40
913265,505307,1345,S,1,"85,68 €",30
913266,505308,1117,36,1,"49,56 €",0.0
913267,505308,1033,M,1,"54,99 €",0%
913268,505309,1249,M,1,"34,29 €",10%
913269,505309,1292,M,1,"32,80 €",0.3
913270,505309,1157,38,1,"47,95 €",40%
913271,505309,1375,XS,1,"22,99 €",0.2
913272,505309,1305,M,1,"32,92 €",50
913273,505309,1120,41,1,"65,76 €",30%
913274,505310,1359,S,1,"29,93 €",30
913275,505310,1132,39,2,"72,05 €",20
913276,505310,1055,S,1,"33,15 €",0%
913277,505311,1331,XL,1,"73,27 €",0
913278,505311,1151,39,1,"47,09 €",0%
913279,505312,1134,42,1,"31,21 €",0.1
913280,505312,1296,m,1,"41,51 €",0.2
913281,505312,1005,XS,1,"31,32 €",20
913282,505312,1115,39,1,"64,90 €",20%
913283,505313,1203,L,3,"19,01 €",10%
913284,505313,1061,L,1,"46,35 €",10%
913285,505314,1053,XL,1,"38,51 €",20%
913286,505314,1203,M,1,"19,01 €",0.3
913287,505315,1165,M,1,"13,35 €",10%
913288,505315,1183,S,1,"22,12 €",10%
913289,505315,1367,Talla M,1,"13,47 €",0.0
913290,505316,1112,37,1,"78,05 €",20%
913291,505317,1292,Talla XL,1,"32,80 €",0.1
913292,505317,1086,S,2,"33,74 €",10%
913293,505318,1317,Talla XS,1,"27,13 €",0.3
913294,505319,1042,XS,1,"49,99 €",40%
913295,505319,1012,XS,1,"40,99 €",50%
913296,505319,1312,M,1,"35,92 €",20%
913297,505320,1042,S,1,"49,99 €",40
913298,505320,1362,m,1,"26,07 €",30%
913299,505320,1315,L,1,"32,56 €",50%
913300,505321,1388,M,1,"15,95 €",0%
913301,505321,1314,L,1,"42,15 €",0.1
913302,505321,1316,S,1,"43,89 €",10
913303,505322,1021,M,1,"43,85 €",40
913304,505322,1360,XS,1,"18,88 €",20
913305,505322,1362,M,1,"26,07 €",30
913306,505322,1314,m,1,"42,15 €",0.2
913307,505323,1120,38,2,"65,76 €",0.2
913308,505323,1079,L,2,"46,26 €",10%
913309,505323,1148,42,1,"36,02 €",10
913310,505323,1027,L,1,"34,91 €",0.0
913311,505324,1042,L,1,"49,99 €",40
913312,505325,1235,Talla XS,1,"34,51 €",0%
913313,505325,1226,M,1,"35,69 €",10%
913314,505326,1359,M,1,"29,93 €",20%
913315,505326,1364,L,1,"11,29 €",20%
913316,505326,1280,M,2,"29,54 €",20%
913317,505326,1276,Talla L,1,"24,73 €",10
913318,505326,1189,M,1,"16,40 €",30%
913319,505327,1305,S,1,"32,92 €",20
913320,505328,1395,S,1,"20,05 €",20%
913321,505328,1336,Talla XL,1,"80,41 €",10%
913322,505329,1243,XS,1,"42,14 €",40%
913323,505329,1379,M,1,"31,72 €",0.2
913324,505330,1219,Talla M,1,"17,73 €",20%
913325,505330,1037,S,1,"41,52 €",40%
913326,505331,1147,38,1,"30,45 €",20%
913327,505331,1072,S,1,"46,42 €",20%
913328,505331,1245,M,2,"40,31 €",30
913329,505332,1303,s,2,"34,22 €",0.2
913330,505332,1025,XL,1,"59,54 €",20
913331,505332,1262,l,1,"36,87 €",0.2
913332,505333,1038,XS,1,"27,52 €",20
913333,505333,1036,L,1,"51,15 €",0.2
913334,505334,1186,Talla S,1,"16,09 €",0.1
913335,505334,1252,L,1,"33,85 €",0.4
913336,505334,1204,m,1,"12,35 €",20%
913337,505335,1303,L,1,"34,22 €",0
913338,505335,1315,Talla L,1,"32,56 €",0
913339,505336,1288,L,1,"30,24 €",30%
913340,505337,1080,Talla M,1,"34,78 €",40%
913341,505337,1184,xs,1,"14,15 €",0%
913342,505337,1044,S,2,"36,91 €",20%
913343,505337,1339,XL,2,"55,93 €",0.3
913344,505338,1319,XS,1,"30,13 €",0.2
913345,505339,1219,XS,1,"17,73 €",20%
913346,505339,1204,xl,1,"12,35 €",0.5
913347,505340,1204,XS,1,"12,35 €",30
913348,505341,1158,40,1,"44,36 €",10%
913349,505342,1284,L,1,"20,70 €",0%
913350,505342,1176,S,1,"23,41 €",0
913351,505343,1155,39,1,"61,83 €",20%
913352,505343,1055,S,1,"33,15 €",0.2
913353,505344,1091,41,1,"75,99 €",20%
913354,505344,1200,L,1,"21,79 €",30%
913355,505344,1204,M,1,"12,35 €",30
913356,505345,1282,M,1,"36,05 €",20%
913357,505345,1170,S,1,"12,32 €",20
913358,505345,1113,38,1,"38,95 €",0.1
913359,505345,1311,S,1,"30,25 €",0.1
913360,505345,1140,41,1,"39,31 €",0
913361,505345,1219,M,1,"17,73 €",0.4
913362,505346,1018,L,1,"45,78 €",10%
913363,505346,1364,L,1,"11,29 €",30%
913364,505346,1238,L,1,"36,15 €",0.5
913365,505346,1041,xs,1,"57,12 €",0%
913366,505346,1380,XS,1,"34,77 €",30
913367,505346,1036,S,1,"51,15 €",0.2
913368,505347,1188,S,1,"23,94 €",0%
913369,505347,1162,M,1,"19,00 €",10%
913370,505348,1302,M,1,"47,49 €",0.1
913371,505348,1235,xl,1,"34,51 €",20%
913372,505349,1114,37,1,"41,35 €",0.1
913373,505350,1042,Talla M,1,"49,99 €",0.4
913374,505350,1149,38,2,"75,51 €",30
913375,505350,1037,XL,1,"41,52 €",10
913376,505351,1138,41,1,"48,26 €",20%
913377,505351,1106,40,1,"73,33 €",30
913378,505352,1254,XS,1,"42,10 €",0.0
913379,505352,1159,40,1,"51,99 €",0%
913380,505353,1298,M,1,"30,07 €",40%
913381,505354,1357,XL,1,"16,44 €",0.1
913382,505354,1037,S,1,"41,52 €",0.3
913383,505355,1070,M,1,"27,27 €",0.4
913384,505355,1175,L,1,"17,99 €",40%
913385,505356,1136,39,1,"73,76 €",20%
913386,505356,1345,M,2,"85,68 €",20%
913387,505357,1350,M,1,"57,49 €",0%
913388,505357,1203,xs,1,"19,01 €",30%
913389,505357,1203,S,2,"19,01 €",0
913390,505357,1156,Talla 39,1,"56,23 €",0.2
913391,505357,1117,40,1,"49,56 €",10
913392,505358,1037,m,1,"41,52 €",0.2
913393,505358,1289,M,1,"22,39 €",40%
913394,505359,1285,Talla S,1,"39,82 €",0.2
913395,505359,1106,38,1,"73,33 €",40
913396,505359,1385,S,1,"28,77 €",10%
913397,505359,1327,XL,2,"77,26 €",10
913398,505360,1270,M,1,"37,43 €",10%
913399,505360,1067,m,1,"32,97 €",0.3
913400,505360,1004,s,1,"45,55 €",20%
913401,505361,1185,m,1,"21,81 €",0%
913402,505361,1325,XS,1,"46,91 €",0%
913403,505361,1271,L,1,"39,71 €",0%
913404,505361,1379,M,1,"31,72 €",0%
913405,505362,1080,M,1,"34,78 €",0.0
913406,505362,1168,M,1,"19,82 €",10%
913407,505363,1167,XS,1,"18,87 €",0.3
913408,505364,1121,39,1,"72,81 €",0.3
913409,505364,1229,M,1,"38,72 €",40%
913410,505364,1221,XL,1,"28,31 €",30%
913411,505364,1376,xl,1,"26,99 €",20
913412,505364,1123,38,2,"77,67 €",0%
913413,505365,1106,39,3,"73,33 €",10%
913414,505366,1321,M,1,"37,98 €",0.2
913415,505366,1285,S,2,"39,82 €",40
913416,505366,1315,L,1,"32,56 €",20
913417,505366,1231,Talla S,1,"35,23 €",20%
913418,505366,1395,S,2,"20,05 €",0.3
913419,505367,1317,XS,1,"27,13 €",40%
913420,505367,1283,XL,1,"24,64 €",30
913421,505367,1093,37,1,"68,61 €",40%
913422,505367,1211,s,1,"12,54 €",0.1
913423,505367,1008,XL,1,"54,28 €",40%
913424,505368,1327,S,3,"77,26 €",20
913425,505368,1106,40,1,"73,33 €",10%
913426,505369,1064,XL,1,"33,05 €",0.0
913427,505370,1287,S,1,"35,59 €",0.4
913428,505371,1036,S,1,"51,15 €",0%
913429,505372,1042,XL,1,"49,99 €",0.4
913430,505372,1063,L,1,"41,19 €",30%
913431,505372,1264,M,1,"44,81 €",0.2
913432,505373,1368,M,1,"20,18 €",10
913433,505374,1106,36,2,"73,33 €",20
913434,505374,1322,M,1,"33,07 €",0.2
913435,505375,1177,xs,1,"20,83 €",0%
913436,505376,1263,L,1,"39,31 €",40
913437,505376,1162,XL,1,"19,00 €",10
913438,505377,1011,XL,1,"58,99 €",0%
913439,505377,1310,S,1,"40,69 €",20%
913440,505378,1357,XL,1,"16,44 €",20%
913441,505378,1078,L,1,"56,16 €",10
913442,505378,1090,S,1,"34,56 €",20
913443,505378,1087,M,1,"49,59 €",30%
913444,505378,1167,S,1,"18,87 €",0.3
913445,505378,1304,L,1,"44,49 €",30%
913446,505379,1163,S,0,"22,89 €",30
913447,505379,1015,S,1,"33,85 €",0.4
913448,505379,1266,Talla L,1,"33,10 €",20%
913449,505379,1015,XL,1,"33,85 €",0
913450,505379,1031,M,1,"33,85 €",40
913451,505380,1034,Talla M,2,"42,28 €",0.1
913452,505380,1104,Talla 40,1,"51,58 €",40
913453,505380,1315,S,1,"32,56 €",0.4
913454,505380,1145,38,1,"44,56 €",0.2
913455,505381,1378,M,1,"21,35 €",0.3
913456,505382,1114,Talla 38,1,"41,35 €",0.1
913457,505382,1272,xs,1,"29,98 €",0.2
913458,505382,1354,Talla M,1,"10,85 €",0.2
913459,505382,1175,L,1,"17,99 €",10%
913460,505383,1185,M,1,"21,81 €",0.2
913461,505384,1121,37,1,"72,81 €",0.0
913462,505384,1315,Talla M,1,"32,56 €",0.1
913463,505385,1014,M,1,"48,60 €",50
913464,505385,1389,S,1,"21,34 €",0.2
913465,505385,1134,40,1,"31,21 €",0.3
913466,505385,1048,XL,1,"36,45 €",10
913467,505386,1012,Talla XS,1,"40,99 €",30%
913468,505386,1077,L,1,"57,81 €",40%
913469,505386,1293,S,1,"37,48 €",10%
913470,505387,1180,S,1,"17,79 €",0.3
913471,505387,1353,Talla XL,1,"13,83 €",10%
913472,505387,1256,L,1,"30,08 €",40%
913473,505388,1076,XL,2,"47,04 €",20%
913474,505388,1036,M,2,"51,15 €",0.1
913475,505388,1111,40,3,"59,92 €",20%
913476,505389,1098,36,1,"38,24 €",20%
913477,505389,1350,L,1,"57,49 €",50%
913478,505389,1204,M,1,"12,35 €",40
913479,505390,1204,S,1,"12,35 €",20%
913480,505390,1286,M,1,"28,43 €",10
913481,505390,1060,S,1,"48,04 €",30
913482,505390,1293,M,1,"37,48 €",0.3
913483,505391,1372,M,2,"28,06 €",20%
913484,505391,1201,M,1,"24,28 €",20
913485,505392,1388,M,1,"15,95 €",0.5
913486,505393,1100,39,1,"49,80 €",50
913487,505393,1339,L,1,"55,93 €",40%
913488,505394,1040,s,1,"49,21 €",10
913489,505394,1204,L,1,"12,35 €",10%
913490,505395,1329,L,2,"45,80 €",0.2
913491,505395,1345,Talla L,1,"85,68 €",0
913492,505395,1204,L,3,"12,35 €",0.4
913493,505396,1208,L,1,"22,70 €",20
913494,505396,1387,Talla L,1,"10,36 €",0.2
913495,505397,1214,l,2,"17,10 €",0.1
913496,505398,1215,L,1,"23,23 €",0
913497,505398,1197,L,1,"14,87 €",10%
913498,505399,1375,Talla XL,1,"22,99 €",30
913499,505400,1192,Talla S,2,"13,33 €",20
913500,505401,1044,L,2,"36,91 €",40
913501,505401,1013,S,3,"31,03 €",40
913502,505402,1272,L,1,"29,98 €",0.2
913503,505402,1010,S,1,"32,90 €",0.2
913504,505403,1164,Talla M,1,"18,58 €",0.2
913505,505404,1106,39,1,"73,33 €",10
913506,505404,1022,L,1,"36,94 €",10
913507,505404,1338,M,1,"61,23 €",0.4
913508,505404,1106,41,1,"73,33 €",0.4
913509,505404,1245,XS,1,"40,31 €",40
913510,505404,1106,40,2,"73,33 €",0.4
913511,505405,1294,Talla M,1,"28,15 €",0%
913512,505405,1018,M,1,"45,78 €",0%
913513,505405,1257,M,1,"41,13 €",0%
913514,505406,1359,L,1,"29,93 €",0%
913515,505406,1345,XL,1,"85,68 €",0.2
913516,505407,1042,M,1,"49,99 €",40%
913517,505407,1265,m,1,"44,68 €",30%
913518,505407,1395,M,1,"20,05 €",10%
913519,505407,1074,M,1,"27,23 €",0.2
913520,505407,1346,S,1,"45,31 €",20%
913521,505408,1393,L,1,"13,58 €",20%
913522,505408,1315,M,1,"32,56 €",30%
913523,505408,1278,S,2,"29,80 €",30%
913524,505409,1042,M,2,"49,99 €",0.4
913525,505409,1300,S,1,"32,84 €",0.1
913526,505409,1107,37,1,"55,33 €",0.1
913527,505409,1392,S,1,"12,73 €",10
913528,505409,1233,XL,1,"30,63 €",0%
913529,505409,1307,S,1,"42,98 €",0.4
913530,505410,1247,L,1,"43,39 €",20%
913531,505410,1272,s,1,"29,98 €",10
913532,505410,1307,XL,2,"42,98 €",0
913533,505411,1288,M,1,"30,24 €",40%
913534,505412,1364,Talla L,1,"11,29 €",0.2
913535,505412,1094,37,1,"61,63 €",10%
913536,505412,1035,XS,1,"57,32 €",30%
913537,505413,1121,39,2,"72,81 €",0.2
913538,505413,1068,XS,2,"49,68 €",20%
913539,505413,1303,XS,1,"34,22 €",10%
913540,505414,1288,XS,1,"30,24 €",20%
913541,505414,1265,L,1,"44,68 €",20
913542,505414,1026,L,1,"49,99 €",10
913543,505415,1275,L,1,"24,89 €",0
913544,505415,1130,38,1,"73,00 €",10%
913545,505416,1192,M,1,"13,33 €",10
913546,505416,1174,M,1,"20,68 €",20
913547,505417,1285,M,1,"39,82 €",0.0
913548,505417,1266,m,3,"33,10 €",40%
913549,505417,1162,XS,1,"19,00 €",0.3
913550,505418,1381,M,1,"34,45 €",50
913551,505418,1318,M,1,"40,14 €",0.2
913552,505418,1204,S,1,"12,35 €",0%
913553,505418,1068,Talla XS,1,"49,68 €",50
913554,505418,1372,XS,1,"28,06 €",0%
913555,505418,1106,37,1,"73,33 €",30%
913556,505418,1087,S,1,"49,59 €",20
913557,505419,1184,L,1,"14,15 €",10
913558,505419,1315,M,1,"32,56 €",0.1
913559,505420,1292,Talla S,3,"32,80 €",20
913560,505421,1204,S,1,"12,35 €",20
913561,505421,1279,S,1,"28,28 €",20%
913562,505421,1124,40,1,"77,92 €",0%
913563,505422,1293,XS,1,"37,48 €",40
913564,505422,1257,Talla M,1,"41,13 €",0.1
913565,505423,1203,S,1,"19,01 €",0
913566,505424,1266,XL,1,"33,10 €",10%
913567,505424,1098,37,1,"38,24 €",20%
913568,505424,1290,L,1,"23,54 €",0.4
913569,505425,1045,M,1,"57,82 €",0.1
913570,505425,1303,Talla S,1,"34,22 €",0.4
913571,505426,1260,L,1,"41,99 €",40%
913572,505427,1130,40,1,"73,00 €",0.1
913573,505427,1134,39,1,"31,21 €",10%
913574,505428,1207,M,1,"16,71 €",0.3
913575,505428,1305,M,1,"32,92 €",30
913576,505428,1106,38,1,"73,33 €",20
913577,505428,1362,XS,1,"26,07 €",20%
913578,505429,1042,L,1,"49,99 €",40%
913579,505430,1203,XL,1,"19,01 €",30
913580,505430,1233,M,1,"30,63 €",0.0
913581,505431,1273,XL,1,"32,69 €",0.2
913582,505432,1315,M,1,"32,56 €",50%
913583,505432,1128,38,2,"71,15 €",40
913584,505432,1333,Talla S,1,"89,35 €",20%
913585,505433,1396,XS,1,"15,65 €",20%
913586,505433,1257,M,1,"41,13 €",10%
913587,505434,1061,M,1,"46,35 €",30
913588,505434,1182,M,1,"16,74 €",0.1
913589,505434,1361,L,1,"14,66 €",0
913590,505434,1123,38,1,"77,67 €",0.1
913591,505435,1248,L,1,"44,58 €",10%
913592,505435,1107,39,2,"55,33 €",20%
913593,505435,1107,42,1,"55,33 €",0.3
913594,505435,1252,L,1,"33,85 €",10
913595,505435,1230,M,2,"25,06 €",0.1
913596,505436,1194,Talla M,1,"22,75 €",20
913597,505437,1178,L,1,"22,32 €",20%
913598,505437,1307,S,1,"42,98 €",50
913599,505437,1204,M,1,"12,35 €",30%
913600,505437,1064,XL,1,"33,05 €",20%
913601,505437,1160,36,1,"65,05 €",40%
913602,505438,1152,41,1,"48,30 €",0
913603,505439,1295,Talla M,1,"36,18 €",0.0
913604,505439,1372,m,1,"28,06 €",0
913605,505439,1376,M,1,"26,99 €",0%
913606,505439,1168,L,1,"19,82 €",10
913607,505439,1203,XL,1,"19,01 €",0.0
913608,505440,1082,S,1,"49,65 €",0.0
913609,505440,1277,XS,1,"28,10 €",0%
913610,505441,1093,Talla 38,1,"68,61 €",20%
913611,505441,1073,XS,1,"26,22 €",0.3
913612,505441,1350,m,2,"57,49 €",30%
913613,505441,1002,Talla L,1,"27,23 €",30%
913614,505442,1226,Talla M,1,"35,69 €",30%
913615,505443,1229,XL,1,"38,72 €",0.2
913616,505443,1197,xs,1,"14,87 €",0.1
913617,505444,1042,m,1,"49,99 €",40%
913618,505444,1389,L,1,"21,34 €",0.2
913619,505444,1223,Talla L,2,"29,79 €",20
913620,505445,1368,Talla XS,1,"20,18 €",0.2
913621,505445,1305,L,1,"32,92 €",20
913622,505446,1042,m,2,"49,99 €",0.4
913623,505446,1136,39,1,"73,76 €",20
913624,505447,1051,XL,1,"46,46 €",0.0
913625,505447,1053,M,2,"38,51 €",10
913626,505447,1077,S,2,"57,81 €",40%
913627,505447,1053,XS,3,"38,51 €",0.0
913628,505447,1313,Talla S,1,"38,98 €",20
913629,505448,1069,l,1,"29,38 €",0.3
913630,505448,1022,L,1,"36,94 €",0.2
913631,505449,1318,M,1,"40,14 €",0
913632,505449,1230,XS,2,"25,06 €",20
913633,505450,1203,M,2,"19,01 €",0.1
913634,505450,1061,m,1,"46,35 €",30
913635,505450,1233,L,1,"30,63 €",0.1
913636,505450,1004,XL,1,"45,55 €",20
913637,505451,1285,Talla L,1,"39,82 €",30%
913638,505451,1216,L,1,"17,83 €",0.3
913639,505451,1209,M,1,"13,65 €",20%
913640,505452,1042,XL,1,"49,99 €",0.4
913641,505452,1077,S,1,"57,81 €",0.3
913642,505453,1338,M,1,"61,23 €",40
913643,505453,1097,40,1,"45,52 €",20
913644,505454,1331,XS,2,"73,27 €",40%
913645,505455,1073,XS,1,"26,22 €",20
913646,505456,1346,S,1,"45,31 €",10
913647,505456,1256,L,1,"30,08 €",10%
913648,505456,1267,S,1,"36,41 €",40
913649,505457,1121,38,1,"72,81 €",50
913650,505457,1183,Talla M,1,"22,12 €",40%
913651,505458,1264,M,1,"44,81 €",0.2
913652,505458,1112,39,1,"78,05 €",0%
913653,505459,1231,l,1,"35,23 €",20%
913654,505459,1259,S,1,"30,24 €",10%
913655,505459,1284,M,1,"20,70 €",10%
913656,505460,1042,S,1,"49,99 €",40
913657,505460,1100,Talla 39,1,"49,80 €",10%
913658,505460,1054,l,1,"59,30 €",0.2
913659,505460,1106,36,1,"73,33 €",0.2
913660,505461,1362,Talla L,2,"26,07 €",0
913661,505461,1203,Talla M,3,"19,01 €",0
913662,505461,1207,L,1,"16,71 €",0.0
913663,505461,1151,41,1,"47,09 €",10%
913664,505461,1027,M,1,"34,91 €",0.0
913665,505462,1204,L,1,"12,35 €",0.2
913666,505462,1182,S,1,"16,74 €",0.5
913667,505463,1042,xs,1,"49,99 €",40%
913668,505463,1300,XS,1,"32,84 €",20%
913669,505463,1354,L,1,"10,85 €",40%
913670,505463,1385,XL,1,"28,77 €",20
913671,505463,1303,S,1,"34,22 €",50%
913672,505463,1241,XL,2,"36,57 €",30
913673,505464,1357,L,1,"16,44 €",20%
913674,505464,1115,37,1,"64,90 €",40%
913675,505464,1148,38,1,"36,02 €",20%
913676,505465,1042,Talla L,1,"49,99 €",40%
913677,505466,1015,Talla L,1,"33,85 €",10%
913678,505466,1329,Talla S,1,"45,80 €",20%
913679,505467,1241,m,1,"36,57 €",0.2
913680,505467,1295,Talla XL,1,"36,18 €",30%
913681,505467,1315,XL,1,"32,56 €",0.3
913682,505468,1384,S,1,"25,64 €",30
913683,505468,1204,L,1,"12,35 €",0.3
913684,505469,1127,40,1,"79,76 €",0%
913685,505469,1285,M,2,"39,82 €",0%
913686,505469,1021,S,1,"43,85 €",0.0
913687,505469,1168,XS,2,"19,82 €",0
913688,505469,1229,S,1,"38,72 €",0%
913689,505470,1063,Talla M,1,"41,19 €",30%
913690,505471,1042,S,1,"49,99 €",0.4
913691,505472,1112,37,1,"78,05 €",30%
913692,505472,1002,L,2,"27,23 €",0.2
913693,505473,1023,XL,1,"31,99 €",0.3
913694,505473,1082,S,2,"49,65 €",30
913695,505473,1252,M,1,"33,85 €",40%
913696,505473,1148,41,1,"36,02 €",0.2
913697,505473,1021,XL,1,"43,85 €",0
913698,505474,1191,XL,1,"20,63 €",0%
913699,505474,1178,S,2,"22,32 €",0%
913700,505475,1036,S,2,"51,15 €",20%
913701,505475,1094,40,1,"61,63 €",10
913702,505476,1124,39,1,"77,92 €",20
913703,505476,1298,XS,1,"30,07 €",0.3
913704,505477,1112,Talla 38,2,"78,05 €",0%
913705,505477,1284,XL,2,"20,70 €",0.2
913706,505477,1141,37,1,"47,53 €",20%
913707,505477,1140,41,2,"39,31 €",20%
913708,505477,1006,M,3,"40,90 €",0
913709,505477,1157,38,1,"47,95 €",20%
913710,505478,1185,S,1,"21,81 €",20
913711,505479,1148,39,1,"36,02 €",0.2
913712,505479,1346,S,1,"45,31 €",40%
913713,505480,1095,Talla 37,1,"41,57 €",50%
913714,505480,1204,S,1,"12,35 €",0.4
913715,505480,1026,M,1,"49,99 €",0.1
913716,505480,1099,40,2,"79,99 €",0.3
913717,505480,1298,L,2,"30,07 €",30
913718,505481,1088,xl,1,"36,00 €",0.3
913719,505481,1204,s,1,"12,35 €",10%
913720,505481,1106,38,1,"73,33 €",0.3
913721,505481,1070,M,1,"27,27 €",10
913722,505482,1176,Talla L,1,"23,41 €",0.3
913723,505482,1106,38,1,"73,33 €",30
913724,505482,1038,S,1,"27,52 €",20
913725,505482,1062,s,1,"43,22 €",10%
913726,505483,1305,M,1,"32,92 €",0.2
913727,505483,1285,S,1,"39,82 €",10
913728,505484,1341,M,1,"40,01 €",0.0
913729,505484,1225,M,3,"39,08 €",0.1
913730,505485,1219,L,1,"17,73 €",0.2
913731,505485,1381,l,1,"34,45 €",0.2
913732,505485,1086,XL,1,"33,74 €",20%
913733,505485,1227,L,1,"25,33 €",0.2
913734,505485,1010,Talla XL,1,"32,90 €",0
913735,505486,1233,XS,1,"30,63 €",0.2
913736,505487,1211,l,1,"12,54 €",0.0
913737,505487,1285,Talla XS,1,"39,82 €",20%
913738,505488,1171,s,1,"18,14 €",0%
913739,505488,1081,S,1,"55,86 €",10%
913740,505489,1126,40,1,"52,20 €",10
913741,505489,1207,M,1,"16,71 €",0.2
913742,505489,1220,L,1,"18,87 €",20%
913743,505490,1300,XL,1,"32,84 €",40%
913744,505490,1015,M,1,"33,85 €",0%
913745,505490,1098,40,1,"38,24 €",0
913746,505491,1358,XL,1,"26,83 €",30%
913747,505491,1135,39,1,"71,49 €",40
913748,505492,1024,xl,1,"56,24 €",0.2
913749,505492,1094,38,1,"61,63 €",0.2
913750,505493,1052,M,1,"52,18 €",0.1
913751,505493,1059,XL,1,"55,73 €",20%
913752,505494,1252,s,1,"33,85 €",0.3
913753,505495,1274,L,1,"39,02 €",20%
913754,505495,1095,40,1,"41,57 €",20%
913755,505495,1064,l,1,"33,05 €",0%
913756,505495,1219,XL,1,"17,73 €",0.5
913757,505496,1302,M,1,"47,49 €",0.4
913758,505497,1062,M,1,"43,22 €",40%
913759,505497,1036,XL,1,"51,15 €",0.5
913760,505498,1094,37,1,"61,63 €",0.2
913761,505499,1003,M,1,"55,06 €",0.2
913762,505499,1194,XS,1,"22,75 €",0.1
913763,505499,1264,M,1,"44,81 €",10%
913764,505499,1080,XS,1,"34,78 €",0.4
913765,505499,1346,M,3,"45,31 €",20
913766,505499,1382,L,1,"30,95 €",50
913767,505500,1346,L,1,"45,31 €",0.3
913768,505501,1315,L,2,"32,56 €",40%
913769,505501,1229,S,2,"38,72 €",20%
913770,505501,1252,Talla L,1,"33,85 €",20%
913771,505501,1368,Talla M,2,"20,18 €",20%
913772,505502,1090,M,1,"34,56 €",30%
913773,505502,1104,42,1,"51,58 €",20%
913774,505503,1061,S,1,"46,35 €",0.2
913775,505503,1139,38,1,"49,46 €",0.1
913776,505503,1204,L,2,"12,35 €",0.0
913777,505504,1069,l,1,"29,38 €",0%
913778,505504,1069,Talla XL,1,"29,38 €",0.0
913779,505504,1106,38,1,"73,33 €",0%
913780,505505,1174,M,1,"20,68 €",0.3
913781,505506,1093,39,1,"68,61 €",0.2
913782,505507,1188,S,1,"23,94 €",30
913783,505507,1266,S,2,"33,10 €",20%
913784,505507,1235,M,1,"34,51 €",0.0
913785,505508,1304,m,1,"44,49 €",10%
913786,505509,1315,XS,1,"32,56 €",30%
913787,505509,1198,m,1,"16,38 €",30%
913788,505509,1226,S,1,"35,69 €",0
913789,505510,1299,S,1,"43,49 €",10
913790,505511,1148,39,1,"36,02 €",20%
913791,505511,1293,s,1,"37,48 €",0.3
913792,505511,1338,XS,1,"61,23 €",0.2
913793,505512,1362,L,1,"26,07 €",10%
913794,505512,1044,XS,1,"36,91 €",50%
913795,505512,1289,S,1,"22,39 €",40%
913796,505512,1013,L,1,"31,03 €",20
913797,505512,1293,l,1,"37,48 €",10
913798,505512,1382,M,1,"30,95 €",20%
913799,505513,1121,Talla 40,1,"72,81 €",30
913800,505513,1285,xl,1,"39,82 €",0.2
913801,505514,1252,S,1,"33,85 €",10%
913802,505514,1140,40,1,"39,31 €",30
913803,505514,1168,XS,1,"19,82 €",20
913804,505515,1138,39,2,"48,26 €",0.2
913805,505516,1227,Talla S,1,"25,33 €",40%
913806,505516,1219,m,1,"17,73 €",10
913807,505516,1365,Talla XL,1,"27,56 €",30%
913808,505516,1013,XS,1,"31,03 €",20%
913809,505516,1005,M,1,"31,32 €",0.1
913810,505517,1258,xs,1,"35,14 €",0.2
913811,505517,1162,Talla M,1,"19,00 €",0.1
913812,505518,1016,M,1,"58,66 €",30
913813,505518,1206,XL,1,"15,68 €",20
913814,505519,1042,L,1,"49,99 €",40
913815,505519,1015,XS,1,"33,85 €",30%
913816,505519,1229,M,1,"38,72 €",20%
913817,505520,1357,S,1,"16,44 €",0.5
913818,505521,1282,L,1,"36,05 €",10%
913819,505521,1053,Talla XS,1,"38,51 €",0.2
913820,505521,1012,L,1,"40,99 €",0.1
913821,505522,1042,M,1,"49,99 €",0.4
913822,505522,1305,Talla M,1,"32,92 €",20
913823,505522,1070,S,1,"27,27 €",20%
913824,505522,1293,L,1,"37,48 €",20%
913825,505522,1134,Talla 37,1,"31,21 €",40%
913826,505522,1026,XS,1,"49,99 €",0.0
913827,505523,1284,Talla L,3,"20,70 €",50
913828,505523,1305,M,1,"32,92 €",0.3
913829,505523,1391,M,1,"13,83 €",10%
913830,505523,1234,S,1,"26,50 €",20%
913831,505524,1205,XS,1,"13,61 €",0.2
913832,505524,1136,39,1,"73,76 €",30
913833,505525,1042,M,1,"49,99 €",0.4
913834,505526,1205,S,1,"13,61 €",0.0
913835,505526,1278,S,1,"29,80 €",0.1
913836,505526,1204,Talla M,1,"12,35 €",0%
913837,505526,1155,41,1,"61,83 €",0%
913838,505527,1315,m,1,"32,56 €",40%
913839,505528,1359,xl,1,"29,93 €",40%
913840,505528,1324,Talla S,1,"40,15 €",0.4
913841,505529,1106,40,1,"73,33 €",0.0
913842,505529,1357,M,1,"16,44 €",0.5
913843,505529,1315,L,1,"32,56 €",0.1
913844,505529,1383,XL,1,"20,95 €",10%
913845,505530,1204,Talla L,1,"12,35 €",10%
913846,505530,1102,39,1,"68,36 €",40%
913847,505531,1079,XS,1,"46,26 €",0%
913848,505531,1324,S,1,"40,15 €",0.0
913849,505531,1293,XL,2,"37,48 €",0
913850,505531,1086,S,2,"33,74 €",20%
913851,505532,1072,Talla M,1,"46,42 €",0.4
913852,505532,1068,L,1,"49,68 €",20%
913853,505533,1365,L,1,"27,56 €",20%
913854,505533,1122,38,1,"63,66 €",30%
913855,505534,1219,M,1,"17,73 €",0
913856,505535,1388,XL,1,"15,95 €",20
913857,505535,1131,36,1,"55,67 €",30
913858,505535,1182,Talla S,2,"16,74 €",20%
913859,505536,1218,M,1,"23,13 €",0
913860,505536,1314,S,1,"42,15 €",10
913861,505536,1369,S,1,"15,16 €",10
913862,505536,1205,M,1,"13,61 €",40
913863,505536,1346,M,1,"45,31 €",0%
913864,505536,1033,S,1,"54,99 €",40
913865,505537,1365,M,1,"27,56 €",0.2
913866,505537,1257,Talla XS,1,"41,13 €",0.0
913867,505537,1032,M,1,"29,90 €",10
913868,505538,1042,L,1,"49,99 €",40%
913869,505539,1042,XS,1,"49,99 €",40
913870,505539,1105,36,2,"77,31 €",20
913871,505539,1331,L,1,"73,27 €",10%
913872,505540,1151,39,1,"47,09 €",0.1
913873,505540,1204,Talla S,1,"12,35 €",0%
913874,505541,1315,S,2,"32,56 €",0.0
913875,505541,1077,XS,1,"57,81 €",40%
913876,505541,1221,M,1,"28,31 €",0.4
913877,505541,1168,XS,1,"19,82 €",30%
913878,505541,1242,M,1,"38,06 €",20%
913879,505542,1274,L,1,"39,02 €",10%
913880,505543,1354,XS,2,"10,85 €",0
913881,505543,1389,M,1,"21,34 €",0
913882,505543,1221,S,1,"28,31 €",0.0
913883,505544,1204,XL,1,"12,35 €",10%
913884,505545,1115,40,1,"64,90 €",20%
913885,505546,1042,M,1,"49,99 €",40%
913886,505546,1204,XL,1,"12,35 €",0.0
913887,505546,1004,xs,1,"45,55 €",0.1
913888,505547,1258,M,1,"35,14 €",40%
913889,505548,1247,S,1,"43,39 €",0%
913890,505548,1332,S,1,"87,31 €",0.0
913891,505548,1136,41,1,"73,76 €",0%
913892,505549,1257,Talla L,1,"41,13 €",0%
913893,505549,1108,39,1,"69,72 €",0.0
913894,505549,1168,Talla M,1,"19,82 €",0%
913895,505549,1229,L,1,"38,72 €",0%
913896,505550,1135,Talla 40,1,"71,49 €",20%
913897,505550,1315,Talla L,1,"32,56 €",50%
913898,505550,1133,39,1,"48,67 €",0.2
913899,505550,1298,M,1,"30,07 €",20
913900,505550,1315,L,1,"32,56 €",0.3
913901,505551,1204,M,1,"12,35 €",20
913902,505552,1139,38,2,"49,46 €",0%
913903,505552,1357,XL,1,"16,44 €",0.2
913904,505552,1268,L,1,"36,99 €",0.0
913905,505552,1198,M,1,"16,38 €",0%
913906,505553,1097,39,1,"45,52 €",0.4
913907,505553,1246,S,1,"32,78 €",0.2
913908,505553,1204,M,1,"12,35 €",0%
913909,505554,1162,S,3,"19,00 €",20%
913910,505554,1053,L,1,"38,51 €",50%
913911,505555,1026,S,1,"49,99 €",20%
913912,505555,1241,L,2,"36,57 €",30%
913913,505555,1284,XL,1,"20,70 €",0.3
913914,505556,1290,S,1,"23,54 €",30%
913915,505556,1201,XS,1,"24,28 €",0%
913916,505556,1167,XL,2,"18,87 €",0.2
913917,505556,1383,m,1,"20,95 €",30%
913918,505556,1267,m,1,"36,41 €",10%
913919,505557,1298,L,1,"30,07 €",30%
913920,505558,1105,39,1,"77,31 €",30%
913921,505559,1090,M,1,"34,56 €",0.2
913922,505560,1042,L,1,"49,99 €",40
913923,505560,1033,S,1,"54,99 €",30
913924,505560,1036,M,3,"51,15 €",50%
913925,505561,1204,xl,1,"12,35 €",30%
913926,505561,1017,xs,1,"33,77 €",0
913927,505562,1252,M,1,"33,85 €",0%
913928,505562,1388,M,1,"15,95 €",20%
913929,505562,1123,37,1,"77,67 €",40%
913930,505563,1042,S,1,"49,99 €",40%
913931,505563,1094,39,1,"61,63 €",0.3
913932,505564,1235,L,1,"34,51 €",0
913933,505564,1040,M,1,"49,21 €",0%
913934,505564,1204,Talla S,1,"12,35 €",0.0
913935,505564,1072,XL,1,"46,42 €",0.2
913936,505565,1042,S,1,"49,99 €",40%
913937,505565,1390,L,1,"19,91 €",40
913938,505566,1200,XS,2,"21,79 €",20%
913939,505566,1175,Talla M,1,"17,99 €",10%
913940,505567,1031,L,2,"33,85 €",0
913941,505567,1351,L,2,"26,88 €",0%
913942,505567,1204,M,1,"12,35 €",0.1
913943,505568,1087,L,1,"49,59 €",0
913944,505568,1190,S,1,"19,61 €",20%
913945,505569,1109,36,1,"76,92 €",30
913946,505570,1058,M,1,"51,95 €",0.0
913947,505570,1315,XL,2,"32,56 €",20%
913948,505571,1198,S,1,"16,38 €",0.5
913949,505571,1315,XL,1,"32,56 €",40%
913950,505572,1305,L,3,"32,92 €",30%
913951,505572,1311,Talla S,1,"30,25 €",10
913952,505573,1078,M,1,"56,16 €",0%
913953,505574,1011,S,3,"58,99 €",10
913954,505574,1053,s,1,"38,51 €",20
913955,505575,1042,xl,1,"49,99 €",40%
913956,505576,1042,S,1,"49,99 €",40
913957,505576,1015,l,1,"33,85 €",30
913958,505576,1157,42,1,"47,95 €",0.2
913959,505576,1204,L,1,"12,35 €",0.3
913960,505577,1280,S,1,"29,54 €",10%
913961,505577,1037,S,1,"41,52 €",0.2
913962,505577,1289,Talla M,1,"22,39 €",30
913963,505577,1243,M,2,"42,14 €",0.3
913964,505577,1102,39,1,"68,36 €",20%
913965,505578,1200,M,1,"21,79 €",0.4
913966,505578,1271,L,1,"39,71 €",20
913967,505578,1345,M,1,"85,68 €",0.0
913968,505578,1333,S,1,"89,35 €",0.2
913969,505578,1382,L,1,"30,95 €",0.4
913970,505579,1135,37,2,"71,49 €",10%
913971,505579,1349,M,1,"53,20 €",20
913972,505579,1053,Talla XS,1,"38,51 €",0.0
913973,505579,1201,Talla XL,1,"24,28 €",0.3
913974,505580,1068,S,1,"49,68 €",30%
913975,505580,1335,Talla L,2,"70,30 €",40
913976,505580,1246,XL,1,"32,78 €",20
913977,505581,1101,37,1,"57,43 €",10%
913978,505581,1067,S,1,"32,97 €",0%
913979,505582,1284,M,1,"20,70 €",0.1
913980,505583,1285,Talla S,1,"39,82 €",40%
913981,505583,1100,36,1,"49,80 €",0.3
913982,505583,1176,S,2,"23,41 €",10
913983,505584,1171,Talla S,1,"18,14 €",0.0
913984,505585,1204,XL,1,"12,35 €",20
913985,505586,1015,M,1,"33,85 €",0.3
913986,505586,1187,Talla L,1,"17,31 €",20%
913987,505586,1036,L,2,"51,15 €",20
913988,505586,1204,M,1,"12,35 €",20%
913989,505587,1121,38,1,"72,81 €",0.2
913990,505587,1141,36,1,"47,53 €",20%
913991,505587,1114,39,2,"41,35 €",20%
913992,505587,1298,M,1,"30,07 €",10%
913993,505587,1013,xs,1,"31,03 €",30%
913994,505587,1164,Talla M,1,"18,58 €",10
913995,505588,1042,M,1,"49,99 €",0.4
913996,505589,1315,M,1,"32,56 €",20%
913997,505590,1358,S,1,"26,83 €",0.5
913998,505591,1208,L,1,"22,70 €",30
913999,505591,1276,S,2,"24,73 €",50
914000,505592,1311,XL,1,"30,25 €",30%
914001,505592,1257,m,1,"41,13 €",30%
914002,505593,1382,XL,2,"30,95 €",0.2
914003,505594,1038,S,1,"27,52 €",20
914004,505594,1067,Talla XS,1,"32,97 €",0%
914005,505594,1072,l,1,"46,42 €",0.4
914006,505594,1225,M,1,"39,08 €",20%
914007,505594,1015,S,2,"33,85 €",30
914008,505595,1176,S,1,"23,41 €",20
914009,505595,1105,39,1,"77,31 €",20%
914010,505596,1260,XL,1,"41,99 €",30%
914011,505596,1040,L,2,"49,21 €",20
914012,505597,1347,s,1,"80,46 €",0.0
914013,505597,1080,M,1,"34,78 €",0%
914014,505597,1282,Talla XS,1,"36,05 €",0.0
914015,505598,1374,M,1,"12,90 €",20%
914016,505598,1112,Talla 37,1,"78,05 €",30
914017,505598,1315,xl,1,"32,56 €",10%
914018,505598,1208,Talla S,1,"22,70 €",30%
914019,505599,1229,L,1,"38,72 €",30%
914020,505599,1385,XS,1,"28,77 €",20%
914021,505600,1104,37,1,"51,58 €",20%
914022,505600,1211,S,1,"12,54 €",0.2
914023,505600,1204,S,1,"12,35 €",40
914024,505600,1203,Talla M,1,"19,01 €",30%
914025,505600,1312,Talla XS,1,"35,92 €",0.1
914026,505601,1362,Talla L,2,"26,07 €",10
914027,505601,1204,M,1,"12,35 €",20
914028,505602,1248,S,2,"44,58 €",40%
914029,505602,1263,S,1,"39,31 €",0.3
914030,505602,1388,M,1,"15,95 €",0.1
914031,505603,1283,xs,1,"24,64 €",20%
914032,505604,1345,Talla L,1,"85,68 €",20
914033,505604,1252,S,1,"33,85 €",30
914034,505604,1085,L,1,"41,61 €",30%
914035,505605,1305,S,1,"32,92 €",30%
914036,505605,1012,M,1,"40,99 €",20%
914037,505605,1368,S,3,"20,18 €",0.3
914038,505605,1061,M,1,"46,35 €",0.0
914039,505605,1094,38,1,"61,63 €",50
914040,505605,1367,xl,2,"13,47 €",10%
914041,505606,1273,S,1,"32,69 €",20%
914042,505607,1040,l,2,"49,21 €",0
914043,505607,1112,41,1,"78,05 €",0.0
914044,505607,1198,M,1,"16,38 €",10
914045,505608,1200,M,1,"21,79 €",0.0
914046,505608,1328,M,1,"51,49 €",30%
914047,505608,1275,XS,2,"24,89 €",0.3
914048,505608,1048,L,2,"36,45 €",10
914049,505609,1273,S,2,"32,69 €",20%
914050,505609,1315,XL,2,"32,56 €",0.4
914051,505609,1055,l,1,"33,15 €",30
914052,505610,1222,l,1,"27,70 €",20%
914053,505610,1140,Talla 40,1,"39,31 €",10%
914054,505611,1036,XL,1,"51,15 €",0%
914055,505611,1110,40,2,"37,86 €",0%
914056,505611,1315,M,1,"32,56 €",0%
914057,505611,1036,L,1,"51,15 €",0.0
914058,505611,1136,37,1,"73,76 €",0
914059,505611,1292,S,1,"32,80 €",0
914060,505612,1042,Talla S,1,"49,99 €",40
914061,505613,1315,m,1,"32,56 €",20
914062,505613,1145,37,2,"44,56 €",0.0
914063,505613,1038,m,1,"27,52 €",10%
914064,505614,1017,s,2,"33,77 €",40%
914065,505614,1130,40,1,"73,00 €",20%
914066,505615,1320,XL,1,"35,05 €",40
914067,505615,1038,M,1,"27,52 €",50%
914068,505616,1362,XL,1,"26,07 €",0.2
914069,505617,1164,M,1,"18,58 €",10
914070,505617,1203,S,1,"19,01 €",0.4
914071,505618,1209,M,2,"13,65 €",30%
914072,505618,1205,M,1,"13,61 €",30%
914073,505619,1281,S,1,"34,30 €",10%
914074,505619,1369,Talla S,1,"15,16 €",30
914075,505619,1305,S,1,"32,92 €",20
914076,505620,1042,XS,2,"49,99 €",0.4
914077,505620,1070,S,2,"27,27 €",30
914078,505620,1137,38,1,"63,83 €",20%
914079,505620,1311,S,1,"30,25 €",10%
914080,505621,1105,36,1,"77,31 €",0.1
914081,505621,1289,S,1,"22,39 €",0.0
914082,505622,1203,L,1,"19,01 €",0.1
914083,505622,1358,xs,1,"26,83 €",0.2
914084,505623,1289,XS,1,"22,39 €",30%
914085,505623,1322,M,1,"33,07 €",50
914086,505624,1380,M,1,"34,77 €",20%
914087,505625,1110,Talla 38,1,"37,86 €",0%
914088,505625,1100,Talla 38,1,"49,80 €",0.0
914089,505625,1066,m,1,"34,07 €",0
914090,505626,1358,S,1,"26,83 €",0.3
914091,505626,1327,L,1,"77,26 €",0.3
914092,505627,1395,L,1,"20,05 €",0.4
914093,505628,1213,XL,1,"12,89 €",0%
914094,505628,1186,Talla S,1,"16,09 €",0.0
914095,505628,1330,XS,1,"48,41 €",0.0
914096,505628,1335,L,1,"70,30 €",0%
914097,505628,1242,M,1,"38,06 €",0.0
914098,505628,1204,S,1,"12,35 €",0%
914099,505629,1273,Talla XL,1,"32,69 €",20%
914100,505629,1333,M,1,"89,35 €",20%
914101,505630,1042,XL,1,"49,99 €",0.4
914102,505631,1257,XS,1,"41,13 €",30
914103,505631,1024,S,1,"56,24 €",30%
914104,505631,1312,S,1,"35,92 €",0.2
914105,505631,1188,XS,1,"23,94 €",0.4
914106,505632,1305,S,2,"32,92 €",40%
914107,505632,1130,41,2,"73,00 €",0.2
914108,505632,1036,s,1,"51,15 €",10
914109,505632,1015,M,1,"33,85 €",10%
914110,505632,1204,S,1,"12,35 €",0.2
914111,505632,1357,XL,2,"16,44 €",0%
914112,505633,1079,l,2,"46,26 €",20%
914113,505633,1301,S,1,"46,93 €",0%
914114,505633,1301,L,1,"46,93 €",0.3
914115,505634,1092,38,2,"69,97 €",20
914116,505635,1042,L,1,"49,99 €",40%
914117,505635,1041,S,1,"57,12 €",0.1
914118,505636,1285,XS,1,"39,82 €",0.2
914119,505637,1178,L,1,"22,32 €",20%
914120,505637,1302,L,2,"47,49 €",0.3
914121,505637,1305,m,2,"32,92 €",20
914122,505638,1207,L,1,"16,71 €",0.0
914123,505639,1229,S,1,"38,72 €",0.1
914124,505640,1111,39,1,"59,92 €",0%
914125,505640,1010,M,2,"32,90 €",10%
914126,505640,1302,XS,1,"47,49 €",10
914127,505640,1362,M,1,"26,07 €",10%
914128,505640,1111,39,1,"59,92 €",20%
914129,505640,1084,L,1,"59,12 €",0.0
914130,505641,1042,M,1,"49,99 €",0.4
914131,505641,1204,s,1,"12,35 €",30%
914132,505641,1249,M,1,"34,29 €",0
914133,505642,1393,M,1,"13,58 €",0.3
914134,505643,1013,M,1,"31,03 €",0.3
914135,505643,1050,Talla XS,1,"52,78 €",30%
914136,505644,1182,M,1,"16,74 €",40
914137,505644,1315,Talla L,1,"32,56 €",30
914138,505645,1388,m,1,"15,95 €",0.3
914139,505646,1315,XL,1,"32,56 €",30%
914140,505646,1209,M,2,"13,65 €",10%
914141,505646,1340,Talla S,2,"80,92 €",10
914142,505646,1330,M,1,"48,41 €",0.5
914143,505647,1358,XL,1,"26,83 €",0.4
914144,505647,1246,S,1,"32,78 €",0.3
914145,505647,1285,L,1,"39,82 €",30
914146,505648,1339,L,2,"55,93 €",0.0
914147,505648,1142,40,1,"75,44 €",10%
914148,505648,1346,L,2,"45,31 €",0%
914149,505649,1016,XS,1,"58,66 €",0.0
914150,505649,1137,40,1,"63,83 €",0.0
914151,505649,1138,40,1,"48,26 €",0%
914152,505649,1176,M,2,"23,41 €",0
914153,505649,1020,xl,1,"35,48 €",0.0
914154,505650,1275,S,1,"24,89 €",0.2
914155,505650,1326,L,1,"67,24 €",0.3
914156,505651,1042,L,1,"49,99 €",40%
914157,505651,1100,39,1,"49,80 €",0.1
914158,505651,1036,xs,1,"51,15 €",20
914159,505651,1168,m,1,"19,82 €",0.1
914160,505652,1329,L,1,"45,80 €",0.0
914161,505652,1140,Talla 39,1,"39,31 €",0.1
914162,505653,1321,Talla M,1,"37,98 €",30
914163,505653,1050,Talla S,1,"52,78 €",0.1
914164,505653,1362,Talla L,2,"26,07 €",30
914165,505653,1036,M,1,"51,15 €",10%
914166,505654,1296,M,2,"41,51 €",0.3
914167,505654,1103,Talla 40,1,"62,95 €",40
914168,505654,1179,L,1,"24,02 €",30%
914169,505655,1291,XS,1,"28,71 €",0%
914170,505655,1106,37,2,"73,33 €",10%
914171,505656,1362,Talla XL,1,"26,07 €",0.2
914172,505656,1346,L,1,"45,31 €",30%
914173,505657,1273,L,1,"32,69 €",20
914174,505657,1328,M,1,"51,49 €",0.4
914175,505657,1053,XS,1,"38,51 €",20%
914176,505658,1303,m,1,"34,22 €",0.4
914177,505658,1266,L,1,"33,10 €",0.4
914178,505659,1042,l,1,"49,99 €",40%
914179,505659,1075,XL,1,"43,55 €",20%
914180,505660,1106,42,3,"73,33 €",10%
914181,505660,1318,Talla L,1,"40,14 €",0.3
914182,505660,1036,S,1,"51,15 €",0.2
914183,505660,1396,L,2,"15,65 €",20%
914184,505661,1375,M,1,"22,99 €",0
914185,505661,1258,M,1,"35,14 €",0.1
914186,505662,1042,xl,2,"49,99 €",40
914187,505662,1203,XS,1,"19,01 €",0%
914188,505662,1059,XL,1,"55,73 €",0.3
914189,505663,1346,M,1,"45,31 €",40%
914190,505663,1314,S,1,"42,15 €",0%
914191,505664,1358,xl,1,"26,83 €",0.1
914192,505665,1025,XL,1,"59,54 €",20%
914193,505665,1053,L,1,"38,51 €",0.2
914194,505665,1136,40,1,"73,76 €",20%
914195,505666,1168,Talla XL,1,"19,82 €",40%
914196,505666,1288,s,1,"30,24 €",0.2
914197,505667,1249,XL,1,"34,29 €",20
914198,505667,1207,Talla S,1,"16,71 €",30%
914199,505667,1256,XL,1,"30,08 €",10
914200,505668,1360,l,1,"18,88 €",0%
914201,505669,1361,s,1,"14,66 €",10%
914202,505670,1204,S,1,"12,35 €",0.2
914203,505670,1356,S,1,"31,86 €",30%
914204,505670,1199,XL,1,"21,22 €",30
914205,505670,1027,L,1,"34,91 €",30%
914206,505670,1071,xl,1,"29,62 €",30%
914207,505671,1269,S,1,"20,24 €",0%
914208,505671,1375,Talla S,1,"22,99 €",0
914209,505671,1053,M,1,"38,51 €",10
914210,505672,1042,L,1,"49,99 €",40
914211,505672,1193,Talla M,1,"20,23 €",30
914212,505672,1276,xl,1,"24,73 €",0.3
914213,505673,1246,S,1,"32,78 €",20%
914214,505673,1284,S,1,"20,70 €",0.3
914215,505673,1302,L,1,"47,49 €",30
914216,505673,1346,S,3,"45,31 €",20%
914217,505674,1306,M,1,"38,88 €",20%
914218,505674,1204,S,1,"12,35 €",20
914219,505675,1112,Talla 40,1,"78,05 €",10%
914220,505675,1200,m,1,"21,79 €",20%
914221,505676,1202,M,2,"20,61 €",10
914222,505677,1042,Talla M,1,"49,99 €",0.4
914223,505677,1016,M,1,"58,66 €",40%
914224,505678,1027,M,1,"34,91 €",0.2
914225,505678,1204,M,1,"12,35 €",0.1
914226,505679,1090,s,1,"34,56 €",40%
914227,505679,1315,S,1,"32,56 €",10
914228,505680,1014,S,1,"48,60 €",30%
914229,505680,1227,XL,1,"25,33 €",30
914230,505680,1288,L,1,"30,24 €",20%
914231,505680,1339,M,1,"55,93 €",0.4
914232,505680,1134,39,1,"31,21 €",20%
914233,505681,1039,L,1,"53,52 €",0.0
914234,505682,1036,L,1,"51,15 €",10
914235,505682,1082,M,1,"49,65 €",10%
914236,505682,1302,S,1,"47,49 €",0.0
914237,505682,1094,Talla 38,1,"61,63 €",0%
914238,505683,1376,M,1,"26,99 €",0.2
914239,505684,1204,XL,1,"12,35 €",0.3
914240,505684,1345,xs,1,"85,68 €",40
914241,505684,1181,M,1,"24,51 €",10%
914242,505685,1362,Talla S,1,"26,07 €",0%
914243,505685,1216,M,1,"17,83 €",40%
914244,505686,1145,42,1,"44,56 €",40%
914245,505687,1235,XS,1,"34,51 €",10
914246,505687,1307,M,1,"42,98 €",0.0
914247,505688,1303,L,1,"34,22 €",40%
914248,505688,1377,S,1,"31,22 €",0%
914249,505688,1303,l,1,"34,22 €",0.0
914250,505688,1222,L,1,"27,70 €",0%
914251,505688,1182,Talla M,1,"16,74 €",20
914252,505688,1305,M,2,"32,92 €",40%
914253,505689,1042,M,1,"49,99 €",40
914254,505689,1094,37,1,"61,63 €",30%
914255,505689,1024,M,1,"56,24 €",10%
914256,505689,1362,M,1,"26,07 €",0.2
914257,505690,1279,XL,1,"28,28 €",0.2
914258,505691,1257,L,1,"41,13 €",0.1
914259,505691,1332,L,1,"87,31 €",40%
914260,505691,1392,S,1,"12,73 €",0.4
914261,505692,1093,Talla 40,1,"68,61 €",30
914262,505692,1307,XS,1,"42,98 €",20
914263,505692,1146,40,1,"34,21 €",10%
914264,505693,1341,XS,1,"40,01 €",20%
914265,505693,1225,S,1,"39,08 €",0%
914266,505693,1081,S,1,"55,86 €",0.3
914267,505694,1145,Talla 38,1,"44,56 €",0.2
914268,505694,1257,M,1,"41,13 €",0.2
914269,505694,1327,XS,1,"77,26 €",50
914270,505694,1106,Talla 36,1,"73,33 €",0
914271,505695,1042,S,1,"49,99 €",40
914272,505695,1326,M,1,"67,24 €",0.3
914273,505696,1297,M,1,"39,25 €",20%
914274,505696,1102,38,1,"68,36 €",0.1
914275,505696,1316,Talla M,2,"43,89 €",0.2
914276,505696,1388,XL,1,"15,95 €",20
914277,505696,1283,L,1,"24,64 €",0.2
914278,505697,1073,XL,1,"26,22 €",0.0
914279,505697,1065,M,1,"49,52 €",20
914280,505697,1293,M,1,"37,48 €",0.3
914281,505698,1226,L,1,"35,69 €",0%
914282,505698,1105,Talla 40,1,"77,31 €",0.0
914283,505699,1387,XS,1,"10,36 €",0.3
914284,505699,1168,XL,1,"19,82 €",50%
914285,505699,1209,M,1,"13,65 €",0.2
914286,505700,1042,L,1,"49,99 €",0.4
914287,505700,1331,m,1,"73,27 €",0.1
914288,505700,1242,XL,1,"38,06 €",40
914289,505700,1368,xs,1,"20,18 €",40%
914290,505700,1141,41,2,"47,53 €",0.1
914291,505701,1255,S,1,"31,35 €",40
914292,505701,1050,Talla L,1,"52,78 €",30
914293,505701,1289,XL,3,"22,39 €",0%
914294,505701,1285,M,1,"39,82 €",0.2
914295,505702,1077,m,2,"57,81 €",0
914296,505702,1374,S,1,"12,90 €",20%
914297,505702,1116,37,2,"50,71 €",30%
914298,505702,1273,M,1,"32,69 €",40%
914299,505703,1381,M,1,"34,45 €",10
914300,505703,1258,M,1,"35,14 €",0.2
914301,505704,1245,XS,2,"40,31 €",20%
914302,505705,1138,39,1,"48,26 €",20%
914303,505705,1136,38,1,"73,76 €",10%
914304,505706,1310,XS,1,"40,69 €",0.3
914305,505707,1208,M,1,"22,70 €",50%
914306,505707,1182,L,1,"16,74 €",20
914307,505708,1203,Talla L,2,"19,01 €",0%
914308,505708,1068,Talla S,1,"49,68 €",0.0
914309,505708,1228,M,1,"37,14 €",0.0
914310,505709,1203,XS,1,"19,01 €",20
914311,505709,1128,39,1,"71,15 €",20%
914312,505709,1346,XS,1,"45,31 €",0.1
914313,505710,1008,L,1,"54,28 €",0.4
914314,505710,1282,S,1,"36,05 €",20%
914315,505711,1035,xs,2,"57,32 €",20
914316,505711,1043,M,1,"54,13 €",10%
914317,505712,1170,m,1,"12,32 €",30%
914318,505712,1130,36,1,"73,00 €",0.4
914319,505712,1038,M,3,"27,52 €",40%
914320,505712,1370,L,1,"32,70 €",20%
914321,505713,1387,XL,1,"10,36 €",20%
914322,505713,1121,37,1,"72,81 €",30
914323,505713,1141,36,1,"47,53 €",0.0
914324,505714,1369,xl,1,"15,16 €",0.3
914325,505714,1004,L,2,"45,55 €",20%
914326,505714,1203,XS,1,"19,01 €",30
914327,505714,1194,xl,1,"22,75 €",40%
914328,505715,1106,40,1,"73,33 €",50
914329,505715,1305,l,1,"32,92 €",0.3
914330,505715,1293,M,1,"37,48 €",0.0
914331,505716,1310,L,1,"40,69 €",20
914332,505716,1001,M,1,"32,57 €",10%
914333,505716,1177,XL,1,"20,83 €",30%
914334,505717,1371,S,1,"33,17 €",0
914335,505717,1288,Talla L,1,"30,24 €",20
914336,505718,1054,M,1,"59,30 €",0.2
914337,505718,1379,XS,1,"31,72 €",10%
914338,505718,1378,Talla S,2,"21,35 €",30
914339,505719,1334,S,1,"41,41 €",30%
914340,505719,1170,Talla L,1,"12,32 €",30%
914341,505719,1247,Talla S,2,"43,39 €",0.2
914342,505719,1284,xl,1,"20,70 €",0.4
914343,505720,1042,M,1,"49,99 €",0.4
914344,505720,1332,S,1,"87,31 €",0.1
914345,505720,1276,M,1,"24,73 €",30
914346,505720,1263,Talla L,3,"39,31 €",30
914347,505720,1124,36,1,"77,92 €",30
914348,505720,1019,S,1,"38,48 €",20%
914349,505721,1264,l,1,"44,81 €",30
914350,505721,1267,Talla M,1,"36,41 €",0.0
914351,505722,1283,L,1,"24,64 €",0.2
914352,505722,1252,L,1,"33,85 €",20
914353,505723,1017,S,1,"33,77 €",50%
914354,505723,1077,S,1,"57,81 €",50%
914355,505723,1079,S,1,"46,26 €",0.2
914356,505723,1229,S,1,"38,72 €",50%
914357,505724,1363,L,1,"31,93 €",40%
914358,505725,1136,38,1,"73,76 €",10%
914359,505725,1107,Talla 40,2,"55,33 €",0.0
914360,505725,1054,M,1,"59,30 €",0.3
914361,505726,1187,XS,1,"17,31 €",10%
914362,505726,1159,41,1,"51,99 €",40%
914363,505726,1229,l,1,"38,72 €",20%
914364,505726,1255,s,1,"31,35 €",10%
914365,505726,1383,S,2,"20,95 €",20%
914366,505726,1203,XL,1,"19,01 €",30
914367,505727,1258,M,1,"35,14 €",50
914368,505728,1144,38,1,"75,61 €",10%
914369,505728,1117,37,1,"49,56 €",10
914370,505729,1013,s,1,"31,03 €",50
914371,505730,1061,S,1,"46,35 €",0.4
914372,505730,1283,xl,1,"24,64 €",0%
914373,505730,1275,L,1,"24,89 €",0%
914374,505731,1175,XL,1,"17,99 €",0.1
914375,505731,1362,XL,1,"26,07 €",0.2
914376,505732,1137,Talla 39,2,"63,83 €",20%
914377,505732,1227,L,1,"25,33 €",0.1
914378,505732,1146,38,1,"34,21 €",20
914379,505733,1266,s,1,"33,10 €",20%
914380,505733,1272,L,1,"29,98 €",30%
914381,505733,1038,XS,1,"27,52 €",0.2
914382,505733,1182,L,1,"16,74 €",10%
914383,505734,1312,M,1,"35,92 €",0
914384,505735,1054,M,1,"59,30 €",20%
914385,505735,1135,41,1,"71,49 €",0.2
914386,505735,1030,M,1,"46,38 €",40
914387,505735,1151,40,1,"47,09 €",0.4
914388,505735,1362,XL,1,"26,07 €",0.2
914389,505736,1314,XL,1,"42,15 €",40%
914390,505736,1381,L,1,"34,45 €",10
914391,505736,1113,Talla 36,1,"38,95 €",0.2
914392,505736,1076,M,1,"47,04 €",0.5
914393,505737,1257,M,1,"41,13 €",20%
914394,505737,1283,L,1,"24,64 €",10
914395,505738,1349,XL,1,"53,20 €",0.2
914396,505738,1079,Talla XS,2,"46,26 €",0.1
914397,505738,1225,xl,1,"39,08 €",10
914398,505738,1290,Talla XL,1,"23,54 €",0%
914399,505739,1262,XS,1,"36,87 €",40%
914400,505739,1277,XL,1,"28,10 €",50
914401,505739,1133,Talla 38,1,"48,67 €",0.2
914402,505740,1176,L,1,"23,41 €",0.1
914403,505741,1042,XL,1,"49,99 €",40
914404,505742,1221,L,2,"28,31 €",0.2
914405,505742,1091,38,1,"75,99 €",10
914406,505742,1136,38,1,"73,76 €",0.2
914407,505743,1284,XL,1,"20,70 €",10
914408,505743,1398,S,1,"25,22 €",10%
914409,505743,1185,Talla S,1,"21,81 €",0%
914410,505744,1013,Talla M,1,"31,03 €",0.3
914411,505744,1365,S,2,"27,56 €",0.2
914412,505745,1041,s,1,"57,12 €",30%
914413,505745,1075,M,1,"43,55 €",0.3
914414,505746,1286,Talla XL,1,"28,43 €",30
914415,505746,1357,M,1,"16,44 €",0.3
914416,505747,1053,Talla M,2,"38,51 €",40%
914417,505747,1318,L,1,"40,14 €",0.2
914418,505748,1136,37,1,"73,76 €",0.0
914419,505749,1211,S,1,"12,54 €",40
914420,505749,1053,S,1,"38,51 €",40%
914421,505749,1218,S,1,"23,13 €",20
914422,505750,1027,S,1,"34,91 €",0.3
914423,505750,1134,40,1,"31,21 €",40
914424,505751,1349,S,2,"53,20 €",20%
914425,505751,1109,39,1,"76,92 €",0.5
914426,505752,1042,L,1,"49,99 €",0.4
914427,505753,1283,M,1,"24,64 €",20%
914428,505753,1388,XL,1,"15,95 €",20
914429,505754,1168,L,1,"19,82 €",0.4
914430,505754,1066,M,1,"34,07 €",20%
914431,505755,1245,L,1,"40,31 €",40%
914432,505755,1054,S,1,"59,30 €",0.1
914433,505755,1263,L,1,"39,31 €",0.2
914434,505756,1296,S,1,"41,51 €",10%
914435,505756,1103,Talla 41,1,"62,95 €",10%
914436,505756,1069,L,2,"29,38 €",10
914437,505756,1054,Talla L,1,"59,30 €",0.1
914438,505756,1066,XS,1,"34,07 €",0.1
914439,505756,1027,s,1,"34,91 €",0.1
914440,505757,1197,L,1,"14,87 €",20%
914441,505757,1305,xl,2,"32,92 €",30%
914442,505757,1122,Talla 38,1,"63,66 €",40%
914443,505758,1042,XL,1,"49,99 €",40%
914444,505758,1075,XL,1,"43,55 €",0.4
914445,505758,1176,S,1,"23,41 €",20%
914446,505759,1365,s,2,"27,56 €",0.2
914447,505760,1073,M,2,"26,22 €",20%
914448,505760,1244,L,1,"26,77 €",20
914449,505760,1175,XS,2,"17,99 €",0
914450,505760,1369,L,1,"15,16 €",20%
914451,505760,1062,S,1,"43,22 €",40%
914452,505761,1036,Talla S,1,"51,15 €",0.2
914453,505762,1304,m,1,"44,49 €",20%
914454,505763,1315,L,2,"32,56 €",10%
914455,505764,1218,XS,1,"23,13 €",0%
914456,505764,1315,Talla M,1,"32,56 €",0.1
914457,505764,1013,S,1,"31,03 €",0
914458,505764,1227,M,2,"25,33 €",0
914459,505765,1203,M,1,"19,01 €",20
914460,505766,1042,s,1,"49,99 €",0.4
914461,505766,1124,38,1,"77,92 €",20%
914462,505766,1306,Talla M,2,"38,88 €",0.2
914463,505767,1208,XS,1,"22,70 €",40
914464,505767,1204,S,1,"12,35 €",10%
914465,505768,1176,M,1,"23,41 €",30
914466,505769,1077,L,1,"57,81 €",0.4
914467,505769,1194,XL,1,"22,75 €",0.2
914468,505769,1229,S,1,"38,72 €",0.1
914469,505769,1131,38,1,"55,67 €",20%
914470,505769,1079,L,1,"46,26 €",0.4
914471,505770,1336,L,1,"80,41 €",20%
914472,505770,1203,M,1,"19,01 €",20
914473,505771,1175,Talla M,1,"17,99 €",0%
914474,505771,1369,l,2,"15,16 €",50%
914475,505772,1015,XL,1,"33,85 €",10%
914476,505772,1038,XL,1,"27,52 €",0.2
914477,505772,1208,M,1,"22,70 €",0.3
914478,505772,1240,S,1,"41,66 €",0.0
914479,505772,1139,Talla 38,1,"49,46 €",0.1
914480,505772,1101,38,2,"57,43 €",0.5
914481,505773,1193,L,1,"20,23 €",10
914482,505773,1015,S,1,"33,85 €",30
914483,505773,1238,s,1,"36,15 €",40%
914484,505773,1392,S,1,"12,73 €",0.5
914485,505774,1070,S,1,"27,27 €",0%
914486,505774,1071,l,1,"29,62 €",0%
914487,505775,1066,M,1,"34,07 €",0.1
914488,505775,1292,S,1,"32,80 €",50%
914489,505776,1070,XL,1,"27,27 €",0.4
914490,505776,1203,xl,1,"19,01 €",0.2
914491,505776,1355,xl,1,"26,01 €",0.0
914492,505776,1205,s,1,"13,61 €",10
914493,505777,1211,L,1,"12,54 €",10%
914494,505778,1010,Talla XL,1,"32,90 €",20%
914495,505778,1252,Talla S,1,"33,85 €",20
914496,505778,1048,XL,1,"36,45 €",30%
914497,505778,1374,L,1,"12,90 €",40%
914498,505779,1036,M,1,"51,15 €",50%
914499,505779,1368,L,1,"20,18 €",40%
914500,505779,1053,S,2,"38,51 €",0.2
914501,505779,1188,S,1,"23,94 €",0.2
914502,505780,1105,39,1,"77,31 €",20
914503,505780,1203,S,1,"19,01 €",20%
914504,505780,1243,XL,1,"42,14 €",20%
914505,505780,1193,M,1,"20,23 €",0.2
914506,505780,1271,S,1,"39,71 €",0.3
914507,505781,1293,s,1,"37,48 €",20%
914508,505781,1088,S,1,"36,00 €",30%
914509,505781,1053,xl,1,"38,51 €",10%
914510,505781,1333,M,3,"89,35 €",0.3
914511,505782,1182,s,1,"16,74 €",20%
914512,505782,1160,39,1,"65,05 €",0.1
914513,505782,1163,S,1,"22,89 €",30
914514,505783,1232,M,1,"26,48 €",20%
914515,505783,1078,XS,3,"56,16 €",0%
914516,505784,1133,40,1,"48,67 €",30%
914517,505785,1204,M,1,"12,35 €",0
914518,505785,1091,39,1,"75,99 €",0
914519,505786,1204,M,1,"12,35 €",20
914520,505786,1139,37,2,"49,46 €",0.2
914521,505787,1142,38,3,"75,44 €",20
914522,505787,1094,38,3,"61,63 €",0.0
914523,505788,1053,L,1,"38,51 €",10%
914524,505788,1014,L,1,"48,60 €",0.4
914525,505789,1094,36,1,"61,63 €",0.4
914526,505789,1362,S,1,"26,07 €",10%
914527,505790,1118,38,1,"79,30 €",0.0
914528,505790,1124,38,1,"77,92 €",0%
914529,505790,1394,Talla L,2,"26,56 €",0
914530,505790,1322,m,1,"33,07 €",10%
914531,505790,1303,M,2,"34,22 €",0
914532,505790,1126,37,3,"52,20 €",0.0
914533,505791,1238,Talla S,1,"36,15 €",30
914534,505791,1036,m,1,"51,15 €",30%
914535,505792,1140,38,1,"39,31 €",0.3
914536,505793,1303,S,1,"34,22 €",30
914537,505793,1045,Talla S,1,"57,82 €",0.4
914538,505793,1038,l,1,"27,52 €",0.4
914539,505794,1252,M,1,"33,85 €",10
914540,505794,1345,L,1,"85,68 €",0.2
914541,505795,1089,Talla XS,1,"33,88 €",0%
914542,505796,1197,XL,1,"14,87 €",0.1
914543,505797,1315,L,1,"32,56 €",40%
914544,505797,1199,M,1,"21,22 €",0.1
914545,505798,1042,L,2,"49,99 €",40%
914546,505799,1286,L,3,"28,43 €",0.3
914547,505800,1357,Talla M,1,"16,44 €",0.4
914548,505800,1155,39,1,"61,83 €",10%
914549,505800,1290,Talla M,1,"23,54 €",20
914550,505800,1153,38,1,"46,79 €",30%
914551,505801,1362,Talla XS,1,"26,07 €",0.4
914552,505801,1015,s,1,"33,85 €",0.4
914553,505801,1045,Talla M,1,"57,82 €",40%
914554,505802,1098,38,1,"38,24 €",0.3
914555,505803,1113,Talla 37,1,"38,95 €",0.3
914556,505803,1229,XS,2,"38,72 €",30%
914557,505803,1312,S,1,"35,92 €",0.2
914558,505804,1176,S,1,"23,41 €",0%
914559,505804,1362,M,1,"26,07 €",0
914560,505804,1148,42,1,"36,02 €",0
914561,505805,1299,Talla M,2,"43,49 €",0%
914562,505806,1328,l,1,"51,49 €",20%
914563,505806,1252,XL,1,"33,85 €",20%
914564,505807,1398,XS,1,"25,22 €",10
914565,505807,1179,Talla M,1,"24,02 €",0.2
914566,505808,1359,S,1,"29,93 €",30
914567,505808,1252,l,1,"33,85 €",0.2
914568,505809,1077,S,1,"57,81 €",0%
914569,505809,1102,39,1,"68,36 €",0.2
914570,505809,1082,Talla M,1,"49,65 €",0.2
914571,505810,1042,XL,1,"49,99 €",0.4
914572,505811,1290,s,2,"23,54 €",0.4
914573,505812,1068,l,1,"49,68 €",0.2
914574,505813,1256,S,1,"30,08 €",40
914575,505814,1141,36,1,"47,53 €",0
914576,505814,1105,37,1,"77,31 €",40
914577,505814,1260,M,1,"41,99 €",10%
914578,505815,1097,39,2,"45,52 €",0.3
914579,505816,1240,L,2,"41,66 €",0.1
914580,505817,1315,xs,1,"32,56 €",30
914581,505817,1026,M,1,"49,99 €",30%
914582,505817,1291,L,1,"28,71 €",20%
914583,505817,1332,XS,2,"87,31 €",0.3
914584,505817,1121,38,1,"72,81 €",10%
914585,505818,1244,M,2,"26,77 €",0.3
914586,505818,1392,M,1,"12,73 €",0.4
914587,505819,1155,38,2,"61,83 €",0.2
914588,505819,1176,M,1,"23,41 €",10%
914589,505819,1212,XL,1,"12,74 €",0.4
914590,505820,1053,M,1,"38,51 €",10
914591,505820,1312,Talla XS,1,"35,92 €",30%
914592,505820,1386,L,1,"32,98 €",0%
914593,505820,1315,XL,1,"32,56 €",0%
914594,505821,1054,S,1,"59,30 €",10%
914595,505821,1388,XS,1,"15,95 €",10%
914596,505821,1206,XS,1,"15,68 €",40
914597,505821,1354,Talla M,1,"10,85 €",10%
914598,505821,1203,m,1,"19,01 €",0.2
914599,505821,1364,S,1,"11,29 €",0.3
914600,505822,1383,S,1,"20,95 €",0.2
914601,505822,1239,M,1,"31,88 €",0.3
914602,505822,1163,S,1,"22,89 €",0.3
914603,505822,1109,38,1,"76,92 €",10%
914604,505823,1398,XS,1,"25,22 €",40%
914605,505823,1203,M,1,"19,01 €",30%
914606,505824,1042,Talla L,1,"49,99 €",40%
914607,505824,1178,xl,1,"22,32 €",10
914608,505824,1094,41,1,"61,63 €",30
914609,505824,1127,36,1,"79,76 €",20%
914610,505824,1257,m,1,"41,13 €",0%
914611,505824,1120,40,1,"65,76 €",0.3
914612,505825,1042,M,2,"49,99 €",0.4
914613,505825,1285,M,1,"39,82 €",0
914614,505826,1148,39,1,"36,02 €",0.2
914615,505826,1332,S,2,"87,31 €",30%
914616,505827,1332,XS,1,"87,31 €",0.0
914617,505828,1240,XS,1,"41,66 €",0.2
914618,505828,1273,s,2,"32,69 €",30
914619,505828,1083,M,3,"54,14 €",20%
914620,505828,1287,L,1,"35,59 €",30%
914621,505829,1105,42,1,"77,31 €",40%
914622,505829,1291,M,1,"28,71 €",50
914623,505830,1162,Talla S,1,"19,00 €",10%
914624,505831,1388,XS,1,"15,95 €",20
914625,505832,1189,m,1,"16,40 €",20%
914626,505832,1303,S,1,"34,22 €",20%
914627,505833,1042,XL,1,"49,99 €",0.4
914628,505833,1216,m,1,"17,83 €",0.3
914629,505833,1213,Talla L,1,"12,89 €",30
914630,505833,1002,l,2,"27,23 €",20
914631,505833,1268,m,1,"36,99 €",20
914632,505834,1362,l,1,"26,07 €",10
914633,505834,1181,XS,1,"24,51 €",10%
914634,505835,1167,S,1,"18,87 €",0%
914635,505835,1364,Talla S,1,"11,29 €",20
914636,505835,1303,XS,1,"34,22 €",30
914637,505836,1204,L,1,"12,35 €",0.2
914638,505836,1141,41,1,"47,53 €",40
914639,505837,1368,xs,1,"20,18 €",30
914640,505837,1002,xl,1,"27,23 €",30%
914641,505837,1365,M,1,"27,56 €",0.2
914642,505838,1080,XL,1,"34,78 €",10
914643,505838,1123,39,1,"77,67 €",0.2
914644,505838,1229,Talla XL,2,"38,72 €",20%
914645,505839,1015,M,1,"33,85 €",0%
914646,505839,1263,S,1,"39,31 €",0.3
914647,505839,1171,m,1,"18,14 €",0.4
914648,505840,1357,L,1,"16,44 €",50
914649,505840,1305,S,3,"32,92 €",0.2
914650,505840,1070,XS,1,"27,27 €",0.2
914651,505840,1367,M,1,"13,47 €",0.4
914652,505840,1295,L,1,"36,18 €",0.1
914653,505841,1293,S,1,"37,48 €",0.0
914654,505841,1168,M,1,"19,82 €",0.0
914655,505842,1069,XS,1,"29,38 €",0%
914656,505843,1080,L,1,"34,78 €",40
914657,505843,1128,39,1,"71,15 €",0.0
914658,505844,1008,S,1,"54,28 €",10
914659,505845,1285,S,1,"39,82 €",0.0
914660,505845,1252,Talla L,1,"33,85 €",0.2
914661,505845,1122,39,2,"63,66 €",10
914662,505845,1107,38,2,"55,33 €",10%
914663,505846,1042,M,1,"49,99 €",0.4
914664,505846,1175,XS,1,"17,99 €",20
914665,505846,1253,l,1,"42,45 €",40%
914666,505847,1062,XL,2,"43,22 €",0.2
914667,505848,1042,m,1,"49,99 €",40%
914668,505848,1381,M,1,"34,45 €",40%
914669,505849,1165,L,1,"13,35 €",10%
914670,505849,1131,39,1,"55,67 €",0
914671,505850,1285,M,2,"39,82 €",0%
914672,505850,1322,XL,1,"33,07 €",0.1
914673,505851,1345,S,1,"85,68 €",0
914674,505851,1316,M,1,"43,89 €",0.4
914675,505852,1279,l,1,"28,28 €",30
914676,505852,1186,XS,1,"16,09 €",20%
914677,505853,1319,XL,1,"30,13 €",0.3
914678,505853,1013,L,2,"31,03 €",20%
914679,505853,1293,L,2,"37,48 €",30
914680,505854,1014,L,1,"48,60 €",30%
914681,505854,1084,S,1,"59,12 €",0.0
914682,505855,1091,37,1,"75,99 €",0.1
914683,505855,1163,XL,1,"22,89 €",0.0
914684,505855,1229,S,1,"38,72 €",0
914685,505856,1138,42,1,"48,26 €",0.3
914686,505856,1350,M,1,"57,49 €",0.4
914687,505857,1067,M,1,"32,97 €",50
914688,505857,1106,40,1,"73,33 €",20%
914689,505857,1186,M,1,"16,09 €",40
914690,505857,1037,M,1,"41,52 €",10
914691,505858,1123,36,2,"77,67 €",10%
914692,505859,1029,L,1,"31,92 €",0.3
914693,505859,1374,M,1,"12,90 €",20%
914694,505860,1100,37,1,"49,80 €",20
914695,505860,1380,Talla M,2,"34,77 €",0.3
914696,505860,1140,39,1,"39,31 €",40%
914697,505860,1355,L,1,"26,01 €",40%
914698,505861,1342,M,1,"54,22 €",50%
914699,505861,1168,Talla M,1,"19,82 €",50%
914700,505861,1094,41,1,"61,63 €",0.0
914701,505861,1039,XL,1,"53,52 €",0.2
914702,505862,1075,M,1,"43,55 €",0%
914703,505862,1177,L,1,"20,83 €",0%
914704,505863,1094,Talla 40,1,"61,63 €",0.0
914705,505863,1106,40,1,"73,33 €",0%
914706,505864,1257,Talla M,1,"41,13 €",30%
914707,505865,1258,XS,1,"35,14 €",30%
914708,505865,1315,M,1,"32,56 €",20
914709,505866,1169,s,1,"14,75 €",0
914710,505866,1044,Talla S,1,"36,91 €",0%
914711,505867,1092,Talla 38,1,"69,97 €",30%
914712,505867,1336,L,1,"80,41 €",30%
914713,505868,1069,XL,1,"29,38 €",0.0
914714,505868,1059,M,1,"55,73 €",0.0
914715,505869,1362,XL,1,"26,07 €",0.1
914716,505869,1299,XL,1,"43,49 €",40%
914717,505869,1111,39,1,"59,92 €",0.1
914718,505870,1092,39,2,"69,97 €",40
914719,505870,1204,M,1,"12,35 €",0.3
914720,505871,1118,Talla 37,2,"79,30 €",0.1
914721,505871,1361,XL,1,"14,66 €",20%
914722,505872,1041,S,1,"57,12 €",0.0
914723,505872,1175,XL,1,"17,99 €",10
914724,505873,1094,Talla 41,1,"61,63 €",20%
914725,505873,1362,S,1,"26,07 €",10%
914726,505873,1148,Talla 36,2,"36,02 €",40%
914727,505874,1366,M,1,"26,15 €",30
914728,505874,1362,m,1,"26,07 €",0%
914729,505874,1310,XS,1,"40,69 €",30%
914730,505874,1313,XS,1,"38,98 €",10%
914731,505875,1014,S,1,"48,60 €",10%
914732,505875,1308,XL,1,"36,22 €",0.0
914733,505875,1172,XS,1,"18,98 €",0.0
914734,505875,1248,L,1,"44,58 €",0
914735,505875,1315,M,1,"32,56 €",0%
914736,505875,1061,S,1,"46,35 €",0%
914737,505876,1231,Talla M,1,"35,23 €",0.0
914738,505876,1338,s,1,"61,23 €",0%
914739,505876,1212,S,1,"12,74 €",0%
914740,505876,1254,Talla M,1,"42,10 €",0
914741,505877,1284,S,1,"20,70 €",20%
914742,505877,1283,S,1,"24,64 €",10
914743,505878,1042,L,3,"49,99 €",0.4
914744,505878,1170,L,1,"12,32 €",20
914745,505878,1173,s,3,"22,99 €",10%
914746,505879,1266,M,1,"33,10 €",0.0
914747,505880,1315,XS,1,"32,56 €",0.1
914748,505880,1318,XS,1,"40,14 €",0.1
914749,505880,1399,XS,1,"31,60 €",0.2
914750,505880,1248,m,1,"44,58 €",20%
914751,505881,1316,M,1,"43,89 €",20%
914752,505881,1204,m,1,"12,35 €",0.1
914753,505881,1302,m,1,"47,49 €",20
914754,505882,1043,M,1,"54,13 €",0.3
914755,505883,1038,M,1,"27,52 €",30%
914756,505883,1328,M,1,"51,49 €",30
914757,505884,1148,39,1,"36,02 €",10%
914758,505884,1041,S,1,"57,12 €",0.0
914759,505884,1391,S,1,"13,83 €",0.0
914760,505885,1400,S,1,"25,30 €",0.0
914761,505885,1056,L,1,"39,14 €",20%
914762,505886,1117,Talla 39,1,"49,56 €",30%
914763,505887,1019,XS,2,"38,48 €",30
914764,505888,1362,XL,2,"26,07 €",0.4
914765,505888,1315,M,2,"32,56 €",0.5
914766,505888,1021,XL,1,"43,85 €",50%
914767,505889,1042,M,1,"49,99 €",40%
914768,505889,1031,m,2,"33,85 €",20%
914769,505889,1355,xs,1,"26,01 €",0.1
914770,505890,1284,M,1,"20,70 €",10
914771,505890,1053,Talla XS,1,"38,51 €",0.4
914772,505891,1364,l,2,"11,29 €",30%
914773,505892,1315,S,1,"32,56 €",20
914774,505892,1260,M,1,"41,99 €",0.2
914775,505892,1184,XL,1,"14,15 €",30%
914776,505892,1118,Talla 39,1,"79,30 €",20%
914777,505893,1305,XL,3,"32,92 €",50%
914778,505893,1243,S,1,"42,14 €",40%
914779,505894,1141,42,3,"47,53 €",0.2
914780,505894,1132,41,1,"72,05 €",30%
914781,505895,1229,L,1,"38,72 €",0.0
914782,505895,1188,XL,1,"23,94 €",20%
914783,505895,1368,Talla L,1,"20,18 €",40%
914784,505895,1315,M,1,"32,56 €",0.4
914785,505895,1335,M,1,"70,30 €",20
914786,505895,1005,M,2,"31,32 €",10%
914787,505896,1196,S,2,"15,48 €",0.2
914788,505896,1143,36,2,"54,97 €",20%
914789,505897,1091,38,1,"75,99 €",30%
914790,505897,1022,s,1,"36,94 €",0%
914791,505898,1149,42,1,"75,51 €",0.4
914792,505898,1089,Talla XS,1,"33,88 €",0
914793,505898,1315,M,1,"32,56 €",0%
914794,505898,1241,Talla S,1,"36,57 €",0.4
914795,505899,1142,38,3,"75,44 €",30
914796,505899,1036,S,1,"51,15 €",0.4
914797,505900,1042,L,1,"49,99 €",0.4
914798,505900,1029,l,1,"31,92 €",10%
914799,505900,1020,S,1,"35,48 €",50%
914800,505901,1212,XS,2,"12,74 €",10
914801,505901,1170,S,1,"12,32 €",0.1
914802,505902,1370,XL,1,"32,70 €",10
914803,505903,1390,XS,1,"19,91 €",0.4
914804,505904,1111,40,1,"59,92 €",40%
914805,505904,1273,XL,1,"32,69 €",0.1
914806,505904,1053,M,1,"38,51 €",0.2
914807,505904,1277,M,2,"28,10 €",0
914808,505905,1111,41,2,"59,92 €",0%
914809,505905,1280,S,1,"29,54 €",0
914810,505905,1398,xl,1,"25,22 €",0.0
914811,505906,1169,Talla M,1,"14,75 €",20
914812,505906,1168,Talla L,1,"19,82 €",10%
914813,505907,1387,M,1,"10,36 €",0.1
914814,505907,1168,S,1,"19,82 €",20%
914815,505908,1346,M,1,"45,31 €",10%
914816,505908,1199,L,1,"21,22 €",30%
914817,505908,1355,L,1,"26,01 €",0.1
914818,505909,1193,M,1,"20,23 €",30
914819,505910,1315,S,1,"32,56 €",0.2
914820,505910,1373,XS,1,"14,01 €",30
914821,505910,1109,36,1,"76,92 €",20
914822,505910,1095,38,1,"41,57 €",10%
914823,505911,1160,39,1,"65,05 €",50%
914824,505912,1013,XS,1,"31,03 €",0%
914825,505913,1357,S,2,"16,44 €",0.1
914826,505913,1176,S,1,"23,41 €",0.3
914827,505914,1042,l,1,"49,99 €",40%
914828,505914,1218,S,1,"23,13 €",0.4
914829,505914,1133,42,1,"48,67 €",0.1
914830,505914,1070,XS,1,"27,27 €",0%
914831,505915,1042,M,1,"49,99 €",0.4
914832,505915,1199,M,1,"21,22 €",0.2
914833,505915,1057,M,1,"28,72 €",40
914834,505916,1176,S,1,"23,41 €",0%
914835,505916,1349,S,1,"53,20 €",0%
914836,505917,1061,m,1,"46,35 €",0.2
914837,505917,1279,M,1,"28,28 €",0
914838,505918,1198,S,1,"16,38 €",20%
914839,505918,1034,L,1,"42,28 €",0.0
914840,505918,1229,Talla M,1,"38,72 €",0.2
914841,505919,1185,L,1,"21,81 €",30
914842,505919,1384,L,1,"25,64 €",40
914843,505920,1296,XS,1,"41,51 €",0.0
914844,505920,1172,l,1,"18,98 €",0.2
914845,505920,1005,S,1,"31,32 €",0%
914846,505920,1352,M,1,"12,43 €",10
914847,505921,1359,l,1,"29,93 €",20%
914848,505921,1368,xs,1,"20,18 €",20
914849,505921,1160,37,1,"65,05 €",10%
914850,505921,1169,L,1,"14,75 €",40
914851,505922,1163,m,1,"22,89 €",0%
914852,505923,1203,M,1,"19,01 €",20
914853,505923,1314,M,1,"42,15 €",0.3
914854,505923,1185,L,2,"21,81 €",20%
914855,505923,1319,XS,1,"30,13 €",20
914856,505923,1035,M,1,"57,32 €",40%
914857,505923,1341,M,2,"40,01 €",30%
914858,505924,1400,m,1,"25,30 €",0.3
914859,505924,1329,L,1,"45,80 €",0.3
914860,505924,1100,Talla 37,1,"49,80 €",0.2
914861,505925,1048,L,1,"36,45 €",20%
914862,505925,1327,XL,1,"77,26 €",50%
914863,505925,1156,Talla 40,1,"56,23 €",10%
914864,505925,1213,S,1,"12,89 €",30%
914865,505926,1204,S,1,"12,35 €",50%
914866,505926,1319,M,1,"30,13 €",20%
914867,505926,1383,Talla M,1,"20,95 €",0.2
914868,505927,1223,XL,1,"29,79 €",0.0
914869,505928,1225,M,1,"39,08 €",0.2
914870,505929,1276,XS,1,"24,73 €",0
914871,505929,1362,XS,1,"26,07 €",0.0
914872,505930,1246,M,1,"32,78 €",30
914873,505931,1060,XL,1,"48,04 €",0.0
914874,505931,1094,38,1,"61,63 €",0.0
914875,505932,1388,XS,1,"15,95 €",30
914876,505933,1042,S,1,"49,99 €",40%
914877,505933,1217,l,1,"12,11 €",30%
914878,505934,1254,L,1,"42,10 €",0
914879,505934,1036,L,1,"51,15 €",20%
914880,505935,1366,L,1,"26,15 €",0
914881,505935,1035,m,1,"57,32 €",0%
914882,505936,1042,L,1,"49,99 €",40%
914883,505937,1042,M,2,"49,99 €",0.4
914884,505937,1041,Talla M,1,"57,12 €",30%
914885,505937,1176,XL,1,"23,41 €",0.1
914886,505938,1106,40,1,"73,33 €",20
914887,505938,1295,s,1,"36,18 €",40%
914888,505938,1080,Talla M,2,"34,78 €",0.3
914889,505939,1322,S,1,"33,07 €",0.0
914890,505939,1121,37,1,"72,81 €",0.0
914891,505940,1239,Talla M,1,"31,88 €",0.3
914892,505940,1389,Talla M,1,"21,34 €",10%
914893,505940,1170,M,2,"12,32 €",0.4
914894,505941,1042,Talla L,1,"49,99 €",0.4
914895,505941,1346,xl,1,"45,31 €",0.3
914896,505942,1365,L,1,"27,56 €",20%
914897,505942,1204,XL,1,"12,35 €",20
914898,505942,1168,XS,1,"19,82 €",0.1
914899,505943,1042,L,1,"49,99 €",0.4
914900,505943,1197,S,1,"14,87 €",30
914901,505943,1141,39,1,"47,53 €",0.1
914902,505943,1013,M,1,"31,03 €",10%
914903,505943,1193,xs,1,"20,23 €",10%
914904,505943,1161,XS,1,"23,07 €",20
914905,505943,1271,L,1,"39,71 €",20
914906,505944,1307,M,1,"42,98 €",0.0
914907,505944,1330,XL,1,"48,41 €",0.2
914908,505944,1298,S,1,"30,07 €",0.4
914909,505945,1113,40,1,"38,95 €",0
914910,505945,1148,40,2,"36,02 €",0.0
914911,505945,1106,41,1,"73,33 €",0.0
914912,505945,1070,S,3,"27,27 €",0%
914913,505946,1209,Talla L,2,"13,65 €",0
914914,505947,1124,37,1,"77,92 €",0.3
914915,505947,1332,M,1,"87,31 €",0.1
914916,505948,1095,38,1,"41,57 €",20
914917,505948,1291,L,1,"28,71 €",10%
914918,505948,1378,XS,1,"21,35 €",0.3
914919,505949,1230,s,1,"25,06 €",40
914920,505950,1258,Talla S,1,"35,14 €",20%
914921,505951,1042,M,1,"49,99 €",0.4
914922,505952,1366,M,2,"26,15 €",0%
914923,505953,1290,M,1,"23,54 €",50
914924,505953,1272,L,1,"29,98 €",0.1
914925,505953,1339,l,1,"55,93 €",0.2
914926,505953,1124,41,1,"77,92 €",0.2
914927,505953,1285,Talla S,1,"39,82 €",40%
914928,505953,1287,XS,2,"35,59 €",40
914929,505954,1087,XL,1,"49,59 €",0
914930,505955,1141,Talla 42,1,"47,53 €",30%
914931,505955,1345,XS,1,"85,68 €",0.4
914932,505955,1299,M,1,"43,49 €",40
914933,505955,1013,M,2,"31,03 €",0.2
914934,505955,1143,41,1,"54,97 €",20%
914935,505955,1367,XS,1,"13,47 €",0.1
914936,505955,1036,l,3,"51,15 €",30
914937,505956,1105,40,1,"77,31 €",10
914938,505956,1058,L,1,"51,95 €",0.2
914939,505957,1108,37,1,"69,72 €",0.2
914940,505957,1080,L,1,"34,78 €",10
914941,505958,1284,M,2,"20,70 €",20
914942,505958,1229,S,2,"38,72 €",0.5
914943,505958,1313,M,2,"38,98 €",20
914944,505959,1199,M,1,"21,22 €",10%
914945,505959,1013,XS,1,"31,03 €",0
914946,505960,1182,Talla M,1,"16,74 €",0%
914947,505961,1031,M,1,"33,85 €",0.1
914948,505961,1362,Talla M,1,"26,07 €",0.3
914949,505961,1136,37,1,"73,76 €",0.2
914950,505962,1042,Talla M,2,"49,99 €",0.4
914951,505962,1229,L,1,"38,72 €",30%
914952,505962,1392,M,1,"12,73 €",20
914953,505962,1315,XL,1,"32,56 €",20%
914954,505962,1134,39,1,"31,21 €",0.4
914955,505962,1346,M,1,"45,31 €",40%
914956,505963,1225,L,1,"39,08 €",30
914957,505963,1315,l,1,"32,56 €",0.4
914958,505964,1062,Talla L,1,"43,22 €",10%
914959,505964,1176,L,1,"23,41 €",40%
914960,505965,1390,L,1,"19,91 €",30%
914961,505965,1312,XS,1,"35,92 €",0%
914962,505966,1219,L,1,"17,73 €",20
914963,505966,1106,Talla 40,1,"73,33 €",40
914964,505966,1204,L,1,"12,35 €",30%
914965,505967,1001,XL,1,"32,57 €",10
914966,505967,1261,M,3,"33,18 €",20
914967,505968,1087,L,2,"49,59 €",20%
914968,505969,1293,xl,1,"37,48 €",0%
914969,505969,1085,XS,1,"41,61 €",0.2
914970,505969,1211,M,1,"12,54 €",0.1
914971,505970,1042,L,2,"49,99 €",40%
914972,505970,1085,Talla XS,1,"41,61 €",20%
914973,505971,1257,Talla S,1,"41,13 €",0.4
914974,505972,1344,XL,1,"48,33 €",20%
914975,505973,1396,L,1,"15,65 €",10%
914976,505973,1025,XS,1,"59,54 €",0.2
914977,505973,1315,L,1,"32,56 €",50%
914978,505974,1042,L,1,"49,99 €",40%
914979,505975,1284,L,1,"20,70 €",0.1
914980,505976,1293,M,1,"37,48 €",20%
914981,505977,1057,L,1,"28,72 €",30
914982,505977,1197,L,1,"14,87 €",20
914983,505978,1077,l,1,"57,81 €",0.3
914984,505978,1264,Talla XS,1,"44,81 €",0.2
914985,505978,1285,XS,1,"39,82 €",0.1
914986,505979,1375,L,1,"22,99 €",20%
914987,505980,1134,38,2,"31,21 €",10%
914988,505980,1104,36,1,"51,58 €",30%
914989,505981,1237,XL,1,"35,53 €",0%
914990,505981,1190,L,1,"19,61 €",0.0
914991,505982,1042,M,1,"49,99 €",0.4
914992,505982,1199,XL,1,"21,22 €",40%
914993,505982,1019,XS,2,"38,48 €",10%
914994,505982,1383,L,1,"20,95 €",20%
914995,505983,1196,XL,1,"15,48 €",50%
914996,505983,1334,XS,3,"41,41 €",20%
914997,505983,1153,36,1,"46,79 €",0.4
914998,505984,1198,S,1,"16,38 €",10%
914999,505984,1392,M,1,"12,73 €",0.1
915000,505985,1203,L,1,"19,01 €",40
915001,505985,1182,S,1,"16,74 €",0.4
915002,505986,1219,M,1,"17,73 €",30
915003,505986,1038,Talla S,1,"27,52 €",10
915004,505987,1344,Talla XS,1,"48,33 €",0
915005,505987,1160,37,1,"65,05 €",0.2
915006,505988,1175,Talla S,1,"17,99 €",20%
915007,505989,1235,S,1,"34,51 €",0.4
915008,505989,1353,S,2,"13,83 €",20%
915009,505990,1287,s,1,"35,59 €",0.2
915010,505990,1267,Talla XL,1,"36,41 €",10%
915011,505991,1166,L,1,"15,50 €",40%
915012,505991,1205,XS,1,"13,61 €",10
915013,505991,1290,XS,1,"23,54 €",40%
915014,505992,1273,S,1,"32,69 €",20%
915015,505992,1060,S,1,"48,04 €",0.4
915016,505992,1134,38,1,"31,21 €",10
915017,505993,1023,l,1,"31,99 €",0.3
915018,505993,1263,Talla S,1,"39,31 €",0.2
915019,505993,1015,M,2,"33,85 €",10
915020,505994,1042,M,1,"49,99 €",40
915021,505994,1346,S,1,"45,31 €",10%
915022,505995,1357,m,2,"16,44 €",0.0
915023,505996,1305,S,1,"32,92 €",40%
915024,505996,1077,m,1,"57,81 €",40%
915025,505997,1386,S,1,"32,98 €",0%
915026,505997,1368,S,1,"20,18 €",0.2
915027,505997,1148,39,1,"36,02 €",40%
915028,505998,1045,m,1,"57,82 €",40%
915029,505998,1053,XL,1,"38,51 €",40%
915030,505999,1315,XS,1,"32,56 €",0%
915031,506000,1298,S,1,"30,07 €",20%
915032,506000,1055,M,1,"33,15 €",10
915033,506000,1096,38,1,"53,68 €",20
915034,506000,1229,M,1,"38,72 €",0.5
915035,506000,1015,Talla XL,1,"33,85 €",20%
915036,506000,1056,m,1,"39,14 €",20
915037,506001,1106,39,3,"73,33 €",0%
915038,506001,1321,S,1,"37,98 €",0.0
915039,506001,1309,S,1,"29,96 €",0
915040,506002,1266,L,1,"33,10 €",20
915041,506003,1141,39,1,"47,53 €",40
915042,506003,1396,m,2,"15,65 €",20
915043,506003,1168,M,1,"19,82 €",10%
915044,506003,1319,XL,1,"30,13 €",50%
915045,506004,1196,XL,1,"15,48 €",40
915046,506004,1050,l,1,"52,78 €",20%
915047,506004,1226,Talla XL,1,"35,69 €",20%
915048,506005,1042,M,1,"49,99 €",40
915049,506005,1053,L,1,"38,51 €",0.3
915050,506005,1284,S,1,"20,70 €",40%
915051,506005,1362,S,1,"26,07 €",30
915052,506005,1014,M,3,"48,60 €",30
915053,506006,1384,xs,1,"25,64 €",0%
915054,506006,1249,S,3,"34,29 €",0.0
915055,506007,1212,M,1,"12,74 €",20%
915056,506007,1341,M,3,"40,01 €",40%
915057,506008,1202,Talla L,2,"20,61 €",0%
915058,506009,1316,L,2,"43,89 €",0.2
915059,506009,1280,Talla M,1,"29,54 €",0.3
915060,506010,1211,L,1,"12,54 €",50
915061,506010,1373,M,1,"14,01 €",10%
915062,506010,1173,L,1,"22,99 €",40
915063,506010,1098,37,1,"38,24 €",0.3
915064,506010,1228,M,1,"37,14 €",0.3
915065,506010,1094,40,1,"61,63 €",0.2
915066,506011,1154,39,1,"70,63 €",10%
915067,506011,1087,L,1,"49,59 €",20%
915068,506011,1192,m,1,"13,33 €",0.2
915069,506012,1362,xs,1,"26,07 €",30%
915070,506012,1218,S,1,"23,13 €",10%
915071,506012,1372,m,1,"28,06 €",20
915072,506013,1130,40,1,"73,00 €",0
915073,506013,1211,xs,1,"12,54 €",0.0
915074,506014,1252,L,1,"33,85 €",0.1
915075,506014,1315,l,1,"32,56 €",20%
915076,506015,1073,M,1,"26,22 €",0.0
915077,506016,1018,XS,1,"45,78 €",0.0
915078,506016,1315,S,1,"32,56 €",30
915079,506017,1318,Talla M,1,"40,14 €",0
915080,506017,1362,M,1,"26,07 €",0%
915081,506018,1090,L,1,"34,56 €",0.2
915082,506019,1053,M,1,"38,51 €",20%
915083,506020,1042,xl,1,"49,99 €",40%
915084,506020,1362,L,1,"26,07 €",40%
915085,506020,1399,l,1,"31,60 €",40%
915086,506020,1315,XS,1,"32,56 €",30%
915087,506020,1345,M,1,"85,68 €",20
915088,506021,1285,L,1,"39,82 €",0.2
915089,506021,1163,Talla XL,1,"22,89 €",40%
915090,506021,1168,M,1,"19,82 €",0.2
915091,506021,1090,L,1,"34,56 €",0%
915092,506021,1061,XL,1,"46,35 €",40%
915093,506021,1204,S,1,"12,35 €",0.4
915094,506022,1042,S,1,"49,99 €",40
915095,506022,1076,S,1,"47,04 €",20
915096,506023,1042,XL,1,"49,99 €",40%
915097,506023,1055,S,1,"33,15 €",30%
915098,506024,1104,40,1,"51,58 €",20
915099,506024,1105,39,2,"77,31 €",0.2
915100,506024,1374,S,2,"12,90 €",0.3
915101,506025,1292,XS,1,"32,80 €",0%
915102,506025,1293,Talla S,1,"37,48 €",0.1
915103,506025,1247,Talla XL,1,"43,39 €",20%
915104,506026,1390,L,1,"19,91 €",10%
915105,506027,1182,L,1,"16,74 €",40%
915106,506028,1276,Talla S,1,"24,73 €",30
915107,506028,1001,l,1,"32,57 €",0.2
915108,506029,1285,L,1,"39,82 €",20%
915109,506029,1229,S,1,"38,72 €",30%
915110,506030,1204,XL,1,"12,35 €",0.0
915111,506030,1041,M,1,"57,12 €",0
915112,506031,1327,L,1,"77,26 €",10%
915113,506031,1203,XS,1,"19,01 €",0.2
915114,506031,1204,s,3,"12,35 €",40
915115,506031,1203,Talla XS,1,"19,01 €",10
915116,506031,1250,S,2,"31,36 €",0.5
915117,506031,1264,Talla L,1,"44,81 €",10
915118,506032,1025,S,1,"59,54 €",30%
915119,506032,1285,m,1,"39,82 €",0%
915120,506033,1050,M,1,"52,78 €",0.3
915121,506033,1259,XL,1,"30,24 €",0.1
915122,506034,1288,M,2,"30,24 €",10%
915123,506034,1202,L,2,"20,61 €",0.5
915124,506034,1036,S,1,"51,15 €",30%
915125,506035,1106,Talla 37,2,"73,33 €",0.0
915126,506035,1123,36,1,"77,67 €",0
915127,506035,1315,S,1,"32,56 €",0
915128,506035,1020,M,1,"35,48 €",0%
915129,506035,1027,xs,1,"34,91 €",0.0
915130,506035,1094,36,1,"61,63 €",0%
915131,506036,1080,M,1,"34,78 €",10
915132,506036,1362,M,1,"26,07 €",10%
915133,506036,1246,L,1,"32,78 €",0.0
915134,506036,1326,S,1,"67,24 €",20%
915135,506036,1264,L,1,"44,81 €",10
915136,506037,1198,Talla XL,1,"16,38 €",0.2
915137,506037,1243,Talla XL,1,"42,14 €",0.1
915138,506038,1357,M,1,"16,44 €",20
915139,506038,1257,l,1,"41,13 €",20%
915140,506039,1285,M,1,"39,82 €",0.4
915141,506039,1183,XS,1,"22,12 €",10
915142,506039,1041,S,1,"57,12 €",20%
915143,506040,1374,Talla XS,1,"12,90 €",0%
915144,506040,1123,39,1,"77,67 €",0.4
915145,506040,1352,L,1,"12,43 €",0.3
915146,506040,1323,L,1,"32,89 €",0.3
915147,506041,1217,Talla S,2,"12,11 €",20%
915148,506041,1198,s,3,"16,38 €",20%
915149,506041,1206,M,1,"15,68 €",20%
915150,506041,1174,m,1,"20,68 €",0.2
915151,506041,1095,39,1,"41,57 €",0.4
915152,506042,1285,L,1,"39,82 €",30
915153,506042,1179,L,2,"24,02 €",0.2
915154,506042,1249,S,3,"34,29 €",20%
915155,506043,1098,40,2,"38,24 €",0.1
915156,506044,1167,Talla M,1,"18,87 €",0.2
915157,506045,1068,Talla XS,1,"49,68 €",0.1
915158,506045,1275,Talla S,1,"24,89 €",20%
915159,506045,1298,M,2,"30,07 €",30%
915160,506046,1042,L,2,"49,99 €",40%
915161,506047,1235,M,1,"34,51 €",0.1
915162,506048,1274,Talla S,3,"39,02 €",30%
915163,506048,1051,Talla M,1,"46,46 €",10%
915164,506049,1160,37,1,"65,05 €",20
915165,506050,1042,xl,1,"49,99 €",0.4
915166,506050,1288,L,1,"30,24 €",20
915167,506050,1025,Talla L,2,"59,54 €",0.3
915168,506051,1042,Talla M,1,"49,99 €",0.4
915169,506051,1204,m,1,"12,35 €",30%
915170,506051,1261,l,1,"33,18 €",20%
915171,506051,1299,s,2,"43,49 €",20%
915172,506051,1087,M,1,"49,59 €",0.3
915173,506051,1283,Talla L,1,"24,64 €",20%
915174,506052,1054,M,3,"59,30 €",30
915175,506052,1291,M,1,"28,71 €",0.1
915176,506052,1225,XL,2,"39,08 €",10%
915177,506053,1282,M,1,"36,05 €",0.3
915178,506053,1317,M,1,"27,13 €",30
915179,506054,1256,XS,1,"30,08 €",0%
915180,506054,1078,m,1,"56,16 €",0.0
915181,506054,1097,37,1,"45,52 €",0%
915182,506055,1137,Talla 37,1,"63,83 €",30%
915183,506055,1211,L,1,"12,54 €",10%
915184,506055,1209,s,1,"13,65 €",0.3
915185,506055,1298,M,2,"30,07 €",0.3
915186,506055,1229,XS,1,"38,72 €",0
915187,506055,1100,Talla 39,1,"49,80 €",10%
915188,506056,1325,S,1,"46,91 €",10
915189,506056,1123,36,1,"77,67 €",0.3
915190,506057,1188,XS,2,"23,94 €",0%
915191,506057,1325,XS,1,"46,91 €",0
915192,506057,1110,Talla 36,2,"37,86 €",0%
915193,506057,1203,XS,1,"19,01 €",10
915194,506057,1340,S,1,"80,92 €",0
915195,506058,1305,l,1,"32,92 €",50%
915196,506059,1319,L,1,"30,13 €",10%
915197,506059,1204,m,1,"12,35 €",0.4
915198,506059,1357,L,1,"16,44 €",10%
915199,506059,1147,41,1,"30,45 €",0%
915200,506059,1262,XL,1,"36,87 €",10
915201,506059,1315,M,1,"32,56 €",0.3
915202,506060,1135,40,1,"71,49 €",20
915203,506060,1110,40,1,"37,86 €",0.1
915204,506061,1042,m,1,"49,99 €",0.4
915205,506062,1057,XL,1,"28,72 €",20
915206,506062,1197,S,1,"14,87 €",0.3
915207,506063,1315,M,1,"32,56 €",0%
915208,506063,1312,S,1,"35,92 €",0
915209,506063,1322,Talla M,1,"33,07 €",0
915210,506064,1319,S,1,"30,13 €",10
915211,506064,1096,42,2,"53,68 €",50%
915212,506064,1252,M,1,"33,85 €",0.3
915213,506064,1141,36,1,"47,53 €",0.2
915214,506064,1204,M,1,"12,35 €",20%
915215,506064,1204,L,1,"12,35 €",0.2
915216,506065,1241,XS,1,"36,57 €",20%
915217,506065,1053,M,1,"38,51 €",10%
915218,506066,1031,M,1,"33,85 €",40%
915219,506067,1042,M,1,"49,99 €",40
915220,506067,1191,S,1,"20,63 €",40%
915221,506068,1352,M,1,"12,43 €",0
915222,506068,1004,M,1,"45,55 €",0%
915223,506069,1204,L,1,"12,35 €",20
915224,506069,1198,S,1,"16,38 €",0.1
915225,506069,1351,S,1,"26,88 €",20
915226,506069,1213,Talla L,1,"12,89 €",0.3
915227,506070,1291,XS,1,"28,71 €",0.3
915228,506070,1204,Talla L,2,"12,35 €",30
915229,506071,1013,XS,1,"31,03 €",0.3
915230,506071,1035,Talla M,2,"57,32 €",0%
915231,506071,1006,L,1,"40,90 €",10
915232,506072,1141,38,1,"47,53 €",10%
915233,506072,1199,L,3,"21,22 €",30%
915234,506073,1037,XL,1,"41,52 €",40
915235,506073,1326,L,1,"67,24 €",20%
915236,506073,1030,Talla XS,1,"46,38 €",0.3
915237,506074,1175,S,2,"17,99 €",0.3
915238,506074,1293,M,1,"37,48 €",10
915239,506075,1347,L,1,"80,46 €",10
915240,506075,1203,M,1,"19,01 €",20%
915241,506076,1140,Talla 41,1,"39,31 €",0
915242,506076,1369,M,1,"15,16 €",10%
915243,506077,1129,39,1,"73,51 €",0.3
915244,506078,1267,Talla L,1,"36,41 €",20%
915245,506078,1038,XS,1,"27,52 €",0.1
915246,506078,1368,M,1,"20,18 €",0.4
915247,506078,1386,S,2,"32,98 €",20%
915248,506078,1315,Talla S,1,"32,56 €",20
915249,506079,1204,S,1,"12,35 €",20%
915250,506079,1125,39,1,"51,19 €",20%
915251,506079,1023,L,1,"31,99 €",30
915252,506080,1269,s,1,"20,24 €",0%
915253,506081,1159,40,1,"51,99 €",0%
915254,506082,1247,l,1,"43,39 €",20%
915255,506082,1341,S,1,"40,01 €",0%
915256,506082,1134,38,1,"31,21 €",0.0
915257,506083,1255,S,1,"31,35 €",50
915258,506083,1255,S,2,"31,35 €",0%
915259,506083,1152,39,2,"48,30 €",40
915260,506083,1015,XL,1,"33,85 €",10
915261,506083,1136,41,1,"73,76 €",0.2
915262,506083,1353,l,1,"13,83 €",20%
915263,506083,1018,L,1,"45,78 €",0.3
915264,506084,1346,M,1,"45,31 €",0.1
915265,506085,1272,XL,1,"29,98 €",50%
915266,506085,1275,M,1,"24,89 €",10%
915267,506086,1042,S,1,"49,99 €",0.4
915268,506086,1290,XS,1,"23,54 €",0.5
915269,506086,1129,38,1,"73,51 €",30%
915270,506086,1204,S,1,"12,35 €",0.0
915271,506087,1396,XS,2,"15,65 €",20%
915272,506087,1030,m,1,"46,38 €",0.1
915273,506088,1282,S,2,"36,05 €",0
915274,506089,1044,S,1,"36,91 €",20%
915275,506089,1119,40,1,"55,00 €",30%
915276,506090,1103,39,1,"62,95 €",30
915277,506090,1205,Talla XL,2,"13,61 €",0.1
915278,506090,1120,Talla 40,1,"65,76 €",0.1
915279,506090,1147,36,2,"30,45 €",40%
915280,506090,1357,M,1,"16,44 €",40%
915281,506090,1345,S,1,"85,68 €",0.4
915282,506091,1388,Talla S,1,"15,95 €",0%
915283,506092,1088,S,2,"36,00 €",0%
915284,506093,1206,XL,1,"15,68 €",10%
915285,506093,1359,L,1,"29,93 €",50%
915286,506093,1137,36,1,"63,83 €",20
915287,506094,1228,Talla S,1,"37,14 €",0.0
915288,506094,1393,XL,1,"13,58 €",0%
915289,506094,1338,L,1,"61,23 €",0%
915290,506095,1085,L,1,"41,61 €",0%
915291,506095,1229,M,1,"38,72 €",0.0
915292,506096,1371,S,1,"33,17 €",10
915293,506097,1211,XS,1,"12,54 €",0.3
915294,506097,1118,41,1,"79,30 €",30%
915295,506097,1175,S,1,"17,99 €",0.1
915296,506097,1381,Talla M,1,"34,45 €",30
915297,506098,1073,M,2,"26,22 €",0.2
915298,506098,1357,L,1,"16,44 €",20%
915299,506098,1286,M,1,"28,43 €",10%
915300,506098,1211,XL,1,"12,54 €",20%
915301,506099,1282,m,1,"36,05 €",0.4
915302,506100,1205,s,2,"13,61 €",0%
915303,506100,1075,l,1,"43,55 €",0.0
915304,506100,1232,Talla S,1,"26,48 €",0%
915305,506101,1042,M,1,"49,99 €",0.4
915306,506102,1042,M,1,"49,99 €",40%
915307,506103,1184,L,1,"14,15 €",0.2
915308,506103,1029,M,1,"31,92 €",0.2
915309,506103,1254,Talla XL,1,"42,10 €",20%
915310,506104,1204,XS,1,"12,35 €",20
915311,506104,1031,XL,1,"33,85 €",0.5
915312,506105,1229,Talla L,1,"38,72 €",0
915313,506105,1133,39,1,"48,67 €",0.0
915314,506106,1117,38,2,"49,56 €",0.0
915315,506106,1034,S,1,"42,28 €",0%
915316,506107,1095,36,1,"41,57 €",30%
915317,506107,1362,M,1,"26,07 €",10%
915318,506107,1234,Talla S,1,"26,50 €",0.1
915319,506108,1292,XL,1,"32,80 €",10%
915320,506108,1342,M,1,"54,22 €",10
915321,506108,1053,XS,1,"38,51 €",20
915322,506108,1113,37,2,"38,95 €",0.1
915323,506109,1047,L,1,"27,30 €",10%
915324,506110,1201,S,1,"24,28 €",0.0
915325,506110,1013,m,1,"31,03 €",0%
915326,506110,1380,xl,3,"34,77 €",0.1
915327,506110,1334,M,1,"41,41 €",0.1
915328,506110,1306,M,1,"38,88 €",20%
915329,506111,1377,M,2,"31,22 €",0%
915330,506112,1011,XS,3,"58,99 €",0.4
915331,506112,1156,40,1,"56,23 €",0.2
915332,506112,1372,Talla L,1,"28,06 €",10%
915333,506112,1079,M,1,"46,26 €",0.2
915334,506113,1042,xs,1,"49,99 €",40
915335,506113,1176,S,1,"23,41 €",0.4
915336,506113,1106,38,1,"73,33 €",0.5
915337,506114,1388,S,1,"15,95 €",0.2
915338,506115,1383,S,1,"20,95 €",0.1
915339,506115,1230,M,1,"25,06 €",10
915340,506115,1072,M,1,"46,42 €",20%
915341,506116,1128,41,1,"71,15 €",0.1
915342,506116,1024,M,1,"56,24 €",20
915343,506117,1288,XL,1,"30,24 €",10%
915344,506117,1137,38,3,"63,83 €",20%
915345,506118,1120,38,1,"65,76 €",0%
915346,506119,1130,39,1,"73,00 €",0.1
915347,506120,1352,XL,1,"12,43 €",0.4
915348,506120,1065,M,3,"49,52 €",40%
915349,506121,1013,M,1,"31,03 €",10%
915350,506121,1090,L,1,"34,56 €",20
915351,506122,1190,L,1,"19,61 €",0.0
915352,506122,1315,M,1,"32,56 €",0.4
915353,506123,1179,L,1,"24,02 €",0%
915354,506123,1135,42,1,"71,49 €",30%
915355,506123,1229,m,1,"38,72 €",40
915356,506124,1315,XS,1,"32,56 €",10
915357,506124,1172,M,1,"18,98 €",0
915358,506124,1053,m,1,"38,51 €",30%
915359,506124,1024,S,1,"56,24 €",0.4
915360,506124,1153,42,1,"46,79 €",0.4
915361,506125,1090,l,1,"34,56 €",0.2
915362,506126,1042,Talla S,1,"49,99 €",0.4
915363,506126,1399,M,1,"31,60 €",0.3
915364,506126,1229,M,1,"38,72 €",0.2
915365,506127,1042,M,1,"49,99 €",0.4
915366,506127,1173,M,1,"22,99 €",0.2
915367,506127,1191,S,1,"20,63 €",10%
915368,506128,1036,S,2,"51,15 €",10%
915369,506128,1264,l,1,"44,81 €",0%
915370,506128,1290,L,1,"23,54 €",0.3
915371,506129,1159,Talla 36,1,"51,99 €",0.0
915372,506130,1080,S,2,"34,78 €",0.1
915373,506130,1297,xl,1,"39,25 €",0.3
915374,506130,1245,S,1,"40,31 €",40
915375,506130,1140,37,2,"39,31 €",30
915376,506130,1223,L,1,"29,79 €",30%
915377,506131,1042,L,1,"49,99 €",0.4
915378,506131,1345,m,1,"85,68 €",10%
915379,506131,1250,M,1,"31,36 €",30
915380,506132,1347,XS,2,"80,46 €",30%
915381,506132,1282,m,1,"36,05 €",40%
915382,506132,1172,Talla S,2,"18,98 €",0.1
915383,506132,1214,M,1,"17,10 €",0.1
915384,506133,1042,M,1,"49,99 €",0.4
915385,506133,1053,M,1,"38,51 €",30%
915386,506133,1116,42,1,"50,71 €",0.4
915387,506133,1213,S,1,"12,89 €",20%
915388,506133,1005,XL,3,"31,32 €",30
915389,506133,1357,M,1,"16,44 €",0%
915390,506134,1042,m,1,"49,99 €",40%
915391,506134,1067,M,2,"32,97 €",10
915392,506135,1315,M,1,"32,56 €",30
915393,506135,1054,M,1,"59,30 €",30
915394,506136,1305,XS,1,"32,92 €",30%
915395,506136,1309,L,1,"29,96 €",0.3
915396,506137,1042,M,1,"49,99 €",40%
915397,506138,1042,XL,1,"49,99 €",40%
915398,506138,1034,S,1,"42,28 €",10%
915399,506138,1290,S,2,"23,54 €",0.1
915400,506138,1074,M,1,"27,23 €",0.0
915401,506139,1398,XL,1,"25,22 €",0.2
915402,506139,1073,M,1,"26,22 €",20%
915403,506140,1252,S,1,"33,85 €",0.0
915404,506141,1042,M,1,"49,99 €",40
915405,506141,1334,Talla S,1,"41,41 €",20%
915406,506142,1289,S,1,"22,39 €",0.3
915407,506143,1042,Talla XL,2,"49,99 €",40%
915408,506143,1121,39,2,"72,81 €",0.1
915409,506144,1048,S,1,"36,45 €",20
915410,506145,1036,L,1,"51,15 €",0.4
915411,506145,1285,L,1,"39,82 €",40%
915412,506145,1036,S,1,"51,15 €",0.3
915413,506146,1085,M,1,"41,61 €",0.2
915414,506146,1229,XL,2,"38,72 €",0.3
915415,506147,1336,M,1,"80,41 €",0.5
915416,506147,1377,S,1,"31,22 €",30%
915417,506147,1284,Talla L,1,"20,70 €",0.3
915418,506147,1033,xs,3,"54,99 €",50%
915419,506148,1203,Talla L,3,"19,01 €",30
915420,506148,1081,L,2,"55,86 €",0.2
915421,506149,1277,S,1,"28,10 €",0.2
915422,506149,1274,M,1,"39,02 €",30
915423,506149,1105,37,1,"77,31 €",0.2
915424,506149,1067,M,3,"32,97 €",30
915425,506150,1232,xl,1,"26,48 €",10%
915426,506150,1315,Talla XS,1,"32,56 €",40%
915427,506151,1079,M,1,"46,26 €",0.1
915428,506151,1204,S,1,"12,35 €",30
915429,506152,1089,XS,1,"33,88 €",0.0
915430,506153,1042,XL,1,"49,99 €",40
915431,506154,1039,m,1,"53,52 €",0.1
915432,506154,1315,L,1,"32,56 €",0.0
915433,506155,1229,l,1,"38,72 €",20
915434,506155,1352,XS,1,"12,43 €",0.0
915435,506156,1038,XS,1,"27,52 €",30
915436,506156,1098,42,1,"38,24 €",10%
915437,506157,1133,38,1,"48,67 €",30%
915438,506157,1106,Talla 40,1,"73,33 €",30%
915439,506157,1095,40,1,"41,57 €",30
915440,506158,1036,L,1,"51,15 €",30%
915441,506158,1204,m,1,"12,35 €",0.0
915442,506158,1101,38,1,"57,43 €",0.2
915443,506158,1357,XL,1,"16,44 €",30
915444,506158,1128,38,2,"71,15 €",0.3
915445,506159,1251,M,1,"41,39 €",20%
915446,506159,1106,Talla 40,1,"73,33 €",20
915447,506159,1262,Talla L,1,"36,87 €",30%
915448,506159,1357,XS,1,"16,44 €",30%
915449,506159,1175,S,2,"17,99 €",30
915450,506160,1036,L,1,"51,15 €",30
915451,506160,1377,XS,1,"31,22 €",0.1
915452,506160,1357,S,1,"16,44 €",0.0
915453,506160,1120,40,2,"65,76 €",0%
915454,506160,1204,M,1,"12,35 €",20
915455,506160,1308,m,1,"36,22 €",0.4
915456,506161,1042,M,1,"49,99 €",40%
915457,506161,1285,L,1,"39,82 €",30%
915458,506161,1012,XS,2,"40,99 €",0.4
915459,506162,1305,L,1,"32,92 €",20%
915460,506162,1094,39,1,"61,63 €",0.3
915461,506163,1305,S,1,"32,92 €",0%
915462,506163,1206,M,1,"15,68 €",0.0
915463,506164,1345,Talla XS,1,"85,68 €",30
915464,506165,1229,L,1,"38,72 €",20%
915465,506165,1394,S,1,"26,56 €",10%
915466,506165,1388,S,1,"15,95 €",0
915467,506166,1229,M,1,"38,72 €",0.2
915468,506166,1266,M,2,"33,10 €",0.3
915469,506167,1042,M,1,"49,99 €",40%
915470,506167,1390,M,1,"19,91 €",40
915471,506168,1037,XS,1,"41,52 €",10%
915472,506168,1232,S,2,"26,48 €",0.2
915473,506168,1323,XL,2,"32,89 €",40%
915474,506169,1164,M,1,"18,58 €",0.3
915475,506170,1042,S,1,"49,99 €",0.4
915476,506171,1200,M,1,"21,79 €",0%
915477,506172,1170,M,1,"12,32 €",40%
915478,506172,1006,S,2,"40,90 €",0.3
915479,506172,1363,m,2,"31,93 €",0.0
915480,506172,1400,L,2,"25,30 €",0.2
915481,506172,1359,XL,1,"29,93 €",10%
915482,506173,1211,M,1,"12,54 €",40
915483,506174,1148,39,1,"36,02 €",40%
915484,506174,1229,S,1,"38,72 €",0.2
915485,506174,1022,l,1,"36,94 €",0.3
915486,506175,1195,M,1,"18,13 €",0.2
915487,506175,1013,M,1,"31,03 €",20%
915488,506176,1101,40,2,"57,43 €",0%
915489,506176,1036,m,1,"51,15 €",0.2
915490,506176,1362,L,1,"26,07 €",10
915491,506176,1036,L,1,"51,15 €",0
915492,506177,1042,L,1,"49,99 €",40
915493,506178,1042,M,2,"49,99 €",0.4
915494,506178,1079,XL,2,"46,26 €",0.2
915495,506178,1385,M,1,"28,77 €",0.1
915496,506178,1388,M,1,"15,95 €",40%
915497,506179,1010,M,1,"32,90 €",0.0
915498,506179,1118,38,1,"79,30 €",0%
915499,506180,1362,L,1,"26,07 €",0.0
915500,506180,1253,S,1,"42,45 €",0.0
915501,506180,1290,S,1,"23,54 €",20%
915502,506181,1240,M,1,"41,66 €",40%
915503,506181,1176,XL,1,"23,41 €",40
915504,506181,1076,XS,2,"47,04 €",30
915505,506182,1075,XL,1,"43,55 €",0%
915506,506182,1170,Talla L,1,"12,32 €",10
915507,506182,1362,xs,1,"26,07 €",0.5
915508,506182,1285,XS,1,"39,82 €",30
915509,506182,1276,S,1,"24,73 €",20
915510,506183,1273,XS,1,"32,69 €",40%
915511,506183,1204,Talla XL,1,"12,35 €",20%
915512,506184,1204,S,1,"12,35 €",0.3
915513,506185,1178,S,1,"22,32 €",10%
915514,506185,1319,XS,1,"30,13 €",0.0
915515,506185,1171,Talla M,1,"18,14 €",0%
915516,506185,1305,M,1,"32,92 €",0%
915517,506185,1051,s,2,"46,46 €",10
915518,506185,1205,M,1,"13,61 €",10%
915519,506186,1301,XL,2,"46,93 €",30
915520,506187,1042,M,2,"49,99 €",0.4
915521,506187,1053,m,2,"38,51 €",10%
915522,506188,1282,XL,1,"36,05 €",0.1
915523,506188,1072,M,1,"46,42 €",0.1
915524,506188,1203,S,1,"19,01 €",10%
915525,506189,1368,Talla M,1,"20,18 €",0
915526,506189,1204,M,1,"12,35 €",0
915527,506190,1001,M,1,"32,57 €",20
915528,506190,1216,M,1,"17,83 €",0.4
915529,506191,1284,S,1,"20,70 €",0.4
915530,506191,1282,Talla S,1,"36,05 €",0.2
915531,506192,1312,S,1,"35,92 €",20%
915532,506192,1263,L,1,"39,31 €",20%
915533,506193,1049,l,1,"47,10 €",40%
915534,506193,1392,XL,1,"12,73 €",20
915535,506193,1094,40,1,"61,63 €",10%
915536,506194,1133,40,1,"48,67 €",20
915537,506194,1373,L,1,"14,01 €",10%
915538,506195,1136,36,1,"73,76 €",0%
915539,506196,1122,Talla 37,1,"63,66 €",0.0
915540,506197,1204,Talla XL,1,"12,35 €",0
915541,506197,1277,S,2,"28,10 €",0.0
915542,506197,1315,L,2,"32,56 €",0.0
915543,506197,1206,s,2,"15,68 €",0
915544,506197,1321,m,1,"37,98 €",0
915545,506197,1222,L,2,"27,70 €",0
915546,506198,1293,xs,2,"37,48 €",0%
915547,506199,1240,m,1,"41,66 €",20
915548,506200,1039,Talla S,1,"53,52 €",20%
915549,506200,1034,XL,1,"42,28 €",0.2
915550,506200,1158,Talla 39,1,"44,36 €",0.4
915551,506200,1270,M,1,"37,43 €",20%
915552,506201,1337,M,2,"63,78 €",10%
915553,506201,1069,S,1,"29,38 €",50
915554,506201,1021,XS,1,"43,85 €",20
915555,506202,1069,S,1,"29,38 €",0
915556,506202,1297,Talla L,1,"39,25 €",0%
915557,506203,1094,37,1,"61,63 €",40%
915558,506203,1275,Talla XS,1,"24,89 €",40%
915559,506204,1009,m,1,"25,67 €",10
915560,506204,1136,38,1,"73,76 €",20%
915561,506204,1016,M,1,"58,66 €",0.2
915562,506204,1292,s,1,"32,80 €",40%
915563,506205,1394,Talla L,1,"26,56 €",0.3
915564,506206,1329,m,1,"45,80 €",20%
915565,506206,1160,41,2,"65,05 €",0.2
915566,506206,1336,XL,1,"80,41 €",0.2
915567,506207,1252,Talla XL,1,"33,85 €",20%
915568,506207,1288,XL,1,"30,24 €",0.2
915569,506208,1042,L,1,"49,99 €",40%
915570,506208,1122,38,1,"63,66 €",40%
915571,506208,1298,s,1,"30,07 €",0
915572,506208,1036,L,3,"51,15 €",0.1
915573,506208,1094,40,1,"61,63 €",20%
915574,506208,1048,L,1,"36,45 €",30
915575,506209,1121,40,1,"72,81 €",20%
915576,506209,1159,38,2,"51,99 €",0.5
915577,506209,1036,xl,1,"51,15 €",0.2
915578,506210,1273,Talla XS,1,"32,69 €",30
915579,506210,1054,XL,1,"59,30 €",0.1
915580,506211,1362,XS,2,"26,07 €",0.5
915581,506211,1339,M,1,"55,93 €",0.3
915582,506212,1210,Talla L,1,"18,98 €",0.0
915583,506212,1204,Talla M,1,"12,35 €",0.1
915584,506213,1100,40,1,"49,80 €",0%
915585,506213,1278,XS,1,"29,80 €",20%
915586,506213,1338,L,1,"61,23 €",0.4
915587,506213,1285,M,1,"39,82 €",40%
915588,506213,1053,L,1,"38,51 €",30%
915589,506214,1305,XL,1,"32,92 €",10
915590,506214,1123,40,2,"77,67 €",30%
915591,506215,1338,L,1,"61,23 €",0.3
915592,506216,1174,S,1,"20,68 €",0%
915593,506216,1176,xs,1,"23,41 €",0.1
915594,506216,1110,37,1,"37,86 €",10
915595,506216,1175,XS,1,"17,99 €",20%
915596,506216,1083,Talla XL,1,"54,14 €",0.1
915597,506217,1042,S,1,"49,99 €",0.4
915598,506217,1242,XL,1,"38,06 €",40%
915599,506218,1194,S,1,"22,75 €",20%
915600,506218,1191,Talla M,1,"20,63 €",10%
915601,506218,1266,S,2,"33,10 €",20
915602,506219,1204,XL,1,"12,35 €",0.0
915603,506219,1156,36,1,"56,23 €",10%
915604,506219,1229,S,1,"38,72 €",0.0
915605,506220,1168,S,1,"19,82 €",40
915606,506220,1242,xl,1,"38,06 €",0.1
915607,506220,1108,39,1,"69,72 €",20%
915608,506221,1022,XS,1,"36,94 €",10
915609,506222,1049,S,1,"47,10 €",40%
915610,506222,1046,S,1,"42,24 €",0.0
915611,506223,1047,M,1,"27,30 €",40
915612,506223,1048,L,1,"36,45 €",30
915613,506224,1398,m,2,"25,22 €",0.2
915614,506224,1258,M,2,"35,14 €",40%
915615,506225,1315,M,1,"32,56 €",20
915616,506226,1042,M,2,"49,99 €",0.4
915617,506227,1042,L,1,"49,99 €",40%
915618,506228,1174,L,1,"20,68 €",0.1
915619,506228,1192,l,1,"13,33 €",0.3
915620,506228,1053,L,1,"38,51 €",0
915621,506229,1040,M,1,"49,21 €",10
915622,506229,1144,41,1,"75,61 €",20
915623,506230,1224,L,1,"25,88 €",0.2
915624,506230,1281,S,2,"34,30 €",20%
915625,506230,1304,S,1,"44,49 €",0.3
915626,506230,1140,40,1,"39,31 €",20
915627,506230,1126,38,1,"52,20 €",40
915628,506231,1204,M,1,"12,35 €",40%
915629,506231,1087,XL,1,"49,59 €",40%
915630,506231,1040,M,1,"49,21 €",20%
915631,506231,1311,L,1,"30,25 €",20%
915632,506231,1167,L,1,"18,87 €",40%
915633,506231,1146,38,1,"34,21 €",20
915634,506232,1051,M,1,"46,46 €",10%
915635,506232,1134,42,2,"31,21 €",30%
915636,506232,1143,40,1,"54,97 €",40%
915637,506233,1037,S,1,"41,52 €",0%
915638,506234,1042,L,1,"49,99 €",40%
915639,506234,1285,M,1,"39,82 €",0.4
915640,506234,1168,L,1,"19,82 €",40%
915641,506235,1206,L,1,"15,68 €",30%
915642,506235,1217,XS,3,"12,11 €",30
915643,506235,1040,L,1,"49,21 €",40%
915644,506236,1047,m,1,"27,30 €",0%
915645,506236,1014,M,2,"48,60 €",0%
915646,506236,1197,L,1,"14,87 €",10%
915647,506237,1003,XS,1,"55,06 €",0.1
915648,506238,1248,M,1,"44,58 €",20%
915649,506238,1107,37,1,"55,33 €",0.2
915650,506239,1211,m,1,"12,54 €",0.2
915651,506239,1205,s,3,"13,61 €",30
915652,506240,1073,XS,1,"26,22 €",10%
915653,506240,1286,M,1,"28,43 €",0.1
915654,506240,1168,Talla M,1,"19,82 €",10
915655,506241,1316,l,1,"43,89 €",0.4
915656,506242,1068,Talla S,1,"49,68 €",0.3
915657,506242,1013,s,1,"31,03 €",30
915658,506242,1256,XS,1,"30,08 €",20%
915659,506242,1073,S,2,"26,22 €",40
915660,506242,1203,L,1,"19,01 €",40
915661,506243,1173,M,1,"22,99 €",10%
915662,506243,1113,37,1,"38,95 €",30%
915663,506243,1146,39,1,"34,21 €",0.3
915664,506244,1042,L,1,"49,99 €",40
915665,506245,1281,L,1,"34,30 €",0.3
915666,506245,1078,Talla M,1,"56,16 €",0.4
915667,506246,1280,XS,1,"29,54 €",0.3
915668,506246,1195,S,1,"18,13 €",0.4
915669,506246,1277,XS,1,"28,10 €",20
915670,506247,1019,Talla L,1,"38,48 €",20
915671,506247,1160,38,1,"65,05 €",0%
915672,506248,1042,Talla XL,1,"49,99 €",40%
915673,506248,1137,38,3,"63,83 €",30
915674,506249,1015,L,1,"33,85 €",30%
915675,506249,1066,xs,1,"34,07 €",30%
915676,506249,1037,M,1,"41,52 €",20%
915677,506250,1077,XS,1,"57,81 €",30%
915678,506251,1277,M,1,"28,10 €",40
915679,506251,1106,37,1,"73,33 €",0
915680,506252,1284,S,1,"20,70 €",50
915681,506252,1191,S,1,"20,63 €",10%
915682,506252,1146,36,3,"34,21 €",20
915683,506253,1121,37,2,"72,81 €",0.3
915684,506253,1124,36,1,"77,92 €",30
915685,506253,1038,L,1,"27,52 €",0.2
915686,506253,1149,37,1,"75,51 €",0.1
915687,506254,1365,M,2,"27,56 €",0.1
915688,506255,1337,M,2,"63,78 €",0.0
915689,506255,1362,S,1,"26,07 €",0
915690,506255,1348,XL,1,"54,42 €",0%
915691,506256,1182,m,1,"16,74 €",10%
915692,506257,1252,S,2,"33,85 €",0.0
915693,506257,1026,S,2,"49,99 €",0.1
915694,506258,1094,38,1,"61,63 €",40
915695,506259,1321,L,1,"37,98 €",0.1
915696,506259,1148,38,2,"36,02 €",20%
915697,506260,1395,S,1,"20,05 €",20%
915698,506260,1291,s,1,"28,71 €",30%
915699,506260,1395,XS,1,"20,05 €",0.1
915700,506261,1061,M,1,"46,35 €",0.3
915701,506261,1315,Talla XS,2,"32,56 €",30%
915702,506261,1140,40,3,"39,31 €",0.3
915703,506261,1197,XL,1,"14,87 €",0%
915704,506262,1042,M,1,"49,99 €",40%
915705,506262,1034,L,2,"42,28 €",50
915706,506262,1057,M,1,"28,72 €",0.2
915707,506263,1204,M,1,"12,35 €",50
915708,506263,1315,XL,1,"32,56 €",0%
915709,506263,1178,S,1,"22,32 €",40%
915710,506263,1243,M,1,"42,14 €",0.2
915711,506263,1053,M,1,"38,51 €",0.3
915712,506264,1374,xl,1,"12,90 €",0.1
915713,506264,1368,XS,1,"20,18 €",30
915714,506264,1273,s,1,"32,69 €",0.2
915715,506264,1285,S,1,"39,82 €",20
915716,506265,1026,S,1,"49,99 €",10
915717,506265,1292,L,1,"32,80 €",0
915718,506266,1094,40,1,"61,63 €",0.2
915719,506267,1284,L,1,"20,70 €",20%
915720,506268,1212,M,1,"12,74 €",20%
915721,506268,1129,36,1,"73,51 €",20%
915722,506269,1204,L,1,"12,35 €",0.1
915723,506269,1197,S,1,"14,87 €",20
915724,506270,1234,S,1,"26,50 €",0%
915725,506271,1204,Talla S,1,"12,35 €",0.0
915726,506272,1362,M,2,"26,07 €",20
915727,506272,1092,Talla 37,1,"69,97 €",10%
915728,506272,1362,L,1,"26,07 €",0.2
915729,506273,1096,40,1,"53,68 €",0.0
915730,506274,1315,M,2,"32,56 €",0
915731,506275,1200,S,1,"21,79 €",20%
915732,506275,1393,s,1,"13,58 €",40%
915733,506275,1233,M,1,"30,63 €",50
915734,506275,1049,Talla S,1,"47,10 €",20%
915735,506276,1060,S,1,"48,04 €",10%
915736,506277,1204,Talla L,2,"12,35 €",0.2
915737,506278,1229,XL,1,"38,72 €",10
915738,506278,1293,M,1,"37,48 €",0.5
915739,506278,1151,36,1,"47,09 €",30%
915740,506278,1294,L,1,"28,15 €",0.2
915741,506278,1345,s,1,"85,68 €",40%
915742,506279,1300,S,1,"32,84 €",0.4
915743,506280,1042,L,1,"49,99 €",0.4
915744,506280,1106,40,2,"73,33 €",30%
915745,506281,1310,Talla XL,1,"40,69 €",20
915746,506282,1116,38,2,"50,71 €",10
915747,506282,1140,38,1,"39,31 €",0
915748,506282,1064,l,1,"33,05 €",0
915749,506283,1042,L,1,"49,99 €",0.4
915750,506284,1235,M,1,"34,51 €",0.0
915751,506285,1376,L,1,"26,99 €",20%
915752,506285,1204,M,3,"12,35 €",0%
915753,506286,1042,L,1,"49,99 €",40%
915754,506286,1070,M,1,"27,27 €",20%
915755,506286,1053,L,1,"38,51 €",40%
915756,506286,1365,M,1,"27,56 €",0
915757,506287,1118,40,1,"79,30 €",0.1
915758,506287,1038,M,1,"27,52 €",10
915759,506287,1094,37,1,"61,63 €",0%
915760,506288,1015,S,1,"33,85 €",0.2
915761,506288,1306,XS,1,"38,88 €",20%
915762,506288,1379,XL,1,"31,72 €",0.4
915763,506288,1013,M,1,"31,03 €",40%
915764,506289,1163,L,1,"22,89 €",0.0
915765,506290,1042,XL,2,"49,99 €",40
915766,506290,1053,L,1,"38,51 €",0%
915767,506291,1285,XS,2,"39,82 €",0.1
915768,506291,1365,m,1,"27,56 €",10%
915769,506292,1156,42,1,"56,23 €",50%
915770,506292,1153,39,1,"46,79 €",10
915771,506292,1063,L,1,"41,19 €",20%
915772,506293,1218,Talla S,1,"23,13 €",0.0
915773,506294,1004,l,1,"45,55 €",20
915774,506294,1163,s,1,"22,89 €",20
915775,506294,1315,M,3,"32,56 €",40%
915776,506294,1203,m,2,"19,01 €",40
915777,506294,1157,38,2,"47,95 €",30%
915778,506295,1344,XL,1,"48,33 €",20
915779,506295,1211,XS,1,"12,54 €",0%
915780,506296,1042,L,1,"49,99 €",40%
915781,506297,1157,39,1,"47,95 €",0.3
915782,506297,1229,Talla L,1,"38,72 €",20%
915783,506297,1360,L,1,"18,88 €",10%
915784,506297,1038,XS,1,"27,52 €",20%
915785,506298,1361,XL,1,"14,66 €",30%
915786,506298,1359,XS,1,"29,93 €",10
915787,506298,1214,m,1,"17,10 €",10%
915788,506298,1394,m,1,"26,56 €",0%
915789,506298,1204,l,1,"12,35 €",30
915790,506298,1272,M,1,"29,98 €",40%
915791,506299,1121,38,1,"72,81 €",20%
915792,506299,1242,m,1,"38,06 €",30
915793,506299,1209,l,1,"13,65 €",0.2
915794,506300,1262,Talla XS,1,"36,87 €",30
915795,506301,1113,39,1,"38,95 €",0%
915796,506302,1353,S,1,"13,83 €",0.3
915797,506302,1242,M,1,"38,06 €",10
915798,506303,1042,L,2,"49,99 €",0.4
915799,506303,1357,L,1,"16,44 €",20%
915800,506303,1072,M,1,"46,42 €",20%
915801,506304,1060,S,1,"48,04 €",20%
915802,506304,1273,XS,1,"32,69 €",30
915803,506305,1075,M,1,"43,55 €",0.3
915804,506305,1106,39,1,"73,33 €",10%
915805,506305,1121,37,2,"72,81 €",20
915806,506306,1121,38,1,"72,81 €",0
915807,506307,1135,42,1,"71,49 €",10%
915808,506307,1255,XL,1,"31,35 €",0%
915809,506307,1061,XS,1,"46,35 €",0.2
915810,506307,1284,M,3,"20,70 €",0.3
915811,506308,1393,M,1,"13,58 €",30
915812,506308,1199,S,1,"21,22 €",0.3
915813,506308,1089,L,1,"33,88 €",0.3
915814,506309,1268,XS,1,"36,99 €",0.2
915815,506309,1250,M,1,"31,36 €",10%
915816,506310,1163,M,1,"22,89 €",0.3
915817,506310,1208,L,1,"22,70 €",0.3
915818,506310,1107,39,1,"55,33 €",0.2
915819,506310,1069,M,1,"29,38 €",20
915820,506310,1282,L,1,"36,05 €",0.0
915821,506311,1204,Talla M,1,"12,35 €",0.0
915822,506311,1013,S,1,"31,03 €",0.0
915823,506311,1226,M,1,"35,69 €",0
915824,506311,1381,l,2,"34,45 €",0%
915825,506311,1393,M,2,"13,58 €",0.1
915826,506311,1024,XL,1,"56,24 €",10
915827,506312,1227,S,1,"25,33 €",50%
915828,506312,1132,40,2,"72,05 €",20%
915829,506312,1228,S,1,"37,14 €",20
915830,506312,1235,xl,1,"34,51 €",40%
915831,506312,1074,M,1,"27,23 €",40%
915832,506313,1141,39,1,"47,53 €",0.2
915833,506313,1082,Talla L,1,"49,65 €",30
915834,506313,1198,M,1,"16,38 €",40%
915835,506314,1092,39,1,"69,97 €",0.4
915836,506314,1336,L,1,"80,41 €",20%
915837,506315,1168,XL,2,"19,82 €",20
915838,506316,1366,M,1,"26,15 €",0.2
915839,506316,1130,Talla 42,1,"73,00 €",20%
915840,506316,1028,XS,1,"48,82 €",40%
915841,506316,1359,m,1,"29,93 €",0.2
915842,506317,1209,XS,1,"13,65 €",0.2
915843,506317,1362,m,1,"26,07 €",20%
915844,506318,1013,L,2,"31,03 €",20%
915845,506319,1040,XS,1,"49,21 €",0%
915846,506319,1298,XL,1,"30,07 €",0.3
915847,506319,1217,M,2,"12,11 €",30%
915848,506319,1386,S,1,"32,98 €",30
915849,506319,1362,XL,1,"26,07 €",0
915850,506319,1213,XS,1,"12,89 €",10
915851,506320,1136,Talla 38,1,"73,76 €",10%
915852,506320,1344,S,1,"48,33 €",0
915853,506320,1383,S,1,"20,95 €",0.1
915854,506320,1197,S,1,"14,87 €",0
915855,506321,1182,L,2,"16,74 €",0%
915856,506322,1305,S,1,"32,92 €",0.2
915857,506322,1127,38,1,"79,76 €",0.3
915858,506322,1246,XL,1,"32,78 €",0.2
915859,506322,1052,L,2,"52,18 €",0.4
915860,506322,1075,M,1,"43,55 €",40%
915861,506323,1082,Talla L,1,"49,65 €",0.2
915862,506324,1362,M,1,"26,07 €",30
915863,506324,1354,L,1,"10,85 €",0.1
915864,506325,1074,Talla XL,1,"27,23 €",50
915865,506325,1205,XS,1,"13,61 €",0
915866,506325,1295,M,1,"36,18 €",20%
915867,506326,1270,S,1,"37,43 €",10%
915868,506327,1136,37,1,"73,76 €",0.1
915869,506328,1038,XL,1,"27,52 €",0%
915870,506328,1231,M,1,"35,23 €",10%
915871,506329,1006,Talla S,1,"40,90 €",10
915872,506329,1017,M,1,"33,77 €",0.1
915873,506329,1274,S,1,"39,02 €",10
915874,506329,1334,L,1,"41,41 €",30
915875,506330,1399,L,1,"31,60 €",40%
915876,506330,1220,l,1,"18,87 €",10
915877,506331,1234,Talla L,1,"26,50 €",0.1
915878,506331,1358,M,2,"26,83 €",0.1
915879,506332,1042,L,1,"49,99 €",40%
915880,506333,1362,m,1,"26,07 €",0.3
915881,506333,1357,S,2,"16,44 €",0.2
915882,506333,1040,M,1,"49,21 €",0
915883,506333,1106,39,1,"73,33 €",0.3
915884,506334,1038,Talla XS,1,"27,52 €",20%
915885,506334,1026,l,1,"49,99 €",20%
915886,506334,1308,M,1,"36,22 €",20%
915887,506334,1318,XS,1,"40,14 €",30%
915888,506335,1235,l,2,"34,51 €",30%
915889,506336,1143,40,1,"54,97 €",0.3
915890,506336,1009,M,2,"25,67 €",20%
915891,506337,1195,L,1,"18,13 €",0.3
915892,506337,1315,Talla M,1,"32,56 €",40
915893,506337,1203,L,1,"19,01 €",0%
915894,506337,1220,L,1,"18,87 €",50%
915895,506337,1061,S,3,"46,35 €",0.2
915896,506337,1362,M,1,"26,07 €",40%
915897,506338,1340,M,1,"80,92 €",0.2
915898,506338,1106,40,1,"73,33 €",0.0
915899,506339,1052,S,1,"52,18 €",10%
915900,506339,1090,XS,1,"34,56 €",0.1
915901,506339,1302,L,1,"47,49 €",30%
915902,506340,1353,M,1,"13,83 €",0.2
915903,506341,1320,XS,1,"35,05 €",0.2
915904,506341,1267,M,2,"36,41 €",10%
915905,506342,1250,XL,1,"31,36 €",0.0
915906,506343,1335,M,1,"70,30 €",0%
915907,506343,1204,M,2,"12,35 €",30
915908,506343,1226,L,1,"35,69 €",0.2
915909,506344,1174,M,1,"20,68 €",0.1
915910,506344,1277,M,1,"28,10 €",40
915911,506344,1393,XS,1,"13,58 €",30%
915912,506344,1060,XL,1,"48,04 €",0.5
915913,506345,1205,L,1,"13,61 €",30
915914,506345,1269,L,1,"20,24 €",0.2
915915,506346,1167,S,1,"18,87 €",10%
915916,506346,1123,39,1,"77,67 €",0%
915917,506347,1240,s,1,"41,66 €",0
915918,506347,1150,40,1,"53,53 €",0%
915919,506347,1137,39,1,"63,83 €",0
915920,506347,1199,L,1,"21,22 €",0
915921,506348,1235,XL,1,"34,51 €",40%
915922,506348,1163,m,1,"22,89 €",0.3
915923,506349,1199,XS,1,"21,22 €",50%
915924,506349,1048,XL,1,"36,45 €",0.5
915925,506350,1170,s,1,"12,32 €",20%
915926,506350,1066,XL,2,"34,07 €",0.2
915927,506350,1362,l,1,"26,07 €",20
915928,506351,1268,XS,1,"36,99 €",20
915929,506352,1042,l,1,"49,99 €",40%
915930,506352,1217,XL,1,"12,11 €",30%
915931,506353,1086,Talla XS,1,"33,74 €",40%
915932,506354,1390,M,1,"19,91 €",20
915933,506354,1390,L,1,"19,91 €",10%
915934,506355,1330,XL,1,"48,41 €",40%
915935,506356,1305,XL,1,"32,92 €",0.0
915936,506356,1227,Talla S,2,"25,33 €",10%
915937,506356,1296,XL,3,"41,51 €",30%
915938,506356,1188,s,1,"23,94 €",20%
915939,506356,1152,38,1,"48,30 €",20%
915940,506356,1204,Talla M,1,"12,35 €",50%
915941,506357,1208,l,3,"22,70 €",0%
915942,506357,1008,Talla XL,2,"54,28 €",30
915943,506358,1204,M,1,"12,35 €",0.2
915944,506359,1096,39,1,"53,68 €",0.2
915945,506360,1131,41,1,"55,67 €",20%
915946,506360,1345,L,1,"85,68 €",0.4
915947,506361,1263,L,1,"39,31 €",0.4
915948,506361,1346,Talla XS,1,"45,31 €",20
915949,506362,1284,XS,1,"20,70 €",20
915950,506362,1285,XL,1,"39,82 €",20%
915951,506363,1112,37,1,"78,05 €",0.1
915952,506364,1157,40,1,"47,95 €",0.0
915953,506364,1121,Talla 37,1,"72,81 €",20%
915954,506365,1004,S,2,"45,55 €",0.2
915955,506365,1363,L,1,"31,93 €",0.1
915956,506366,1255,S,1,"31,35 €",20%
915957,506366,1027,xl,1,"34,91 €",0%
915958,506366,1307,L,1,"42,98 €",20%
915959,506367,1398,M,1,"25,22 €",30
915960,506367,1388,M,1,"15,95 €",0%
915961,506368,1282,Talla M,1,"36,05 €",20%
915962,506369,1357,M,1,"16,44 €",40%
915963,506369,1346,M,1,"45,31 €",20%
915964,506369,1229,L,1,"38,72 €",30
915965,506369,1013,xl,1,"31,03 €",0.3
915966,506369,1252,XS,1,"33,85 €",30%
915967,506370,1042,XL,1,"49,99 €",40%
915968,506370,1385,M,1,"28,77 €",10%
915969,506370,1104,Talla 40,1,"51,58 €",40%
915970,506370,1311,L,1,"30,25 €",0.3
915971,506370,1197,Talla S,1,"14,87 €",30
915972,506371,1274,XS,2,"39,02 €",0
915973,506371,1176,M,1,"23,41 €",0%
915974,506371,1332,XL,1,"87,31 €",0
915975,506371,1214,M,1,"17,10 €",0.1
915976,506372,1106,40,1,"73,33 €",30%
915977,506372,1317,M,1,"27,13 €",0.2
915978,506372,1116,41,1,"50,71 €",0.0
915979,506372,1040,S,2,"49,21 €",0.1
915980,506373,1042,Talla M,1,"49,99 €",0.4
915981,506373,1320,S,1,"35,05 €",20%
915982,506373,1011,S,1,"58,99 €",20
915983,506373,1066,L,1,"34,07 €",0.3
915984,506373,1262,S,1,"36,87 €",10%
915985,506373,1393,S,1,"13,58 €",30
915986,506374,1042,m,1,"49,99 €",40
915987,506374,1249,XL,1,"34,29 €",0.3
915988,506375,1042,Talla M,1,"49,99 €",40
915989,506375,1289,m,1,"22,39 €",0.2
915990,506375,1098,41,1,"38,24 €",0.1
915991,506376,1393,XS,1,"13,58 €",0%
915992,506377,1234,L,1,"26,50 €",20%
915993,506377,1204,L,2,"12,35 €",0
915994,506377,1192,S,1,"13,33 €",20%
915995,506378,1285,Talla S,1,"39,82 €",0.4
915996,506378,1315,l,1,"32,56 €",20
915997,506378,1258,L,1,"35,14 €",30%
915998,506378,1014,L,1,"48,60 €",10%
915999,506378,1362,L,1,"26,07 €",10%
916000,506378,1205,m,1,"13,61 €",0%
916001,506378,1262,S,1,"36,87 €",10
916002,506379,1196,L,1,"15,48 €",20%
916003,506380,1053,m,1,"38,51 €",0.0
916004,506380,1204,XL,1,"12,35 €",0.0
916005,506380,1216,L,1,"17,83 €",0%
916006,506381,1021,XS,1,"43,85 €",10%
916007,506381,1016,S,1,"58,66 €",20
916008,506382,1390,M,1,"19,91 €",0.2
916009,506382,1299,M,1,"43,49 €",20
916010,506383,1042,M,1,"49,99 €",0.4
916011,506383,1027,S,1,"34,91 €",10%
916012,506383,1383,XS,1,"20,95 €",30%
916013,506384,1076,m,1,"47,04 €",40%
916014,506384,1279,M,1,"28,28 €",40%
916015,506385,1094,38,1,"61,63 €",0.3
916016,506386,1285,L,1,"39,82 €",30
916017,506386,1276,m,3,"24,73 €",0.5
916018,506386,1287,XL,1,"35,59 €",10%
916019,506386,1039,L,1,"53,52 €",20
916020,506387,1308,S,1,"36,22 €",0.2
916021,506387,1250,S,1,"31,36 €",30%
916022,506387,1014,Talla S,1,"48,60 €",0.1
916023,506388,1367,XS,1,"13,47 €",10%
916024,506389,1076,M,1,"47,04 €",0.2
916025,506389,1245,Talla M,1,"40,31 €",0.2
916026,506390,1141,37,1,"47,53 €",20
916027,506391,1207,L,1,"16,71 €",10%
916028,506391,1197,l,1,"14,87 €",0
916029,506391,1346,S,1,"45,31 €",10
916030,506392,1152,39,1,"48,30 €",0.3
916031,506393,1114,Talla 39,1,"41,35 €",40%
916032,506393,1015,S,1,"33,85 €",0.2
916033,506393,1289,S,1,"22,39 €",0.3
916034,506394,1356,M,1,"31,86 €",0
916035,506394,1203,M,1,"19,01 €",10%
916036,506394,1390,M,1,"19,91 €",0%
916037,506394,1156,42,2,"56,23 €",0.0
916038,506394,1283,L,2,"24,64 €",0.0
916039,506394,1019,S,1,"38,48 €",0
916040,506395,1042,M,1,"49,99 €",0.4
916041,506395,1055,s,1,"33,15 €",0.4
916042,506395,1220,Talla XS,1,"18,87 €",30%
916043,506395,1143,37,1,"54,97 €",0
916044,506396,1220,L,2,"18,87 €",0
916045,506396,1298,L,3,"30,07 €",0%
916046,506397,1042,M,3,"49,99 €",0.4
916047,506397,1362,Talla XL,1,"26,07 €",20%
916048,506397,1252,L,2,"33,85 €",50%
916049,506397,1164,XL,1,"18,58 €",30%
916050,506397,1196,XL,3,"15,48 €",0.1
916051,506398,1251,xl,1,"41,39 €",0%
916052,506398,1351,L,1,"26,88 €",0.0
916053,506398,1400,S,1,"25,30 €",0.0
916054,506399,1255,S,1,"31,35 €",0.4
916055,506400,1280,S,1,"29,54 €",30
916056,506400,1231,M,1,"35,23 €",40
916057,506400,1015,M,1,"33,85 €",10%
916058,506401,1173,XS,1,"22,99 €",50
916059,506402,1031,XS,1,"33,85 €",20%
916060,506403,1188,M,1,"23,94 €",0.1
916061,506404,1369,L,1,"15,16 €",10%
916062,506404,1191,XS,1,"20,63 €",0.2
916063,506405,1173,XS,2,"22,99 €",0.2
916064,506405,1229,M,1,"38,72 €",30%
916065,506405,1176,M,2,"23,41 €",20%
916066,506405,1298,M,1,"30,07 €",0.2
916067,506405,1089,XS,1,"33,88 €",30
916068,506406,1325,XS,1,"46,91 €",10%
916069,506406,1229,L,1,"38,72 €",0.1
916070,506407,1055,L,2,"33,15 €",20%
916071,506407,1168,XS,2,"19,82 €",10%
916072,506407,1196,XS,2,"15,48 €",30%
916073,506407,1206,S,1,"15,68 €",10
916074,506407,1385,m,1,"28,77 €",0.3
916075,506408,1038,M,1,"27,52 €",0%
916076,506409,1211,XS,2,"12,54 €",0.2
916077,506409,1112,Talla 41,1,"78,05 €",0
916078,506410,1042,M,1,"49,99 €",40
916079,506410,1142,39,1,"75,44 €",0.1
916080,506411,1101,37,1,"57,43 €",0.1
916081,506412,1299,XS,1,"43,49 €",0%
916082,506412,1392,m,1,"12,73 €",10
916083,506413,1069,L,1,"29,38 €",0%
916084,506413,1204,S,1,"12,35 €",0
916085,506414,1172,l,1,"18,98 €",0.2
916086,506414,1194,Talla L,1,"22,75 €",30%
916087,506415,1123,39,1,"77,67 €",20%
916088,506415,1182,L,1,"16,74 €",0.3
916089,506415,1105,Talla 40,2,"77,31 €",50%
916090,506416,1252,L,2,"33,85 €",0%
916091,506416,1227,Talla M,1,"25,33 €",10%
916092,506417,1213,XL,1,"12,89 €",0
916093,506417,1315,Talla L,1,"32,56 €",10%
916094,506417,1374,L,1,"12,90 €",0%
916095,506418,1124,37,1,"77,92 €",0%
916096,506418,1290,S,1,"23,54 €",10%
916097,506418,1252,xl,3,"33,85 €",0%
916098,506419,1013,L,2,"31,03 €",0.2
916099,506420,1021,M,2,"43,85 €",10
916100,506420,1272,M,1,"29,98 €",0%
916101,506420,1178,M,2,"22,32 €",0.0
916102,506421,1362,M,1,"26,07 €",20
916103,506421,1298,L,1,"30,07 €",20%
916104,506422,1027,L,1,"34,91 €",0.3
916105,506422,1123,39,1,"77,67 €",40%
916106,506422,1102,38,1,"68,36 €",20
916107,506422,1176,L,1,"23,41 €",0.4
916108,506423,1331,M,1,"73,27 €",0%
916109,506423,1305,XS,1,"32,92 €",0.0
916110,506423,1187,S,1,"17,31 €",0%
916111,506424,1285,XL,1,"39,82 €",0.3
916112,506424,1088,M,1,"36,00 €",0%
916113,506424,1285,M,1,"39,82 €",20%
916114,506424,1099,38,1,"79,99 €",0.2
916115,506425,1326,xs,1,"67,24 €",0.0
916116,506425,1163,M,1,"22,89 €",0.0
916117,506425,1072,Talla L,1,"46,42 €",0%
916118,506425,1284,S,1,"20,70 €",0%
916119,506425,1327,M,2,"77,26 €",20
916120,506425,1277,XS,1,"28,10 €",0%
916121,506426,1169,L,1,"14,75 €",20%
916122,506427,1042,Talla L,1,"49,99 €",40
916123,506427,1089,XL,1,"33,88 €",0.1
916124,506427,1315,L,1,"32,56 €",10%
916125,506427,1197,S,2,"14,87 €",0
916126,506427,1053,L,1,"38,51 €",50%
916127,506427,1171,Talla M,2,"18,14 €",20%
916128,506428,1203,XL,1,"19,01 €",0.1
916129,506428,1398,s,2,"25,22 €",0.3
916130,506429,1315,M,1,"32,56 €",0.1
916131,506429,1182,m,1,"16,74 €",0.3
916132,506430,1305,XS,1,"32,92 €",0
916133,506431,1213,L,1,"12,89 €",20%
916134,506431,1009,M,1,"25,67 €",10
916135,506431,1135,38,1,"71,49 €",40%
916136,506431,1371,XS,1,"33,17 €",0.2
916137,506431,1358,s,1,"26,83 €",0.4
916138,506431,1082,XL,1,"49,65 €",50%
916139,506432,1050,M,1,"52,78 €",10
916140,506432,1014,M,1,"48,60 €",0.0
916141,506432,1204,M,1,"12,35 €",20
916142,506433,1229,L,1,"38,72 €",0%
916143,506433,1204,XL,1,"12,35 €",40%
916144,506433,1257,S,1,"41,13 €",30
916145,506433,1390,XL,1,"19,91 €",0.4
916146,506434,1050,L,1,"52,78 €",0.5
916147,506435,1197,L,1,"14,87 €",30
916148,506435,1185,XL,1,"21,81 €",0.2
916149,506436,1136,Talla 38,1,"73,76 €",20%
916150,506436,1050,M,1,"52,78 €",20%
916151,506436,1182,XL,1,"16,74 €",30%
916152,506436,1048,Talla S,1,"36,45 €",0.1
916153,506436,1047,L,1,"27,30 €",40%
916154,506436,1364,m,1,"11,29 €",0.2
916155,506437,1240,Talla XS,1,"41,66 €",0.3
916156,506437,1340,L,2,"80,92 €",40
916157,506438,1116,36,1,"50,71 €",20%
916158,506438,1014,S,1,"48,60 €",0.3
916159,506438,1330,Talla M,1,"48,41 €",30%
916160,506439,1165,L,1,"13,35 €",30
916161,506439,1013,Talla XL,1,"31,03 €",30
916162,506439,1096,37,1,"53,68 €",40%
916163,506439,1099,38,1,"79,99 €",0.2
916164,506440,1168,s,1,"19,82 €",30
916165,506440,1381,XS,1,"34,45 €",20
916166,506440,1371,L,1,"33,17 €",0.3
916167,506441,1368,xl,1,"20,18 €",0.3
916168,506441,1020,XL,1,"35,48 €",0.1
916169,506442,1042,L,1,"49,99 €",40
916170,506442,1357,S,2,"16,44 €",10%
916171,506442,1361,M,1,"14,66 €",30%
916172,506442,1313,Talla XL,1,"38,98 €",0.3
916173,506443,1118,37,3,"79,30 €",30
916174,506443,1124,37,1,"77,92 €",0.0
916175,506443,1068,L,1,"49,68 €",20%
916176,506444,1374,L,1,"12,90 €",0.2
916177,506444,1376,M,1,"26,99 €",30%
916178,506444,1168,M,1,"19,82 €",20
916179,506444,1204,L,1,"12,35 €",0%
916180,506444,1204,M,1,"12,35 €",30%
916181,506445,1183,M,1,"22,12 €",0.2
916182,506445,1357,Talla S,2,"16,44 €",20%
916183,506445,1319,L,1,"30,13 €",20%
916184,506445,1169,L,1,"14,75 €",0.2
916185,506446,1377,XL,1,"31,22 €",20%
916186,506447,1301,XS,1,"46,93 €",0.2
916187,506447,1015,S,1,"33,85 €",0.3
916188,506448,1320,M,1,"35,05 €",0.4
916189,506449,1101,40,1,"57,43 €",10
916190,506450,1387,L,1,"10,36 €",30%
916191,506450,1204,L,2,"12,35 €",0.2
916192,506450,1211,M,1,"12,54 €",10
916193,506450,1039,L,1,"53,52 €",40%
916194,506451,1004,Talla L,1,"45,55 €",0
916195,506452,1112,38,1,"78,05 €",0.1
916196,506453,1093,Talla 37,1,"68,61 €",40
916197,506453,1252,l,1,"33,85 €",30
916198,506453,1362,xs,1,"26,07 €",20
916199,506454,1351,M,1,"26,88 €",0%
916200,506455,1053,XL,1,"38,51 €",0.0
916201,506455,1295,L,1,"36,18 €",0.0
916202,506455,1253,S,1,"42,45 €",0
916203,506455,1040,XS,2,"49,21 €",0%
916204,506456,1145,38,1,"44,56 €",0%
916205,506456,1050,L,1,"52,78 €",0.0
916206,506456,1175,L,1,"17,99 €",0%
916207,506457,1374,Talla M,1,"12,90 €",0%
916208,506457,1204,XL,1,"12,35 €",0%
916209,506457,1061,S,1,"46,35 €",0
916210,506457,1072,M,1,"46,42 €",0%
916211,506457,1394,M,1,"26,56 €",0
916212,506457,1075,Talla L,1,"43,55 €",0.0
916213,506458,1262,Talla M,1,"36,87 €",20
916214,506459,1204,s,1,"12,35 €",10
916215,506460,1216,M,1,"17,83 €",0.2
916216,506460,1197,S,2,"14,87 €",10
916217,506461,1257,S,1,"41,13 €",30%
916218,506461,1315,S,1,"32,56 €",0.1
916219,506462,1204,L,1,"12,35 €",10%
916220,506462,1374,S,1,"12,90 €",20%
916221,506463,1332,L,1,"87,31 €",10%
916222,506464,1383,M,1,"20,95 €",0%
916223,506464,1070,l,1,"27,27 €",10%
916224,506464,1315,xl,1,"32,56 €",0%
916225,506465,1121,40,1,"72,81 €",10
916226,506465,1139,40,1,"49,46 €",30%
916227,506466,1042,Talla M,1,"49,99 €",40%
916228,506467,1284,XS,1,"20,70 €",10%
916229,506467,1203,M,1,"19,01 €",0%
916230,506467,1090,S,1,"34,56 €",20
916231,506468,1222,M,1,"27,70 €",30%
916232,506469,1258,xs,2,"35,14 €",0.0
916233,506469,1123,36,1,"77,67 €",50%
916234,506470,1224,L,1,"25,88 €",0.2
916235,506470,1100,39,1,"49,80 €",0.4
916236,506470,1116,38,1,"50,71 €",0.1
916237,506470,1115,Talla 41,1,"64,90 €",10
916238,506471,1042,S,1,"49,99 €",0.4
916239,506471,1341,Talla XS,2,"40,01 €",0.1
916240,506472,1047,XS,1,"27,30 €",0.0
916241,506473,1235,XS,1,"34,51 €",0.3
916242,506473,1319,XL,1,"30,13 €",0.1
916243,506474,1254,S,1,"42,10 €",0.3
916244,506474,1204,L,1,"12,35 €",20%
916245,506475,1311,s,1,"30,25 €",20
916246,506476,1042,S,1,"49,99 €",40
916247,506476,1185,S,1,"21,81 €",30
916248,506476,1022,m,1,"36,94 €",30%
916249,506476,1121,38,1,"72,81 €",10%
916250,506476,1090,XL,1,"34,56 €",10%
916251,506477,1304,S,2,"44,49 €",0%
916252,506477,1381,M,1,"34,45 €",0.1
916253,506477,1176,M,1,"23,41 €",0.1
916254,506477,1009,Talla XS,1,"25,67 €",0%
916255,506478,1257,L,1,"41,13 €",0
916256,506478,1134,39,1,"31,21 €",0
916257,506478,1315,M,1,"32,56 €",0%
916258,506479,1212,M,1,"12,74 €",0.0
916259,506480,1038,S,1,"27,52 €",0
916260,506480,1195,S,1,"18,13 €",0.4
916261,506481,1235,s,1,"34,51 €",30%
916262,506482,1382,Talla S,1,"30,95 €",0.2
916263,506482,1299,L,1,"43,49 €",0%
916264,506482,1257,M,2,"41,13 €",30%
916265,506483,1203,M,1,"19,01 €",0.4
916266,506483,1069,M,2,"29,38 €",30%
916267,506483,1281,m,1,"34,30 €",30
916268,506484,1087,S,1,"49,59 €",0.2
916269,506485,1061,M,1,"46,35 €",20%
916270,506485,1354,xl,2,"10,85 €",0.0
916271,506486,1042,Talla L,1,"49,99 €",40
916272,506486,1329,M,1,"45,80 €",10%
916273,506486,1015,l,1,"33,85 €",20%
916274,506486,1203,L,1,"19,01 €",0.0
916275,506486,1300,S,1,"32,84 €",10
916276,506486,1252,S,1,"33,85 €",20%
916277,506487,1357,S,1,"16,44 €",10%
916278,506487,1047,s,1,"27,30 €",40%
916279,506488,1042,XS,1,"49,99 €",40
916280,506488,1112,37,2,"78,05 €",40%
916281,506488,1134,39,1,"31,21 €",10%
916282,506489,1339,xs,1,"55,93 €",0%
916283,506489,1153,39,1,"46,79 €",0%
916284,506490,1102,37,1,"68,36 €",0
916285,506491,1222,XL,1,"27,70 €",0.0
916286,506491,1253,M,1,"42,45 €",50
916287,506491,1059,M,0,"55,73 €",30%
916288,506492,1134,39,1,"31,21 €",10
916289,506492,1036,S,1,"51,15 €",20%
916290,506492,1041,Talla M,1,"57,12 €",0.1
916291,506492,1088,M,1,"36,00 €",0.3
916292,506492,1255,XL,1,"31,35 €",30%
916293,506493,1297,S,1,"39,25 €",30
916294,506493,1296,Talla L,1,"41,51 €",0.2
916295,506493,1374,xs,2,"12,90 €",0%
916296,506493,1310,L,1,"40,69 €",20
916297,506494,1090,L,1,"34,56 €",10%
916298,506494,1196,S,1,"15,48 €",0%
916299,506495,1346,XS,1,"45,31 €",0.2
916300,506495,1185,XS,1,"21,81 €",0.1
916301,506495,1090,XS,1,"34,56 €",10%
916302,506495,1094,37,1,"61,63 €",0.3
916303,506496,1042,M,1,"49,99 €",0.4
916304,506496,1312,XL,1,"35,92 €",20
916305,506496,1141,39,1,"47,53 €",30
916306,506497,1204,M,1,"12,35 €",0.4
916307,506498,1357,l,1,"16,44 €",20
916308,506498,1216,M,1,"17,83 €",50
916309,506499,1132,38,1,"72,05 €",30%
916310,506499,1306,S,1,"38,88 €",0.1
916311,506499,1116,41,1,"50,71 €",0.3
916312,506500,1123,36,1,"77,67 €",50%
916313,506501,1136,37,2,"73,76 €",30%
916314,506502,1042,M,1,"49,99 €",0.4
916315,506503,1156,37,1,"56,23 €",50
916316,506503,1387,Talla S,1,"10,36 €",30
916317,506504,1082,M,2,"49,65 €",20%
916318,506505,1362,L,1,"26,07 €",0.0
916319,506505,1082,L,1,"49,65 €",20
916320,506505,1176,L,1,"23,41 €",0.2
916321,506505,1257,Talla XL,1,"41,13 €",20
916322,506505,1362,Talla L,1,"26,07 €",40%
916323,506506,1229,M,1,"38,72 €",20%
916324,506506,1235,M,2,"34,51 €",40%
916325,506507,1215,xl,1,"23,23 €",0.5
916326,506508,1030,m,1,"46,38 €",20%
916327,506508,1322,m,1,"33,07 €",0.3
916328,506509,1122,Talla 36,1,"63,66 €",0.2
916329,506509,1273,L,1,"32,69 €",10%
916330,506510,1257,Talla XS,2,"41,13 €",0
916331,506510,1053,M,1,"38,51 €",0.0
916332,506510,1366,S,2,"26,15 €",0
916333,506510,1362,L,1,"26,07 €",0%
916334,506510,1266,XS,1,"33,10 €",0%
916335,506511,1053,L,2,"38,51 €",10%
916336,506511,1039,XS,1,"53,52 €",20%
916337,506512,1207,M,1,"16,71 €",50%
916338,506512,1332,S,2,"87,31 €",0.4
916339,506512,1047,m,1,"27,30 €",20
916340,506513,1052,M,1,"52,18 €",0.4
916341,506513,1198,M,1,"16,38 €",20%
916342,506513,1106,37,2,"73,33 €",0.3
916343,506514,1252,XS,3,"33,85 €",30%
916344,506514,1252,XS,1,"33,85 €",40
916345,506514,1290,L,1,"23,54 €",30%
916346,506514,1170,L,3,"12,32 €",0.2
916347,506515,1141,38,1,"47,53 €",10%
916348,506515,1140,38,1,"39,31 €",30%
916349,506516,1042,M,1,"49,99 €",40%
916350,506516,1021,XS,1,"43,85 €",30%
916351,506516,1096,42,1,"53,68 €",50
916352,506516,1362,S,1,"26,07 €",0.3
916353,506517,1081,XS,1,"55,86 €",20%
916354,506518,1116,40,2,"50,71 €",0.3
916355,506519,1365,Talla S,1,"27,56 €",20
916356,506520,1218,L,1,"23,13 €",40%
916357,506521,1036,L,1,"51,15 €",0.2
916358,506522,1186,S,1,"16,09 €",10
916359,506522,1150,38,1,"53,53 €",0
916360,506522,1114,36,1,"41,35 €",0%
916361,506523,1015,M,1,"33,85 €",20%
916362,506523,1204,M,1,"12,35 €",0.2
916363,506523,1315,Talla S,1,"32,56 €",0
916364,506523,1279,XL,1,"28,28 €",20%
916365,506523,1363,Talla XL,1,"31,93 €",0.3
916366,506523,1121,40,1,"72,81 €",20
916367,506523,1336,L,1,"80,41 €",0.3
916368,506524,1276,Talla S,1,"24,73 €",0.2
916369,506524,1119,39,1,"55,00 €",20%
916370,506524,1236,s,1,"32,57 €",50
916371,506525,1035,XL,1,"57,32 €",0.2
916372,506525,1083,L,1,"54,14 €",0.1
916373,506525,1393,l,2,"13,58 €",0.1
916374,506526,1363,m,1,"31,93 €",0
916375,506526,1383,L,1,"20,95 €",30
916376,506526,1077,XL,1,"57,81 €",30
916377,506526,1025,l,1,"59,54 €",0.3
916378,506527,1221,M,1,"28,31 €",20%
916379,506527,1366,S,1,"26,15 €",30
916380,506527,1185,XL,2,"21,81 €",10%
916381,506528,1257,XL,1,"41,13 €",0.2
916382,506529,1042,M,1,"49,99 €",0.4
916383,506530,1042,M,1,"49,99 €",40
916384,506530,1374,Talla XS,1,"12,90 €",20%
916385,506531,1305,L,1,"32,92 €",10
916386,506532,1351,L,1,"26,88 €",20
916387,506533,1077,l,1,"57,81 €",0.3
916388,506533,1090,s,1,"34,56 €",10%
916389,506534,1182,S,1,"16,74 €",0.3
916390,506534,1305,L,1,"32,92 €",0.2
916391,506534,1298,M,1,"30,07 €",40
916392,506535,1093,40,1,"68,61 €",0.2
916393,506535,1271,S,1,"39,71 €",0%
916394,506535,1357,m,1,"16,44 €",0.2
916395,506535,1040,XL,1,"49,21 €",20%
916396,506536,1072,M,1,"46,42 €",20
916397,506537,1362,S,1,"26,07 €",0.3
916398,506537,1285,Talla S,1,"39,82 €",0.2
916399,506537,1336,Talla S,1,"80,41 €",30
916400,506538,1181,M,1,"24,51 €",0.2
916401,506539,1334,S,1,"41,41 €",40
916402,506539,1148,42,1,"36,02 €",10
916403,506540,1061,L,1,"46,35 €",20
916404,506541,1275,XL,1,"24,89 €",0.0
916405,506541,1288,Talla M,1,"30,24 €",20%
916406,506541,1384,Talla M,1,"25,64 €",0.4
916407,506542,1336,S,1,"80,41 €",20%
916408,506542,1357,Talla L,1,"16,44 €",0.1
916409,506543,1118,39,1,"79,30 €",10%
916410,506543,1177,XL,1,"20,83 €",20%
916411,506544,1228,m,1,"37,14 €",0.3
916412,506544,1014,S,1,"48,60 €",20
916413,506545,1204,XS,1,"12,35 €",30%
916414,506545,1184,l,2,"14,15 €",10%
916415,506546,1042,XL,1,"49,99 €",40%
916416,506547,1042,L,1,"49,99 €",0.4
916417,506548,1219,S,1,"17,73 €",40%
916418,506548,1334,M,1,"41,41 €",10%
916419,506548,1374,S,3,"12,90 €",20%
916420,506548,1364,XL,1,"11,29 €",0.2
916421,506549,1015,Talla M,1,"33,85 €",0.1
916422,506550,1066,l,3,"34,07 €",0.1
916423,506550,1197,m,2,"14,87 €",0.2
916424,506551,1125,40,1,"51,19 €",30
916425,506551,1140,Talla 41,1,"39,31 €",20%
916426,506551,1353,Talla M,1,"13,83 €",0.4
916427,506551,1038,S,1,"27,52 €",30
916428,506551,1097,36,1,"45,52 €",0.2
916429,506552,1099,39,1,"79,99 €",0.0
916430,506552,1229,L,1,"38,72 €",0.0
916431,506553,1129,37,2,"73,51 €",0.0
916432,506553,1358,S,1,"26,83 €",40%
916433,506553,1368,S,2,"20,18 €",30%
916434,506553,1173,L,1,"22,99 €",30%
916435,506554,1311,S,1,"30,25 €",0.3
916436,506554,1318,XS,1,"40,14 €",40%
916437,506555,1367,XS,1,"13,47 €",0.0
916438,506555,1061,Talla M,1,"46,35 €",0%
916439,506555,1016,XL,1,"58,66 €",0%
916440,506556,1041,m,1,"57,12 €",30%
916441,506556,1327,xs,1,"77,26 €",30%
916442,506557,1092,41,1,"69,97 €",0.0
916443,506558,1239,l,2,"31,88 €",0.2
916444,506558,1282,S,1,"36,05 €",0%
916445,506558,1094,38,1,"61,63 €",0.0
916446,506559,1053,xl,1,"38,51 €",0.3
916447,506560,1042,Talla S,1,"49,99 €",0.4
916448,506560,1299,Talla L,1,"43,49 €",20%
916449,506560,1362,Talla M,1,"26,07 €",10
916450,506561,1062,M,1,"43,22 €",0.1
916451,506561,1197,XS,1,"14,87 €",0.4
916452,506562,1168,L,2,"19,82 €",0%
916453,506563,1148,Talla 41,1,"36,02 €",10%
916454,506563,1225,M,1,"39,08 €",50%
916455,506563,1315,m,2,"32,56 €",30
916456,506563,1374,S,1,"12,90 €",20%
916457,506564,1295,M,1,"36,18 €",0.0
916458,506565,1042,M,1,"49,99 €",40%
916459,506566,1053,Talla XL,1,"38,51 €",10
916460,506566,1285,S,1,"39,82 €",0.2
916461,506567,1322,S,1,"33,07 €",0.1
916462,506567,1284,M,1,"20,70 €",0.2
916463,506567,1204,Talla L,1,"12,35 €",0
916464,506567,1371,S,1,"33,17 €",10%
916465,506568,1070,XS,1,"27,27 €",30%
916466,506569,1229,M,1,"38,72 €",20%
916467,506569,1317,XS,3,"27,13 €",40%
916468,506569,1194,Talla S,1,"22,75 €",0.1
916469,506570,1292,S,1,"32,80 €",40%
916470,506570,1317,M,1,"27,13 €",20
916471,506571,1204,XS,1,"12,35 €",0.1
916472,506571,1211,s,1,"12,54 €",0.1
916473,506572,1204,M,1,"12,35 €",0.0
916474,506573,1197,L,1,"14,87 €",20
916475,506573,1127,37,1,"79,76 €",0
916476,506573,1106,42,1,"73,33 €",20%
916477,506573,1363,s,1,"31,93 €",20%
916478,506574,1180,S,1,"17,79 €",0.4
916479,506574,1322,XL,1,"33,07 €",0.5
916480,506574,1285,m,1,"39,82 €",0.1
916481,506575,1081,XL,1,"55,86 €",0.2
916482,506575,1205,m,1,"13,61 €",0.1
916483,506575,1370,M,1,"32,70 €",0.0
916484,506575,1229,S,1,"38,72 €",20%
916485,506576,1320,L,1,"35,05 €",0%
916486,506576,1075,S,2,"43,55 €",20%
916487,506576,1178,Talla XS,1,"22,32 €",0%
916488,506576,1293,L,1,"37,48 €",0
916489,506576,1288,M,1,"30,24 €",0
916490,506577,1310,XL,2,"40,69 €",0.0
916491,506577,1030,XS,1,"46,38 €",0
916492,506577,1336,M,1,"80,41 €",0%
916493,506578,1053,XS,1,"38,51 €",0.2
916494,506578,1234,M,1,"26,50 €",0.3
916495,506578,1267,Talla S,1,"36,41 €",50%
916496,506578,1346,M,1,"45,31 €",10%
916497,506579,1042,XL,1,"49,99 €",40
916498,506579,1234,S,1,"26,50 €",20%
916499,506579,1230,S,1,"25,06 €",0.1
916500,506580,1383,M,2,"20,95 €",30
916501,506581,1362,L,1,"26,07 €",0
916502,506582,1204,M,1,"12,35 €",40
916503,506582,1214,Talla XL,1,"17,10 €",50
916504,506583,1027,l,1,"34,91 €",40%
916505,506583,1027,S,1,"34,91 €",20%
916506,506584,1042,M,1,"49,99 €",40%
916507,506585,1303,M,1,"34,22 €",0%
916508,506585,1361,M,3,"14,66 €",0
916509,506586,1258,Talla M,1,"35,14 €",0.0
916510,506587,1295,L,1,"36,18 €",20%
916511,506587,1351,S,1,"26,88 €",40%
916512,506587,1032,XL,1,"29,90 €",40%
916513,506587,1057,Talla M,2,"28,72 €",0%
916514,506588,1337,M,2,"63,78 €",0
916515,506589,1068,S,1,"49,68 €",50%
916516,506589,1365,L,1,"27,56 €",20
916517,506590,1166,M,1,"15,50 €",0.2
916518,506590,1378,Talla XS,1,"21,35 €",10%
916519,506591,1284,XS,2,"20,70 €",20%
916520,506591,1252,L,1,"33,85 €",10
916521,506591,1069,S,1,"29,38 €",0.4
916522,506591,1114,37,2,"41,35 €",0.1
916523,506592,1351,S,2,"26,88 €",0%
916524,506592,1315,S,1,"32,56 €",40%
916525,506593,1285,XS,3,"39,82 €",0.3
916526,506593,1040,m,1,"49,21 €",20
916527,506593,1392,Talla L,1,"12,73 €",0
916528,506593,1319,L,1,"30,13 €",0.1
916529,506594,1044,M,1,"36,91 €",0%
916530,506594,1394,Talla M,1,"26,56 €",0%
916531,506594,1180,M,1,"17,79 €",0%
916532,506594,1023,m,3,"31,99 €",0%
916533,506595,1064,XL,1,"33,05 €",0.2
916534,506595,1128,Talla 40,1,"71,15 €",0.3
916535,506595,1134,42,1,"31,21 €",0
916536,506596,1281,m,1,"34,30 €",0.2
916537,506597,1293,L,2,"37,48 €",10%
916538,506597,1118,36,2,"79,30 €",0
916539,506598,1305,M,1,"32,92 €",0.2
916540,506599,1073,XS,1,"26,22 €",20%
916541,506599,1296,XL,2,"41,51 €",0
916542,506599,1283,M,1,"24,64 €",0.4
916543,506599,1381,Talla XL,1,"34,45 €",20%
916544,506599,1202,Talla L,3,"20,61 €",30
916545,506600,1398,XS,1,"25,22 €",40%
916546,506601,1252,l,1,"33,85 €",0.3
916547,506601,1282,XL,1,"36,05 €",0.2
916548,506601,1391,Talla M,1,"13,83 €",20
916549,506601,1203,M,1,"19,01 €",20%
916550,506602,1019,XL,1,"38,48 €",10%
916551,506602,1233,XS,1,"30,63 €",0.5
916552,506602,1362,L,1,"26,07 €",30%
916553,506602,1315,M,1,"32,56 €",20
916554,506603,1367,M,1,"13,47 €",0%
916555,506604,1080,s,1,"34,78 €",20%
916556,506604,1204,M,1,"12,35 €",20
916557,506604,1314,L,1,"42,15 €",0.5
916558,506605,1022,L,1,"36,94 €",0.2
916559,506605,1135,40,1,"71,49 €",0.1
916560,506605,1334,Talla L,1,"41,41 €",0.1
916561,506605,1383,l,1,"20,95 €",10%
916562,506606,1237,M,1,"35,53 €",30%
916563,506606,1158,40,1,"44,36 €",10%
916564,506606,1049,xl,1,"47,10 €",40
916565,506607,1042,XL,3,"49,99 €",0.4
916566,506607,1144,37,1,"75,61 €",20
916567,506607,1183,L,1,"22,12 €",0.3
916568,506608,1069,M,1,"29,38 €",10
916569,506608,1203,m,1,"19,01 €",0.0
916570,506608,1121,39,2,"72,81 €",10
916571,506609,1381,M,1,"34,45 €",0.1
916572,506609,1278,S,1,"29,80 €",0.5
916573,506609,1356,xs,1,"31,86 €",0.2
916574,506610,1042,L,1,"49,99 €",40%
916575,506611,1204,XS,1,"12,35 €",0.1
916576,506611,1027,M,1,"34,91 €",40%
916577,506611,1168,XS,1,"19,82 €",0.3
916578,506611,1305,L,1,"32,92 €",20%
916579,506611,1179,M,1,"24,02 €",30%
916580,506612,1039,L,2,"53,52 €",0.1
916581,506612,1055,S,1,"33,15 €",0.1
916582,506613,1211,M,1,"12,54 €",0.1
916583,506614,1211,Talla XS,1,"12,54 €",0.3
916584,506615,1013,Talla M,1,"31,03 €",20%
916585,506615,1315,XS,1,"32,56 €",0
916586,506616,1103,41,1,"62,95 €",0.0
916587,506617,1115,39,2,"64,90 €",20%
916588,506617,1117,42,1,"49,56 €",0.1
916589,506617,1305,Talla M,1,"32,92 €",10
916590,506617,1346,M,1,"45,31 €",30%
916591,506617,1204,m,1,"12,35 €",0.1
916592,506617,1199,M,1,"21,22 €",0.3
916593,506618,1261,M,1,"33,18 €",10%
916594,506619,1106,40,1,"73,33 €",0.3
916595,506620,1203,Talla L,1,"19,01 €",0%
916596,506620,1101,39,1,"57,43 €",0.4
916597,506620,1356,xs,1,"31,86 €",0.1
916598,506620,1213,m,2,"12,89 €",20%
916599,506621,1042,M,1,"49,99 €",0.4
916600,506621,1362,M,2,"26,07 €",0.1
916601,506621,1284,S,1,"20,70 €",40%
916602,506622,1283,Talla XS,1,"24,64 €",0.0
916603,506622,1060,s,3,"48,04 €",20%
916604,506622,1167,XS,1,"18,87 €",20%
916605,506622,1166,s,1,"15,50 €",0.2
916606,506623,1284,XL,1,"20,70 €",20%
916607,506623,1029,M,2,"31,92 €",0.0
916608,506624,1074,XS,1,"27,23 €",0
916609,506624,1292,M,2,"32,80 €",0.0
916610,506625,1042,XL,1,"49,99 €",40%
916611,506625,1328,Talla S,1,"51,49 €",20
916612,506625,1085,Talla XL,1,"41,61 €",20
916613,506625,1048,Talla L,1,"36,45 €",0.5
916614,506626,1123,41,1,"77,67 €",0.4
916615,506627,1095,Talla 40,1,"41,57 €",0.1
916616,506627,1068,s,1,"49,68 €",10%
916617,506628,1141,38,3,"47,53 €",10%
916618,506629,1200,M,1,"21,79 €",0%
916619,506630,1116,38,1,"50,71 €",20%
916620,506631,1136,36,2,"73,76 €",0.2
916621,506632,1374,XL,1,"12,90 €",20%
916622,506632,1362,Talla L,1,"26,07 €",40
916623,506632,1187,XL,1,"17,31 €",20
916624,506632,1116,39,1,"50,71 €",0.1
916625,506632,1368,L,1,"20,18 €",20
916626,506633,1042,L,1,"49,99 €",40%
916627,506633,1047,Talla S,1,"27,30 €",10
916628,506634,1344,L,1,"48,33 €",0.5
916629,506634,1205,S,1,"13,61 €",0.2
916630,506635,1290,M,1,"23,54 €",0%
916631,506635,1036,XL,1,"51,15 €",0.0
916632,506636,1357,M,2,"16,44 €",0.2
916633,506636,1295,L,1,"36,18 €",0.4
916634,506636,1105,40,1,"77,31 €",20%
916635,506637,1042,L,1,"49,99 €",40%
916636,506637,1320,S,1,"35,05 €",20%
916637,506638,1272,m,1,"29,98 €",20
916638,506638,1124,Talla 37,1,"77,92 €",30%
916639,506638,1204,M,1,"12,35 €",0.3
916640,506639,1042,M,1,"49,99 €",0.4
916641,506640,1050,S,1,"52,78 €",20%
916642,506641,1350,M,1,"57,49 €",20
916643,506641,1128,41,1,"71,15 €",0
916644,506641,1392,L,1,"12,73 €",0
916645,506642,1309,Talla S,2,"29,96 €",20%
916646,506642,1175,S,1,"17,99 €",50%
916647,506643,1092,37,1,"69,97 €",20%
916648,506644,1042,Talla M,1,"49,99 €",40
916649,506644,1385,M,1,"28,77 €",0.0
916650,506644,1013,xs,1,"31,03 €",40
916651,506644,1065,L,1,"49,52 €",30
916652,506644,1229,XL,1,"38,72 €",20%
916653,506644,1369,XL,1,"15,16 €",0.2
916654,506644,1343,L,3,"81,92 €",40%
916655,506645,1042,L,1,"49,99 €",0.4
916656,506645,1298,Talla S,1,"30,07 €",10
916657,506645,1304,XS,1,"44,49 €",10%
916658,506645,1184,L,1,"14,15 €",10%
916659,506645,1111,36,1,"59,92 €",0%
916660,506645,1041,M,1,"57,12 €",20%
916661,506645,1374,xl,1,"12,90 €",50
916662,506646,1136,41,1,"73,76 €",0.3
916663,506646,1120,37,1,"65,76 €",0%
916664,506646,1381,M,1,"34,45 €",20
916665,506647,1305,L,1,"32,92 €",40%
916666,506647,1211,Talla XL,1,"12,54 €",0.1
916667,506647,1229,L,1,"38,72 €",10
916668,506648,1042,L,1,"49,99 €",40%
916669,506649,1042,M,1,"49,99 €",40%
916670,506649,1236,L,1,"32,57 €",10
916671,506649,1136,Talla 41,2,"73,76 €",0.4
916672,506650,1149,39,1,"75,51 €",20
916673,506650,1123,Talla 41,1,"77,67 €",0%
916674,506650,1206,S,1,"15,68 €",0
916675,506650,1199,S,3,"21,22 €",30
916676,506650,1322,M,1,"33,07 €",30
916677,506650,1357,L,1,"16,44 €",10%
916678,506650,1166,Talla M,1,"15,50 €",0.3
916679,506650,1204,S,1,"12,35 €",20
916680,506651,1324,M,1,"40,15 €",0.1
916681,506651,1086,Talla XS,1,"33,74 €",40
916682,506652,1028,XS,1,"48,82 €",0.3
916683,506653,1321,xl,1,"37,98 €",0.0
916684,506653,1295,XS,1,"36,18 €",20%
916685,506654,1042,M,1,"49,99 €",40%
916686,506654,1353,Talla M,1,"13,83 €",20
916687,506655,1087,L,1,"49,59 €",0.3
916688,506655,1193,XL,1,"20,23 €",30%
916689,506655,1388,Talla M,1,"15,95 €",0.1
916690,506656,1042,L,-1,"49,99 €",40
916691,506656,1189,XS,1,"16,40 €",0.4
916692,506656,1392,S,1,"12,73 €",30
916693,506657,1197,L,2,"14,87 €",20%
916694,506657,1253,Talla XS,2,"42,45 €",40%
916695,506658,1254,XS,1,"42,10 €",30
916696,506658,1241,L,1,"36,57 €",10%
916697,506659,1042,M,1,"49,99 €",0.4
916698,506660,1146,41,1,"34,21 €",0
916699,506660,1235,L,2,"34,51 €",0.0
916700,506660,1269,s,1,"20,24 €",0%
916701,506660,1041,M,1,"57,12 €",0
916702,506661,1362,s,1,"26,07 €",20%
916703,506661,1170,XS,2,"12,32 €",0
916704,506662,1107,Talla 38,1,"55,33 €",30
916705,506662,1276,S,1,"24,73 €",0.3
916706,506662,1125,40,1,"51,19 €",0.1
916707,506662,1304,XS,1,"44,49 €",10
916708,506662,1080,L,1,"34,78 €",30
916709,506662,1088,L,1,"36,00 €",0.4
916710,506663,1273,Talla XL,1,"32,69 €",0.3
916711,506663,1218,XL,1,"23,13 €",30%
916712,506663,1070,L,1,"27,27 €",10%
916713,506664,1255,M,1,"31,35 €",30%
916714,506665,1253,s,1,"42,45 €",0.4
916715,506665,1345,S,1,"85,68 €",0%
916716,506666,1338,L,1,"61,23 €",0.0
916717,506667,1368,XL,1,"20,18 €",0.3
916718,506668,1276,S,1,"24,73 €",10%
916719,506668,1292,M,1,"32,80 €",0.2
916720,506668,1293,M,2,"37,48 €",0.3
916721,506669,1113,39,1,"38,95 €",0.4
916722,506669,1348,S,1,"54,42 €",0
916723,506670,1042,L,1,"49,99 €",0.4
916724,506670,1023,M,1,"31,99 €",50%
916725,506670,1250,M,1,"31,36 €",0.1
916726,506671,1332,Talla S,1,"87,31 €",0.1
916727,506671,1125,37,1,"51,19 €",0%
916728,506672,1183,S,1,"22,12 €",20%
916729,506672,1395,L,1,"20,05 €",40%
916730,506672,1386,XS,1,"32,98 €",30%
916731,506672,1146,41,2,"34,21 €",40%
916732,506673,1183,M,1,"22,12 €",0.0
916733,506674,1152,42,1,"48,30 €",0.4
916734,506674,1031,M,2,"33,85 €",20
916735,506675,1197,XS,1,"14,87 €",20
916736,506676,1168,XS,1,"19,82 €",0.1
916737,506676,1288,XL,1,"30,24 €",0.3
916738,506677,1061,M,1,"46,35 €",0.5
916739,506677,1193,s,1,"20,23 €",10
916740,506677,1190,M,1,"19,61 €",30%
916741,506678,1175,XS,1,"17,99 €",10
916742,506678,1009,S,1,"25,67 €",40%
916743,506678,1125,36,1,"51,19 €",0
916744,506678,1383,L,1,"20,95 €",20
916745,506678,1095,36,3,"41,57 €",0.2
916746,506678,1351,XL,3,"26,88 €",20%
916747,506679,1216,S,1,"17,83 €",30
916748,506680,1036,XL,2,"51,15 €",50%
916749,506680,1205,M,1,"13,61 €",0.4
916750,506680,1332,L,1,"87,31 €",0.2
916751,506681,1195,s,1,"18,13 €",0.0
916752,506681,1132,41,1,"72,05 €",0%
916753,506681,1010,m,1,"32,90 €",0.0
916754,506682,1141,Talla 38,1,"47,53 €",30%
916755,506683,1204,xl,1,"12,35 €",20
916756,506683,1153,39,1,"46,79 €",30
916757,506684,1042,M,1,"49,99 €",0.4
916758,506684,1289,M,1,"22,39 €",30
916759,506684,1396,xl,2,"15,65 €",0.2
916760,506685,1205,Talla L,1,"13,61 €",20%
916761,506685,1365,L,1,"27,56 €",20%
916762,506686,1394,M,1,"26,56 €",30%
916763,506686,1252,XS,2,"33,85 €",20%
916764,506687,1148,39,1,"36,02 €",0
916765,506687,1076,M,1,"47,04 €",0.0
916766,506687,1097,40,2,"45,52 €",10
916767,506687,1043,xl,1,"54,13 €",0%
916768,506688,1042,S,1,"49,99 €",0.4
916769,506688,1022,XL,1,"36,94 €",0.2
916770,506689,1284,M,2,"20,70 €",0.3
916771,506689,1084,l,1,"59,12 €",0.2
916772,506689,1094,39,1,"61,63 €",0.3
916773,506690,1134,40,2,"31,21 €",20%
916774,506691,1042,L,1,"49,99 €",40%
916775,506691,1315,M,1,"32,56 €",50%
916776,506691,1262,M,3,"36,87 €",0.3
916777,506692,1045,S,1,"57,82 €",0.2
916778,506692,1203,L,1,"19,01 €",0.0
916779,506693,1197,M,1,"14,87 €",0.2
916780,506694,1082,M,1,"49,65 €",20%
916781,506695,1017,L,1,"33,77 €",20
916782,506696,1282,Talla M,1,"36,05 €",0.2
916783,506696,1335,S,1,"70,30 €",30%
916784,506696,1204,Talla L,2,"12,35 €",50%
916785,506696,1238,Talla L,1,"36,15 €",30%
916786,506697,1109,Talla 39,1,"76,92 €",0.2
916787,506697,1123,37,1,"77,67 €",20
916788,506697,1013,M,1,"31,03 €",0.0
916789,506697,1038,L,1,"27,52 €",0.0
916790,506697,1156,42,1,"56,23 €",0%
916791,506698,1345,S,1,"85,68 €",0.1
916792,506698,1264,Talla M,1,"44,81 €",20%
916793,506699,1315,M,1,"32,56 €",0
916794,506699,1272,Talla XS,1,"29,98 €",0%
916795,506699,1315,Talla L,1,"32,56 €",0.0
916796,506699,1242,S,1,"38,06 €",0.0
916797,506699,1002,M,1,"27,23 €",0.0
916798,506700,1176,L,1,"23,41 €",0.0
916799,506700,1095,38,1,"41,57 €",20
916800,506700,1185,Talla M,1,"21,81 €",0.1
916801,506700,1328,XL,1,"51,49 €",30
916802,506701,1053,XS,2,"38,51 €",20
916803,506701,1144,36,1,"75,61 €",0.2
916804,506701,1229,L,1,"38,72 €",0.0
916805,506702,1378,S,1,"21,35 €",20%
916806,506702,1388,xl,1,"15,95 €",0.2
916807,506703,1342,Talla XL,2,"54,22 €",0%
916808,506704,1282,L,1,"36,05 €",40%
916809,506704,1181,M,1,"24,51 €",20%
916810,506705,1157,38,1,"47,95 €",0%
916811,506706,1144,36,1,"75,61 €",0.1
916812,506706,1065,L,1,"49,52 €",0.1
916813,506707,1315,M,1,"32,56 €",0.0
916814,506707,1256,M,1,"30,08 €",10%
916815,506707,1138,Talla 39,1,"48,26 €",20%
916816,506707,1103,37,1,"62,95 €",20
916817,506708,1012,XL,1,"40,99 €",0.3
916818,506708,1237,XL,2,"35,53 €",20
916819,506709,1184,M,1,"14,15 €",0.2
916820,506710,1070,l,1,"27,27 €",30
916821,506710,1134,41,1,"31,21 €",0.1
916822,506710,1335,M,1,"70,30 €",20%
916823,506711,1359,L,1,"29,93 €",0
916824,506711,1252,M,1,"33,85 €",0.1
916825,506711,1385,L,1,"28,77 €",0%
916826,506712,1211,XS,1,"12,54 €",0.4
916827,506713,1045,M,1,"57,82 €",30%
916828,506713,1252,L,1,"33,85 €",10
916829,506713,1393,Talla S,2,"13,58 €",30%
916830,506713,1024,xs,2,"56,24 €",20%
916831,506713,1292,Talla L,1,"32,80 €",0.1
916832,506714,1161,M,1,"23,07 €",30
916833,506714,1204,Talla M,1,"12,35 €",0.1
916834,506714,1245,XS,1,"40,31 €",40%
916835,506715,1365,XS,1,"27,56 €",30%
916836,506716,1069,M,1,"29,38 €",30%
916837,506716,1225,Talla XL,2,"39,08 €",10%
916838,506716,1053,M,1,"38,51 €",50
916839,506716,1204,M,1,"12,35 €",40%
916840,506716,1018,L,2,"45,78 €",10
916841,506717,1285,L,1,"39,82 €",20%
916842,506717,1115,42,1,"64,90 €",20%
916843,506718,1042,M,1,"49,99 €",40
916844,506718,1015,M,1,"33,85 €",0.4
916845,506718,1176,m,1,"23,41 €",30
916846,506718,1161,l,1,"23,07 €",0.4
916847,506719,1353,XL,1,"13,83 €",0.1
916848,506719,1315,M,1,"32,56 €",20%
916849,506719,1281,L,1,"34,30 €",0.2
916850,506719,1170,M,1,"12,32 €",20
916851,506719,1191,M,1,"20,63 €",20%
916852,506720,1094,37,1,"61,63 €",0.1
916853,506720,1056,XS,1,"39,14 €",30%
916854,506721,1129,41,1,"73,51 €",0.2
916855,506721,1057,S,1,"28,72 €",0.2
916856,506721,1204,M,1,"12,35 €",0.1
916857,506722,1146,40,1,"34,21 €",0
916858,506722,1362,M,1,"26,07 €",0
916859,506722,1376,L,1,"26,99 €",0
916860,506722,1353,XL,1,"13,83 €",0.0
916861,506723,1315,M,1,"32,56 €",30%
916862,506723,1319,S,1,"30,13 €",0.3
916863,506723,1197,M,1,"14,87 €",0.0
916864,506724,1107,Talla 37,1,"55,33 €",0.2
916865,506724,1389,l,1,"21,34 €",0.1
916866,506724,1292,S,1,"32,80 €",0.1
916867,506724,1292,M,1,"32,80 €",30%
916868,506724,1386,XL,1,"32,98 €",0.3
916869,506725,1047,Talla M,1,"27,30 €",0.1
916870,506725,1316,Talla L,2,"43,89 €",20
916871,506725,1291,Talla L,1,"28,71 €",0.1
916872,506725,1232,L,1,"26,48 €",0.1
916873,506726,1204,M,1,"12,35 €",0.3
916874,506727,1283,XS,1,"24,64 €",20%
916875,506728,1013,M,1,"31,03 €",0%
916876,506729,1036,S,1,"51,15 €",20%
916877,506729,1204,M,1,"12,35 €",10
916878,506730,1221,M,3,"28,31 €",20%
916879,506731,1042,XL,1,"49,99 €",40%
916880,506731,1284,XS,1,"20,70 €",0.3
916881,506731,1203,M,2,"19,01 €",0.3
916882,506732,1317,XL,2,"27,13 €",0%
916883,506732,1074,s,3,"27,23 €",20
916884,506733,1200,L,1,"21,79 €",0.5
916885,506733,1252,S,1,"33,85 €",0.3
916886,506734,1308,XS,1,"36,22 €",30
916887,506734,1153,39,1,"46,79 €",0.3
916888,506735,1385,S,1,"28,77 €",0.0
916889,506736,1042,XL,3,"49,99 €",40
916890,506736,1325,L,2,"46,91 €",0.0
916891,506737,1143,38,1,"54,97 €",30
916892,506737,1341,M,2,"40,01 €",0%
916893,506738,1205,L,2,"13,61 €",0.0
916894,506738,1048,L,1,"36,45 €",0.1
916895,506738,1164,M,1,"18,58 €",0%
916896,506738,1084,L,1,"59,12 €",0
916897,506739,1069,XL,1,"29,38 €",10%
916898,506740,1013,Talla L,1,"31,03 €",0.1
916899,506741,1130,39,1,"73,00 €",40
916900,506742,1134,37,1,"31,21 €",0.2
916901,506742,1034,S,1,"42,28 €",0.1
916902,506742,1038,l,1,"27,52 €",0.5
916903,506742,1173,XL,2,"22,99 €",40%
916904,506743,1290,M,1,"23,54 €",20%
916905,506743,1098,38,1,"38,24 €",0.0
916906,506743,1390,XL,1,"19,91 €",0
916907,506743,1391,L,1,"13,83 €",0
916908,506744,1181,Talla L,1,"24,51 €",50%
916909,506745,1042,M,2,"49,99 €",0.4
916910,506746,1042,Talla M,1,"49,99 €",40%
916911,506747,1029,L,1,"31,92 €",0.0
916912,506748,1193,S,1,"20,23 €",0.1
916913,506748,1367,L,1,"13,47 €",10%
916914,506749,1273,M,1,"32,69 €",0.0
916915,506749,1049,xl,1,"47,10 €",0%
916916,506750,1345,XS,1,"85,68 €",0.4
916917,506750,1347,L,1,"80,46 €",20%
916918,506750,1379,XL,1,"31,72 €",10%
916919,506750,1203,m,1,"19,01 €",0.3
916920,506751,1274,S,1,"39,02 €",0.0
916921,506752,1181,XL,1,"24,51 €",30%
916922,506752,1036,S,2,"51,15 €",20%
916923,506752,1389,Talla M,1,"21,34 €",30
916924,506753,1342,XS,1,"54,22 €",0.3
916925,506753,1315,Talla XL,1,"32,56 €",50
916926,506754,1147,37,1,"30,45 €",50%
916927,506755,1345,Talla L,1,"85,68 €",0%
916928,506755,1292,M,1,"32,80 €",20
916929,506756,1195,S,1,"18,13 €",20%
916930,506756,1094,Talla 40,1,"61,63 €",0.2
916931,506756,1096,40,1,"53,68 €",0.3
916932,506756,1191,S,1,"20,63 €",20%
916933,506757,1115,39,1,"64,90 €",30%
916934,506757,1165,L,1,"13,35 €",40%
916935,506757,1388,XS,2,"15,95 €",0%
916936,506758,1013,m,1,"31,03 €",0.4
916937,506758,1163,M,1,"22,89 €",0.1
916938,506758,1396,M,1,"15,65 €",0.0
916939,506759,1327,XL,1,"77,26 €",20%
916940,506759,1013,Talla XL,1,"31,03 €",10%
916941,506759,1204,L,1,"12,35 €",0.5
916942,506760,1134,37,1,"31,21 €",20
916943,506761,1366,S,1,"26,15 €",50%
916944,506761,1103,40,1,"62,95 €",20
916945,506761,1160,39,2,"65,05 €",20
916946,506762,1042,Talla XL,1,"49,99 €",40
916947,506762,1029,S,1,"31,92 €",10%
916948,506762,1338,M,1,"61,23 €",0.3
916949,506762,1130,37,1,"73,00 €",10%
916950,506762,1315,M,1,"32,56 €",0.2
916951,506763,1095,41,1,"41,57 €",30%
916952,506763,1374,m,1,"12,90 €",40
916953,506763,1315,XL,1,"32,56 €",0.0
916954,506763,1069,S,3,"29,38 €",20
916955,506764,1181,S,1,"24,51 €",40%
916956,506764,1137,38,1,"63,83 €",10%
916957,506764,1230,Talla M,1,"25,06 €",20%
916958,506764,1377,S,1,"31,22 €",30
916959,506764,1258,S,1,"35,14 €",10%
916960,506765,1042,M,1,"49,99 €",40
916961,506766,1042,M,1,"49,99 €",40
916962,506767,1200,L,1,"21,79 €",0.0
916963,506767,1362,XS,1,"26,07 €",0.1
916964,506767,1312,S,1,"35,92 €",0%
916965,506768,1204,M,2,"12,35 €",10
916966,506769,1112,37,1,"78,05 €",0.3
916967,506769,1266,XS,1,"33,10 €",20%
916968,506769,1169,XL,1,"14,75 €",30%
916969,506770,1111,40,1,"59,92 €",40%
916970,506771,1053,S,1,"38,51 €",40%
916971,506771,1299,s,1,"43,49 €",10
916972,506771,1227,L,1,"25,33 €",20%
916973,506772,1388,XL,1,"15,95 €",30
916974,506772,1119,39,2,"55,00 €",0.1
916975,506773,1283,S,1,"24,64 €",30
916976,506773,1323,XL,1,"32,89 €",30%
916977,506773,1219,L,1,"17,73 €",30%
916978,506773,1200,M,3,"21,79 €",0.2
916979,506773,1013,l,1,"31,03 €",10%
916980,506773,1034,L,1,"42,28 €",0.5
916981,506774,1004,M,1,"45,55 €",0
916982,506774,1257,S,2,"41,13 €",0
916983,506775,1303,L,1,"34,22 €",0.2
916984,506775,1305,Talla L,1,"32,92 €",20
916985,506775,1122,Talla 38,1,"63,66 €",10%
916986,506775,1229,L,2,"38,72 €",0.4
916987,506776,1361,L,1,"14,66 €",0.3
916988,506776,1315,m,1,"32,56 €",30
916989,506777,1334,M,1,"41,41 €",0.3
916990,506777,1068,M,1,"49,68 €",40%
916991,506778,1277,s,1,"28,10 €",0.1
916992,506778,1077,L,1,"57,81 €",10%
916993,506778,1229,Talla M,1,"38,72 €",10%
916994,506778,1306,Talla XS,1,"38,88 €",0.3
916995,506778,1013,M,1,"31,03 €",30
916996,506779,1078,XL,1,"56,16 €",10
916997,506779,1219,M,1,"17,73 €",0.0
916998,506779,1315,L,2,"32,56 €",10%
916999,506780,1050,XS,1,"52,78 €",40%
917000,506780,1252,S,2,"33,85 €",0
917001,506781,1241,XL,1,"36,57 €",20
917002,506781,1238,Talla S,1,"36,15 €",10%
917003,506782,1324,L,1,"40,15 €",40%
917004,506783,1351,L,1,"26,88 €",0.5
917005,506783,1324,l,1,"40,15 €",30%
917006,506783,1204,Talla M,1,"12,35 €",20
917007,506783,1028,XL,1,"48,82 €",30%
917008,506783,1304,XS,1,"44,49 €",0.0
917009,506784,1234,S,1,"26,50 €",0.0
917010,506785,1159,42,1,"51,99 €",40%
917011,506785,1148,Talla 38,3,"36,02 €",40%
917012,506786,1028,S,1,"48,82 €",0.3
917013,506787,1176,XL,1,"23,41 €",30%
917014,506787,1221,M,1,"28,31 €",20
917015,506788,1077,S,1,"57,81 €",20
917016,506788,1204,XS,1,"12,35 €",30%
917017,506788,1284,L,3,"20,70 €",40%
917018,506789,1125,Talla 41,3,"51,19 €",0.2
917019,506789,1346,S,2,"45,31 €",20%
917020,506789,1357,S,1,"16,44 €",0.1
917021,506790,1374,S,1,"12,90 €",0.2
917022,506790,1157,39,3,"47,95 €",0.0
917023,506790,1075,M,1,"43,55 €",20%
917024,506791,1327,L,1,"77,26 €",0%
917025,506792,1107,41,1,"55,33 €",30%
917026,506792,1322,L,1,"33,07 €",0.2
917027,506793,1206,L,1,"15,68 €",0.0
917028,506793,1364,M,1,"11,29 €",0
917029,506794,1040,Talla L,1,"49,21 €",30
917030,506794,1329,L,1,"45,80 €",0.2
917031,506795,1292,M,1,"32,80 €",30
917032,506795,1394,M,2,"26,56 €",20
917033,506796,1153,Talla 39,1,"46,79 €",30
917034,506796,1246,xl,1,"32,78 €",0.2
917035,506797,1327,M,1,"77,26 €",10%
917036,506797,1282,S,1,"36,05 €",30%
917037,506797,1006,L,1,"40,90 €",20%
917038,506798,1366,S,1,"26,15 €",0.0
917039,506798,1357,XL,1,"16,44 €",0.0
917040,506799,1273,Talla XL,1,"32,69 €",30
917041,506799,1150,Talla 41,1,"53,53 €",20
917042,506799,1216,XS,1,"17,83 €",20%
917043,506800,1288,S,3,"30,24 €",20%
917044,506800,1008,XL,1,"54,28 €",20
917045,506800,1343,l,1,"81,92 €",20
917046,506801,1243,M,1,"42,14 €",20
917047,506801,1273,L,1,"32,69 €",0.3
917048,506801,1250,S,1,"31,36 €",0.3
917049,506802,1238,S,1,"36,15 €",20
917050,506803,1159,42,3,"51,99 €",0.4
917051,506803,1291,XL,1,"28,71 €",10%
917052,506803,1237,M,1,"35,53 €",30%
917053,506804,1368,M,1,"20,18 €",30%
917054,506804,1292,M,1,"32,80 €",0.3
917055,506804,1091,Talla 39,2,"75,99 €",10%
917056,506805,1001,XL,2,"32,57 €",40%
917057,506805,1208,Talla L,1,"22,70 €",0.1
917058,506806,1042,XL,1,"49,99 €",40
917059,506806,1379,XL,1,"31,72 €",0.2
917060,506806,1041,Talla M,1,"57,12 €",0.3
917061,506807,1042,XS,1,"49,99 €",40%
917062,506808,1182,M,1,"16,74 €",20
917063,506809,1042,M,2,"49,99 €",0.4
917064,506809,1197,XL,1,"14,87 €",50
917065,506809,1315,L,1,"32,56 €",0.2
917066,506809,1135,38,1,"71,49 €",0.2
917067,506809,1082,xl,1,"49,65 €",0.1
917068,506810,1079,XL,1,"46,26 €",50%
917069,506811,1146,41,1,"34,21 €",0
917070,506811,1338,L,1,"61,23 €",0%
917071,506812,1290,M,1,"23,54 €",0.1
917072,506812,1288,L,1,"30,24 €",0%
917073,506813,1238,Talla M,1,"36,15 €",30%
917074,506813,1073,L,1,"26,22 €",50%
917075,506814,1315,M,1,"32,56 €",10%
917076,506814,1053,Talla XL,2,"38,51 €",20
917077,506815,1137,39,1,"63,83 €",0.0
917078,506815,1103,38,2,"62,95 €",0.0
917079,506815,1385,L,1,"28,77 €",0%
917080,506815,1238,M,1,"36,15 €",0.0
917081,506816,1156,36,1,"56,23 €",40%
917082,506816,1054,S,3,"59,30 €",10%
917083,506817,1042,Talla XL,1,"49,99 €",40
917084,506818,1134,41,1,"31,21 €",40%
917085,506818,1116,38,1,"50,71 €",0.2
917086,506818,1301,XS,1,"46,93 €",40
917087,506819,1038,S,1,"27,52 €",0%
917088,506819,1338,Talla M,2,"61,23 €",0.1
917089,506819,1102,39,1,"68,36 €",0%
917090,506819,1200,XS,2,"21,79 €",0%
917091,506820,1211,xs,1,"12,54 €",40%
917092,506820,1285,M,1,"39,82 €",0.2
917093,506821,1243,S,1,"42,14 €",0%
917094,506821,1315,M,3,"32,56 €",0.4
917095,506821,1133,40,1,"48,67 €",0.3
917096,506821,1187,XS,1,"17,31 €",30
917097,506821,1117,39,1,"49,56 €",10
917098,506821,1053,XS,2,"38,51 €",0.2
917099,506822,1038,L,1,"27,52 €",0.2
917100,506822,1083,L,1,"54,14 €",50
917101,506823,1042,L,1,"49,99 €",40
917102,506823,1013,L,1,"31,03 €",30%
917103,506823,1105,39,1,"77,31 €",10%
917104,506824,1151,Talla 38,1,"47,09 €",10%
917105,506824,1186,l,1,"16,09 €",30
917106,506824,1346,M,1,"45,31 €",0.2
917107,506825,1037,m,1,"41,52 €",0.2
917108,506825,1357,xs,1,"16,44 €",30
917109,506825,1305,M,1,"32,92 €",20
917110,506825,1165,M,1,"13,35 €",30
917111,506826,1236,S,2,"32,57 €",30%
917112,506827,1353,L,1,"13,83 €",20%
917113,506827,1161,m,1,"23,07 €",30
917114,506827,1177,m,1,"20,83 €",30%
917115,506828,1212,XL,2,"12,74 €",0
917116,506829,1231,M,1,"35,23 €",0.1
917117,506829,1368,Talla M,1,"20,18 €",30%
917118,506830,1317,Talla XS,2,"27,13 €",0.3
917119,506830,1261,S,1,"33,18 €",0.1
917120,506831,1234,Talla L,1,"26,50 €",0.2
917121,506831,1285,L,3,"39,82 €",0
917122,506832,1162,L,2,"19,00 €",10
917123,506833,1346,Talla M,1,"45,31 €",0
917124,506833,1016,M,1,"58,66 €",0.0
917125,506834,1381,XS,1,"34,45 €",10%
917126,506835,1357,Talla M,1,"16,44 €",30
917127,506835,1333,S,1,"89,35 €",0.2
917128,506836,1197,m,1,"14,87 €",30%
917129,506836,1322,L,2,"33,07 €",40%
917130,506836,1097,38,1,"45,52 €",20%
917131,506836,1257,xl,1,"41,13 €",0%
917132,506837,1143,39,1,"54,97 €",30%
917133,506838,1075,m,1,"43,55 €",0.0
917134,506838,1197,L,1,"14,87 €",0.0
917135,506838,1192,S,1,"13,33 €",0.0
917136,506838,1098,41,2,"38,24 €",0
917137,506839,1049,M,1,"47,10 €",0.3
917138,506839,1106,42,1,"73,33 €",0.3
917139,506839,1207,L,1,"16,71 €",30%
917140,506839,1027,l,1,"34,91 €",0.3
917141,506839,1053,XS,1,"38,51 €",30
917142,506840,1198,L,2,"16,38 €",0.3
917143,506840,1346,M,3,"45,31 €",0.2
917144,506840,1247,M,1,"43,39 €",40%
917145,506840,1176,L,1,"23,41 €",0%
917146,506840,1284,S,1,"20,70 €",0.3
917147,506840,1006,Talla S,1,"40,90 €",10%
917148,506840,1185,m,1,"21,81 €",0.0
917149,506841,1366,XL,1,"26,15 €",20%
917150,506841,1391,L,2,"13,83 €",20
917151,506842,1362,M,1,"26,07 €",0.0
917152,506842,1269,XS,1,"20,24 €",0.0
917153,506842,1156,40,1,"56,23 €",0%
917154,506843,1113,39,1,"38,95 €",20%
917155,506843,1376,Talla L,1,"26,99 €",20
917156,506843,1323,S,2,"32,89 €",0.3
917157,506844,1366,S,3,"26,15 €",10%
917158,506845,1052,L,1,"52,18 €",0
917159,506846,1362,S,1,"26,07 €",20
917160,506847,1315,XL,1,"32,56 €",0%
917161,506848,1035,M,1,"57,32 €",0.1
917162,506849,1141,38,1,"47,53 €",50%
917163,506849,1129,38,2,"73,51 €",30%
917164,506849,1285,M,1,"39,82 €",0.3
917165,506849,1071,M,1,"29,62 €",20
917166,506849,1060,L,1,"48,04 €",0
917167,506850,1234,Talla L,1,"26,50 €",0.1
917168,506850,1185,XS,1,"21,81 €",20
917169,506850,1368,S,3,"20,18 €",0%
917170,506850,1374,M,2,"12,90 €",40%
917171,506850,1170,L,1,"12,32 €",0.3
917172,506851,1094,36,1,"61,63 €",40%
917173,506851,1284,XS,1,"20,70 €",0.3
917174,506852,1285,L,1,"39,82 €",0.0
917175,506852,1361,L,1,"14,66 €",30
917176,506852,1323,S,1,"32,89 €",10%
917177,506852,1291,S,1,"28,71 €",40%
917178,506853,1381,M,1,"34,45 €",30%
917179,506853,1241,L,1,"36,57 €",20%
917180,506853,1335,M,3,"70,30 €",10
917181,506853,1396,S,1,"15,65 €",30%
917182,506854,1325,S,1,"46,91 €",20%
917183,506854,1176,M,1,"23,41 €",40%
917184,506854,1039,Talla L,1,"53,52 €",20%
917185,506855,1293,XS,3,"37,48 €",10%
917186,506856,1059,S,1,"55,73 €",0%
917187,506857,1021,S,2,"43,85 €",0.2
917188,506857,1225,xl,1,"39,08 €",0.2
917189,506858,1099,37,1,"79,99 €",30
917190,506859,1207,s,2,"16,71 €",40
917191,506860,1273,l,1,"32,69 €",0.3
917192,506860,1263,XS,1,"39,31 €",0.0
917193,506860,1200,S,1,"21,79 €",10%
917194,506861,1295,XS,1,"36,18 €",0.2
917195,506861,1229,S,1,"38,72 €",0.3
917196,506861,1169,XS,1,"14,75 €",30%
917197,506861,1318,XL,1,"40,14 €",30%
917198,506861,1360,M,1,"18,88 €",20%
917199,506862,1094,42,1,"61,63 €",20
917200,506862,1027,L,1,"34,91 €",0.3
917201,506863,1315,XL,1,"32,56 €",0.1
917202,506863,1135,Talla 38,3,"71,49 €",40%
917203,506863,1123,37,1,"77,67 €",30%
917204,506863,1094,39,3,"61,63 €",10
917205,506863,1238,M,2,"36,15 €",0.2
917206,506864,1070,m,1,"27,27 €",0.3
917207,506865,1172,s,1,"18,98 €",0.0
917208,506865,1335,XL,1,"70,30 €",0.0
917209,506866,1152,38,2,"48,30 €",20
917210,506866,1292,M,1,"32,80 €",20%
917211,506866,1388,XL,1,"15,95 €",20
917212,506867,1315,XS,1,"32,56 €",10%
917213,506867,1369,L,1,"15,16 €",0.2
917214,506867,1022,M,1,"36,94 €",30%
917215,506868,1058,L,1,"51,95 €",0.2
917216,506869,1309,S,1,"29,96 €",0.1
917217,506869,1168,XS,1,"19,82 €",0.2
917218,506870,1315,XL,1,"32,56 €",10%
917219,506870,1211,XL,2,"12,54 €",20%
917220,506871,1116,38,1,"50,71 €",0.0
917221,506872,1053,Talla M,2,"38,51 €",0%
917222,506872,1291,M,2,"28,71 €",0.0
917223,506872,1057,L,1,"28,72 €",0%
917224,506873,1174,S,1,"20,68 €",30%
917225,506873,1241,M,1,"36,57 €",0.1
917226,506873,1053,L,1,"38,51 €",0.2
917227,506873,1379,Talla S,1,"31,72 €",30
917228,506874,1324,XS,1,"40,15 €",20
917229,506875,1204,L,1,"12,35 €",20
917230,506875,1204,Talla L,2,"12,35 €",0.1
917231,506875,1175,S,1,"17,99 €",30%
917232,506876,1369,XS,1,"15,16 €",0
917233,506877,1131,39,1,"55,67 €",20%
917234,506877,1292,xs,1,"32,80 €",20%
917235,506878,1378,M,1,"21,35 €",0%
917236,506879,1193,S,1,"20,23 €",0
917237,506879,1305,XL,1,"32,92 €",40
917238,506880,1336,L,1,"80,41 €",0.1
917239,506880,1136,37,1,"73,76 €",0.1
917240,506881,1175,M,1,"17,99 €",10%
917241,506882,1285,xl,1,"39,82 €",0.3
917242,506882,1388,L,1,"15,95 €",0.4
917243,506883,1388,L,1,"15,95 €",20%
917244,506883,1106,39,1,"73,33 €",0.1
917245,506884,1042,M,1,"49,99 €",0.4
917246,506884,1106,Talla 38,1,"73,33 €",0.1
917247,506884,1222,XS,2,"27,70 €",20%
917248,506884,1383,Talla S,1,"20,95 €",0
917249,506884,1036,l,1,"51,15 €",50
917250,506884,1094,38,1,"61,63 €",0.4
917251,506885,1204,Talla S,2,"12,35 €",50
917252,506885,1097,39,1,"45,52 €",30%
917253,506886,1285,Talla XL,3,"39,82 €",20%
917254,506887,1042,M,1,"49,99 €",40
917255,506887,1092,Talla 37,1,"69,97 €",20%
917256,506887,1096,37,1,"53,68 €",0.4
917257,506888,1204,L,2,"12,35 €",0.2
917258,506889,1018,Talla L,1,"45,78 €",0%
917259,506889,1273,S,1,"32,69 €",0
917260,506889,1399,S,1,"31,60 €",0.0
917261,506890,1322,l,1,"33,07 €",0.4
917262,506890,1062,XS,1,"43,22 €",0%
917263,506890,1303,S,2,"34,22 €",10
917264,506891,1362,l,1,"26,07 €",50%
917265,506891,1036,M,1,"51,15 €",10%
917266,506891,1285,XS,1,"39,82 €",30%
917267,506892,1357,M,1,"16,44 €",50%
917268,506892,1321,M,1,"37,98 €",0.1
917269,506892,1204,XL,1,"12,35 €",0%
917270,506892,1053,l,1,"38,51 €",0.5
917271,506893,1169,L,1,"14,75 €",0.3
917272,506894,1235,L,1,"34,51 €",0.0
917273,506894,1037,xs,1,"41,52 €",0
917274,506894,1201,L,1,"24,28 €",0
917275,506894,1322,s,1,"33,07 €",0%
917276,506895,1148,39,1,"36,02 €",50
917277,506896,1164,L,1,"18,58 €",0.2
917278,506896,1214,S,1,"17,10 €",0%
917279,506897,1170,S,1,"12,32 €",20%
917280,506898,1042,L,1,"49,99 €",0.4
917281,506899,1111,39,1,"59,92 €",30%
917282,506899,1045,M,1,"57,82 €",10%
917283,506900,1137,41,1,"63,83 €",0.3
917284,506900,1252,L,1,"33,85 €",0.3
917285,506900,1333,XS,1,"89,35 €",40%
917286,506900,1229,L,2,"38,72 €",40
917287,506901,1134,38,1,"31,21 €",20%
917288,506902,1348,L,1,"54,42 €",0.1
917289,506903,1322,S,1,"33,07 €",0.0
917290,506903,1342,XS,1,"54,22 €",0.0
917291,506903,1123,38,1,"77,67 €",0.2
917292,506903,1062,l,1,"43,22 €",40
917293,506903,1043,S,1,"54,13 €",0.3
917294,506904,1163,M,1,"22,89 €",0.3
917295,506904,1185,XL,1,"21,81 €",20%
917296,506905,1042,S,1,"49,99 €",40%
917297,506906,1042,S,1,"49,99 €",40
917298,506906,1204,S,1,"12,35 €",20%
917299,506906,1203,L,1,"19,01 €",0.2
917300,506907,1385,L,1,"28,77 €",30%
917301,506908,1227,S,1,"25,33 €",40%
917302,506909,1204,S,1,"12,35 €",10%
917303,506910,1042,m,1,"49,99 €",40
917304,506910,1322,M,1,"33,07 €",0.2
917305,506911,1021,L,2,"43,85 €",20%
917306,506911,1106,40,1,"73,33 €",0.2
917307,506911,1138,39,1,"48,26 €",10%
917308,506911,1385,Talla M,1,"28,77 €",30
917309,506911,1154,39,1,"70,63 €",30
917310,506911,1140,37,1,"39,31 €",30%
917311,506912,1203,M,1,"19,01 €",20
917312,506913,1272,L,1,"29,98 €",30%
917313,506914,1353,M,1,"13,83 €",10%
917314,506914,1154,40,1,"70,63 €",0.4
917315,506915,1374,L,3,"12,90 €",0.4
917316,506916,1106,38,1,"73,33 €",0.3
917317,506916,1015,L,1,"33,85 €",10%
917318,506917,1042,L,1,"49,99 €",40%
917319,506918,1355,M,1,"26,01 €",0.3
917320,506919,1273,M,1,"32,69 €",0%
917321,506919,1176,L,1,"23,41 €",20
917322,506919,1136,39,1,"73,76 €",30%
917323,506919,1284,M,1,"20,70 €",50
917324,506919,1106,39,1,"73,33 €",0.2
917325,506919,1053,Talla L,1,"38,51 €",20
917326,506920,1232,l,1,"26,48 €",0
917327,506920,1111,40,1,"59,92 €",0%
917328,506920,1362,M,1,"26,07 €",10%
917329,506921,1136,38,1,"73,76 €",0%
917330,506922,1042,M,1,"49,99 €",40%
917331,506922,1318,Talla XL,1,"40,14 €",0.1
917332,506923,1279,XS,1,"28,28 €",0.2
917333,506923,1027,m,1,"34,91 €",0.2
917334,506923,1041,M,1,"57,12 €",0
917335,506924,1204,XS,2,"12,35 €",40%
917336,506924,1239,s,1,"31,88 €",10
917337,506925,1042,l,3,"49,99 €",40%
917338,506925,1227,M,2,"25,33 €",10%
917339,506926,1083,Talla XL,1,"54,14 €",30%
917340,506926,1187,M,2,"17,31 €",30
917341,506926,1252,XL,1,"33,85 €",30
917342,506927,1203,XS,1,"19,01 €",0.1
917343,506927,1242,M,1,"38,06 €",30
917344,506928,1065,L,1,"49,52 €",0.2
917345,506929,1285,XL,1,"39,82 €",20%
917346,506930,1204,M,1,"12,35 €",30%
917347,506931,1367,L,1,"13,47 €",10
917348,506931,1109,42,1,"76,92 €",20%
917349,506932,1126,41,1,"52,20 €",20
917350,506932,1350,XS,1,"57,49 €",0.2
917351,506933,1345,m,1,"85,68 €",0.2
917352,506933,1285,S,1,"39,82 €",0%
917353,506934,1350,s,1,"57,49 €",0.1
917354,506934,1254,Talla S,1,"42,10 €",0.0
917355,506934,1280,M,1,"29,54 €",0%
917356,506934,1004,m,1,"45,55 €",10%
917357,506934,1302,XL,1,"47,49 €",0.0
917358,506934,1303,L,1,"34,22 €",0.0
917359,506935,1167,XS,1,"18,87 €",30%
917360,506935,1252,XS,1,"33,85 €",30%
917361,506936,1333,m,1,"89,35 €",40%
917362,506936,1357,S,1,"16,44 €",0%
917363,506936,1140,38,1,"39,31 €",20%
917364,506937,1336,L,1,"80,41 €",0
917365,506937,1021,M,1,"43,85 €",0%
917366,506938,1229,S,1,"38,72 €",30
917367,506939,1090,M,1,"34,56 €",30
917368,506939,1241,S,1,"36,57 €",20%
917369,506939,1341,L,1,"40,01 €",20%
917370,506939,1014,S,1,"48,60 €",0.2
917371,506940,1122,41,1,"63,66 €",0.1
917372,506940,1043,XL,1,"54,13 €",0.2
917373,506941,1053,L,1,"38,51 €",0
917374,506941,1359,XS,1,"29,93 €",20%
917375,506942,1127,38,1,"79,76 €",0.1
917376,506943,1042,M,1,"49,99 €",40
917377,506944,1061,S,1,"46,35 €",0.0
917378,506944,1036,L,1,"51,15 €",0
917379,506944,1317,Talla S,1,"27,13 €",0.0
917380,506944,1159,36,1,"51,99 €",0%
917381,506944,1314,L,1,"42,15 €",0.0
917382,506945,1210,S,1,"18,98 €",20%
917383,506945,1267,L,1,"36,41 €",40%
917384,506945,1088,S,1,"36,00 €",0.3
917385,506946,1259,M,1,"30,24 €",0.0
917386,506946,1219,Talla M,2,"17,73 €",0.0
917387,506947,1098,39,2,"38,24 €",0.1
917388,506947,1204,L,2,"12,35 €",0.2
917389,506948,1338,S,1,"61,23 €",30%
917390,506948,1167,XL,1,"18,87 €",20%
917391,506948,1365,L,1,"27,56 €",0%
917392,506948,1239,Talla M,1,"31,88 €",30%
917393,506948,1150,37,2,"53,53 €",40%
917394,506949,1391,S,1,"13,83 €",40
917395,506949,1378,S,1,"21,35 €",20%
917396,506949,1332,M,1,"87,31 €",30%
917397,506950,1299,M,1,"43,49 €",20%
917398,506950,1012,XS,1,"40,99 €",0.5
917399,506950,1203,L,1,"19,01 €",30%
917400,506951,1339,XS,3,"55,93 €",0.0
917401,506952,1282,Talla XS,1,"36,05 €",0.0
917402,506952,1053,XS,3,"38,51 €",20%
917403,506953,1042,L,1,"49,99 €",0.4
917404,506953,1203,xs,1,"19,01 €",0.3
917405,506953,1160,41,1,"65,05 €",0.2
917406,506954,1042,M,1,"49,99 €",40%
917407,506954,1176,M,2,"23,41 €",40
917408,506954,1327,m,1,"77,26 €",10%
917409,506955,1042,l,1,"49,99 €",40%
917410,506956,1203,S,1,"19,01 €",30%
917411,506956,1124,42,1,"77,92 €",10%
917412,506956,1345,XL,1,"85,68 €",0
917413,506956,1304,XS,1,"44,49 €",0
917414,506957,1285,M,1,"39,82 €",0.1
917415,506957,1357,M,2,"16,44 €",20
917416,506957,1203,XS,1,"19,01 €",0.2
917417,506957,1336,XL,1,"80,41 €",0%
917418,506957,1031,L,1,"33,85 €",10%
917419,506958,1042,S,1,"49,99 €",40%
917420,506958,1149,Talla 39,1,"75,51 €",0%
917421,506958,1176,Talla S,1,"23,41 €",20
917422,506958,1298,s,1,"30,07 €",20
917423,506958,1166,m,1,"15,50 €",10%
917424,506959,1204,Talla S,3,"12,35 €",0.2
917425,506960,1135,37,1,"71,49 €",20%
917426,506960,1361,S,1,"14,66 €",0.2
917427,506960,1114,39,1,"41,35 €",30%
917428,506961,1204,S,3,"12,35 €",20
917429,506961,1192,XL,1,"13,33 €",50%
917430,506961,1353,S,3,"13,83 €",0.4
917431,506962,1042,Talla L,2,"49,99 €",40%
917432,506963,1352,M,1,"12,43 €",10%
917433,506964,1237,L,1,"35,53 €",20
917434,506965,1371,S,1,"33,17 €",20
917435,506966,1293,L,1,"37,48 €",40%
917436,506966,1315,XS,1,"32,56 €",0.1
917437,506966,1124,37,1,"77,92 €",10%
917438,506967,1214,Talla L,1,"17,10 €",0.0
917439,506967,1148,38,1,"36,02 €",40%
917440,506967,1070,Talla S,2,"27,27 €",10
917441,506968,1243,M,1,"42,14 €",10
917442,506968,1197,Talla M,1,"14,87 €",0.3
917443,506968,1253,m,1,"42,45 €",0%
917444,506969,1042,L,1,"49,99 €",40%
917445,506969,1091,Talla 40,1,"75,99 €",0.2
917446,506969,1092,39,1,"69,97 €",10%
917447,506969,1202,s,3,"20,61 €",30%
917448,506970,1064,L,1,"33,05 €",10
917449,506970,1234,M,1,"26,50 €",0
917450,506971,1111,38,1,"59,92 €",0.2
917451,506971,1079,XL,1,"46,26 €",10
917452,506972,1042,S,1,"49,99 €",0.4
917453,506972,1112,37,1,"78,05 €",10%
917454,506973,1132,41,1,"72,05 €",0.4
917455,506974,1042,m,1,"49,99 €",0.4
917456,506975,1148,39,1,"36,02 €",10%
917457,506975,1206,s,1,"15,68 €",0.2
917458,506975,1333,Talla M,1,"89,35 €",0.0
917459,506976,1168,M,1,"19,82 €",0%
917460,506976,1153,38,1,"46,79 €",30%
917461,506976,1384,S,1,"25,64 €",30
917462,506977,1385,Talla L,1,"28,77 €",40%
917463,506978,1204,L,1,"12,35 €",0.0
917464,506979,1328,S,1,"51,49 €",30
917465,506979,1204,S,1,"12,35 €",0.2
917466,506979,1121,38,1,"72,81 €",10
917467,506979,1127,40,1,"79,76 €",0.5
917468,506980,1203,S,1,"19,01 €",30
917469,506980,1368,S,1,"20,18 €",0.3
917470,506980,1155,38,1,"61,83 €",0.3
917471,506981,1185,S,1,"21,81 €",0.3
917472,506982,1110,Talla 37,1,"37,86 €",0.3
917473,506983,1377,M,1,"31,22 €",0.3
917474,506983,1185,S,1,"21,81 €",40%
917475,506983,1059,s,1,"55,73 €",0.2
917476,506984,1094,38,1,"61,63 €",0.2
917477,506985,1037,XL,1,"41,52 €",30%
917478,506986,1071,s,1,"29,62 €",20%
917479,506986,1015,l,1,"33,85 €",20%
917480,506987,1026,XL,1,"49,99 €",0.2
917481,506987,1362,l,1,"26,07 €",0.3
917482,506987,1276,M,1,"24,73 €",40
917483,506987,1182,L,1,"16,74 €",0.1
917484,506988,1358,S,2,"26,83 €",0.2
917485,506988,1366,s,1,"26,15 €",20
917486,506988,1204,S,1,"12,35 €",30%
917487,506989,1077,xs,1,"57,81 €",40%
917488,506989,1036,m,1,"51,15 €",0.2
917489,506990,1275,xs,1,"24,89 €",10%
917490,506991,1172,S,1,"18,98 €",10
917491,506991,1131,41,1,"55,67 €",30%
917492,506991,1362,M,1,"26,07 €",10%
917493,506991,1030,M,1,"46,38 €",0.3
917494,506992,1269,S,3,"20,24 €",10
917495,506993,1359,L,1,"29,93 €",0.1
917496,506993,1145,37,1,"44,56 €",0.1
917497,506994,1033,M,1,"54,99 €",20%
917498,506994,1057,L,1,"28,72 €",0%
917499,506994,1357,m,1,"16,44 €",10%
917500,506994,1376,xs,1,"26,99 €",20
917501,506995,1042,Talla M,3,"49,99 €",0.4
917502,506996,1095,36,1,"41,57 €",0.0
917503,506996,1339,s,1,"55,93 €",0.0
917504,506997,1077,s,1,"57,81 €",0.0
917505,506997,1299,M,2,"43,49 €",0.0
917506,506997,1204,Talla S,1,"12,35 €",0.0
917507,506998,1042,M,1,"49,99 €",40%
917508,506998,1095,40,1,"41,57 €",10%
917509,506999,1348,M,1,"54,42 €",0%
917510,506999,1053,L,1,"38,51 €",0
917511,506999,1069,Talla S,2,"29,38 €",0.0
917512,507000,1099,37,1,"79,99 €",20%
917513,507001,1180,Talla M,2,"17,79 €",30%
917514,507001,1204,m,3,"12,35 €",20
917515,507002,1229,L,1,"38,72 €",20
917516,507002,1299,Talla M,1,"43,49 €",0.3
917517,507002,1021,s,1,"43,85 €",20%
917518,507003,1346,L,1,"45,31 €",20%
917519,507003,1294,Talla S,2,"28,15 €",30%
917520,507003,1288,xs,1,"30,24 €",0.2
917521,507003,1095,Talla 38,2,"41,57 €",10%
917522,507004,1072,XL,2,"46,42 €",0
917523,507005,1141,36,2,"47,53 €",20%
917524,507006,1241,M,1,"36,57 €",0.0
917525,507006,1204,L,1,"12,35 €",10%
917526,507007,1304,XL,1,"44,49 €",0
917527,507008,1240,M,1,"41,66 €",0%
917528,507009,1019,L,2,"38,48 €",10%
917529,507009,1223,Talla M,1,"29,79 €",0.1
917530,507010,1081,Talla L,1,"55,86 €",0%
917531,507010,1140,42,1,"39,31 €",0
917532,507010,1193,XS,1,"20,23 €",0%
917533,507010,1118,37,1,"79,30 €",0%
917534,507011,1103,39,1,"62,95 €",0%
917535,507011,1080,S,1,"34,78 €",0.0
917536,507011,1013,M,1,"31,03 €",0
917537,507011,1347,M,1,"80,46 €",0%
917538,507012,1327,XS,1,"77,26 €",30%
917539,507013,1141,38,2,"47,53 €",0%
917540,507013,1035,S,1,"57,32 €",0%
917541,507013,1094,40,1,"61,63 €",0.0
917542,507013,1175,S,1,"17,99 €",0%
917543,507013,1284,Talla XS,1,"20,70 €",0.0
917544,507013,1235,L,2,"34,51 €",0.0
917545,507014,1108,42,2,"69,72 €",0.1
917546,507014,1071,Talla S,1,"29,62 €",10
917547,507014,1320,XS,1,"35,05 €",30
917548,507014,1249,M,1,"34,29 €",20%
917549,507015,1398,Talla XL,1,"25,22 €",0.2
917550,507015,1008,XS,1,"54,28 €",0
917551,507015,1346,S,1,"45,31 €",0.2
917552,507016,1304,M,1,"44,49 €",40%
917553,507016,1004,M,1,"45,55 €",10
917554,507016,1193,M,1,"20,23 €",20
917555,507016,1168,S,1,"19,82 €",20%
917556,507017,1075,L,1,"43,55 €",0.0
917557,507017,1346,XL,1,"45,31 €",0.2
917558,507017,1359,M,1,"29,93 €",20
917559,507017,1020,Talla S,3,"35,48 €",20
917560,507017,1357,Talla XL,1,"16,44 €",0%
917561,507018,1171,XL,1,"18,14 €",0.2
917562,507018,1343,l,1,"81,92 €",10%
917563,507019,1189,S,1,"16,40 €",10
917564,507020,1051,XL,1,"46,46 €",0.4
917565,507021,1315,M,1,"32,56 €",20%
917566,507021,1139,41,1,"49,46 €",0.1
917567,507021,1315,L,1,"32,56 €",0.1
917568,507022,1168,XS,1,"19,82 €",0.1
917569,507022,1197,XS,1,"14,87 €",0
917570,507023,1100,40,1,"49,80 €",0.4
917571,507023,1011,S,2,"58,99 €",40%
917572,507023,1294,M,1,"28,15 €",20
917573,507024,1061,S,1,"46,35 €",30%
917574,507024,1362,XL,1,"26,07 €",0.1
917575,507024,1028,XL,1,"48,82 €",10
917576,507024,1051,M,2,"46,46 €",0.1
917577,507025,1328,M,3,"51,49 €",20
917578,507025,1293,Talla M,1,"37,48 €",40
917579,507026,1277,M,1,"28,10 €",10%
917580,507026,1359,M,1,"29,93 €",40%
917581,507026,1197,M,1,"14,87 €",40%
917582,507026,1204,M,1,"12,35 €",10%
917583,507026,1264,Talla L,1,"44,81 €",0.4
917584,507027,1179,XS,1,"24,02 €",0.0
917585,507027,1284,S,1,"20,70 €",0%
917586,507028,1229,XS,1,"38,72 €",10%
917587,507028,1034,M,2,"42,28 €",0.0
917588,507029,1387,XS,1,"10,36 €",20%
917589,507029,1176,M,1,"23,41 €",0.3
917590,507029,1352,L,1,"12,43 €",20
917591,507030,1106,37,2,"73,33 €",0.0
917592,507030,1121,38,3,"72,81 €",0%
917593,507030,1011,Talla XS,1,"58,99 €",0.0
917594,507030,1362,xs,1,"26,07 €",0%
917595,507030,1204,XS,-1,"12,35 €",0%
917596,507030,1168,XS,1,"19,82 €",0%
917597,507031,1285,l,1,"39,82 €",30%
917598,507032,1028,M,1,"48,82 €",20%
917599,507032,1280,Talla XS,1,"29,54 €",30%
917600,507032,1303,Talla L,1,"34,22 €",0.2
917601,507032,1333,XL,1,"89,35 €",0.0
917602,507033,1198,L,1,"16,38 €",0.0
917603,507033,1312,L,1,"35,92 €",50
917604,507034,1205,Talla S,1,"13,61 €",0.1
917605,507035,1053,M,1,"38,51 €",10%
917606,507035,1053,XS,1,"38,51 €",20
917607,507035,1148,38,1,"36,02 €",20%
917608,507036,1327,L,1,"77,26 €",0
917609,507036,1381,L,1,"34,45 €",40
917610,507037,1053,S,1,"38,51 €",10%
917611,507037,1192,m,1,"13,33 €",0.5
917612,507037,1392,M,1,"12,73 €",20
917613,507038,1027,XS,1,"34,91 €",20%
917614,507038,1234,L,1,"26,50 €",30%
917615,507039,1282,M,1,"36,05 €",0.4
917616,507039,1123,38,1,"77,67 €",40
917617,507040,1390,L,1,"19,91 €",40
917618,507040,1283,S,1,"24,64 €",20%
917619,507040,1315,L,1,"32,56 €",0%
917620,507041,1057,L,1,"28,72 €",20%
917621,507041,1304,S,1,"44,49 €",0.4
917622,507041,1285,S,1,"39,82 €",10%
917623,507041,1204,M,1,"12,35 €",30
917624,507041,1070,XS,1,"27,27 €",30%
917625,507042,1042,Talla XS,1,"49,99 €",0.4
917626,507042,1384,M,2,"25,64 €",0%
917627,507042,1093,39,1,"68,61 €",0.1
917628,507042,1119,42,1,"55,00 €",20
917629,507043,1315,L,2,"32,56 €",0.2
917630,507043,1315,L,1,"32,56 €",20
917631,507044,1362,Talla M,1,"26,07 €",50%
917632,507044,1233,S,1,"30,63 €",20%
917633,507044,1350,M,2,"57,49 €",0.0
917634,507045,1280,XL,1,"29,54 €",0.3
917635,507045,1197,xl,1,"14,87 €",0.2
917636,507045,1106,38,1,"73,33 €",0
917637,507046,1042,L,1,"49,99 €",40%
917638,507046,1325,m,1,"46,91 €",0.1
917639,507046,1142,42,1,"75,44 €",10%
917640,507046,1087,Talla M,1,"49,59 €",0.3
917641,507047,1111,37,1,"59,92 €",10%
917642,507048,1357,S,1,"16,44 €",0.2
917643,507048,1234,XL,1,"26,50 €",0.0
917644,507049,1305,M,1,"32,92 €",0.2
917645,507050,1336,S,1,"80,41 €",20
917646,507050,1204,L,1,"12,35 €",20%
917647,507050,1211,m,1,"12,54 €",30%
917648,507050,1334,S,1,"41,41 €",0.3
917649,507051,1287,L,2,"35,59 €",0.3
917650,507051,1094,Talla 38,2,"61,63 €",0.0
917651,507051,1357,Talla XL,1,"16,44 €",30%
917652,507052,1197,M,2,"14,87 €",20
917653,507052,1203,M,1,"19,01 €",20%
917654,507053,1303,m,1,"34,22 €",0.0
917655,507054,1009,xs,1,"25,67 €",0.2
917656,507055,1252,M,1,"33,85 €",0.2
917657,507055,1364,m,1,"11,29 €",40%
917658,507055,1197,xl,1,"14,87 €",20
917659,507056,1285,M,1,"39,82 €",0.3
917660,507056,1015,S,1,"33,85 €",20
917661,507057,1204,L,1,"12,35 €",0.2
917662,507058,1324,M,2,"40,15 €",30%
917663,507058,1356,L,1,"31,86 €",0.2
917664,507058,1196,M,1,"15,48 €",30%
917665,507059,1020,XL,3,"35,48 €",0
917666,507060,1285,XL,1,"39,82 €",30%
917667,507061,1298,l,1,"30,07 €",0.0
917668,507061,1178,L,1,"22,32 €",0.3
917669,507062,1053,xl,1,"38,51 €",20%
917670,507062,1048,S,3,"36,45 €",0.5
917671,507063,1197,XS,3,"14,87 €",40
917672,507063,1129,39,1,"73,51 €",10
917673,507064,1335,XS,1,"70,30 €",30
917674,507064,1259,S,1,"30,24 €",20
917675,507064,1268,l,1,"36,99 €",0.1
917676,507064,1047,M,1,"27,30 €",40
917677,507064,1305,M,1,"32,92 €",0.1
917678,507065,1168,M,1,"19,82 €",0.2
917679,507065,1131,39,1,"55,67 €",40%
917680,507065,1392,L,1,"12,73 €",40%
917681,507066,1042,L,1,"49,99 €",40%
917682,507067,1079,xs,1,"46,26 €",0%
917683,507068,1285,S,1,"39,82 €",10%
917684,507068,1362,XL,1,"26,07 €",10%
917685,507069,1332,S,1,"87,31 €",10%
917686,507069,1084,S,1,"59,12 €",10
917687,507070,1281,L,1,"34,30 €",10
917688,507070,1168,S,1,"19,82 €",20%
917689,507070,1338,s,1,"61,23 €",30%
917690,507071,1362,M,1,"26,07 €",0
917691,507072,1204,L,1,"12,35 €",30
917692,507073,1244,XS,1,"26,77 €",0.0
917693,507073,1397,L,1,"20,12 €",0
917694,507073,1180,L,1,"17,79 €",0%
917695,507073,1051,S,1,"46,46 €",0.1
917696,507074,1285,S,1,"39,82 €",20%
917697,507075,1174,M,1,"20,68 €",0.3
917698,507075,1340,XL,3,"80,92 €",50%
917699,507076,1062,XS,1,"43,22 €",0.4
917700,507076,1375,Talla L,1,"22,99 €",0.2
917701,507077,1077,XS,1,"57,81 €",20
917702,507078,1371,S,1,"33,17 €",20
917703,507078,1383,XL,1,"20,95 €",0.3
917704,507079,1131,36,1,"55,67 €",20%
917705,507080,1143,39,1,"54,97 €",20%
917706,507080,1213,xl,1,"12,89 €",0.0
917707,507080,1005,S,1,"31,32 €",20%
917708,507081,1167,XL,1,"18,87 €",0.0
917709,507081,1198,S,2,"16,38 €",20%
917710,507081,1205,XL,1,"13,61 €",0.0
917711,507081,1273,M,1,"32,69 €",0
917712,507081,1295,M,2,"36,18 €",0.0
917713,507082,1115,37,1,"64,90 €",40%
917714,507082,1302,L,1,"47,49 €",0.4
917715,507083,1182,XL,1,"16,74 €",10%
917716,507083,1242,L,1,"38,06 €",0.2
917717,507083,1015,S,1,"33,85 €",0.2
917718,507084,1355,Talla XS,1,"26,01 €",0.5
917719,507084,1141,Talla 36,1,"47,53 €",30%
917720,507085,1027,M,1,"34,91 €",20%
917721,507085,1168,Talla L,1,"19,82 €",0.2
917722,507085,1213,Talla M,1,"12,89 €",0.3
917723,507086,1328,M,1,"51,49 €",20%
917724,507086,1252,S,1,"33,85 €",30%
917725,507086,1211,l,1,"12,54 €",10%
917726,507086,1306,L,1,"38,88 €",0.3
917727,507086,1204,Talla M,3,"12,35 €",0.0
917728,507087,1001,S,1,"32,57 €",10%
917729,507087,1372,Talla L,1,"28,06 €",40%
917730,507087,1307,L,1,"42,98 €",0.0
917731,507088,1305,M,1,"32,92 €",0.3
917732,507088,1060,M,1,"48,04 €",50%
917733,507089,1204,XL,1,"12,35 €",10%
917734,507089,1235,S,1,"34,51 €",40%
917735,507090,1106,38,2,"73,33 €",0.0
917736,507090,1062,M,2,"43,22 €",40%
917737,507090,1142,38,1,"75,44 €",30%
917738,507090,1241,M,1,"36,57 €",10%
917739,507091,1035,S,1,"57,32 €",0.3
917740,507091,1091,38,1,"75,99 €",30
917741,507091,1179,XL,1,"24,02 €",30%
917742,507092,1042,XL,1,"49,99 €",40
917743,507092,1126,39,1,"52,20 €",0.0
917744,507092,1027,M,1,"34,91 €",50%
917745,507092,1030,m,1,"46,38 €",0.4
917746,507092,1316,XL,1,"43,89 €",0.2
917747,507092,1304,xl,1,"44,49 €",20%
917748,507093,1362,xl,2,"26,07 €",20
917749,507093,1229,L,1,"38,72 €",10%
917750,507093,1359,M,1,"29,93 €",0%
917751,507094,1077,S,1,"57,81 €",0%
917752,507095,1042,S,1,"49,99 €",0.4
917753,507095,1294,S,1,"28,15 €",20
917754,507095,1121,39,1,"72,81 €",0.3
917755,507096,1285,L,1,"39,82 €",20%
917756,507097,1141,38,1,"47,53 €",0%
917757,507097,1383,XS,1,"20,95 €",0
917758,507098,1012,xs,1,"40,99 €",40%
917759,507098,1156,39,1,"56,23 €",0.3
917760,507098,1288,M,1,"30,24 €",10%
917761,507098,1204,Talla XS,2,"12,35 €",40%
917762,507099,1168,L,1,"19,82 €",10
917763,507099,1229,S,1,"38,72 €",0.0
917764,507099,1234,XL,1,"26,50 €",40%
917765,507100,1042,S,1,"49,99 €",40
917766,507100,1378,L,1,"21,35 €",0.4
917767,507100,1305,Talla M,1,"32,92 €",20
917768,507100,1053,S,1,"38,51 €",30
917769,507100,1390,L,1,"19,91 €",0.2
917770,507101,1171,XS,1,"18,14 €",0.2
917771,507101,1204,L,1,"12,35 €",20%
917772,507101,1362,l,1,"26,07 €",10%
917773,507102,1289,Talla M,1,"22,39 €",20%
917774,507103,1093,40,1,"68,61 €",0.2
917775,507104,1322,L,1,"33,07 €",10
917776,507104,1206,XL,1,"15,68 €",0.0
917777,507104,1048,xs,1,"36,45 €",10
917778,507105,1164,M,1,"18,58 €",10
917779,507105,1110,38,1,"37,86 €",10%
917780,507105,1019,L,1,"38,48 €",40%
917781,507105,1104,40,1,"51,58 €",0.1
917782,507106,1250,Talla S,1,"31,36 €",30%
917783,507106,1286,l,1,"28,43 €",30
917784,507106,1090,L,1,"34,56 €",30%
917785,507107,1100,36,1,"49,80 €",10
917786,507107,1095,40,1,"41,57 €",50
917787,507107,1343,xl,1,"81,92 €",30%
917788,507108,1388,xl,1,"15,95 €",30%
917789,507108,1204,S,1,"12,35 €",30
917790,507109,1042,L,2,"49,99 €",40
917791,507109,1115,38,1,"64,90 €",30
917792,507109,1286,XL,1,"28,43 €",0.1
917793,507109,1149,40,1,"75,51 €",20%
917794,507110,1221,XS,1,"28,31 €",0.1
917795,507111,1367,S,1,"13,47 €",0%
917796,507111,1131,40,1,"55,67 €",0.0
917797,507111,1273,Talla S,3,"32,69 €",0%
917798,507111,1138,38,1,"48,26 €",0
917799,507112,1090,L,1,"34,56 €",0.1
917800,507113,1390,m,1,"19,91 €",0.1
917801,507114,1243,XL,1,"42,14 €",0.2
917802,507114,1175,Talla XS,1,"17,99 €",0%
917803,507114,1252,L,1,"33,85 €",0.4
917804,507114,1040,S,1,"49,21 €",30%
917805,507115,1042,M,1,"49,99 €",40
917806,507115,1273,l,1,"32,69 €",0
917807,507116,1094,36,1,"61,63 €",10%
917808,507116,1385,M,1,"28,77 €",10%
917809,507116,1092,Talla 39,1,"69,97 €",20%
917810,507116,1195,L,2,"18,13 €",0%
917811,507116,1315,XL,1,"32,56 €",30%
917812,507116,1315,M,1,"32,56 €",30%
917813,507117,1025,M,1,"59,54 €",0.2
917814,507118,1275,L,1,"24,89 €",0%
917815,507118,1266,L,1,"33,10 €",0%
917816,507118,1336,M,3,"80,41 €",0%
917817,507119,1282,S,1,"36,05 €",0.1
917818,507120,1070,S,1,"27,27 €",0.1
917819,507120,1235,XS,1,"34,51 €",0.2
917820,507121,1042,L,1,"49,99 €",40%
917821,507121,1008,XL,2,"54,28 €",0.2
917822,507121,1163,Talla M,2,"22,89 €",0.3
917823,507121,1262,XL,1,"36,87 €",0.2
917824,507121,1205,l,1,"13,61 €",0.1
917825,507121,1185,S,1,"21,81 €",40%
917826,507122,1298,M,1,"30,07 €",30%
917827,507122,1097,40,1,"45,52 €",0.1
917828,507122,1302,l,1,"47,49 €",0.0
917829,507123,1106,40,1,"73,33 €",10%
917830,507123,1285,XL,2,"39,82 €",30%
917831,507123,1285,M,1,"39,82 €",0%
917832,507123,1090,L,1,"34,56 €",0.2
917833,507124,1168,Talla XL,1,"19,82 €",0.2
917834,507124,1240,XL,1,"41,66 €",40%
917835,507124,1334,L,1,"41,41 €",0.3
917836,507124,1398,s,1,"25,22 €",10%
917837,507124,1069,M,1,"29,38 €",0.3
917838,507124,1140,36,2,"39,31 €",0.3
917839,507125,1185,S,1,"21,81 €",0.0
917840,507125,1087,S,2,"49,59 €",0%
917841,507126,1252,L,1,"33,85 €",0.4
917842,507126,1120,38,1,"65,76 €",50%
917843,507126,1256,S,1,"30,08 €",0.1
917844,507126,1315,S,2,"32,56 €",0.2
917845,507126,1199,XS,2,"21,22 €",0.1
917846,507126,1077,s,1,"57,81 €",10%
917847,507127,1239,L,1,"31,88 €",40%
917848,507127,1347,L,1,"80,46 €",30%
917849,507128,1038,M,1,"27,52 €",0%
917850,507129,1283,S,1,"24,64 €",0.2
917851,507129,1381,Talla M,1,"34,45 €",0.3
917852,507129,1242,Talla L,1,"38,06 €",0
917853,507130,1359,XS,3,"29,93 €",0.0
917854,507130,1192,M,1,"13,33 €",0.0
917855,507130,1014,Talla S,1,"48,60 €",0
917856,507131,1123,40,1,"77,67 €",0.1
917857,507131,1184,XL,1,"14,15 €",0%
917858,507132,1250,L,1,"31,36 €",0.0
917859,507132,1033,S,1,"54,99 €",40
917860,507133,1206,m,1,"15,68 €",0.3
917861,507133,1321,Talla L,1,"37,98 €",30%
917862,507133,1400,M,1,"25,30 €",20
917863,507133,1206,Talla S,1,"15,68 €",30
917864,507134,1224,L,3,"25,88 €",20
917865,507135,1348,M,1,"54,42 €",10%
917866,507135,1150,38,1,"53,53 €",10%
917867,507135,1047,S,1,"27,30 €",30%
917868,507135,1346,S,1,"45,31 €",20%
917869,507136,1397,S,1,"20,12 €",0.2
917870,507136,1146,41,2,"34,21 €",20%
917871,507137,1213,L,1,"12,89 €",0.1
917872,507138,1232,S,1,"26,48 €",10
917873,507138,1344,M,1,"48,33 €",0%
917874,507139,1229,S,1,"38,72 €",0.2
917875,507139,1368,S,1,"20,18 €",40%
917876,507140,1067,M,1,"32,97 €",30%
917877,507140,1136,Talla 36,3,"73,76 €",0.1
917878,507140,1388,M,1,"15,95 €",10
917879,507141,1285,Talla S,1,"39,82 €",0.2
917880,507141,1061,L,1,"46,35 €",30%
917881,507141,1252,m,1,"33,85 €",0.4
917882,507141,1236,XL,1,"32,57 €",20
917883,507141,1122,40,1,"63,66 €",0.2
917884,507141,1030,L,2,"46,38 €",40%
917885,507141,1137,38,1,"63,83 €",10%
917886,507142,1168,S,2,"19,82 €",0.4
917887,507142,1254,XL,1,"42,10 €",0.3
917888,507142,1285,S,1,"39,82 €",20%
917889,507143,1107,Talla 36,2,"55,33 €",30%
917890,507143,1133,41,3,"48,67 €",0%
917891,507143,1165,Talla M,1,"13,35 €",20%
917892,507143,1004,xs,1,"45,55 €",0.4
917893,507144,1086,XS,2,"33,74 €",30%
917894,507144,1018,L,2,"45,78 €",20%
917895,507145,1247,L,1,"43,39 €",20
917896,507145,1171,L,1,"18,14 €",0.2
917897,507145,1223,XL,1,"29,79 €",0.2
917898,507145,1214,XS,1,"17,10 €",40%
917899,507146,1077,M,2,"57,81 €",30%
917900,507146,1322,M,1,"33,07 €",0.0
917901,507146,1111,39,1,"59,92 €",0
917902,507146,1193,XL,1,"20,23 €",40
917903,507147,1043,XL,1,"54,13 €",30%
917904,507147,1213,M,1,"12,89 €",10
917905,507148,1017,M,1,"33,77 €",40
917906,507148,1090,Talla XS,1,"34,56 €",30
917907,507148,1053,m,1,"38,51 €",0.2
917908,507148,1221,M,1,"28,31 €",30%
917909,507148,1048,Talla M,1,"36,45 €",0.3
917910,507149,1180,XS,1,"17,79 €",30
917911,507149,1246,Talla XS,1,"32,78 €",20%
917912,507149,1293,M,1,"37,48 €",40
917913,507149,1168,M,1,"19,82 €",0.4
917914,507149,1362,M,1,"26,07 €",0.3
917915,507149,1252,M,1,"33,85 €",0.3
917916,507150,1042,XL,1,"49,99 €",0.4
917917,507150,1196,M,1,"15,48 €",20
917918,507150,1230,M,1,"25,06 €",20%
917919,507150,1056,xl,1,"39,14 €",0.3
917920,507151,1006,L,1,"40,90 €",0.0
917921,507151,1112,37,1,"78,05 €",20
917922,507152,1229,L,1,"38,72 €",10%
917923,507152,1284,L,1,"20,70 €",0.1
917924,507153,1252,Talla M,1,"33,85 €",20
917925,507153,1229,M,3,"38,72 €",0.2
917926,507154,1204,l,1,"12,35 €",10%
917927,507154,1099,41,1,"79,99 €",0%
917928,507155,1190,M,1,"19,61 €",20%
917929,507155,1116,Talla 39,1,"50,71 €",0.2
917930,507156,1148,38,1,"36,02 €",0%
917931,507156,1106,39,1,"73,33 €",20%
917932,507157,1113,Talla 39,1,"38,95 €",50%
917933,507158,1381,S,1,"34,45 €",0
917934,507158,1204,M,2,"12,35 €",20%
917935,507158,1315,XS,1,"32,56 €",10%
917936,507158,1023,L,1,"31,99 €",20%
917937,507158,1364,XL,2,"11,29 €",10%
917938,507159,1042,S,1,"49,99 €",0.4
917939,507159,1315,L,1,"32,56 €",30%
917940,507159,1203,XL,1,"19,01 €",20%
917941,507159,1284,XL,1,"20,70 €",0.3
917942,507160,1229,M,1,"38,72 €",0.2
917943,507161,1132,41,1,"72,05 €",0.3
917944,507161,1229,Talla L,1,"38,72 €",10%
917945,507161,1368,M,1,"20,18 €",10%
917946,507162,1345,s,1,"85,68 €",10
917947,507162,1283,xl,1,"24,64 €",0.0
917948,507163,1285,Talla L,2,"39,82 €",40
917949,507163,1229,XS,2,"38,72 €",40%
917950,507163,1362,L,1,"26,07 €",20
917951,507164,1362,S,1,"26,07 €",0
917952,507164,1203,M,1,"19,01 €",0
917953,507164,1229,XS,1,"38,72 €",10%
917954,507165,1115,39,2,"64,90 €",0%
917955,507165,1090,S,1,"34,56 €",10
917956,507165,1374,L,1,"12,90 €",0.4
917957,507165,1141,Talla 37,1,"47,53 €",40%
917958,507165,1088,M,1,"36,00 €",10
917959,507166,1141,42,1,"47,53 €",20%
917960,507167,1106,37,1,"73,33 €",0%
917961,507167,1202,l,1,"20,61 €",0.2
917962,507168,1136,38,1,"73,76 €",0.3
917963,507168,1134,39,1,"31,21 €",0.1
917964,507168,1070,L,1,"27,27 €",0.4
917965,507169,1134,39,2,"31,21 €",40%
917966,507170,1357,XS,1,"16,44 €",0.4
917967,507171,1245,L,1,"40,31 €",40
917968,507172,1003,XL,2,"55,06 €",20
917969,507173,1395,M,3,"20,05 €",30
917970,507173,1134,38,1,"31,21 €",0
917971,507173,1077,S,1,"57,81 €",20
917972,507174,1311,m,2,"30,25 €",10
917973,507175,1285,Talla XL,1,"39,82 €",10%
917974,507175,1197,XL,1,"14,87 €",0.0
917975,507175,1200,XS,1,"21,79 €",30%
917976,507175,1203,M,1,"19,01 €",30%
917977,507175,1189,M,1,"16,40 €",0.2
917978,507175,1368,XS,1,"20,18 €",20
917979,507176,1078,L,1,"56,16 €",0.3
917980,507177,1046,Talla M,1,"42,24 €",30%
917981,507177,1204,Talla XS,1,"12,35 €",20%
917982,507177,1392,L,3,"12,73 €",0.3
917983,507177,1126,37,1,"52,20 €",10%
917984,507177,1095,37,1,"41,57 €",20%
917985,507178,1290,L,1,"23,54 €",10
917986,507178,1106,36,1,"73,33 €",10%
917987,507178,1094,37,2,"61,63 €",0%
917988,507179,1357,XL,2,"16,44 €",0.4
917989,507180,1315,Talla L,1,"32,56 €",50
917990,507180,1162,S,1,"19,00 €",20
917991,507181,1287,Talla XS,2,"35,59 €",0.1
917992,507182,1042,XS,2,"49,99 €",40
917993,507183,1357,l,1,"16,44 €",20
917994,507184,1151,39,1,"47,09 €",20%
917995,507185,1066,M,1,"34,07 €",0
917996,507185,1253,L,1,"42,45 €",20
917997,507185,1053,M,1,"38,51 €",0%
917998,507186,1345,M,3,"85,68 €",0%
917999,507187,1169,XL,1,"14,75 €",0.0
918000,507187,1117,39,2,"49,56 €",0%
918001,507187,1337,M,1,"63,78 €",0.0
918002,507187,1203,L,1,"19,01 €",0%
918003,507188,1315,M,1,"32,56 €",0.4
918004,507188,1252,L,1,"33,85 €",0.1
918005,507188,1015,L,2,"33,85 €",20%
918006,507188,1168,m,1,"19,82 €",0.1
918007,507189,1381,s,1,"34,45 €",0.1
918008,507189,1225,L,1,"39,08 €",0.1
918009,507189,1299,S,2,"43,49 €",0.3
918010,507189,1332,XL,1,"87,31 €",40
918011,507189,1040,s,2,"49,21 €",20%
918012,507189,1285,L,1,"39,82 €",30%
918013,507190,1211,l,1,"12,54 €",0.0
918014,507190,1289,XL,1,"22,39 €",0.0
918015,507190,1285,M,0,"39,82 €",0.0
918016,507190,1002,L,1,"27,23 €",0
918017,507191,1042,l,1,"49,99 €",40%
918018,507191,1288,L,2,"30,24 €",0.0
918019,507191,1138,38,1,"48,26 €",0.1
918020,507192,1100,42,1,"49,80 €",30%
918021,507192,1053,l,1,"38,51 €",10
918022,507193,1167,M,2,"18,87 €",0.2
918023,507193,1155,37,1,"61,83 €",20%
918024,507194,1360,S,1,"18,88 €",0.0
918025,507195,1311,XL,1,"30,25 €",0.2
918026,507195,1257,M,1,"41,13 €",10
918027,507195,1061,S,1,"46,35 €",0.2
918028,507195,1082,l,1,"49,65 €",0.2
918029,507195,1307,Talla S,1,"42,98 €",0.1
918030,507196,1018,XS,1,"45,78 €",40%
918031,507196,1147,37,1,"30,45 €",20%
918032,507196,1362,XL,3,"26,07 €",0.0
918033,507197,1329,M,1,"45,80 €",0.1
918034,507197,1109,36,2,"76,92 €",0%
918035,507197,1018,xl,1,"45,78 €",20%
918036,507197,1171,XL,1,"18,14 €",0
918037,507197,1285,XS,1,"39,82 €",0
918038,507197,1108,36,1,"69,72 €",0.0
918039,507198,1168,M,1,"19,82 €",50%
918040,507198,1074,XS,1,"27,23 €",0.2
918041,507199,1233,XL,1,"30,63 €",50%
918042,507199,1015,XS,1,"33,85 €",20%
918043,507199,1251,XS,2,"41,39 €",30%
918044,507199,1019,XS,3,"38,48 €",20
918045,507199,1140,Talla 40,1,"39,31 €",20
918046,507200,1038,s,1,"27,52 €",0.2
918047,507200,1152,42,1,"48,30 €",20
918048,507200,1204,M,3,"12,35 €",0.2
918049,507201,1165,XS,2,"13,35 €",0.0
918050,507201,1067,XL,1,"32,97 €",0
918051,507202,1204,M,1,"12,35 €",30%
918052,507202,1204,M,1,"12,35 €",0.0
918053,507202,1240,M,1,"41,66 €",30
918054,507203,1148,42,2,"36,02 €",10
918055,507203,1142,39,1,"75,44 €",40%
918056,507203,1293,M,1,"37,48 €",30%
918057,507203,1368,XL,2,"20,18 €",10%
918058,507203,1035,Talla M,1,"57,32 €",20%
918059,507203,1368,S,1,"20,18 €",0.2
918060,507204,1375,M,1,"22,99 €",30%
918061,507204,1357,XL,1,"16,44 €",0.2
918062,507205,1336,S,2,"80,41 €",50%
918063,507205,1125,39,1,"51,19 €",30%
918064,507206,1004,L,1,"45,55 €",50
918065,507206,1148,39,1,"36,02 €",0.3
918066,507206,1341,M,1,"40,01 €",30%
918067,507207,1204,Talla M,1,"12,35 €",30
918068,507208,1334,Talla M,1,"41,41 €",0.0
918069,507208,1336,M,2,"80,41 €",10%
918070,507209,1373,S,1,"14,01 €",40
918071,507209,1273,M,1,"32,69 €",30%
918072,507210,1314,M,1,"42,15 €",20
918073,507210,1229,s,1,"38,72 €",40%
918074,507210,1274,L,1,"39,02 €",20%
918075,507211,1152,Talla 38,1,"48,30 €",0
918076,507211,1162,XL,3,"19,00 €",0.1
918077,507212,1058,XS,1,"51,95 €",0
918078,507213,1042,M,1,"49,99 €",0.4
918079,507213,1381,L,2,"34,45 €",0.2
918080,507213,1108,Talla 37,1,"69,72 €",0.0
918081,507214,1247,XS,1,"43,39 €",0.4
918082,507214,1137,42,1,"63,83 €",20%
918083,507214,1122,Talla 38,1,"63,66 €",0.1
918084,507214,1094,40,1,"61,63 €",0.5
918085,507215,1172,S,1,"18,98 €",0.2
918086,507215,1084,xl,1,"59,12 €",20%
918087,507216,1042,M,1,"49,99 €",40%
918088,507216,1285,L,1,"39,82 €",50%
918089,507217,1271,M,1,"39,71 €",20%
918090,507217,1053,L,2,"38,51 €",0.3
918091,507218,1248,S,1,"44,58 €",0.0
918092,507218,1143,38,1,"54,97 €",0%
918093,507218,1393,xl,1,"13,58 €",0%
918094,507219,1315,S,1,"32,56 €",20%
918095,507220,1225,S,2,"39,08 €",20%
918096,507221,1039,m,1,"53,52 €",20%
918097,507222,1203,xs,1,"19,01 €",20
918098,507223,1075,Talla S,1,"43,55 €",10%
918099,507223,1229,XS,1,"38,72 €",0.2
918100,507224,1034,M,1,"42,28 €",0.2
918101,507225,1279,xl,1,"28,28 €",50%
918102,507225,1247,L,2,"43,39 €",20%
918103,507226,1037,Talla L,1,"41,52 €",40
918104,507226,1134,38,1,"31,21 €",20%
918105,507226,1355,L,1,"26,01 €",20%
918106,507226,1096,38,1,"53,68 €",10
918107,507226,1229,m,1,"38,72 €",0.2
918108,507226,1098,38,1,"38,24 €",0.2
918109,507227,1042,M,1,"49,99 €",40%
918110,507228,1292,XS,2,"32,80 €",0.4
918111,507229,1214,XS,1,"17,10 €",0
918112,507229,1064,Talla M,1,"33,05 €",20
918113,507230,1285,S,1,"39,82 €",20%
918114,507230,1148,41,1,"36,02 €",30
918115,507230,1340,xs,2,"80,92 €",20%
918116,507231,1250,L,1,"31,36 €",10%
918117,507232,1205,M,1,"13,61 €",30%
918118,507233,1114,37,1,"41,35 €",0.0
918119,507233,1334,M,1,"41,41 €",0.0
918120,507233,1204,XS,1,"12,35 €",0.0
918121,507233,1077,Talla L,2,"57,81 €",0%
918122,507234,1315,Talla XS,1,"32,56 €",30
918123,507234,1258,S,1,"35,14 €",0.1
918124,507234,1350,L,1,"57,49 €",0.3
918125,507234,1336,M,1,"80,41 €",0.1
918126,507235,1374,m,1,"12,90 €",20%
918127,507235,1319,Talla XS,1,"30,13 €",30
918128,507235,1337,L,1,"63,78 €",20%
918129,507235,1182,XL,1,"16,74 €",0.2
918130,507236,1146,36,1,"34,21 €",10
918131,507236,1366,Talla L,3,"26,15 €",0.3
918132,507236,1129,40,1,"73,51 €",30%
918133,507236,1276,l,1,"24,73 €",0%
918134,507237,1291,XS,2,"28,71 €",0.2
918135,507237,1261,M,1,"33,18 €",20
918136,507238,1036,L,1,"51,15 €",40%
918137,507238,1366,xl,1,"26,15 €",0.2
918138,507238,1316,S,1,"43,89 €",20%
918139,507239,1053,L,1,"38,51 €",0.1
918140,507240,1141,40,1,"47,53 €",10%
918141,507240,1393,M,1,"13,58 €",30%
918142,507240,1029,M,1,"31,92 €",40
918143,507241,1355,Talla M,1,"26,01 €",10%
918144,507241,1138,40,1,"48,26 €",0.1
918145,507242,1081,XS,1,"55,86 €",0
918146,507242,1163,L,3,"22,89 €",20%
918147,507242,1072,s,1,"46,42 €",10%
918148,507243,1042,Talla M,1,"49,99 €",40%
918149,507243,1127,39,1,"79,76 €",30
918150,507244,1366,M,1,"26,15 €",0.2
918151,507244,1303,XL,1,"34,22 €",30
918152,507245,1372,S,1,"28,06 €",30%
918153,507246,1360,M,1,"18,88 €",30%
918154,507246,1293,Talla S,1,"37,48 €",0.2
918155,507246,1080,M,1,"34,78 €",0
918156,507247,1340,S,1,"80,92 €",0.2
918157,507247,1038,S,1,"27,52 €",0%
918158,507247,1129,Talla 39,1,"73,51 €",30%
918159,507248,1351,XL,1,"26,88 €",0.1
918160,507249,1042,L,1,"49,99 €",0.4
918161,507249,1185,Talla M,1,"21,81 €",30
918162,507249,1168,s,1,"19,82 €",30%
918163,507250,1388,XL,1,"15,95 €",0.2
918164,507251,1204,Talla XS,1,"12,35 €",0.4
918165,507251,1383,S,1,"20,95 €",0.0
918166,507251,1005,M,1,"31,32 €",20%
918167,507252,1057,L,1,"28,72 €",0.2
918168,507252,1013,XL,1,"31,03 €",20%
918169,507252,1375,xs,1,"22,99 €",40%
918170,507253,1252,L,1,"33,85 €",0.3
918171,507253,1038,Talla M,1,"27,52 €",20%
918172,507253,1204,Talla M,1,"12,35 €",0.2
918173,507254,1206,S,1,"15,68 €",30%
918174,507255,1111,38,1,"59,92 €",0%
918175,507255,1251,S,1,"41,39 €",0%
918176,507255,1015,L,1,"33,85 €",0.0
918177,507255,1137,37,2,"63,83 €",0%
918178,507256,1042,M,2,"49,99 €",0.4
918179,507257,1322,Talla L,1,"33,07 €",0.0
918180,507257,1038,L,1,"27,52 €",0.3
918181,507258,1220,L,1,"18,87 €",20%
918182,507259,1002,xs,1,"27,23 €",0.1
918183,507259,1285,M,1,"39,82 €",0.2
918184,507260,1147,38,1,"30,45 €",0.0
918185,507261,1038,M,1,"27,52 €",0.3
918186,507261,1388,S,2,"15,95 €",0.2
918187,507262,1164,l,1,"18,58 €",20%
918188,507262,1046,Talla M,1,"42,24 €",20
918189,507263,1134,41,1,"31,21 €",30
918190,507263,1041,XL,1,"57,12 €",50
918191,507263,1036,M,1,"51,15 €",40
918192,507264,1130,38,2,"73,00 €",0.2
918193,507264,1252,S,3,"33,85 €",0.1
918194,507265,1254,Talla S,1,"42,10 €",0%
918195,507266,1055,S,1,"33,15 €",0.3
918196,507266,1201,L,1,"24,28 €",0.0
918197,507266,1384,L,1,"25,64 €",30
918198,507267,1193,Talla XL,1,"20,23 €",0
918199,507267,1273,Talla XL,1,"32,69 €",30%
918200,507267,1327,L,1,"77,26 €",20%
918201,507267,1282,XS,1,"36,05 €",10%
918202,507268,1003,S,1,"55,06 €",10
918203,507268,1128,39,1,"71,15 €",10%
918204,507269,1042,L,1,"49,99 €",40%
918205,507269,1360,Talla XS,1,"18,88 €",0.5
918206,507269,1315,l,1,"32,56 €",30%
918207,507270,1269,L,1,"20,24 €",30%
918208,507271,1036,m,1,"51,15 €",0
918209,507271,1334,Talla S,1,"41,41 €",20%
918210,507271,1339,M,2,"55,93 €",30%
918211,507271,1369,M,1,"15,16 €",0%
918212,507272,1102,38,1,"68,36 €",0.4
918213,507272,1309,M,1,"29,96 €",40%
918214,507272,1183,S,3,"22,12 €",30%
918215,507272,1096,38,2,"53,68 €",20
918216,507272,1030,S,1,"46,38 €",50
918217,507273,1336,S,1,"80,41 €",0.1
918218,507274,1360,Talla M,1,"18,88 €",20%
918219,507274,1133,37,1,"48,67 €",0.4
918220,507274,1283,XS,1,"24,64 €",20
918221,507274,1322,Talla XL,1,"33,07 €",0.1
918222,507275,1075,M,1,"43,55 €",10
918223,507275,1183,Talla M,1,"22,12 €",0.2
918224,507275,1034,XS,1,"42,28 €",0.1
918225,507275,1007,L,1,"30,50 €",0.5
918226,507276,1252,L,2,"33,85 €",10
918227,507276,1315,L,1,"32,56 €",10
918228,507276,1398,s,1,"25,22 €",0.2
918229,507276,1357,S,2,"16,44 €",20%
918230,507277,1204,XL,1,"12,35 €",30
918231,507277,1168,M,1,"19,82 €",20%
918232,507278,1294,M,1,"28,15 €",50%
918233,507279,1153,38,1,"46,79 €",30%
918234,507279,1216,L,1,"17,83 €",30%
918235,507280,1227,M,1,"25,33 €",0%
918236,507280,1374,L,1,"12,90 €",0.1
918237,507280,1328,Talla M,1,"51,49 €",40%
918238,507280,1312,Talla M,1,"35,92 €",10
918239,507280,1362,Talla M,1,"26,07 €",0.4
918240,507281,1011,L,1,"58,99 €",0.3
918241,507281,1362,L,1,"26,07 €",30
918242,507281,1368,L,1,"20,18 €",20%
918243,507282,1208,Talla L,1,"22,70 €",10%
918244,507283,1269,Talla S,2,"20,24 €",0.2
918245,507283,1213,M,1,"12,89 €",10%
918246,507284,1378,S,1,"21,35 €",0.3
918247,507284,1296,XS,1,"41,51 €",0%
918248,507285,1345,M,1,"85,68 €",0
918249,507285,1203,M,1,"19,01 €",40%
918250,507285,1288,XS,1,"30,24 €",50%
918251,507286,1077,s,1,"57,81 €",20
918252,507286,1077,XL,2,"57,81 €",0.3
918253,507287,1106,42,1,"73,33 €",30%
918254,507287,1199,XL,1,"21,22 €",10%
918255,507288,1115,38,1,"64,90 €",30
918256,507288,1288,S,1,"30,24 €",0.3
918257,507288,1048,XL,1,"36,45 €",40%
918258,507289,1305,L,1,"32,92 €",10
918259,507289,1385,M,2,"28,77 €",30
918260,507289,1081,M,1,"55,86 €",0.3
918261,507289,1277,XL,2,"28,10 €",0.4
918262,507289,1346,L,1,"45,31 €",0.2
918263,507289,1077,M,1,"57,81 €",0%
918264,507290,1042,l,1,"49,99 €",40%
918265,507290,1132,37,1,"72,05 €",0.4
918266,507291,1214,Talla M,2,"17,10 €",30%
918267,507292,1295,Talla M,1,"36,18 €",0.0
918268,507292,1176,S,1,"23,41 €",0
918269,507292,1384,S,1,"25,64 €",0%
918270,507292,1208,s,1,"22,70 €",0.0
918271,507292,1372,M,2,"28,06 €",0%
918272,507293,1037,M,1,"41,52 €",0.0
918273,507293,1136,38,1,"73,76 €",0.2
918274,507293,1005,XS,1,"31,32 €",0.3
918275,507293,1143,38,1,"54,97 €",30
918276,507294,1042,M,1,"49,99 €",40
918277,507294,1315,L,1,"32,56 €",40
918278,507294,1045,M,1,"57,82 €",0.3
918279,507294,1036,L,1,"51,15 €",0.3
918280,507295,1240,Talla M,1,"41,66 €",30
918281,507295,1232,M,2,"26,48 €",0.2
918282,507296,1187,S,1,"17,31 €",0%
918283,507296,1308,L,1,"36,22 €",0.3
918284,507296,1218,S,1,"23,13 €",0.2
918285,507296,1063,L,1,"41,19 €",40
918286,507296,1240,S,1,"41,66 €",10
918287,507296,1229,XL,1,"38,72 €",20%
918288,507296,1315,S,1,"32,56 €",0.1
918289,507297,1315,L,1,"32,56 €",20%
918290,507297,1035,M,1,"57,32 €",20%
918291,507298,1285,M,1,"39,82 €",20%
918292,507298,1053,S,1,"38,51 €",30%
918293,507298,1008,XS,1,"54,28 €",0.2
918294,507298,1036,S,1,"51,15 €",10%
918295,507299,1003,XL,1,"55,06 €",30%
918296,507299,1328,m,1,"51,49 €",20
918297,507299,1106,39,2,"73,33 €",20
918298,507300,1127,40,1,"79,76 €",40
918299,507300,1029,M,1,"31,92 €",40
918300,507300,1362,S,1,"26,07 €",0.2
918301,507300,1126,Talla 39,1,"52,20 €",0.1
918302,507301,1340,L,1,"80,92 €",0%
918303,507301,1159,38,1,"51,99 €",0%
918304,507302,1218,S,1,"23,13 €",10
918305,507302,1223,XL,2,"29,79 €",10
918306,507303,1120,38,1,"65,76 €",0.4
918307,507304,1201,Talla S,1,"24,28 €",10
918308,507305,1042,M,2,"49,99 €",40%
918309,507305,1238,L,1,"36,15 €",20
918310,507305,1116,37,2,"50,71 €",0.2
918311,507305,1111,Talla 38,1,"59,92 €",10
918312,507305,1292,M,1,"32,80 €",0.0
918313,507306,1250,M,1,"31,36 €",0%
918314,507306,1099,37,1,"79,99 €",0.2
918315,507307,1235,L,1,"34,51 €",30
918316,507307,1369,l,2,"15,16 €",10
918317,507308,1142,39,2,"75,44 €",0.5
918318,507308,1066,L,1,"34,07 €",0.1
918319,507309,1346,L,1,"45,31 €",10%
918320,507309,1151,36,1,"47,09 €",10
918321,507310,1318,S,1,"40,14 €",10
918322,507310,1223,m,1,"29,79 €",0.1
918323,507310,1039,M,1,"53,52 €",0.2
918324,507310,1292,L,1,"32,80 €",20
918325,507311,1111,36,1,"59,92 €",0.0
918326,507311,1192,M,3,"13,33 €",0
918327,507312,1328,Talla XL,1,"51,49 €",20%
918328,507312,1203,M,1,"19,01 €",0.0
918329,507312,1333,Talla M,1,"89,35 €",40%
918330,507312,1140,40,1,"39,31 €",0.4
918331,507313,1074,L,1,"27,23 €",20%
918332,507313,1175,l,1,"17,99 €",0.3
918333,507314,1007,S,1,"30,50 €",0.3
918334,507314,1195,XL,1,"18,13 €",0.5
918335,507314,1229,Talla L,1,"38,72 €",30%
918336,507315,1151,Talla 40,1,"47,09 €",0
918337,507315,1182,M,1,"16,74 €",0%
918338,507315,1192,S,2,"13,33 €",0
918339,507315,1208,Talla S,1,"22,70 €",0%
918340,507316,1050,XL,1,"52,78 €",0%
918341,507316,1372,S,1,"28,06 €",30%
918342,507317,1114,Talla 42,1,"41,35 €",20%
918343,507317,1014,S,1,"48,60 €",0
918344,507318,1390,Talla L,3,"19,91 €",0.5
918345,507318,1060,S,1,"48,04 €",50
918346,507319,1378,M,1,"21,35 €",30%
918347,507319,1291,S,1,"28,71 €",40
918348,507319,1367,M,1,"13,47 €",0.2
918349,507320,1106,Talla 37,1,"73,33 €",40%
918350,507321,1379,L,1,"31,72 €",40
918351,507321,1022,M,1,"36,94 €",0.2
918352,507321,1322,L,1,"33,07 €",0.1
918353,507322,1182,L,2,"16,74 €",0
918354,507322,1388,l,3,"15,95 €",30%
918355,507323,1042,M,1,"49,99 €",40%
918356,507324,1338,s,1,"61,23 €",0.1
918357,507324,1144,40,1,"75,61 €",20%
918358,507324,1067,M,1,"32,97 €",30
918359,507324,1112,36,1,"78,05 €",10%
918360,507324,1340,L,1,"80,92 €",0.1
918361,507325,1229,L,1,"38,72 €",0.2
918362,507325,1386,S,1,"32,98 €",0.2
918363,507325,1123,36,1,"77,67 €",10
918364,507325,1278,s,2,"29,80 €",40%
918365,507325,1239,Talla L,1,"31,88 €",10%
918366,507326,1244,L,1,"26,77 €",20%
918367,507327,1067,XL,1,"32,97 €",20%
918368,507327,1070,XL,2,"27,27 €",20
918369,507327,1198,S,1,"16,38 €",10%
918370,507328,1238,S,1,"36,15 €",50%
918371,507329,1239,M,1,"31,88 €",0.1
918372,507329,1371,M,1,"33,17 €",0.5
918373,507330,1182,L,1,"16,74 €",0.0
918374,507330,1285,M,1,"39,82 €",0.3
918375,507331,1113,Talla 38,1,"38,95 €",30%
918376,507331,1345,L,1,"85,68 €",0.1
918377,507332,1124,Talla 37,1,"77,92 €",0.1
918378,507333,1198,L,1,"16,38 €",0
918379,507334,1042,m,1,"49,99 €",40%
918380,507335,1346,L,2,"45,31 €",0
918381,507335,1113,40,1,"38,95 €",0%
918382,507335,1174,M,1,"20,68 €",0.0
918383,507335,1217,M,1,"12,11 €",0.0
918384,507335,1229,l,1,"38,72 €",0
918385,507335,1384,S,3,"25,64 €",0
918386,507336,1205,xs,1,"13,61 €",0.3
918387,507336,1290,M,1,"23,54 €",20%
918388,507337,1229,XS,1,"38,72 €",0.1
918389,507337,1056,L,1,"39,14 €",0.3
918390,507337,1386,XL,1,"32,98 €",0.0
918391,507338,1042,M,1,"49,99 €",0.4
918392,507338,1111,37,1,"59,92 €",0
918393,507338,1354,M,1,"10,85 €",20
918394,507339,1140,37,1,"39,31 €",30%
918395,507339,1153,38,1,"46,79 €",0.5
918396,507340,1239,M,1,"31,88 €",10%
918397,507341,1359,L,1,"29,93 €",10
918398,507341,1289,XS,2,"22,39 €",0.1
918399,507342,1042,L,2,"49,99 €",40%
918400,507343,1205,Talla S,1,"13,61 €",0.2
918401,507343,1357,S,1,"16,44 €",30%
918402,507343,1346,XS,1,"45,31 €",0.5
918403,507344,1134,38,1,"31,21 €",20%
918404,507344,1293,M,1,"37,48 €",20%
918405,507344,1181,L,1,"24,51 €",0.2
918406,507344,1315,M,1,"32,56 €",10
918407,507345,1362,XL,1,"26,07 €",40
918408,507345,1081,Talla S,1,"55,86 €",0%
918409,507345,1079,s,1,"46,26 €",20
918410,507345,1002,Talla S,1,"27,23 €",10%
918411,507346,1012,m,1,"40,99 €",20
918412,507346,1374,M,1,"12,90 €",0.2
918413,507347,1042,l,1,"49,99 €",40
918414,507347,1053,L,1,"38,51 €",30%
918415,507347,1171,S,1,"18,14 €",0.3
918416,507347,1055,S,1,"33,15 €",20%
918417,507347,1204,S,1,"12,35 €",40
918418,507348,1042,M,1,"49,99 €",40
918419,507348,1128,39,1,"71,15 €",0.3
918420,507349,1136,39,2,"73,76 €",10
918421,507349,1250,M,1,"31,36 €",20
918422,507350,1236,Talla S,1,"32,57 €",20%
918423,507350,1117,38,1,"49,56 €",0.5
918424,507350,1391,M,1,"13,83 €",20%
918425,507350,1362,Talla XL,1,"26,07 €",30%
918426,507351,1241,Talla S,1,"36,57 €",20%
918427,507351,1024,XL,1,"56,24 €",0.4
918428,507351,1270,L,1,"37,43 €",0.1
918429,507352,1266,L,1,"33,10 €",20
918430,507352,1118,37,2,"79,30 €",10%
918431,507353,1222,M,1,"27,70 €",50
918432,507353,1055,L,1,"33,15 €",20
918433,507354,1305,S,1,"32,92 €",50
918434,507354,1197,S,3,"14,87 €",0.2
918435,507354,1285,Talla M,1,"39,82 €",0.0
918436,507355,1076,Talla XS,1,"47,04 €",10
918437,507355,1043,s,1,"54,13 €",0%
918438,507355,1322,Talla XL,1,"33,07 €",0%
918439,507355,1365,L,1,"27,56 €",0%
918440,507356,1235,L,1,"34,51 €",0.3
918441,507356,1070,L,1,"27,27 €",30%
918442,507356,1116,42,1,"50,71 €",20%
918443,507356,1314,S,1,"42,15 €",10%
918444,507357,1311,S,1,"30,25 €",50
918445,507357,1070,XL,1,"27,27 €",10
918446,507358,1067,m,1,"32,97 €",20
918447,507359,1120,36,1,"65,76 €",0.0
918448,507359,1082,XL,1,"49,65 €",0
918449,507359,1100,42,2,"49,80 €",0.2
918450,507359,1362,S,1,"26,07 €",0.0
918451,507359,1285,S,1,"39,82 €",0%
918452,507359,1328,S,1,"51,49 €",0%
918453,507360,1149,39,1,"75,51 €",0%
918454,507360,1344,M,1,"48,33 €",0.3
918455,507360,1223,M,2,"29,79 €",0
918456,507361,1161,L,1,"23,07 €",10%
918457,507361,1148,40,1,"36,02 €",0.0
918458,507361,1256,M,1,"30,08 €",0.0
918459,507362,1397,L,1,"20,12 €",0.1
918460,507362,1104,39,1,"51,58 €",30%
918461,507362,1298,M,1,"30,07 €",40%
918462,507362,1059,L,1,"55,73 €",20%
918463,507362,1159,40,1,"51,99 €",0.4
918464,507363,1221,XS,1,"28,31 €",0%
918465,507364,1204,M,1,"12,35 €",0.4
918466,507365,1228,M,1,"37,14 €",0.1
918467,507365,1256,M,1,"30,08 €",0%
918468,507365,1315,L,1,"32,56 €",0
918469,507365,1345,Talla S,1,"85,68 €",40%
918470,507366,1305,M,2,"32,92 €",0%
918471,507366,1204,m,3,"12,35 €",0%
918472,507366,1386,L,1,"32,98 €",0.0
918473,507366,1028,L,1,"48,82 €",0.0
918474,507367,1056,S,1,"39,14 €",40
918475,507368,1357,XL,1,"16,44 €",10%
918476,507368,1162,S,1,"19,00 €",50%
918477,507369,1312,Talla XL,1,"35,92 €",10
918478,507369,1264,Talla L,1,"44,81 €",0%
918479,507369,1275,L,1,"24,89 €",0
918480,507369,1234,xl,1,"26,50 €",0.0
918481,507370,1319,m,1,"30,13 €",0.1
918482,507371,1164,S,2,"18,58 €",20%
918483,507372,1013,Talla S,1,"31,03 €",20%
918484,507373,1318,S,1,"40,14 €",0%
918485,507374,1282,Talla M,1,"36,05 €",30%
918486,507374,1156,40,1,"56,23 €",0.5
918487,507374,1204,L,1,"12,35 €",0.2
918488,507374,1215,m,1,"23,23 €",10%
918489,507374,1113,38,1,"38,95 €",0.4
918490,507375,1116,39,1,"50,71 €",0.2
918491,507375,1285,XL,1,"39,82 €",30%
918492,507376,1204,xs,1,"12,35 €",0.1
918493,507377,1087,S,1,"49,59 €",10%
918494,507377,1111,Talla 39,1,"59,92 €",20
918495,507378,1350,L,1,"57,49 €",10%
918496,507378,1189,XS,1,"16,40 €",20%
918497,507378,1057,S,1,"28,72 €",20%
918498,507378,1200,S,1,"21,79 €",0.3
918499,507379,1042,M,1,"49,99 €",0.4
918500,507379,1399,L,1,"31,60 €",20%
918501,507379,1050,XS,1,"52,78 €",0.4
918502,507380,1038,M,2,"27,52 €",20%
918503,507380,1094,40,1,"61,63 €",0.1
918504,507380,1146,37,2,"34,21 €",20
918505,507380,1383,S,1,"20,95 €",0
918506,507380,1273,M,1,"32,69 €",30
918507,507381,1167,XL,2,"18,87 €",0%
918508,507381,1013,S,1,"31,03 €",0.2
918509,507381,1154,36,1,"70,63 €",10%
918510,507381,1351,xl,1,"26,88 €",0.5
918511,507381,1396,L,1,"15,65 €",0.2
918512,507382,1053,S,1,"38,51 €",0.0
918513,507382,1054,M,1,"59,30 €",0.0
918514,507382,1282,M,1,"36,05 €",0.0
918515,507382,1036,M,1,"51,15 €",10
918516,507383,1127,41,1,"79,76 €",0.2
918517,507383,1123,Talla 36,1,"77,67 €",0.2
918518,507383,1357,L,1,"16,44 €",20
918519,507383,1347,M,1,"80,46 €",0.3
918520,507384,1315,L,1,"32,56 €",10
918521,507384,1065,Talla M,1,"49,52 €",0.1
918522,507385,1227,M,1,"25,33 €",20%
918523,507385,1252,XS,1,"33,85 €",20%
918524,507386,1198,XS,1,"16,38 €",50
918525,507386,1182,l,1,"16,74 €",20
918526,507386,1136,37,1,"73,76 €",30%
918527,507387,1333,M,1,"89,35 €",0%
918528,507387,1388,XS,1,"15,95 €",0
918529,507387,1054,XS,3,"59,30 €",0.0
918530,507388,1219,S,1,"17,73 €",0
918531,507388,1066,M,1,"34,07 €",10%
918532,507388,1066,xl,1,"34,07 €",0.0
918533,507389,1362,S,1,"26,07 €",0.1
918534,507389,1104,39,2,"51,58 €",0.3
918535,507389,1285,L,1,"39,82 €",0.5
918536,507390,1094,37,1,"61,63 €",40%
918537,507390,1084,M,1,"59,12 €",40%
918538,507390,1206,S,1,"15,68 €",10
918539,507390,1229,XS,1,"38,72 €",20
918540,507390,1295,XL,1,"36,18 €",0.3
918541,507391,1042,M,1,"49,99 €",40
918542,507391,1204,S,1,"12,35 €",30
918543,507391,1074,XL,1,"27,23 €",30
918544,507391,1179,S,1,"24,02 €",20
918545,507391,1047,xs,1,"27,30 €",30%
918546,507392,1106,Talla 36,2,"73,33 €",20
918547,507393,1317,s,1,"27,13 €",0.2
918548,507394,1305,XS,1,"32,92 €",0%
918549,507394,1175,M,3,"17,99 €",20
918550,507395,1276,s,1,"24,73 €",30
918551,507395,1193,S,1,"20,23 €",20%
918552,507396,1305,L,1,"32,92 €",30%
918553,507396,1185,xl,1,"21,81 €",0%
918554,507396,1370,M,1,"32,70 €",10%
918555,507396,1132,40,1,"72,05 €",0.1
918556,507396,1006,L,1,"40,90 €",0
918557,507397,1211,m,1,"12,54 €",0.2
918558,507397,1241,l,1,"36,57 €",20%
918559,507398,1133,42,1,"48,67 €",0.1
918560,507398,1041,XS,3,"57,12 €",0.5
918561,507398,1354,M,1,"10,85 €",0.0
918562,507398,1224,Talla S,1,"25,88 €",30%
918563,507398,1197,M,1,"14,87 €",0.4
918564,507399,1374,M,1,"12,90 €",0.0
918565,507399,1348,Talla S,1,"54,42 €",0.4
918566,507400,1336,L,1,"80,41 €",0%
918567,507400,1053,M,1,"38,51 €",0%
918568,507401,1198,Talla XS,1,"16,38 €",20%
918569,507402,1197,L,1,"14,87 €",30%
918570,507402,1148,37,1,"36,02 €",20%
918571,507403,1306,S,1,"38,88 €",0.0
918572,507404,1352,L,2,"12,43 €",10
918573,507404,1184,xs,2,"14,15 €",0.3
918574,507404,1346,s,3,"45,31 €",0.3
918575,507404,1021,s,1,"43,85 €",0.2
918576,507404,1337,M,1,"63,78 €",0.3
918577,507404,1334,M,3,"41,41 €",0.3
918578,507404,1041,Talla XL,2,"57,12 €",30%
918579,507405,1181,M,1,"24,51 €",40%
918580,507405,1123,39,1,"77,67 €",20%
918581,507405,1102,38,1,"68,36 €",10%
918582,507406,1319,M,1,"30,13 €",50
918583,507407,1096,40,1,"53,68 €",30%
918584,507408,1386,s,1,"32,98 €",0
918585,507408,1053,M,1,"38,51 €",0
918586,507409,1350,L,1,"57,49 €",30%
918587,507409,1346,XL,3,"45,31 €",0.5
918588,507410,1278,L,1,"29,80 €",10
918589,507410,1116,40,1,"50,71 €",10
918590,507411,1114,Talla 36,1,"41,35 €",0.4
918591,507411,1123,40,1,"77,67 €",20%
918592,507412,1211,XS,1,"12,54 €",0.0
918593,507412,1204,M,1,"12,35 €",0.4
918594,507412,1172,M,1,"18,98 €",0.1
918595,507412,1253,M,1,"42,45 €",50%
918596,507413,1226,M,3,"35,69 €",20
918597,507413,1085,XL,1,"41,61 €",50
918598,507414,1282,M,1,"36,05 €",0.2
918599,507414,1305,M,1,"32,92 €",0.2
918600,507415,1042,L,1,"49,99 €",40%
918601,507415,1340,M,1,"80,92 €",0%
918602,507416,1042,m,1,"49,99 €",40%
918603,507416,1030,L,1,"46,38 €",30%
918604,507417,1324,Talla XL,1,"40,15 €",10
918605,507417,1141,39,1,"47,53 €",0.1
918606,507417,1141,40,1,"47,53 €",40%
918607,507418,1042,L,1,"49,99 €",40%
918608,507418,1307,L,1,"42,98 €",0.5
918609,507418,1159,37,3,"51,99 €",0.1
918610,507418,1196,M,1,"15,48 €",0.0
918611,507419,1001,M,1,"32,57 €",30
918612,507419,1363,S,1,"31,93 €",0.3
918613,507419,1116,37,1,"50,71 €",30%
918614,507419,1168,L,1,"19,82 €",20%
918615,507419,1138,39,3,"48,26 €",20
918616,507420,1211,M,1,"12,54 €",10%
918617,507420,1182,M,1,"16,74 €",50
918618,507420,1341,M,1,"40,01 €",30%
918619,507421,1345,M,1,"85,68 €",20
918620,507422,1229,l,1,"38,72 €",0.1
918621,507422,1221,L,1,"28,31 €",20%
918622,507423,1373,S,1,"14,01 €",20%
918623,507423,1027,S,2,"34,91 €",20%
918624,507424,1232,L,1,"26,48 €",0.2
918625,507424,1209,XS,1,"13,65 €",0.5
918626,507424,1008,XS,1,"54,28 €",30
918627,507424,1227,S,1,"25,33 €",30%
918628,507425,1260,m,1,"41,99 €",0.4
918629,507425,1204,M,1,"12,35 €",30%
918630,507425,1148,39,1,"36,02 €",30
918631,507425,1143,39,1,"54,97 €",0.5
918632,507425,1389,xl,1,"21,34 €",20
918633,507426,1360,Talla M,1,"18,88 €",0.0
918634,507426,1285,XL,1,"39,82 €",10
918635,507426,1258,XL,1,"35,14 €",0
918636,507427,1382,S,1,"30,95 €",0%
918637,507427,1196,Talla S,1,"15,48 €",0.0
918638,507428,1287,M,1,"35,59 €",20%
918639,507429,1100,41,1,"49,80 €",20%
918640,507429,1240,XL,1,"41,66 €",0%
918641,507429,1135,37,1,"71,49 €",20%
918642,507430,1281,M,1,"34,30 €",0.2
918643,507430,1138,40,1,"48,26 €",10%
918644,507430,1315,xs,1,"32,56 €",0.1
918645,507430,1198,XL,1,"16,38 €",10%
918646,507431,1015,XL,1,"33,85 €",0.1
918647,507432,1042,s,1,"49,99 €",40
918648,507432,1315,XL,1,"32,56 €",0.1
918649,507432,1311,L,1,"30,25 €",40
918650,507433,1220,S,1,"18,87 €",10%
918651,507433,1245,M,1,"40,31 €",20%
918652,507433,1288,XL,1,"30,24 €",0%
918653,507434,1225,Talla M,1,"39,08 €",0.3
918654,507435,1205,Talla XL,1,"13,61 €",0.1
918655,507435,1248,XS,3,"44,58 €",0
918656,507435,1388,S,0,"15,95 €",0.0
918657,507435,1345,XL,1,"85,68 €",0.0
918658,507436,1275,Talla L,1,"24,89 €",0.4
918659,507437,1229,M,1,"38,72 €",20%
918660,507437,1121,40,1,"72,81 €",40%
918661,507438,1345,XS,2,"85,68 €",10%
918662,507438,1070,M,1,"27,27 €",30%
918663,507439,1257,M,1,"41,13 €",0%
918664,507439,1087,XS,1,"49,59 €",0
918665,507439,1286,S,1,"28,43 €",10%
918666,507440,1042,S,2,"49,99 €",40
918667,507441,1276,L,1,"24,73 €",0
918668,507441,1230,Talla M,1,"25,06 €",20
918669,507441,1309,Talla L,2,"29,96 €",30%
918670,507442,1298,M,1,"30,07 €",0%
918671,507442,1004,M,1,"45,55 €",0%
918672,507443,1151,38,1,"47,09 €",40
918673,507444,1359,M,1,"29,93 €",10
918674,507444,1080,M,1,"34,78 €",20%
918675,507445,1235,M,1,"34,51 €",0.2
918676,507445,1204,s,1,"12,35 €",40%
918677,507445,1094,37,1,"61,63 €",0.3
918678,507446,1230,m,1,"25,06 €",0.0
918679,507447,1126,39,1,"52,20 €",20%
918680,507448,1285,XL,1,"39,82 €",0.0
918681,507449,1364,M,2,"11,29 €",0%
918682,507449,1383,L,1,"20,95 €",0.0
918683,507450,1339,Talla M,1,"55,93 €",0.1
918684,507450,1275,XS,1,"24,89 €",10%
918685,507451,1387,L,2,"10,36 €",10
918686,507451,1205,M,1,"13,61 €",20%
918687,507451,1236,M,3,"32,57 €",10%
918688,507451,1349,XL,1,"53,20 €",30%
918689,507451,1284,s,1,"20,70 €",20
918690,507452,1042,XL,1,"49,99 €",40%
918691,507453,1025,Talla S,1,"59,54 €",0.0
918692,507453,1055,M,1,"33,15 €",0.2
918693,507454,1042,L,1,"49,99 €",0.4
918694,507454,1305,xs,1,"32,92 €",30
918695,507455,1061,L,2,"46,35 €",30
918696,507456,1229,Talla S,1,"38,72 €",10%
918697,507456,1229,Talla S,1,"38,72 €",10%
918698,507456,1200,XL,1,"21,79 €",0.3
918699,507457,1168,L,1,"19,82 €",0%
918700,507457,1168,XS,1,"19,82 €",0%
918701,507457,1040,Talla XS,3,"49,21 €",0.0
918702,507457,1273,Talla S,1,"32,69 €",0%
918703,507458,1151,42,1,"47,09 €",10
918704,507458,1177,M,1,"20,83 €",30%
918705,507459,1330,m,1,"48,41 €",0.3
918706,507459,1159,41,1,"51,99 €",10%
918707,507460,1318,XS,1,"40,14 €",30%
918708,507461,1042,Talla M,1,"49,99 €",0.4
918709,507461,1311,Talla S,1,"30,25 €",20%
918710,507462,1150,38,1,"53,53 €",20%
918711,507462,1285,Talla L,1,"39,82 €",0%
918712,507463,1267,S,1,"36,41 €",10
918713,507463,1106,36,1,"73,33 €",10%
918714,507464,1087,M,1,"49,59 €",0%
918715,507464,1381,S,1,"34,45 €",10
918716,507465,1042,S,1,"49,99 €",40
918717,507465,1208,M,1,"22,70 €",50%
918718,507465,1396,L,1,"15,65 €",0.2
918719,507466,1068,XS,1,"49,68 €",10
918720,507466,1197,L,1,"14,87 €",0.3
918721,507466,1120,Talla 38,1,"65,76 €",0.5
918722,507466,1097,38,1,"45,52 €",20%
918723,507467,1315,S,1,"32,56 €",0%
918724,507468,1146,36,1,"34,21 €",10%
918725,507469,1161,L,2,"23,07 €",30%
918726,507469,1313,S,1,"38,98 €",10%
918727,507470,1196,XL,1,"15,48 €",30%
918728,507471,1042,Talla M,1,"49,99 €",40%
918729,507472,1240,xs,1,"41,66 €",20%
918730,507472,1286,M,1,"28,43 €",0.4
918731,507472,1357,XS,1,"16,44 €",0.2
918732,507473,1106,39,1,"73,33 €",0.4
918733,507473,1061,L,2,"46,35 €",40%
918734,507473,1261,s,2,"33,18 €",0.3
918735,507474,1393,M,1,"13,58 €",0.2
918736,507474,1017,l,1,"33,77 €",30
918737,507474,1334,Talla M,1,"41,41 €",50
918738,507474,1280,L,1,"29,54 €",20
918739,507474,1122,40,1,"63,66 €",0.4
918740,507474,1245,Talla S,1,"40,31 €",10
918741,507475,1091,42,1,"75,99 €",20%
918742,507476,1148,39,1,"36,02 €",0
918743,507476,1050,m,1,"52,78 €",0
918744,507477,1169,L,1,"14,75 €",0.2
918745,507477,1168,M,1,"19,82 €",0.2
918746,507477,1077,Talla XS,1,"57,81 €",40%
918747,507478,1315,M,1,"32,56 €",0.3
918748,507478,1046,XS,1,"42,24 €",0.3
918749,507479,1284,XS,1,"20,70 €",10%
918750,507479,1233,L,2,"30,63 €",0.3
918751,507480,1168,M,1,"19,82 €",0.4
918752,507480,1343,M,1,"81,92 €",20
918753,507481,1033,L,2,"54,99 €",0%
918754,507481,1052,XL,1,"52,18 €",30
918755,507482,1244,XL,1,"26,77 €",20%
918756,507482,1311,L,1,"30,25 €",0
918757,507483,1305,xs,2,"32,92 €",10
918758,507484,1197,m,1,"14,87 €",30%
918759,507484,1260,L,1,"41,99 €",0.2
918760,507484,1222,XS,1,"27,70 €",20%
918761,507485,1261,S,1,"33,18 €",30%
918762,507485,1136,Talla 36,1,"73,76 €",0.0
918763,507485,1165,L,1,"13,35 €",0.1
918764,507486,1027,M,1,"34,91 €",30%
918765,507487,1042,Talla L,1,"49,99 €",0.4
918766,507488,1184,M,1,"14,15 €",0.4
918767,507488,1362,L,2,"26,07 €",10
918768,507489,1273,L,1,"32,69 €",20%
918769,507489,1128,36,1,"71,15 €",20%
918770,507490,1156,37,1,"56,23 €",0%
918771,507490,1282,L,1,"36,05 €",0.0
918772,507491,1042,L,2,"49,99 €",40%
918773,507492,1167,XL,1,"18,87 €",10
918774,507493,1338,S,1,"61,23 €",0.1
918775,507493,1381,L,1,"34,45 €",20%
918776,507493,1362,M,1,"26,07 €",10
918777,507494,1069,M,1,"29,38 €",0%
918778,507494,1180,S,1,"17,79 €",40
918779,507494,1255,M,1,"31,35 €",0%
918780,507495,1172,S,1,"18,98 €",0.3
918781,507495,1285,L,1,"39,82 €",0.3
918782,507495,1336,m,1,"80,41 €",0.4
918783,507495,1296,m,1,"41,51 €",50%
918784,507496,1111,39,1,"59,92 €",40%
918785,507496,1039,Talla S,1,"53,52 €",20%
918786,507497,1027,M,1,"34,91 €",30%
918787,507498,1132,39,1,"72,05 €",0
918788,507498,1053,XL,1,"38,51 €",0%
918789,507498,1388,M,1,"15,95 €",0
918790,507499,1204,s,1,"12,35 €",10
918791,507499,1277,M,1,"28,10 €",20%
918792,507499,1249,M,1,"34,29 €",40%
918793,507500,1357,M,1,"16,44 €",20
918794,507500,1336,Talla M,1,"80,41 €",30%
918795,507501,1232,S,1,"26,48 €",0.5
918796,507501,1088,m,1,"36,00 €",0.4
918797,507502,1121,41,2,"72,81 €",30
918798,507503,1326,M,3,"67,24 €",30%
918799,507503,1111,38,1,"59,92 €",10%
918800,507503,1304,XS,1,"44,49 €",0.1
918801,507503,1288,M,2,"30,24 €",0.4
918802,507503,1219,M,1,"17,73 €",0
918803,507504,1068,S,1,"49,68 €",20
918804,507504,1108,Talla 39,1,"69,72 €",0.1
918805,507505,1359,xs,3,"29,93 €",0%
918806,507505,1094,36,1,"61,63 €",0.0
918807,507506,1361,L,1,"14,66 €",20%
918808,507506,1046,S,1,"42,24 €",10%
918809,507506,1045,S,1,"57,82 €",0.2
918810,507506,1386,l,1,"32,98 €",10%
918811,507506,1287,XL,2,"35,59 €",0.4
918812,507507,1055,Talla L,1,"33,15 €",30%
918813,507507,1293,XS,1,"37,48 €",0.0
918814,507507,1176,m,1,"23,41 €",50%
918815,507507,1362,S,1,"26,07 €",30
918816,507507,1211,M,1,"12,54 €",0.1
918817,507508,1280,L,1,"29,54 €",20%
918818,507509,1229,L,1,"38,72 €",20%
918819,507510,1122,40,1,"63,66 €",30
918820,507511,1206,Talla L,1,"15,68 €",20%
918821,507511,1276,Talla XL,1,"24,73 €",30%
918822,507511,1343,XS,2,"81,92 €",20%
918823,507511,1211,M,1,"12,54 €",30
918824,507511,1173,Talla M,1,"22,99 €",0.0
918825,507511,1034,XL,1,"42,28 €",0.2
918826,507512,1001,L,2,"32,57 €",20
918827,507512,1147,41,1,"30,45 €",0.3
918828,507513,1094,40,1,"61,63 €",40
918829,507513,1165,S,1,"13,35 €",40%
918830,507514,1078,L,1,"56,16 €",0.0
918831,507515,1268,s,1,"36,99 €",20
918832,507515,1252,S,1,"33,85 €",0%
918833,507516,1064,xl,1,"33,05 €",0.1
918834,507517,1219,M,1,"17,73 €",40
918835,507517,1080,L,1,"34,78 €",0.2
918836,507517,1336,m,1,"80,41 €",0.3
918837,507518,1297,s,1,"39,25 €",0%
918838,507518,1204,L,1,"12,35 €",0.2
918839,507519,1303,M,1,"34,22 €",20
918840,507520,1381,M,1,"34,45 €",40%
918841,507520,1285,M,1,"39,82 €",0.2
918842,507521,1242,L,2,"38,06 €",30
918843,507521,1387,Talla XS,3,"10,36 €",0.3
918844,507522,1141,36,1,"47,53 €",0.1
918845,507522,1162,M,1,"19,00 €",40
918846,507522,1351,Talla L,1,"26,88 €",0
918847,507522,1036,s,1,"51,15 €",0%
918848,507522,1100,39,1,"49,80 €",50%
918849,507522,1370,M,2,"32,70 €",20
918850,507523,1326,L,1,"67,24 €",30%
918851,507523,1180,S,1,"17,79 €",0.3
918852,507523,1340,XL,1,"80,92 €",0.3
918853,507524,1042,Talla M,1,"49,99 €",40
918854,507524,1070,L,2,"27,27 €",50
918855,507524,1091,39,1,"75,99 €",20
918856,507524,1214,XL,1,"17,10 €",0.2
918857,507524,1207,M,2,"16,71 €",30
918858,507525,1250,S,2,"31,36 €",0.2
918859,507525,1062,M,1,"43,22 €",0.4
918860,507525,1043,XS,1,"54,13 €",30%
918861,507526,1071,L,1,"29,62 €",0.0
918862,507526,1321,S,1,"37,98 €",0
918863,507526,1315,xs,1,"32,56 €",0%
918864,507527,1235,M,1,"34,51 €",10%
918865,507528,1185,xs,1,"21,81 €",0.3
918866,507528,1227,S,1,"25,33 €",20
918867,507528,1315,XL,1,"32,56 €",0.5
918868,507528,1357,XS,1,"16,44 €",30%
918869,507529,1285,M,1,"39,82 €",50%
918870,507529,1065,M,1,"49,52 €",0%
918871,507529,1111,39,1,"59,92 €",30
918872,507529,1204,L,1,"12,35 €",0.3
918873,507530,1308,M,1,"36,22 €",10%
918874,507530,1304,s,1,"44,49 €",0.1
918875,507531,1368,L,2,"20,18 €",0
918876,507531,1388,M,1,"15,95 €",0.1
918877,507531,1302,XS,1,"47,49 €",0.0
918878,507531,1352,L,1,"12,43 €",0.0
918879,507531,1396,M,1,"15,65 €",0%
918880,507531,1289,XL,3,"22,39 €",10%
918881,507532,1285,S,1,"39,82 €",0.2
918882,507532,1285,XS,1,"39,82 €",0
918883,507532,1094,Talla 41,1,"61,63 €",0.2
918884,507532,1082,XL,1,"49,65 €",50
918885,507533,1204,S,1,"12,35 €",0%
918886,507533,1147,37,1,"30,45 €",0%
918887,507533,1095,37,2,"41,57 €",0.0
918888,507534,1035,xl,2,"57,32 €",0%
918889,507534,1127,40,2,"79,76 €",10%
918890,507534,1141,38,1,"47,53 €",0.2
918891,507534,1162,S,1,"19,00 €",0.3
918892,507535,1292,S,1,"32,80 €",0.2
918893,507536,1116,40,1,"50,71 €",20
918894,507537,1340,XL,3,"80,92 €",0.3
918895,507537,1155,38,3,"61,83 €",0.2
918896,507538,1252,XL,1,"33,85 €",0.2
918897,507539,1015,S,1,"33,85 €",0
918898,507539,1368,XL,1,"20,18 €",0%
918899,507539,1046,Talla L,1,"42,24 €",0.0
918900,507540,1087,S,1,"49,59 €",0.1
918901,507540,1139,39,1,"49,46 €",0.3
918902,507540,1305,XL,1,"32,92 €",0%
918903,507541,1288,L,1,"30,24 €",0.3
918904,507541,1101,Talla 37,1,"57,43 €",0.2
918905,507541,1359,M,1,"29,93 €",0.2
918906,507541,1218,XS,1,"23,13 €",10%
918907,507541,1160,Talla 40,1,"65,05 €",0.1
918908,507542,1015,M,1,"33,85 €",10%
918909,507543,1315,m,2,"32,56 €",0.0
918910,507543,1047,s,1,"27,30 €",0.0
918911,507543,1182,M,1,"16,74 €",0.0
918912,507543,1362,S,1,"26,07 €",0
918913,507544,1212,S,1,"12,74 €",30%
918914,507544,1148,38,1,"36,02 €",0.2
918915,507544,1124,41,1,"77,92 €",10%
918916,507545,1397,S,1,"20,12 €",10
918917,507545,1358,L,1,"26,83 €",30
918918,507546,1257,M,1,"41,13 €",0.2
918919,507546,1384,S,1,"25,64 €",0.2
918920,507547,1227,Talla M,1,"25,33 €",30%
918921,507547,1180,M,1,"17,79 €",0.2
918922,507547,1285,L,1,"39,82 €",20%
918923,507547,1053,XL,1,"38,51 €",0.1
918924,507547,1142,42,1,"75,44 €",40%
918925,507548,1257,S,1,"41,13 €",0%
918926,507548,1204,M,1,"12,35 €",0%
918927,507549,1070,L,1,"27,27 €",30%
918928,507549,1292,Talla M,2,"32,80 €",0.3
918929,507550,1229,L,2,"38,72 €",0.5
918930,507550,1300,S,1,"32,84 €",20%
918931,507550,1021,M,1,"43,85 €",10%
918932,507550,1055,l,1,"33,15 €",0.3
918933,507551,1042,m,1,"49,99 €",40%
918934,507551,1284,M,1,"20,70 €",30%
918935,507551,1362,S,1,"26,07 €",0.0
918936,507551,1266,M,1,"33,10 €",0.4
918937,507551,1196,xs,1,"15,48 €",30
918938,507552,1111,39,1,"59,92 €",0.1
918939,507552,1027,m,1,"34,91 €",0%
918940,507552,1106,38,1,"73,33 €",0%
918941,507553,1042,L,1,"49,99 €",0.4
918942,507554,1381,M,1,"34,45 €",20%
918943,507555,1317,XL,1,"27,13 €",30%
918944,507555,1251,XL,2,"41,39 €",0.3
918945,507555,1223,XL,1,"29,79 €",10%
918946,507556,1285,XS,1,"39,82 €",20
918947,507556,1182,XL,1,"16,74 €",10%
918948,507556,1251,L,1,"41,39 €",20
918949,507556,1018,M,1,"45,78 €",20%
918950,507557,1204,XL,1,"12,35 €",20
918951,507557,1329,Talla XL,1,"45,80 €",0.2
918952,507557,1329,M,1,"45,80 €",30
918953,507557,1300,L,1,"32,84 €",0%
918954,507557,1327,L,1,"77,26 €",0
918955,507558,1053,M,1,"38,51 €",40%
918956,507559,1386,S,1,"32,98 €",0.1
918957,507560,1228,L,1,"37,14 €",20%
918958,507561,1362,M,1,"26,07 €",0.4
918959,507561,1316,Talla L,1,"43,89 €",20
918960,507562,1304,L,1,"44,49 €",20%
918961,507562,1327,S,1,"77,26 €",20%
918962,507563,1385,M,1,"28,77 €",30%
918963,507563,1286,XS,1,"28,43 €",10
918964,507563,1362,l,2,"26,07 €",30%
918965,507564,1392,Talla L,1,"12,73 €",20%
918966,507565,1015,M,1,"33,85 €",0%
918967,507565,1045,S,1,"57,82 €",0.1
918968,507566,1047,M,1,"27,30 €",0%
918969,507566,1050,L,2,"52,78 €",0
918970,507567,1088,L,1,"36,00 €",20%
918971,507567,1229,M,1,"38,72 €",0.5
918972,507567,1256,L,1,"30,08 €",40
918973,507568,1334,XS,1,"41,41 €",0.2
918974,507568,1229,XS,1,"38,72 €",0.1
918975,507568,1073,M,2,"26,22 €",30
918976,507568,1361,XS,1,"14,66 €",10%
918977,507568,1353,M,1,"13,83 €",30
918978,507568,1146,37,1,"34,21 €",0.2
918979,507569,1244,Talla L,1,"26,77 €",30
918980,507569,1094,39,1,"61,63 €",0.3
918981,507569,1107,37,1,"55,33 €",0.2
918982,507569,1097,39,1,"45,52 €",20%
918983,507569,1002,M,2,"27,23 €",0.1
918984,507570,1035,L,1,"57,32 €",0%
918985,507571,1385,Talla M,1,"28,77 €",0.2
918986,507571,1055,M,1,"33,15 €",10%
918987,507572,1233,M,1,"30,63 €",10
918988,507572,1075,Talla L,1,"43,55 €",20
918989,507573,1323,xs,1,"32,89 €",40
918990,507573,1020,S,1,"35,48 €",0.2
918991,507574,1158,40,1,"44,36 €",0.2
918992,507574,1299,S,1,"43,49 €",0.3
918993,507575,1204,XL,1,"12,35 €",10%
918994,507575,1327,m,1,"77,26 €",0.3
918995,507575,1204,XS,2,"12,35 €",0
918996,507576,1094,39,1,"61,63 €",40%
918997,507576,1285,Talla M,1,"39,82 €",0.3
918998,507577,1042,S,1,"49,99 €",40
918999,507578,1253,m,2,"42,45 €",0.0
919000,507578,1192,XL,1,"13,33 €",10
919001,507578,1374,XL,1,"12,90 €",50
919002,507579,1315,M,1,"32,56 €",0%
919003,507579,1073,M,1,"26,22 €",10%
919004,507579,1182,L,1,"16,74 €",10%
919005,507579,1079,s,1,"46,26 €",10%
919006,507579,1100,38,1,"49,80 €",0%
919007,507580,1042,m,3,"49,99 €",40%
919008,507580,1345,XL,2,"85,68 €",50%
919009,507581,1038,XS,1,"27,52 €",0.2
919010,507581,1070,XS,1,"27,27 €",10
919011,507581,1348,XS,1,"54,42 €",10%
919012,507581,1055,Talla M,1,"33,15 €",30
919013,507582,1356,M,1,"31,86 €",30
919014,507582,1298,M,1,"30,07 €",0.1
919015,507582,1197,S,1,"14,87 €",10%
919016,507583,1066,m,1,"34,07 €",0.0
919017,507583,1037,M,2,"41,52 €",10%
919018,507583,1357,Talla L,1,"16,44 €",0.0
919019,507583,1172,M,1,"18,98 €",50
919020,507584,1125,Talla 39,1,"51,19 €",40%
919021,507584,1162,Talla L,1,"19,00 €",40%
919022,507585,1083,M,1,"54,14 €",0.3
919023,507585,1006,xl,2,"40,90 €",10%
919024,507585,1053,L,1,"38,51 €",40%
919025,507586,1292,XS,1,"32,80 €",0.3
919026,507586,1293,M,1,"37,48 €",0.3
919027,507586,1315,S,1,"32,56 €",0.2
919028,507586,1212,m,2,"12,74 €",10%
919029,507586,1334,L,1,"41,41 €",30%
919030,507586,1053,M,1,"38,51 €",0%
919031,507587,1385,M,1,"28,77 €",20%
919032,507588,1273,S,1,"32,69 €",0
919033,507588,1117,37,1,"49,56 €",10%
919034,507588,1094,36,1,"61,63 €",20%
919035,507588,1122,Talla 36,1,"63,66 €",0.4
919036,507589,1140,39,1,"39,31 €",0.3
919037,507589,1341,xl,1,"40,01 €",0.3
919038,507590,1034,L,1,"42,28 €",30%
919039,507590,1252,L,1,"33,85 €",0.4
919040,507590,1216,XS,2,"17,83 €",0%
919041,507591,1356,m,1,"31,86 €",20
919042,507591,1362,XL,1,"26,07 €",20
919043,507591,1204,XS,1,"12,35 €",0.3
919044,507591,1286,xs,1,"28,43 €",0.3
919045,507591,1053,M,1,"38,51 €",0.3
919046,507592,1162,XS,1,"19,00 €",10
919047,507592,1252,L,1,"33,85 €",40%
919048,507593,1050,l,1,"52,78 €",10%
919049,507593,1134,39,1,"31,21 €",0.2
919050,507593,1206,Talla L,1,"15,68 €",10%
919051,507594,1358,XS,1,"26,83 €",20
919052,507594,1389,M,1,"21,34 €",0.0
919053,507595,1115,37,2,"64,90 €",0.2
919054,507596,1298,Talla M,2,"30,07 €",0
919055,507597,1315,L,1,"32,56 €",30%
919056,507598,1193,L,2,"20,23 €",0%
919057,507598,1177,Talla L,1,"20,83 €",0%
919058,507599,1042,Talla XS,1,"49,99 €",40
919059,507600,1297,L,1,"39,25 €",10%
919060,507600,1239,M,1,"31,88 €",40
919061,507600,1248,Talla S,1,"44,58 €",10
919062,507601,1385,XS,1,"28,77 €",0.0
919063,507601,1254,XS,1,"42,10 €",0
919064,507601,1204,S,1,"12,35 €",0.1
919065,507602,1204,Talla XL,1,"12,35 €",10%
919066,507602,1385,Talla XL,1,"28,77 €",40%
919067,507602,1376,XL,1,"26,99 €",10
919068,507602,1036,l,1,"51,15 €",0.1
919069,507603,1042,L,1,"49,99 €",40%
919070,507603,1111,38,1,"59,92 €",20%
919071,507604,1197,L,1,"14,87 €",0
919072,507604,1097,Talla 40,1,"45,52 €",10%
919073,507604,1222,M,1,"27,70 €",0%
919074,507605,1061,L,2,"46,35 €",0.0
919075,507605,1203,S,3,"19,01 €",0%
919076,507606,1042,M,1,"49,99 €",40%
919077,507606,1322,M,1,"33,07 €",20%
919078,507607,1070,L,3,"27,27 €",0
919079,507608,1048,M,1,"36,45 €",30
919080,507609,1144,37,1,"75,61 €",10
919081,507610,1156,38,2,"56,23 €",40
919082,507611,1018,S,1,"45,78 €",10%
919083,507611,1399,XL,1,"31,60 €",10
919084,507611,1009,M,1,"25,67 €",30%
919085,507611,1211,s,1,"12,54 €",20%
919086,507612,1252,M,2,"33,85 €",30
919087,507613,1362,XS,1,"26,07 €",0.3
919088,507613,1038,M,1,"27,52 €",10%
919089,507613,1182,l,1,"16,74 €",20%
919090,507613,1106,42,2,"73,33 €",20%
919091,507614,1042,L,1,"49,99 €",40%
919092,507614,1346,S,1,"45,31 €",30
919093,507615,1040,L,1,"49,21 €",0
919094,507616,1204,Talla M,1,"12,35 €",10
919095,507616,1370,M,1,"32,70 €",20
919096,507617,1292,l,1,"32,80 €",0.2
919097,507617,1235,S,1,"34,51 €",40%
919098,507617,1095,38,1,"41,57 €",10
919099,507617,1001,Talla L,1,"32,57 €",0.2
919100,507617,1213,L,1,"12,89 €",50%
919101,507618,1180,M,1,"17,79 €",10
919102,507619,1279,M,1,"28,28 €",0.2
919103,507619,1208,M,1,"22,70 €",30%
919104,507619,1286,L,1,"28,43 €",20%
919105,507620,1383,m,1,"20,95 €",0.1
919106,507620,1204,M,2,"12,35 €",20%
919107,507621,1109,Talla 41,1,"76,92 €",0.1
919108,507621,1053,XS,1,"38,51 €",20
919109,507621,1282,s,1,"36,05 €",0.3
919110,507622,1119,Talla 38,1,"55,00 €",0
919111,507622,1056,M,1,"39,14 €",30
919112,507623,1084,s,1,"59,12 €",0.2
919113,507624,1066,M,2,"34,07 €",10
919114,507625,1013,S,1,"31,03 €",40%
919115,507625,1007,Talla M,1,"30,50 €",0.1
919116,507625,1214,M,2,"17,10 €",30%
919117,507625,1388,Talla L,1,"15,95 €",0%
919118,507625,1203,l,1,"19,01 €",0.2
919119,507626,1141,42,1,"47,53 €",30%
919120,507627,1302,L,1,"47,49 €",0%
919121,507628,1127,37,1,"79,76 €",0.0
919122,507628,1315,l,1,"32,56 €",0%
919123,507628,1210,L,1,"18,98 €",0
919124,507629,1314,m,2,"42,15 €",10%
919125,507630,1119,36,1,"55,00 €",30%
919126,507630,1223,M,3,"29,79 €",20%
919127,507630,1098,37,2,"38,24 €",20%
919128,507630,1250,S,1,"31,36 €",0.2
919129,507631,1374,L,1,"12,90 €",0.2
919130,507631,1131,41,1,"55,67 €",40%
919131,507632,1294,M,1,"28,15 €",20%
919132,507633,1144,41,1,"75,61 €",0.1
919133,507634,1295,XL,1,"36,18 €",20
919134,507635,1206,Talla L,3,"15,68 €",30%
919135,507635,1315,XL,1,"32,56 €",30%
919136,507635,1053,Talla XL,2,"38,51 €",40%
919137,507636,1295,S,1,"36,18 €",30
919138,507636,1280,XL,2,"29,54 €",0.5
919139,507636,1344,m,2,"48,33 €",10%
919140,507636,1349,L,1,"53,20 €",0.2
919141,507637,1173,M,1,"22,99 €",30
919142,507638,1060,S,1,"48,04 €",30
919143,507638,1229,L,1,"38,72 €",20%
919144,507639,1293,L,1,"37,48 €",0
919145,507639,1243,L,2,"42,14 €",0%
919146,507640,1042,L,1,"49,99 €",40%
919147,507641,1042,XL,1,"49,99 €",0.4
919148,507642,1121,40,2,"72,81 €",0.1
919149,507642,1141,38,1,"47,53 €",40
919150,507642,1363,L,1,"31,93 €",0.4
919151,507642,1229,S,1,"38,72 €",0.2
919152,507643,1204,Talla S,3,"12,35 €",10%
919153,507643,1225,L,1,"39,08 €",0%
919154,507643,1172,l,1,"18,98 €",0%
919155,507643,1345,l,1,"85,68 €",0.0
919156,507644,1389,s,1,"21,34 €",0.3
919157,507645,1289,L,1,"22,39 €",30%
919158,507645,1362,XL,1,"26,07 €",0.3
919159,507645,1156,40,1,"56,23 €",40%
919160,507646,1042,XS,1,"49,99 €",0.4
919161,507647,1340,S,1,"80,92 €",10%
919162,507647,1106,39,1,"73,33 €",0.2
919163,507647,1119,37,1,"55,00 €",40%
919164,507648,1098,Talla 40,1,"38,24 €",0
919165,507648,1108,37,1,"69,72 €",20%
919166,507648,1068,Talla L,1,"49,68 €",0.1
919167,507648,1110,39,1,"37,86 €",40
919168,507649,1262,M,1,"36,87 €",10
919169,507649,1280,S,2,"29,54 €",20%
919170,507650,1239,L,1,"31,88 €",0.1
919171,507650,1083,XS,1,"54,14 €",0.2
919172,507650,1235,Talla M,2,"34,51 €",20%
919173,507651,1064,L,1,"33,05 €",30
919174,507651,1123,40,3,"77,67 €",0.3
919175,507652,1392,M,1,"12,73 €",0.1
919176,507652,1270,S,1,"37,43 €",30%
919177,507652,1293,s,2,"37,48 €",0.2
919178,507653,1219,M,1,"17,73 €",0%
919179,507654,1116,40,1,"50,71 €",0.3
919180,507654,1362,l,1,"26,07 €",10%
919181,507654,1320,S,1,"35,05 €",0.2
919182,507654,1384,M,1,"25,64 €",40%
919183,507655,1370,XS,1,"32,70 €",0.1
919184,507655,1172,L,1,"18,98 €",0.1
919185,507655,1166,xs,1,"15,50 €",0%
919186,507656,1204,M,1,"12,35 €",0.2
919187,507656,1053,L,2,"38,51 €",10%
919188,507656,1161,XL,1,"23,07 €",30
919189,507656,1140,39,1,"39,31 €",0.4
919190,507656,1216,XS,1,"17,83 €",20%
919191,507656,1013,M,1,"31,03 €",10%
919192,507657,1088,L,1,"36,00 €",20%
919193,507657,1282,xl,1,"36,05 €",10%
919194,507657,1357,S,1,"16,44 €",30%
919195,507657,1315,M,1,"32,56 €",0%
919196,507658,1233,M,1,"30,63 €",0.2
919197,507658,1204,M,1,"12,35 €",10
919198,507658,1393,M,1,"13,58 €",0.0
919199,507659,1121,38,1,"72,81 €",20
919200,507659,1144,37,1,"75,61 €",30%
919201,507660,1087,l,1,"49,59 €",0.2
919202,507661,1362,l,1,"26,07 €",10%
919203,507661,1340,XL,2,"80,92 €",0.2
919204,507661,1233,XL,1,"30,63 €",10%
919205,507661,1084,L,1,"59,12 €",0
919206,507662,1042,XL,1,"49,99 €",0.4
919207,507662,1362,s,1,"26,07 €",0.2
919208,507663,1013,XS,1,"31,03 €",0.2
919209,507663,1173,Talla L,1,"22,99 €",10%
919210,507664,1280,L,3,"29,54 €",20
919211,507665,1123,39,1,"77,67 €",0.1
919212,507665,1362,S,1,"26,07 €",0.2
919213,507666,1059,XS,2,"55,73 €",10
919214,507666,1030,XS,1,"46,38 €",40
919215,507667,1289,M,2,"22,39 €",10%
919216,507668,1357,XS,1,"16,44 €",0.0
919217,507668,1243,M,1,"42,14 €",0
919218,507669,1012,Talla L,1,"40,99 €",10
919219,507669,1078,XL,1,"56,16 €",10%
919220,507669,1206,M,2,"15,68 €",30
919221,507669,1255,XL,1,"31,35 €",50
919222,507669,1168,S,1,"19,82 €",0.1
919223,507670,1383,L,1,"20,95 €",0.0
919224,507671,1326,m,1,"67,24 €",0%
919225,507671,1136,37,1,"73,76 €",0.3
919226,507671,1366,XL,1,"26,15 €",10
919227,507672,1229,L,1,"38,72 €",0
919228,507672,1171,M,1,"18,14 €",0
919229,507673,1235,s,1,"34,51 €",20%
919230,507673,1015,XL,1,"33,85 €",50%
919231,507674,1125,42,1,"51,19 €",40%
919232,507674,1374,M,1,"12,90 €",10%
919233,507674,1350,L,1,"57,49 €",30%
919234,507675,1070,S,1,"27,27 €",40%
919235,507675,1204,XL,1,"12,35 €",10%
919236,507676,1204,L,1,"12,35 €",0%
919237,507677,1124,38,1,"77,92 €",20%
919238,507678,1189,XL,1,"16,40 €",0.5
919239,507679,1203,L,1,"19,01 €",0.3
919240,507680,1167,m,1,"18,87 €",20
919241,507680,1329,L,1,"45,80 €",0%
919242,507680,1153,39,2,"46,79 €",0.2
919243,507681,1358,M,1,"26,83 €",0
919244,507681,1235,XS,2,"34,51 €",40%
919245,507681,1076,L,3,"47,04 €",20
919246,507681,1106,Talla 37,1,"73,33 €",0.1
919247,507681,1076,L,1,"47,04 €",20
919248,507682,1371,m,3,"33,17 €",0%
919249,507682,1285,XS,1,"39,82 €",0%
919250,507683,1277,M,2,"28,10 €",20%
919251,507684,1168,XS,2,"19,82 €",50%
919252,507684,1139,42,1,"49,46 €",20
919253,507685,1362,M,3,"26,07 €",0.4
919254,507685,1176,L,1,"23,41 €",30%
919255,507685,1077,XS,1,"57,81 €",0.4
919256,507685,1066,xs,2,"34,07 €",10%
919257,507686,1346,Talla M,1,"45,31 €",0%
919258,507686,1033,XS,1,"54,99 €",0.0
919259,507687,1043,Talla L,1,"54,13 €",50
919260,507687,1325,L,1,"46,91 €",20
919261,507687,1084,Talla M,1,"59,12 €",0.0
919262,507687,1367,XL,2,"13,47 €",0%
919263,507688,1089,L,1,"33,88 €",0.0
919264,507688,1071,L,2,"29,62 €",0.0
919265,507689,1198,Talla L,2,"16,38 €",30
919266,507689,1252,S,1,"33,85 €",0.3
919267,507689,1315,XS,2,"32,56 €",30
919268,507690,1284,S,3,"20,70 €",0.1
919269,507690,1080,M,2,"34,78 €",10
919270,507691,1204,M,1,"12,35 €",20%
919271,507691,1015,M,1,"33,85 €",20%
919272,507691,1278,M,1,"29,80 €",20%
919273,507691,1204,L,1,"12,35 €",0.4
919274,507691,1185,S,1,"21,81 €",0.1
919275,507691,1061,XS,1,"46,35 €",30
919276,507692,1239,M,1,"31,88 €",0%
919277,507693,1187,s,1,"17,31 €",0.0
919278,507694,1042,M,1,"49,99 €",0.4
919279,507695,1042,XL,1,"49,99 €",40%
919280,507696,1192,M,1,"13,33 €",0.1
919281,507696,1027,M,1,"34,91 €",30
919282,507697,1248,L,1,"44,58 €",20
919283,507698,1182,Talla M,2,"16,74 €",40
919284,507698,1179,M,1,"24,02 €",20
919285,507698,1357,M,1,"16,44 €",40%
919286,507698,1380,M,1,"34,77 €",20%
919287,507698,1040,xs,2,"49,21 €",0.3
919288,507699,1070,L,1,"27,27 €",0.0
919289,507699,1020,L,1,"35,48 €",0.0
919290,507699,1015,XS,3,"33,85 €",0
919291,507699,1124,40,1,"77,92 €",10
919292,507699,1013,M,1,"31,03 €",0
919293,507699,1094,41,1,"61,63 €",10%
919294,507700,1398,xl,1,"25,22 €",0
919295,507701,1312,L,2,"35,92 €",0.3
919296,507701,1125,37,1,"51,19 €",20%
919297,507702,1313,xs,1,"38,98 €",30
919298,507702,1053,L,1,"38,51 €",0.2
919299,507703,1374,Talla L,1,"12,90 €",20
919300,507703,1081,l,1,"55,86 €",0.2
919301,507704,1082,m,1,"49,65 €",0.0
919302,507704,1092,39,1,"69,97 €",0.2
919303,507704,1004,xs,1,"45,55 €",0.0
919304,507705,1042,L,2,"49,99 €",0.4
919305,507705,1197,L,1,"14,87 €",40
919306,507706,1203,m,1,"19,01 €",10%
919307,507707,1001,M,1,"32,57 €",0%
919308,507707,1243,S,1,"42,14 €",40%
919309,507707,1169,L,1,"14,75 €",0.1
919310,507707,1125,40,1,"51,19 €",10%
919311,507708,1256,S,1,"30,08 €",0
919312,507708,1165,m,1,"13,35 €",0.2
919313,507709,1391,s,2,"13,83 €",20
919314,507709,1280,M,1,"29,54 €",10
919315,507709,1093,Talla 38,1,"68,61 €",0.1
919316,507710,1374,S,1,"12,90 €",10%
919317,507710,1373,M,1,"14,01 €",40%
919318,507710,1036,L,1,"51,15 €",0.2
919319,507711,1233,L,1,"30,63 €",10
919320,507711,1222,s,1,"27,70 €",0.0
919321,507712,1335,XS,1,"70,30 €",0.3
919322,507713,1106,38,2,"73,33 €",10%
919323,507713,1146,39,2,"34,21 €",20%
919324,507714,1357,XS,1,"16,44 €",30
919325,507715,1042,L,2,"49,99 €",0.4
919326,507716,1253,S,1,"42,45 €",0%
919327,507716,1024,M,1,"56,24 €",0.0
919328,507717,1367,m,1,"13,47 €",0%
919329,507717,1282,XL,1,"36,05 €",0%
919330,507717,1027,S,2,"34,91 €",0%
919331,507717,1264,M,2,"44,81 €",0
919332,507718,1073,L,1,"26,22 €",10
919333,507719,1331,L,1,"73,27 €",30
919334,507719,1013,s,1,"31,03 €",30%
919335,507719,1027,S,3,"34,91 €",20%
919336,507720,1123,42,1,"77,67 €",10%
919337,507720,1021,XL,1,"43,85 €",0.3
919338,507720,1310,Talla L,1,"40,69 €",0.4
919339,507720,1126,39,1,"52,20 €",40%
919340,507720,1298,L,1,"30,07 €",40%
919341,507720,1099,39,1,"79,99 €",0.5
919342,507721,1285,M,1,"39,82 €",20%
919343,507721,1188,s,1,"23,94 €",30
919344,507722,1227,XS,1,"25,33 €",20%
919345,507722,1235,L,2,"34,51 €",0%
919346,507722,1203,Talla S,1,"19,01 €",10%
919347,507723,1060,XS,1,"48,04 €",0.2
919348,507724,1391,M,1,"13,83 €",0.1
919349,507725,1168,S,1,"19,82 €",10%
919350,507726,1062,M,1,"43,22 €",20
919351,507726,1227,M,1,"25,33 €",0%
919352,507727,1385,M,1,"28,77 €",30%
919353,507727,1099,40,1,"79,99 €",0.3
919354,507728,1100,36,1,"49,80 €",0.3
919355,507728,1252,l,1,"33,85 €",0.2
919356,507728,1036,M,1,"51,15 €",20%
919357,507728,1362,XL,1,"26,07 €",0.0
919358,507729,1184,xl,1,"14,15 €",10
919359,507730,1042,M,1,"49,99 €",40
919360,507731,1154,39,1,"70,63 €",0%
919361,507732,1198,L,1,"16,38 €",20
919362,507732,1229,Talla L,2,"38,72 €",20%
919363,507732,1374,m,1,"12,90 €",20%
919364,507733,1042,m,1,"49,99 €",0.4
919365,507734,1364,Talla M,1,"11,29 €",0%
919366,507735,1042,L,1,"49,99 €",40%
919367,507736,1015,S,1,"33,85 €",20%
919368,507736,1077,M,1,"57,81 €",0
919369,507737,1362,Talla M,2,"26,07 €",0
919370,507737,1377,XL,1,"31,22 €",20
919371,507738,1175,L,1,"17,99 €",30%
919372,507738,1095,Talla 38,1,"41,57 €",10%
919373,507738,1053,M,2,"38,51 €",0%
919374,507738,1047,L,2,"27,30 €",10%
919375,507738,1175,L,2,"17,99 €",20%
919376,507739,1126,36,1,"52,20 €",20
919377,507739,1139,39,1,"49,46 €",0.3
919378,507740,1381,M,1,"34,45 €",0.2
919379,507741,1101,39,1,"57,43 €",0.3
919380,507741,1376,m,1,"26,99 €",0.0
919381,507741,1260,l,1,"41,99 €",0.3
919382,507742,1336,L,1,"80,41 €",30%
919383,507742,1362,M,1,"26,07 €",0.1
919384,507743,1042,Talla M,1,"49,99 €",0.4
919385,507743,1398,L,1,"25,22 €",20%
919386,507744,1083,XL,3,"54,14 €",30%
919387,507744,1285,L,3,"39,82 €",0.3
919388,507744,1007,M,1,"30,50 €",0%
919389,507744,1282,XL,1,"36,05 €",0.2
919390,507745,1357,L,1,"16,44 €",30
919391,507746,1042,S,1,"49,99 €",40%
919392,507746,1235,M,1,"34,51 €",30%
919393,507747,1121,Talla 39,1,"72,81 €",20%
919394,507747,1274,m,1,"39,02 €",0.2
919395,507748,1168,M,1,"19,82 €",0.3
919396,507749,1332,Talla L,1,"87,31 €",0.2
919397,507749,1229,XS,3,"38,72 €",30%
919398,507749,1202,XS,1,"20,61 €",30%
919399,507749,1130,41,1,"73,00 €",0.5
919400,507750,1106,41,1,"73,33 €",0.1
919401,507750,1340,S,2,"80,92 €",40%
919402,507750,1260,M,1,"41,99 €",0.1
919403,507750,1072,M,1,"46,42 €",0.3
919404,507750,1305,M,1,"32,92 €",0.1
919405,507751,1193,M,1,"20,23 €",0.0
919406,507752,1367,XS,1,"13,47 €",0%
919407,507753,1159,Talla 38,1,"51,99 €",0%
919408,507753,1080,XS,1,"34,78 €",0%
919409,507754,1210,M,2,"18,98 €",40%
919410,507754,1121,39,1,"72,81 €",0.2
919411,507754,1004,XL,1,"45,55 €",20
919412,507755,1171,S,2,"18,14 €",30%
919413,507755,1204,S,1,"12,35 €",30
919414,507755,1336,L,1,"80,41 €",30%
919415,507756,1198,Talla M,1,"16,38 €",0.3
919416,507757,1217,XS,2,"12,11 €",30%
919417,507758,1279,L,1,"28,28 €",0.2
919418,507758,1362,l,1,"26,07 €",20%
919419,507759,1115,42,1,"64,90 €",0.2
919420,507759,1070,Talla M,1,"27,27 €",0.1
919421,507759,1320,XS,1,"35,05 €",30
919422,507759,1381,XL,1,"34,45 €",20%
919423,507759,1229,Talla S,1,"38,72 €",40
919424,507760,1139,40,1,"49,46 €",30%
919425,507760,1196,XL,1,"15,48 €",30
919426,507760,1227,s,1,"25,33 €",30%
919427,507760,1257,Talla XL,1,"41,13 €",30%
919428,507760,1204,XL,1,"12,35 €",0.1
919429,507761,1185,XL,1,"21,81 €",0.1
919430,507761,1205,l,1,"13,61 €",0.3
919431,507761,1312,S,1,"35,92 €",0%
919432,507761,1009,Talla S,1,"25,67 €",20%
919433,507762,1189,XL,2,"16,40 €",0.0
919434,507762,1300,M,1,"32,84 €",0.0
919435,507763,1177,M,1,"20,83 €",0%
919436,507763,1108,39,1,"69,72 €",10
919437,507763,1264,L,1,"44,81 €",0%
919438,507763,1374,l,1,"12,90 €",0.0
919439,507763,1353,l,3,"13,83 €",0.1
919440,507763,1271,L,1,"39,71 €",0.0
919441,507764,1334,L,1,"41,41 €",30%
919442,507764,1203,L,2,"19,01 €",40%
919443,507764,1141,39,1,"47,53 €",0%
919444,507764,1067,XL,1,"32,97 €",0.0
919445,507764,1115,37,1,"64,90 €",0.2
919446,507765,1069,M,1,"29,38 €",0.3
919447,507765,1133,38,1,"48,67 €",0.4
919448,507765,1203,L,1,"19,01 €",40%
919449,507766,1061,M,1,"46,35 €",40%
919450,507766,1259,M,1,"30,24 €",0.4
919451,507766,1139,40,2,"49,46 €",20
919452,507767,1205,L,3,"13,61 €",0.4
919453,507768,1262,L,1,"36,87 €",0%
919454,507768,1333,L,2,"89,35 €",0%
919455,507769,1293,XS,1,"37,48 €",50%
919456,507770,1315,L,1,"32,56 €",20%
919457,507770,1345,S,2,"85,68 €",0.2
919458,507770,1270,l,1,"37,43 €",10
919459,507771,1336,M,2,"80,41 €",0.0
919460,507771,1254,L,3,"42,10 €",0.1
919461,507771,1106,39,1,"73,33 €",20
919462,507772,1289,xl,1,"22,39 €",0.3
919463,507772,1204,S,1,"12,35 €",0
919464,507773,1198,L,1,"16,38 €",20
919465,507773,1166,Talla XS,1,"15,50 €",0
919466,507774,1374,L,1,"12,90 €",30%
919467,507774,1322,s,1,"33,07 €",0.2
919468,507775,1043,l,1,"54,13 €",30%
919469,507776,1176,XS,1,"23,41 €",0%
919470,507776,1053,M,2,"38,51 €",20%
919471,507776,1315,XL,1,"32,56 €",0.5
919472,507777,1252,S,1,"33,85 €",10%
919473,507778,1362,Talla S,1,"26,07 €",0.0
919474,507778,1279,M,1,"28,28 €",30%
919475,507778,1367,S,1,"13,47 €",40%
919476,507778,1204,XS,1,"12,35 €",0.0
919477,507779,1289,M,1,"22,39 €",40%
919478,507779,1033,M,2,"54,99 €",20%
919479,507780,1175,M,1,"17,99 €",0.5
919480,507780,1272,Talla S,1,"29,98 €",0.1
919481,507780,1142,38,1,"75,44 €",20%
919482,507781,1012,L,1,"40,99 €",30%
919483,507781,1217,L,2,"12,11 €",0.4
919484,507781,1357,M,1,"16,44 €",30%
919485,507782,1197,XS,1,"14,87 €",0.0
919486,507782,1362,M,1,"26,07 €",0%
919487,507782,1277,S,1,"28,10 €",0%
919488,507782,1090,M,3,"34,56 €",0.0
919489,507782,1273,S,1,"32,69 €",0.0
919490,507783,1042,S,1,"49,99 €",40
919491,507783,1023,xs,1,"31,99 €",30%
919492,507784,1314,Talla M,1,"42,15 €",0.2
919493,507784,1175,M,1,"17,99 €",0.2
919494,507785,1080,M,2,"34,78 €",0.3
919495,507786,1084,XL,1,"59,12 €",0%
919496,507787,1211,m,1,"12,54 €",40%
919497,507788,1042,M,1,"49,99 €",0.4
919498,507788,1346,XS,1,"45,31 €",30%
919499,507788,1155,36,1,"61,83 €",0%
919500,507789,1326,M,1,"67,24 €",30%
919501,507789,1353,S,1,"13,83 €",40
919502,507790,1205,XS,1,"13,61 €",0.0
919503,507790,1315,S,1,"32,56 €",20%
919504,507791,1077,XL,1,"57,81 €",30%
919505,507791,1075,Talla M,1,"43,55 €",0.2
919506,507792,1309,S,1,"29,96 €",0.0
919507,507792,1298,M,1,"30,07 €",0%
919508,507793,1042,M,1,"49,99 €",40
919509,507793,1328,Talla S,1,"51,49 €",0.2
919510,507794,1123,38,1,"77,67 €",0.0
919511,507794,1038,S,2,"27,52 €",0
919512,507794,1251,S,1,"41,39 €",0.0
919513,507794,1317,L,1,"27,13 €",0
919514,507794,1285,S,1,"39,82 €",0%
919515,507794,1117,38,1,"49,56 €",10
919516,507795,1099,36,1,"79,99 €",20%
919517,507795,1204,M,1,"12,35 €",0.2
919518,507795,1337,xs,1,"63,78 €",40%
919519,507796,1362,Talla S,1,"26,07 €",0.2
919520,507796,1017,S,1,"33,77 €",0.0
919521,507796,1206,M,1,"15,68 €",0.2
919522,507797,1052,l,2,"52,18 €",0.4
919523,507797,1362,L,1,"26,07 €",20
919524,507797,1228,Talla L,1,"37,14 €",10%
919525,507797,1273,XL,1,"32,69 €",40%
919526,507798,1222,M,1,"27,70 €",10
919527,507798,1381,xl,1,"34,45 €",0.5
919528,507798,1030,M,2,"46,38 €",0.4
919529,507799,1213,L,2,"12,89 €",10
919530,507799,1229,M,1,"38,72 €",30%
919531,507799,1077,S,1,"57,81 €",40
919532,507800,1400,XL,2,"25,30 €",20
919533,507800,1121,Talla 39,1,"72,81 €",0.0
919534,507801,1397,S,1,"20,12 €",0.2
919535,507801,1195,L,1,"18,13 €",10%
919536,507801,1252,S,2,"33,85 €",20%
919537,507801,1168,S,1,"19,82 €",20
919538,507802,1109,40,1,"76,92 €",0.3
919539,507803,1053,XS,1,"38,51 €",50
919540,507803,1203,m,1,"19,01 €",10%
919541,507804,1288,m,1,"30,24 €",10%
919542,507805,1379,Talla L,1,"31,72 €",0.4
919543,507805,1360,M,3,"18,88 €",20
919544,507806,1267,XS,1,"36,41 €",0.1
919545,507806,1291,XS,1,"28,71 €",0.0
919546,507806,1345,S,2,"85,68 €",0.0
919547,507806,1292,L,1,"32,80 €",0
919548,507806,1198,L,2,"16,38 €",0
919549,507807,1274,S,1,"39,02 €",0.1
919550,507807,1016,XS,1,"58,66 €",40
919551,507807,1020,XL,1,"35,48 €",0.2
919552,507808,1037,S,1,"41,52 €",50%
919553,507808,1029,L,1,"31,92 €",20%
919554,507809,1101,37,1,"57,43 €",0.2
919555,507810,1096,40,1,"53,68 €",0.3
919556,507810,1056,XL,1,"39,14 €",30%
919557,507811,1172,S,1,"18,98 €",0.0
919558,507811,1315,L,1,"32,56 €",0
919559,507812,1042,s,1,"49,99 €",40
919560,507813,1400,Talla XL,1,"25,30 €",30%
919561,507813,1323,M,1,"32,89 €",30%
919562,507814,1350,Talla M,1,"57,49 €",10%
919563,507814,1203,M,1,"19,01 €",0.1
919564,507815,1272,S,1,"29,98 €",0.0
919565,507815,1053,s,1,"38,51 €",30%
919566,507816,1053,xl,1,"38,51 €",0%
919567,507817,1189,S,1,"16,40 €",10
919568,507817,1168,M,1,"19,82 €",0.2
919569,507817,1285,Talla S,1,"39,82 €",0%
919570,507818,1042,L,1,"49,99 €",40
919571,507819,1348,L,1,"54,42 €",0.1
919572,507819,1376,l,2,"26,99 €",20%
919573,507820,1077,Talla S,1,"57,81 €",0.3
919574,507821,1197,XS,1,"14,87 €",0%
919575,507821,1172,Talla XS,1,"18,98 €",0.4
919576,507822,1130,38,1,"73,00 €",30%
919577,507822,1388,L,1,"15,95 €",10%
919578,507822,1061,L,1,"46,35 €",0.3
919579,507823,1078,M,1,"56,16 €",0.2
919580,507823,1168,L,1,"19,82 €",20
919581,507824,1315,XS,1,"32,56 €",0.1
919582,507825,1063,M,1,"41,19 €",40
919583,507825,1015,L,1,"33,85 €",0.2
919584,507826,1297,XS,1,"39,25 €",0.4
919585,507826,1213,s,1,"12,89 €",0
919586,507827,1100,41,1,"49,80 €",0.0
919587,507827,1233,L,1,"30,63 €",10%
919588,507828,1258,s,2,"35,14 €",30%
919589,507829,1398,XS,1,"25,22 €",20
919590,507830,1040,S,1,"49,21 €",0%
919591,507830,1106,38,3,"73,33 €",20%
919592,507831,1361,XS,3,"14,66 €",0.1
919593,507831,1053,M,2,"38,51 €",0.1
919594,507831,1302,M,1,"47,49 €",20%
919595,507831,1178,S,1,"22,32 €",20%
919596,507831,1094,36,1,"61,63 €",40%
919597,507832,1133,36,1,"48,67 €",40
919598,507832,1071,m,1,"29,62 €",30%
919599,507832,1105,36,1,"77,31 €",40
919600,507833,1204,XL,1,"12,35 €",20
919601,507833,1219,S,1,"17,73 €",0.2
919602,507834,1315,XL,1,"32,56 €",0.4
919603,507835,1237,L,1,"35,53 €",0%
919604,507835,1076,M,2,"47,04 €",0.0
919605,507835,1336,XS,1,"80,41 €",0
919606,507835,1024,S,1,"56,24 €",0.0
919607,507836,1283,M,1,"24,64 €",20
919608,507836,1285,M,1,"39,82 €",10%
919609,507837,1123,40,1,"77,67 €",20%
919610,507837,1150,37,3,"53,53 €",30%
919611,507837,1311,Talla M,1,"30,25 €",40%
919612,507838,1234,L,1,"26,50 €",0.1
919613,507838,1026,M,1,"49,99 €",10%
919614,507839,1315,S,1,"32,56 €",0.2
919615,507839,1057,L,1,"28,72 €",30
919616,507839,1138,41,1,"48,26 €",0.3
919617,507840,1186,S,1,"16,09 €",30%
919618,507840,1046,M,1,"42,24 €",20
919619,507840,1293,M,1,"37,48 €",0%
919620,507840,1295,s,1,"36,18 €",0%
919621,507840,1204,L,1,"12,35 €",20
919622,507840,1037,XL,1,"41,52 €",20%
919623,507840,1318,XL,2,"40,14 €",0.3
919624,507840,1354,M,1,"10,85 €",20
919625,507841,1374,S,1,"12,90 €",20%
919626,507841,1094,42,2,"61,63 €",0.4
919627,507842,1324,M,1,"40,15 €",20
919628,507842,1315,L,1,"32,56 €",30
919629,507843,1023,M,1,"31,99 €",0
919630,507843,1081,l,1,"55,86 €",0.0
919631,507844,1273,XS,1,"32,69 €",20%
919632,507845,1305,XL,1,"32,92 €",20
919633,507845,1133,40,3,"48,67 €",0.1
919634,507846,1208,L,1,"22,70 €",20
919635,507846,1362,L,1,"26,07 €",20
919636,507846,1211,L,1,"12,54 €",0.3
919637,507846,1317,XS,1,"27,13 €",0.2
919638,507846,1014,M,1,"48,60 €",20
919639,507847,1298,S,1,"30,07 €",0.2
919640,507847,1207,L,1,"16,71 €",0.2
919641,507848,1229,s,2,"38,72 €",40%
919642,507849,1041,S,1,"57,12 €",0.2
919643,507849,1204,L,1,"12,35 €",40
919644,507849,1374,Talla S,1,"12,90 €",0.2
919645,507849,1328,XS,1,"51,49 €",40
919646,507850,1203,S,1,"19,01 €",0.1
919647,507850,1285,M,2,"39,82 €",10
919648,507850,1364,L,1,"11,29 €",0%
919649,507850,1286,Talla S,2,"28,43 €",40%
919650,507850,1383,M,2,"20,95 €",20
919651,507851,1311,S,1,"30,25 €",30%
919652,507851,1317,s,1,"27,13 €",20%
919653,507851,1387,L,2,"10,36 €",20
919654,507851,1067,S,1,"32,97 €",30%
919655,507852,1099,39,1,"79,99 €",0.2
919656,507852,1350,XS,1,"57,49 €",0.0
919657,507853,1387,L,1,"10,36 €",20%
919658,507853,1251,Talla L,1,"41,39 €",0.1
919659,507854,1384,m,1,"25,64 €",0%
919660,507855,1048,s,1,"36,45 €",20%
919661,507856,1042,L,1,"49,99 €",0.4
919662,507856,1208,S,1,"22,70 €",40
919663,507857,1201,M,1,"24,28 €",0
919664,507857,1110,Talla 39,1,"37,86 €",0%
919665,507858,1176,S,1,"23,41 €",0.0
919666,507858,1208,XL,2,"22,70 €",0
919667,507858,1094,41,1,"61,63 €",0.0
919668,507859,1357,m,2,"16,44 €",50%
919669,507859,1203,L,1,"19,01 €",0
919670,507860,1317,M,1,"27,13 €",20%
919671,507860,1362,S,1,"26,07 €",20%
919672,507860,1168,XS,2,"19,82 €",0.1
919673,507860,1324,M,1,"40,15 €",0.3
919674,507860,1368,M,1,"20,18 €",20%
919675,507861,1252,Talla L,1,"33,85 €",30%
919676,507862,1336,XS,1,"80,41 €",30%
919677,507862,1388,S,1,"15,95 €",0.2
919678,507862,1282,M,1,"36,05 €",0.2
919679,507863,1341,M,1,"40,01 €",0.4
919680,507864,1104,39,1,"51,58 €",20
919681,507865,1042,L,1,"49,99 €",40%
919682,507865,1096,37,1,"53,68 €",0.1
919683,507866,1368,XS,2,"20,18 €",30
919684,507867,1313,L,1,"38,98 €",40%
919685,507867,1229,M,1,"38,72 €",0.0
919686,507868,1036,M,2,"51,15 €",0.0
919687,507869,1213,Talla M,2,"12,89 €",0.1
919688,507870,1070,M,1,"27,27 €",40
919689,507870,1204,m,2,"12,35 €",40%
919690,507870,1383,xs,1,"20,95 €",10%
919691,507871,1056,S,1,"39,14 €",20%
919692,507871,1265,S,1,"44,68 €",10%
919693,507872,1390,L,2,"19,91 €",30
919694,507872,1235,M,1,"34,51 €",30%
919695,507872,1128,38,1,"71,15 €",0%
919696,507872,1391,xl,1,"13,83 €",0.2
919697,507872,1192,L,1,"13,33 €",20
919698,507872,1148,37,1,"36,02 €",0.1
919699,507873,1170,L,1,"12,32 €",30%
919700,507874,1080,Talla XL,2,"34,78 €",0.2
919701,507874,1315,Talla M,3,"32,56 €",10
919702,507874,1197,L,1,"14,87 €",0.1
919703,507874,1253,l,1,"42,45 €",30%
919704,507874,1364,M,1,"11,29 €",10%
919705,507875,1203,S,1,"19,01 €",0.0
919706,507875,1182,L,1,"16,74 €",0%
919707,507875,1204,m,1,"12,35 €",0.0
919708,507875,1344,S,2,"48,33 €",0.0
919709,507875,1074,S,1,"27,23 €",0
919710,507876,1357,Talla M,1,"16,44 €",0.1
919711,507876,1040,M,1,"49,21 €",30%
919712,507877,1038,xs,1,"27,52 €",10
919713,507878,1021,L,1,"43,85 €",0%
919714,507879,1351,s,1,"26,88 €",20
919715,507880,1042,M,2,"49,99 €",40%
919716,507881,1234,L,1,"26,50 €",20%
919717,507881,1343,m,1,"81,92 €",0
919718,507882,1122,Talla 36,1,"63,66 €",50
919719,507882,1094,40,1,"61,63 €",0.3
919720,507882,1061,XL,1,"46,35 €",0.3
919721,507883,1042,XS,1,"49,99 €",0.4
919722,507883,1204,S,1,"12,35 €",10%
919723,507883,1186,m,1,"16,09 €",30%
919724,507883,1105,37,1,"77,31 €",10
919725,507883,1053,M,1,"38,51 €",10%
919726,507884,1371,l,1,"33,17 €",20
919727,507884,1346,S,1,"45,31 €",50
919728,507885,1087,S,1,"49,59 €",0
919729,507886,1109,38,2,"76,92 €",40%
919730,507886,1168,M,1,"19,82 €",20%
919731,507887,1193,M,1,"20,23 €",40
919732,507887,1215,S,1,"23,23 €",10
919733,507888,1192,xs,1,"13,33 €",0.2
919734,507889,1193,S,1,"20,23 €",10
919735,507890,1395,m,1,"20,05 €",30%
919736,507890,1240,XL,2,"41,66 €",0.2
919737,507891,1104,Talla 38,1,"51,58 €",0.1
919738,507891,1288,S,1,"30,24 €",0.2
919739,507892,1197,S,1,"14,87 €",10
919740,507893,1375,XS,2,"22,99 €",0.2
919741,507893,1154,Talla 37,1,"70,63 €",30
919742,507893,1289,S,1,"22,39 €",0.0
919743,507894,1285,Talla M,1,"39,82 €",30%
919744,507895,1235,XS,1,"34,51 €",40%
919745,507895,1297,l,2,"39,25 €",0.3
919746,507895,1098,38,2,"38,24 €",40%
919747,507895,1036,m,1,"51,15 €",20%
919748,507895,1036,L,1,"51,15 €",40
919749,507895,1036,S,1,"51,15 €",10
919750,507896,1236,S,1,"32,57 €",0.1
919751,507897,1362,L,1,"26,07 €",20
919752,507897,1282,XS,1,"36,05 €",20
919753,507897,1289,L,1,"22,39 €",20%
919754,507897,1182,L,1,"16,74 €",0.2
919755,507898,1362,XL,1,"26,07 €",20%
919756,507899,1143,38,1,"54,97 €",10
919757,507899,1346,M,1,"45,31 €",30%
919758,507899,1263,S,2,"39,31 €",0.4
919759,507900,1392,XS,1,"12,73 €",20%
919760,507900,1180,Talla S,1,"17,79 €",0.5
919761,507901,1107,41,1,"55,33 €",0.5
919762,507901,1229,Talla XS,1,"38,72 €",20
919763,507901,1148,42,1,"36,02 €",50%
919764,507901,1348,M,2,"54,42 €",0.4
919765,507901,1396,XL,1,"15,65 €",0.1
919766,507902,1106,40,1,"73,33 €",0.2
919767,507903,1357,M,1,"16,44 €",0
919768,507903,1315,S,1,"32,56 €",0.0
919769,507903,1367,L,1,"13,47 €",0.0
919770,507904,1312,XL,1,"35,92 €",30%
919771,507905,1232,L,1,"26,48 €",10%
919772,507905,1289,m,2,"22,39 €",10%
919773,507905,1319,XL,1,"30,13 €",0%
919774,507906,1100,37,3,"49,80 €",0.1
919775,507906,1198,M,1,"16,38 €",0.2
919776,507906,1203,XS,1,"19,01 €",0.1
919777,507907,1042,L,1,"49,99 €",0.4
919778,507908,1141,40,1,"47,53 €",0.3
919779,507908,1327,m,1,"77,26 €",40
919780,507908,1369,s,1,"15,16 €",30%
919781,507909,1175,L,1,"17,99 €",30%
919782,507909,1028,M,1,"48,82 €",20
919783,507909,1198,S,1,"16,38 €",0.2
919784,507910,1171,M,1,"18,14 €",30
919785,507910,1058,L,1,"51,95 €",0.1
919786,507911,1315,XL,1,"32,56 €",0
919787,507912,1358,M,1,"26,83 €",0.1
919788,507913,1204,M,1,"12,35 €",20%
919789,507914,1398,XL,3,"25,22 €",50%
919790,507914,1033,l,1,"54,99 €",0.0
919791,507914,1204,M,1,"12,35 €",20%
919792,507914,1040,L,2,"49,21 €",10
919793,507915,1148,40,1,"36,02 €",30
919794,507915,1369,M,1,"15,16 €",0.2
919795,507916,1220,M,1,"18,87 €",10%
919796,507917,1001,m,1,"32,57 €",0.2
919797,507917,1357,L,2,"16,44 €",10%
919798,507917,1204,Talla M,1,"12,35 €",30%
919799,507918,1207,M,1,"16,71 €",30%
919800,507919,1204,L,1,"12,35 €",0.0
919801,507920,1042,Talla L,1,"49,99 €",40%
919802,507921,1046,M,1,"42,24 €",20
919803,507921,1271,L,1,"39,71 €",40%
919804,507921,1167,L,1,"18,87 €",0.3
919805,507922,1058,S,1,"51,95 €",0
919806,507922,1295,l,1,"36,18 €",0.2
919807,507922,1043,S,1,"54,13 €",0
919808,507923,1156,40,1,"56,23 €",20
919809,507923,1036,M,1,"51,15 €",30%
919810,507924,1042,Talla M,3,"49,99 €",40%
919811,507924,1038,xs,1,"27,52 €",50%
919812,507924,1288,Talla L,1,"30,24 €",20%
919813,507925,1357,M,1,"16,44 €",0
919814,507925,1047,Talla M,1,"27,30 €",0.4
919815,507926,1356,M,1,"31,86 €",0%
919816,507927,1386,M,1,"32,98 €",0.0
919817,507928,1219,Talla S,2,"17,73 €",10
919818,507928,1197,XS,1,"14,87 €",30%
919819,507928,1095,36,1,"41,57 €",10%
919820,507929,1042,Talla M,1,"49,99 €",40%
919821,507930,1204,L,1,"12,35 €",20%
919822,507931,1187,Talla M,1,"17,31 €",0.2
919823,507931,1356,L,1,"31,86 €",40%
919824,507932,1030,Talla XL,1,"46,38 €",0.3
919825,507932,1362,Talla S,1,"26,07 €",40%
919826,507932,1392,L,1,"12,73 €",0.1
919827,507932,1239,M,1,"31,88 €",20%
919828,507933,1042,M,1,"49,99 €",0.4
919829,507933,1249,m,2,"34,29 €",20%
919830,507933,1204,L,1,"12,35 €",40%
919831,507934,1315,L,3,"32,56 €",0%
919832,507934,1333,XS,1,"89,35 €",20%
919833,507934,1095,38,1,"41,57 €",20%
919834,507934,1368,M,2,"20,18 €",20%
919835,507934,1204,XS,1,"12,35 €",20
919836,507935,1106,37,1,"73,33 €",0.1
919837,507936,1349,XS,1,"53,20 €",0.4
919838,507937,1042,XL,2,"49,99 €",40%
919839,507937,1100,38,1,"49,80 €",40
919840,507937,1033,Talla L,1,"54,99 €",30%
919841,507938,1099,40,1,"79,99 €",0.1
919842,507938,1252,M,1,"33,85 €",0.1
919843,507939,1059,L,1,"55,73 €",20
919844,507939,1261,XL,1,"33,18 €",0.5
919845,507939,1272,L,1,"29,98 €",10%
919846,507939,1360,S,1,"18,88 €",40%
919847,507940,1187,XS,1,"17,31 €",10%
919848,507941,1042,Talla L,1,"49,99 €",40
919849,507942,1069,Talla L,1,"29,38 €",40%
919850,507943,1038,m,1,"27,52 €",0.3
919851,507943,1087,L,1,"49,59 €",0.1
919852,507943,1077,XS,1,"57,81 €",0.5
919853,507943,1284,XS,1,"20,70 €",30%
919854,507943,1013,L,2,"31,03 €",0.3
919855,507943,1154,41,1,"70,63 €",10%
919856,507944,1140,39,1,"39,31 €",0.3
919857,507944,1007,M,1,"30,50 €",0.0
919858,507945,1029,XL,1,"31,92 €",20%
919859,507945,1292,XL,1,"32,80 €",10
919860,507945,1250,Talla S,1,"31,36 €",0.4
919861,507946,1229,L,1,"38,72 €",20%
919862,507947,1211,xs,3,"12,54 €",20%
919863,507947,1386,L,1,"32,98 €",20
919864,507948,1082,M,1,"49,65 €",0.0
919865,507948,1132,40,1,"72,05 €",0%
919866,507949,1064,S,3,"33,05 €",30
919867,507949,1029,M,1,"31,92 €",0.2
919868,507949,1302,M,1,"47,49 €",20
919869,507950,1042,L,2,"49,99 €",0.4
919870,507950,1087,XL,1,"49,59 €",40%
919871,507950,1243,L,1,"42,14 €",20%
919872,507951,1036,M,1,"51,15 €",0
919873,507951,1254,Talla S,1,"42,10 €",0%
919874,507951,1230,L,1,"25,06 €",0%
919875,507951,1036,m,1,"51,15 €",0.0
919876,507951,1159,36,1,"51,99 €",0.0
919877,507952,1175,M,1,"17,99 €",0.2
919878,507952,1315,XL,1,"32,56 €",10
919879,507953,1042,M,1,"49,99 €",0.4
919880,507953,1224,S,1,"25,88 €",20%
919881,507953,1098,38,1,"38,24 €",40%
919882,507953,1079,XS,1,"46,26 €",0.2
919883,507954,1354,Talla XS,1,"10,85 €",0.3
919884,507955,1106,39,1,"73,33 €",0.1
919885,507955,1038,m,3,"27,52 €",0.2
919886,507956,1042,XL,1,"49,99 €",0.4
919887,507956,1168,XL,1,"19,82 €",10
919888,507956,1016,XS,2,"58,66 €",30
919889,507956,1255,S,1,"31,35 €",0.5
919890,507956,1073,M,2,"26,22 €",0%
919891,507956,1220,XL,1,"18,87 €",30%
919892,507957,1042,L,1,"49,99 €",0.4
919893,507957,1220,XS,1,"18,87 €",0
919894,507957,1362,L,1,"26,07 €",50
919895,507957,1285,M,2,"39,82 €",30
919896,507957,1276,S,1,"24,73 €",10
919897,507958,1359,Talla XL,1,"29,93 €",30
919898,507958,1029,L,1,"31,92 €",10%
919899,507959,1365,m,1,"27,56 €",0.3
919900,507959,1288,m,1,"30,24 €",30%
919901,507960,1362,S,1,"26,07 €",0.1
919902,507961,1042,L,1,"49,99 €",0.4
919903,507962,1345,XL,1,"85,68 €",0.3
919904,507962,1293,xl,2,"37,48 €",0.3
919905,507962,1292,M,1,"32,80 €",50
919906,507962,1108,39,1,"69,72 €",0.4
919907,507963,1292,s,1,"32,80 €",20%
919908,507963,1365,Talla M,1,"27,56 €",0.1
919909,507964,1250,M,1,"31,36 €",20%
919910,507964,1137,37,1,"63,83 €",30%
919911,507965,1043,S,1,"54,13 €",20%
919912,507965,1322,L,2,"33,07 €",20
919913,507966,1013,XL,1,"31,03 €",30%
919914,507966,1393,L,1,"13,58 €",20%
919915,507966,1359,XS,2,"29,93 €",40%
919916,507967,1042,M,3,"49,99 €",40%
919917,507967,1257,M,1,"41,13 €",40%
919918,507968,1132,36,1,"72,05 €",0.2
919919,507968,1374,M,1,"12,90 €",0.0
919920,507968,1374,M,1,"12,90 €",30
919921,507968,1371,S,1,"33,17 €",0.1
919922,507969,1197,L,1,"14,87 €",0.2
919923,507969,1095,38,1,"41,57 €",20
919924,507970,1235,XS,1,"34,51 €",0%
919925,507970,1113,36,1,"38,95 €",30%
919926,507970,1277,M,2,"28,10 €",10
919927,507970,1335,M,1,"70,30 €",0%
919928,507971,1052,S,2,"52,18 €",0.0
919929,507971,1204,L,1,"12,35 €",0.0
919930,507971,1148,36,1,"36,02 €",40
919931,507971,1148,39,1,"36,02 €",0.0
919932,507972,1386,XL,1,"32,98 €",0
919933,507972,1242,L,1,"38,06 €",0%
919934,507973,1168,XS,1,"19,82 €",0%
919935,507973,1265,S,1,"44,68 €",0%
919936,507973,1117,39,1,"49,56 €",0%
919937,507973,1285,S,1,"39,82 €",10
919938,507973,1319,M,2,"30,13 €",0%
919939,507973,1041,S,1,"57,12 €",0.5
919940,507974,1183,L,2,"22,12 €",0.0
919941,507975,1201,M,1,"24,28 €",0.3
919942,507975,1053,Talla S,1,"38,51 €",0.3
919943,507976,1338,L,1,"61,23 €",0.0
919944,507976,1171,M,1,"18,14 €",0.0
919945,507976,1037,M,1,"41,52 €",10%
919946,507976,1139,39,1,"49,46 €",0.1
919947,507977,1042,L,1,"49,99 €",0.4
919948,507977,1076,M,2,"47,04 €",30
919949,507978,1199,S,1,"21,22 €",10%
919950,507978,1152,38,1,"48,30 €",10
919951,507979,1126,Talla 38,1,"52,20 €",0.4
919952,507979,1036,XL,1,"51,15 €",0
919953,507980,1376,M,1,"26,99 €",0%
919954,507980,1246,XS,1,"32,78 €",0.1
919955,507980,1126,36,1,"52,20 €",10
919956,507981,1042,M,1,"49,99 €",40
919957,507981,1314,Talla XS,2,"42,15 €",30%
919958,507981,1006,Talla L,1,"40,90 €",30
919959,507981,1068,M,1,"49,68 €",20
919960,507981,1097,37,1,"45,52 €",0.2
919961,507982,1345,S,1,"85,68 €",0.3
919962,507982,1388,S,1,"15,95 €",10%
919963,507983,1287,s,1,"35,59 €",20%
919964,507983,1305,L,1,"32,92 €",20
919965,507984,1247,S,1,"43,39 €",40
919966,507984,1013,l,1,"31,03 €",20
919967,507984,1315,L,2,"32,56 €",0.4
919968,507984,1134,37,1,"31,21 €",0.3
919969,507984,1323,XL,1,"32,89 €",0.2
919970,507985,1161,M,1,"23,07 €",0%
919971,507986,1062,L,2,"43,22 €",0%
919972,507986,1285,Talla XL,1,"39,82 €",0%
919973,507987,1042,L,1,"49,99 €",0.4
919974,507987,1017,XS,1,"33,77 €",20
919975,507987,1329,L,1,"45,80 €",0%
919976,507988,1061,s,2,"46,35 €",0.2
919977,507988,1313,M,1,"38,98 €",0.1
919978,507989,1284,M,1,"20,70 €",40%
919979,507989,1274,Talla XL,1,"39,02 €",20%
919980,507989,1182,S,1,"16,74 €",10%
919981,507990,1062,s,1,"43,22 €",20%
919982,507991,1237,Talla XL,1,"35,53 €",20
919983,507991,1315,L,1,"32,56 €",0
919984,507992,1042,M,1,"49,99 €",40
919985,507993,1014,XS,1,"48,60 €",30%
919986,507993,1239,s,1,"31,88 €",0.2
919987,507993,1021,XL,1,"43,85 €",10%
919988,507994,1336,M,1,"80,41 €",0
919989,507995,1111,38,1,"59,92 €",40
919990,507995,1071,XS,1,"29,62 €",50
919991,507996,1229,XS,2,"38,72 €",50%
919992,507997,1227,xl,1,"25,33 €",40%
919993,507997,1152,Talla 41,1,"48,30 €",40%
919994,507998,1030,XL,1,"46,38 €",10
919995,507999,1251,M,1,"41,39 €",0%
919996,507999,1094,40,1,"61,63 €",0
919997,507999,1024,M,1,"56,24 €",0%
919998,508000,1161,L,1,"23,07 €",0.1
919999,508000,1176,M,1,"23,41 €",0.3
920000,508000,1362,L,1,"26,07 €",30
914582,505817,1291,L,1,"28,71 €",20%
905469,502190,1090,XL,1,"34,56 €",20
914278,505697,1073,XL,1,"26,22 €",0.0
916351,506516,1096,42,1,"53,68 €",50
915839,506316,1130,Talla 42,1,"73,00 €",20%
909602,503816,1195,M,1,"18,13 €",0
917815,507118,1266,L,1,"33,10 €",0%
909680,503848,1106,Talla 37,1,"73,33 €",0.2
915181,506054,1097,37,1,"45,52 €",0%
915130,506035,1094,36,1,"61,63 €",0%
919242,507680,1153,39,2,"46,79 €",0.2
919236,507676,1204,L,1,"12,35 €",0%
908575,503404,1368,m,2,"20,18 €",30%
909448,503756,1141,41,1,"47,53 €",0.3
907757,503073,1123,40,1,"77,67 €",40
904904,501966,1197,M,1,"14,87 €",20%
906948,502766,1053,L,1,"38,51 €",50
900064,500028,1319,XL,1,"30,13 €",10%
917443,506968,1253,m,1,"42,45 €",0%
914673,505851,1345,S,1,"85,68 €",0
902151,500838,1036,M,1,"51,15 €",0.1
902675,501051,1042,M,2,"49,99 €",0.4
906886,502741,1386,M,3,"32,98 €",0.0
901697,500661,1362,M,1,"26,07 €",10%
905069,502032,1292,s,2,"32,80 €",10%
905971,502383,1026,S,1,"49,99 €",0.0
900531,500226,1347,L,1,"80,46 €",0%
916341,506513,1198,M,1,"16,38 €",20%
914704,505863,1094,Talla 40,1,"61,63 €",0.0
918271,507292,1372,M,2,"28,06 €",0%
908226,503264,1204,m,1,"12,35 €",20
905151,502071,1366,M,1,"26,15 €",20
912546,505026,1019,L,3,"38,48 €",50%
906973,502775,1366,S,1,"26,15 €",10
916707,506662,1304,XS,1,"44,49 €",10
919703,507874,1253,l,1,"42,45 €",30%
900550,500233,1351,M,1,"26,88 €",30
918172,507253,1204,Talla M,1,"12,35 €",0.2
903623,501441,1062,XS,1,"43,22 €",0.1
912190,504875,1087,L,1,"49,59 €",30%
915467,506166,1229,M,1,"38,72 €",0.2
904488,501793,1322,Talla M,1,"33,07 €",0.4
914107,505632,1130,41,2,"73,00 €",0.2
917755,507096,1285,L,1,"39,82 €",20%
901263,500509,1305,S,1,"32,92 €",20
904930,501976,1139,38,1,"49,46 €",0.2
902963,501177,1381,M,1,"34,45 €",0.0
912022,504808,1074,M,1,"27,23 €",20%
913176,505278,1275,S,1,"24,89 €",20
906469,502577,1168,m,1,"19,82 €",0.0
903318,501318,1382,S,1,"30,95 €",20%
911450,504578,1322,S,1,"33,07 €",0.1
912389,504962,1352,S,1,"12,43 €",0.5
909712,503865,1042,M,1,"49,99 €",40%
914588,505819,1176,M,1,"23,41 €",10%
911288,504515,1118,37,1,"79,30 €",0.3
913303,505322,1021,M,1,"43,85 €",40
909817,503907,1315,XL,1,"32,56 €",0.3
919447,507765,1133,38,1,"48,67 €",0.4
909799,503899,1373,L,1,"14,01 €",20%
908984,503567,1168,xl,1,"19,82 €",0
904607,501841,1189,S,1,"16,40 €",20%
916677,506650,1357,L,1,"16,44 €",10%
915888,506335,1235,l,2,"34,51 €",30%
902129,500829,1374,L,2,"12,90 €",10%
914412,505745,1041,s,1,"57,12 €",30%
901382,500548,1081,XL,1,"55,86 €",10%
901780,500695,1096,Talla 40,1,"53,68 €",0.1
912870,505146,1198,XL,1,"16,38 €",0%
917149,506841,1366,XL,1,"26,15 €",20%
912484,504999,1204,M,1,"12,35 €",30
908017,503188,1322,S,1,"33,07 €",0.4
911786,504706,1106,38,1,"73,33 €",20%
915802,506304,1273,XS,1,"32,69 €",30
905947,502376,1220,S,1,"18,87 €",30%
914214,505673,1284,S,1,"20,70 €",0.3
913202,505284,1006,M,1,"40,90 €",0.3
911119,504449,1182,XL,1,"16,74 €",0.2
918194,507265,1254,Talla S,1,"42,10 €",0%
918514,507382,1282,M,1,"36,05 €",0.0
912874,505148,1272,M,1,"29,98 €",10%
900079,500033,1198,Talla S,1,"16,38 €",10
904021,501616,1107,37,1,"55,33 €",20%
908358,503309,1080,Talla XL,1,"34,78 €",10
919806,507922,1295,l,1,"36,18 €",0.2
917544,507013,1235,L,2,"34,51 €",0.0
916693,506657,1197,L,2,"14,87 €",20%
908754,503477,1158,38,1,"44,36 €",0.0
909140,503629,1014,M,1,"48,60 €",0.4
900741,500311,1310,XL,1,"40,69 €",0
918160,507249,1042,L,1,"49,99 €",0.4
903092,501224,1233,M,1,"30,63 €",40%
900851,500357,1135,39,1,"71,49 €",0.2
900776,500325,1315,Talla S,1,"32,56 €",10
913978,505581,1067,S,1,"32,97 €",0%
909507,503778,1136,37,2,"73,76 €",0.0
916991,506778,1277,s,1,"28,10 €",0.1
906924,502759,1376,L,3,"26,99 €",0.3
914637,505836,1204,L,1,"12,35 €",0.2
915094,506022,1042,S,1,"49,99 €",40
909011,503579,1088,l,1,"36,00 €",0.1
908709,503458,1111,39,1,"59,92 €",0.3
915526,506189,1204,M,1,"12,35 €",0
915201,506059,1315,M,1,"32,56 €",0.3
908215,503260,1387,Talla XL,1,"10,36 €",0.4
906017,502401,1277,XS,1,"28,10 €",30%
908596,503411,1229,M,1,"38,72 €",30
913554,505418,1372,XS,1,"28,06 €",0%
910548,504219,1336,XS,1,"80,41 €",0.0
903526,501404,1393,XS,1,"13,58 €",0.2
917248,506884,1383,Talla S,1,"20,95 €",0
905143,502067,1328,XL,1,"51,49 €",10
918354,507322,1388,l,3,"15,95 €",30%
908169,503243,1195,XS,2,"18,13 €",0.1
902010,500783,1312,M,1,"35,92 €",0.3
903426,501363,1381,Talla M,1,"34,45 €",0%
917070,506811,1338,L,1,"61,23 €",0%
900596,500248,1378,XS,1,"21,35 €",30%
904789,501916,1204,Talla M,1,"12,35 €",0.3
909165,503640,1095,38,1,"41,57 €",0%
913280,505312,1296,m,1,"41,51 €",0.2
914127,505640,1362,M,1,"26,07 €",10%
918886,507533,1147,37,1,"30,45 €",0%
911088,504439,1169,xs,1,"14,75 €",10
913998,505591,1208,L,1,"22,70 €",30
917919,507150,1056,xl,1,"39,14 €",0.3
917595,507030,1204,XS,3,"12,35 €",0%
909290,503693,1107,37,1,"55,33 €",10%
917917,507150,1196,M,1,"15,48 €",20
919667,507858,1094,41,1,"61,63 €",0.0
916320,506505,1176,L,1,"23,41 €",0.2
917614,507038,1234,L,1,"26,50 €",30%
904960,501987,1359,m,1,"29,93 €",0.0
908507,503373,1042,M,1,"49,99 €",0.4
917665,507059,1020,XL,3,"35,48 €",0
910838,504333,1022,XL,1,"36,94 €",0.0
905637,502258,1142,40,1,"75,44 €",0.3
913856,505535,1388,XL,1,"15,95 €",20
908076,503211,1365,m,1,"27,56 €",20
908468,503356,1042,XL,1,"49,99 €",0.4
