pedido_id,cliente_id,fecha_pedido,campana_id,canal,ciudad,metodo_pago
500001,2290,24/06/2024,,directo,Oporto,tarjeta
500002,4937,2024-07-02,1,instagram,lisboa,tarjeta
500003,544,2024-06-27,,email,Oporto,bizum
500004,34,2024-07-12,1,email,Zaragoza,paypal
500005,4507,2024-07-05,1,instagram,Madrid,paypal
500006,2831,2024-06-25,,directo,Madrid,tarjeta
500007,3678,1 jul 2024,1,email,Sevilla,paypal
500008,3318,2024-07-07,1,email,Lisboa,tarjeta
500009,3007,2024-07-15,1,google,A Coruña,paypal
500010,1390,2024-07-01,1,google,Lisboa,bizum
500011,2935,10/07/2024,1,email,barcelona,bizum
500012,566,11/07/2024,1,google,Barcelona,paypal
500013,2900,2024-07-13,1,instagram,Zaragoza,tarjeta
500014,3931,3 jul 2024,1,instagram,Sevilla,tarjeta
500015,921,08/07/2024,1,google,A CORUÑA,tarjeta
500016,516,2024-07-04,1,email,Madrid,tarjeta
500017,2559,11/07/2024,1,instagram,valencia,paypal
500018,1896,11/07/2024,1,google,barcelona,paypal
500019,2279,2024-06-28,,instagram,SEVILLA,tarjeta
500020,72,2024-07-13,1,google,Barcelona,paypal
500021,1977,2024-06-26,,instagram,Sevilla,bizum
500022,2380,2024-07-07,1,instagram,Valencia,tarjeta
500023,3074,2024-07-12,1,google,MADRID,paypal
500024,2828,2024-07-06,1,google,Sevilla,bizum
500025,3429,2024-07-12,1,google,Barcelona,paypal
500026,844,7 jul 2024,1,instagram,barcelona,tarjeta
500027,328,2024-06-24,,google,Valencia,tarjeta
500028,1267,03/07/2024,1,email,valencia,paypal
500029,2593,1 jul 2024,1,directo,zaragoza,tarjeta
500030,1034,10 jul 2024,1,google,Barcelona,tarjeta
500031,2129,2024-07-12,1,google,Madrid,tarjeta
500032,372,2024-07-14,1,instagram,BARCELONA,tarjeta
500033,3630,29/06/2024,,directo,Sevilla,paypal
500034,2346,13 jul 2024,1,email,Sevilla,bizum
500035,1351,05/07/2024,1,google,Barcelona,bizum
500036,4106,2024-07-10,1,instagram,bilbao,tarjeta
500037,3954,2024-06-24,,directo,oporto,tarjeta
500038,155,16/07/2024,1,directo,Málaga,paypal
500039,56,13 jul 2024,1,email,Barcelona,bizum
500040,4632,11 jul 2024,1,instagram,Madrid,tarjeta
500041,3660,30/06/2024,,instagram,Valencia,tarjeta
500042,3089,10/07/2024,1,email,Barcelona,paypal
500043,3909,2024-07-02,1,email,Zaragoza,tarjeta
500044,1027,11/07/2024,1,email,sevilla,tarjeta
500045,81,2024-07-04,1,instagram,A Coruña,tarjeta
500046,4415,2024-06-29,,instagram,Zaragoza,bizum
500047,4812,2024-06-25,,google,Valencia,tarjeta
500048,1775,2 jul 2024,1,google,MADRID,tarjeta
500049,3064,2024-07-12,1,directo,Lisboa,tarjeta
500050,2529,2024-07-02,1,directo,Valencia,tarjeta
500051,1239,2024-07-12,1,directo,Madrid,tarjeta
500052,71,2024-07-12,1,instagram,Zaragoza,paypal
500053,1742,12/07/2024,1,directo,Barcelona,tarjeta
500054,1872,11 jul 2024,1,directo,Sevilla,tarjeta
500055,1661,2024-07-13,1,directo,MADRID,bizum
500056,3631,2024-07-11,1,instagram,Barcelona,bizum
500057,3234,04/07/2024,1,google,Bilbao,tarjeta
500058,3108,2024-07-10,1,email,Bilbao,tarjeta
500059,1184,2024-07-09,1,instagram,Oporto,tarjeta
500060,226,2024-07-08,1,instagram,Malaga,paypal
500061,3368,6 jul 2024,1,email,madrid,bizum
500062,949,04/07/2024,1,instagram,Zaragoza,paypal
500063,1423,2024-06-29,,google,Málaga,tarjeta
500064,4817,09/07/2024,1,google,Zaragoza,bizum
500065,1545,03/07/2024,1,directo,Barcelona,paypal
500066,4534,2024-07-03,1,google,madrid,paypal
500067,972,2024-07-08,1,email,Bilbao,tarjeta
500068,2033,2024-07-10,1,directo,Barcelona,tarjeta
500069,965,09/07/2024,1,directo,Barcelona,paypal
500070,4615,2024-07-14,1,instagram,Barcelona,paypal
500071,2096,16/07/2024,1,google,VALENCIA,tarjeta
500072,457,08/07/2024,1,instagram,Valencia,tarjeta
500073,1059,07/07/2024,1,email,Madrid,bizum
500074,4747,3 jul 2024,1,directo,madrid,paypal
500075,3210,8 jul 2024,1,google,Málaga,tarjeta
500076,1910,2024-07-11,1,instagram,Barcelona,tarjeta
500077,458,07/07/2024,1,directo,Madrid,tarjeta
500078,213,2024-06-30,,instagram,VALENCIA,tarjeta
500079,2975,04/07/2024,1,directo,A Coruña,paypal
500080,3921,2024-07-04,1,email,Madrid,tarjeta
500081,4775,2024-07-06,1,google,Bilbao,paypal
500082,4894,2024-06-30,,instagram,Madrid,tarjeta
500083,3284,2024-07-13,1,email,Barcelona,tarjeta
500084,3970,2024-07-16,1,instagram,Barcelona,paypal
500085,4819,13/07/2024,1,directo,madrid,tarjeta
500086,4553,2024-07-14,1,directo,Malaga,paypal
500087,1333,16/07/2024,1,google,madrid,paypal
500088,3732,19 jul 2024,1,email,Oporto,bizum
500089,2873,16/07/2024,1,email,Málaga,paypal
500090,3954,2024-07-13,1,google,oporto,tarjeta
500091,521,2024-07-07,1,email,A Coruña,tarjeta
500092,1332,13/07/2024,1,instagram,Valencia,tarjeta
500093,2794,2024-07-12,1,instagram,barcelona,tarjeta
500094,1868,16/07/2024,1,google,Bilbao,tarjeta
500095,4859,2024-07-11,1,instagram,Valencia,bizum
500096,3969,12/07/2024,1,directo,Bilbao,paypal
500097,183,2024-07-03,1,google,barcelona,tarjeta
500098,66,06/07/2024,1,instagram,Barcelona,tarjeta
500099,2961,02/07/2024,1,directo,a coruña,paypal
500100,4606,2024-07-03,1,instagram,Valencia,tarjeta
500101,1175,2024-07-18,1,directo,Lisboa,tarjeta
500102,3759,08/07/2024,1,instagram,SEVILLA,tarjeta
500103,1896,2024-07-05,1,instagram,barcelona,tarjeta
500104,15,2024-07-06,1,instagram,Lisboa,bizum
500105,3970,2024-07-07,1,email,Barcelona,paypal
500106,2743,16/07/2024,1,directo,Sevilla,tarjeta
500107,3744,2024-07-07,1,google,Madrid,bizum
500108,2822,05/07/2024,1,instagram,madrid,tarjeta
500109,2898,12/07/2024,1,google,madrid,bizum
500110,1614,08/07/2024,1,google,MADRID,tarjeta
500111,1,28/06/2024,,email,A Coruña,tarjeta
500112,2485,2024-07-04,1,google,OPORTO,bizum
500113,3726,2024-07-09,1,directo,Bilbao,tarjeta
500114,2912,3 jul 2024,1,instagram,Madrid,bizum
500115,1243,2024-07-10,1,instagram,Zaragoza,tarjeta
500116,3164,29/06/2024,,instagram,bilbao,paypal
500117,629,2024-06-28,,email,Málaga,paypal
500118,3532,08/07/2024,1,email,Lisboa,bizum
500119,56,04/07/2024,1,instagram,Madrid,tarjeta
500120,1299,19/07/2024,1,google,Zaragoza,tarjeta
500121,3280,26/06/2024,,google,Oporto,tarjeta
500122,341,2024-07-03,1,email,Barcelona,bizum
500123,4033,2024-07-03,1,instagram,barcelona,tarjeta
500124,1184,2024-06-26,,email,Oporto,paypal
500125,3776,14/07/2024,1,instagram,Madrid,paypal
500126,4276,15/07/2024,1,email,bilbao,paypal
500127,4672,2024-07-12,1,directo,Lisboa,tarjeta
500128,4023,2024-07-12,1,directo,MADRID,tarjeta
500129,1816,2024-07-07,1,email,Madrid,paypal
500130,1409,2024-07-02,1,google,Oporto,paypal
500131,1862,14/07/2024,1,directo,MADRID,tarjeta
500132,3423,16/07/2024,1,google,A Coruña,paypal
500133,4216,2024-06-27,,instagram,Madrid,paypal
500134,3299,2024-07-08,1,instagram,sevilla,tarjeta
500135,1499,2024-07-17,1,instagram,ZARAGOZA,bizum
500136,3344,2024-07-19,1,google,Madrid,tarjeta
500137,1532,14 jul 2024,1,instagram,Sevilla,tarjeta
500138,2182,2024-07-16,1,directo,Barcelona,paypal
500139,4747,26 jun 2024,,directo,madrid,tarjeta
500140,4410,28/06/2024,,instagram,VALENCIA,bizum
500141,1390,2024-07-13,1,google,Lisboa,tarjeta
500142,1102,2024-07-08,1,google,Madrid,paypal
500143,1258,2024-07-13,1,email,Madrid,tarjeta
500144,4625,2024-07-12,1,email,Bilbao,paypal
500145,2529,2024-07-14,1,instagram,Valencia,paypal
500146,3732,10/07/2024,1,google,Málaga,bizum
500147,2418,05/07/2024,1,directo,Valencia,tarjeta
500148,913,30/06/2024,,instagram,Valencia,paypal
500149,4335,17 jul 2024,1,directo,Sevilla,tarjeta
500150,2513,03/07/2024,1,instagram,Sevilla,bizum
500151,3886,2024-07-03,1,instagram,valencia,tarjeta
500152,2717,30 jun 2024,,instagram,Valencia,tarjeta
500153,1742,08/07/2024,1,directo,Barcelona,tarjeta
500154,393,2024-07-07,1,instagram,Madrid,tarjeta
500155,3816,17 jul 2024,1,email,Málaga,paypal
500156,1100,2024-07-07,1,directo,Oporto,bizum
500157,4001,2024-07-05,1,email,Lisboa,tarjeta
500158,2607,17/07/2024,1,instagram,Madrid,tarjeta
500159,2969,2024-06-27,,email,Zaragoza,tarjeta
500160,2332,2024-06-25,,google,lisboa,bizum
500161,4819,10/07/2024,1,google,Valencia,paypal
500162,1409,2024-06-26,,email,Oporto,tarjeta
500163,49,2024-07-09,1,google,barcelona,tarjeta
500164,1432,2024-07-09,1,instagram,Málaga,paypal
500165,471,10/07/2024,1,directo,Bilbao,tarjeta
500166,3157,2024-07-11,1,email,barcelona,paypal
500167,2133,17/07/2024,1,google,Sevilla,bizum
500168,2208,2024-07-05,1,email,Málaga,tarjeta
500169,2779,2024-07-10,1,directo,Barcelona,tarjeta
500170,605,2024-07-12,1,instagram,Barcelona,paypal
500171,2246,11/07/2024,1,email,sevilla,tarjeta
500172,887,2024-07-10,1,instagram,Málaga,tarjeta
500173,1018,2024-06-28,,instagram,Madrid,paypal
500174,3621,13/07/2024,1,instagram,Valencia,paypal
500175,2764,2024-06-27,,directo,Sevilla,tarjeta
500176,49,2024-06-25,,directo,bilbao,tarjeta
500177,2043,01/07/2024,1,google,LISBOA,tarjeta
500178,2752,2024-07-14,1,google,Lisboa,paypal
500179,577,2024-07-04,1,email,Málaga,tarjeta
500180,2777,14/07/2024,1,email,Bilbao,tarjeta
500181,3969,2024-07-05,1,instagram,Bilbao,tarjeta
500182,2647,2024-06-24,,instagram,valencia,bizum
500183,1542,10/07/2024,1,directo,Málaga,tarjeta
500184,3005,13/07/2024,1,email,BARCELONA,tarjeta
500185,1532,2024-07-17,1,google,Sevilla,tarjeta
500186,301,13/07/2024,1,google,A Coruña,tarjeta
500187,2926,2024-07-06,1,google,Valencia,tarjeta
500188,4081,4 jul 2024,1,directo,Sevilla,tarjeta
500189,2500,2024-07-06,1,instagram,Lisboa,tarjeta
500190,1310,06/07/2024,1,google,Bilbao,paypal
500191,2337,2024-07-09,1,instagram,Barcelona,tarjeta
500192,4859,2024-07-11,1,email,Valencia,paypal
500193,2607,26/06/2024,,google,Madrid,tarjeta
500194,4923,2024-07-02,1,email,bilbao,bizum
500195,393,2024-07-09,1,directo,Madrid,tarjeta
500196,1983,11/07/2024,1,email,Barcelona,tarjeta
500197,2697,7 jul 2024,1,email,Madrid,tarjeta
500198,4040,2024-06-29,,google,Malaga,tarjeta
500199,1235,06/07/2024,1,instagram,VALENCIA,tarjeta
500200,3280,9 jul 2024,1,email,Barcelona,bizum
500201,2779,15 jul 2024,1,google,LISBOA,tarjeta
500202,3409,2 jul 2024,1,email,Valencia,bizum
500203,4296,2024-06-30,,email,Madrid,paypal
500204,1532,2024-07-12,1,instagram,Sevilla,paypal
500205,964,2024-07-18,1,directo,Sevilla,bizum
500206,826,2024-07-07,1,google,Madrid,tarjeta
500207,3195,29/06/2024,,instagram,MADRID,tarjeta
500208,1083,2024-07-07,1,directo,valencia,tarjeta
500209,1498,12/07/2024,1,email,Zaragoza,tarjeta
500210,1532,29/06/2024,,instagram,Lisboa,tarjeta
500211,1005,2024-07-04,1,instagram,Madrid,tarjeta
500212,4761,10 jul 2024,1,directo,Sevilla,tarjeta
500213,1900,2024-07-07,1,directo,Barcelona,tarjeta
500214,230,13/07/2024,1,instagram,barcelona,bizum
500215,4866,24/06/2024,,instagram,Valencia,tarjeta
500216,4577,2024-07-04,1,google,Zaragoza,paypal
500217,1141,30 jun 2024,,instagram,a coruña,bizum
500218,4583,5 jul 2024,1,email,Bilbao,paypal
500219,1053,2024-07-07,1,instagram,Sevilla,tarjeta
500220,4850,11/07/2024,1,directo,lisboa,bizum
500221,3438,17 jul 2024,1,google,Malaga,tarjeta
500222,4586,2024-07-17,1,instagram,lisboa,tarjeta
500223,35,04/07/2024,1,email,OPORTO,paypal
500224,4251,2024-07-15,1,instagram,Barcelona,tarjeta
500225,4660,01/07/2024,1,instagram,barcelona,tarjeta
500226,1938,2024-06-25,,google,Madrid,paypal
500227,2170,10 jul 2024,1,google,Barcelona,bizum
500228,3470,6 jul 2024,1,google,Oporto,paypal
500229,4742,2024-07-12,1,google,Barcelona,paypal
500230,4022,13/07/2024,1,instagram,Valencia,tarjeta
500231,147,2024-07-10,1,instagram,Zaragoza,tarjeta
500232,1286,20/07/2024,1,instagram,barcelona,tarjeta
500233,2147,11/07/2024,1,directo,Madrid,bizum
500234,4303,28/06/2024,,instagram,A Coruña,bizum
500235,4649,12/07/2024,1,google,Madrid,tarjeta
500236,2768,2024-07-11,1,google,lisboa,tarjeta
500237,4036,03/07/2024,1,email,OPORTO,tarjeta
500238,3582,29/06/2024,,instagram,Barcelona,tarjeta
500239,1544,2024-07-11,1,instagram,Madrid,paypal
500240,4940,2024-07-07,1,instagram,Valencia,tarjeta
500241,2734,2024-07-14,1,google,Madrid,paypal
500242,4026,30/06/2024,,instagram,valencia,tarjeta
500243,4251,15 jul 2024,1,google,Barcelona,tarjeta
500244,856,06/07/2024,1,directo,Barcelona,paypal
500245,2692,17/07/2024,1,email,Valencia,tarjeta
500246,3089,2024-07-07,1,directo,Barcelona,bizum
500247,664,17/07/2024,1,instagram,MADRID,tarjeta
500248,2890,01/07/2024,1,email,Lisboa,paypal
500249,4281,11/07/2024,1,directo,Barcelona,tarjeta
500250,4591,2024-07-05,1,instagram,BARCELONA,bizum
500251,2283,26/06/2024,,directo,Valencia,tarjeta
500252,2898,04/07/2024,1,directo,madrid,bizum
500253,853,2024-06-25,,google,oporto,tarjeta
500254,213,2024-06-30,,instagram,Valencia,tarjeta
500255,2641,11 jul 2024,1,instagram,madrid,tarjeta
500256,771,7 jul 2024,1,email,Barcelona,paypal
500257,2647,30/06/2024,,google,Málaga,paypal
500258,4683,10/07/2024,1,directo,OPORTO,tarjeta
500259,42,14 jul 2024,1,google,Madrid,paypal
500260,635,14/07/2024,1,instagram,Bilbao,bizum
500261,3094,2024-07-15,1,email,ZARAGOZA,paypal
500262,4929,2024-07-10,1,directo,Málaga,tarjeta
500263,1681,2024-07-06,1,instagram,Madrid,tarjeta
500264,338,2024-06-24,,directo,Bilbao,bizum
500265,230,10 jul 2024,1,instagram,barcelona,tarjeta
500266,3219,24 jun 2024,,email,Zaragoza,paypal
500267,2649,8 jul 2024,1,instagram,Barcelona,bizum
500268,566,06/07/2024,1,google,Barcelona,tarjeta
500269,4849,09/07/2024,1,email,Zaragoza,tarjeta
500270,3893,9 jul 2024,1,email,Valencia,bizum
500271,4330,26 jun 2024,,email,Oporto,paypal
500272,2200,2024-07-04,1,instagram,Valencia,tarjeta
500273,3164,05/07/2024,1,instagram,OPORTO,tarjeta
500274,4241,29/06/2024,,instagram,Valencia,tarjeta
500275,4637,2024-07-10,1,google,Madrid,tarjeta
500276,609,01/07/2024,1,directo,a coruña,tarjeta
500277,3688,07/07/2024,1,directo,A Coruña,tarjeta
500278,1035,2024-07-07,1,email,VALENCIA,tarjeta
500279,3506,13 jul 2024,1,instagram,MÁLAGA,tarjeta
500280,1605,10 jul 2024,1,directo,madrid,bizum
500281,3988,2024-07-07,1,instagram,Valencia,tarjeta
500282,308,08/07/2024,1,directo,Madrid,bizum
500283,4216,10/07/2024,1,email,Oporto,tarjeta
500284,1209,2024-07-05,1,email,Lisboa,paypal
500285,3687,08/07/2024,1,instagram,valencia,tarjeta
500286,1409,2024-07-06,1,directo,OPORTO,tarjeta
500287,676,2024-07-12,1,directo,MADRID,paypal
500288,1151,2024-06-26,,directo,Lisboa,tarjeta
500289,3708,10/07/2024,1,instagram,ZARAGOZA,tarjeta
500290,3429,2024-07-09,1,instagram,Zaragoza,paypal
500291,3425,10/07/2024,1,instagram,Zaragoza,bizum
500292,4859,2024-07-17,1,instagram,Zaragoza,bizum
500293,1479,14 jul 2024,1,instagram,sevilla,paypal
500294,2810,04/07/2024,1,directo,bilbao,bizum
500295,3771,17 jul 2024,1,instagram,Valencia,tarjeta
500296,2508,2024-07-01,1,instagram,Barcelona,paypal
500297,2073,29/06/2024,,instagram,VALENCIA,tarjeta
500298,355,2024-06-28,,directo,BARCELONA,tarjeta
500299,4118,2024-07-05,1,directo,Valencia,tarjeta
500300,3848,02/07/2024,1,instagram,Madrid,paypal
500301,3830,19/07/2024,1,directo,A Coruña,tarjeta
500302,613,10/07/2024,1,instagram,MADRID,tarjeta
500303,2122,2024-07-13,1,google,Madrid,tarjeta
500304,3688,2024-07-07,1,google,Zaragoza,tarjeta
500305,1990,04/07/2024,1,directo,lisboa,tarjeta
500306,747,17 jul 2024,1,email,Bilbao,bizum
500307,4292,2024-07-13,1,instagram,Bilbao,tarjeta
500308,1018,2024-07-08,1,email,Bilbao,tarjeta
500309,3658,2024-07-04,1,email,Sevilla,bizum
500310,1261,14/07/2024,1,google,Madrid,paypal
500311,2478,28 jun 2024,,google,Málaga,tarjeta
500312,3501,2024-07-08,1,google,Barcelona,paypal
500313,4076,2024-07-03,1,email,Oporto,tarjeta
500314,4747,29/06/2024,,directo,madrid,tarjeta
500315,2288,5 jul 2024,1,instagram,Zaragoza,tarjeta
500316,213,2024-07-14,1,google,Bilbao,tarjeta
500317,322,03/07/2024,1,google,ZARAGOZA,paypal
500318,1603,6 jul 2024,1,instagram,Barcelona,bizum
500319,913,29 jun 2024,,email,Valencia,tarjeta
500320,3542,2024-07-06,1,instagram,Barcelona,tarjeta
500321,4812,29/06/2024,,directo,A Coruña,tarjeta
500322,1495,05/07/2024,1,directo,Zaragoza,tarjeta
500323,3238,2024-07-12,1,directo,A Coruña,tarjeta
500324,2770,09/07/2024,1,google,barcelona,tarjeta
500325,965,2024-07-04,1,instagram,Barcelona,paypal
500326,2477,04/07/2024,1,directo,Madrid,bizum
500327,2565,2024-07-10,1,google,Madrid,bizum
500328,3194,09/07/2024,1,instagram,OPORTO,tarjeta
500329,2587,12/07/2024,1,google,madrid,tarjeta
500330,4118,11/07/2024,1,email,Málaga,paypal
500331,1771,2024-07-08,1,instagram,ZARAGOZA,paypal
500332,2578,2024-07-04,1,instagram,Zaragoza,bizum
500333,4576,07/07/2024,1,email,zaragoza,bizum
500334,1219,02/07/2024,1,google,valencia,tarjeta
500335,2791,2024-06-26,,email,Barcelona,bizum
500336,483,2024-06-27,,email,Barcelona,paypal
500337,4535,2024-07-11,1,google,Barcelona,paypal
500338,1467,05/07/2024,1,google,lisboa,tarjeta
500339,4767,2024-07-18,1,email,Sevilla,bizum
500340,537,2024-07-06,1,google,SEVILLA,tarjeta
500341,2368,2024-07-08,1,instagram,Madrid,paypal
500342,2507,2024-07-13,1,google,A Coruña,tarjeta
500343,3982,2024-07-11,1,instagram,Zaragoza,tarjeta
500344,2011,2024-07-03,1,instagram,Sevilla,paypal
500345,2075,6 jul 2024,1,google,oporto,tarjeta
500346,4829,09/07/2024,1,email,zaragoza,bizum
500347,4672,18/07/2024,1,google,Valencia,tarjeta
500348,3059,2024-07-09,1,email,Bilbao,paypal
500349,3174,7 jul 2024,1,email,BARCELONA,tarjeta
500350,4292,2024-07-10,1,email,Zaragoza,bizum
500351,1236,19/07/2024,1,email,Barcelona,tarjeta
500352,3744,06/07/2024,1,google,Bilbao,paypal
500353,3846,2024-06-24,,google,Barcelona,bizum
500354,2081,28 jun 2024,,instagram,Barcelona,tarjeta
500355,811,30/06/2024,,email,Oporto,tarjeta
500356,2129,2024-07-13,1,email,Bilbao,paypal
500357,390,03/07/2024,1,directo,Sevilla,bizum
500358,4003,2024-06-26,,email,Málaga,paypal
500359,3846,2024-07-04,1,instagram,Barcelona,tarjeta
500360,1050,2024-07-10,1,email,Sevilla,tarjeta
500361,3795,26/06/2024,,directo,Valencia,bizum
500362,316,04/07/2024,1,google,Oporto,bizum
500363,504,2024-07-20,1,instagram,LISBOA,bizum
500364,3144,2024-07-14,1,google,BARCELONA,paypal
500365,2233,12/07/2024,1,email,MADRID,tarjeta
500366,1939,12/07/2024,1,instagram,málaga,bizum
500367,2006,2024-06-28,,instagram,sevilla,paypal
500368,4664,2024-07-08,1,instagram,Madrid,tarjeta
500369,1679,13/07/2024,1,email,Madrid,paypal
500370,4615,02/07/2024,1,instagram,lisboa,bizum
500371,3082,12/07/2024,1,directo,Barcelona,bizum
500372,886,6 jul 2024,1,google,MÁLAGA,tarjeta
500373,95,28 jun 2024,,google,Valencia,tarjeta
500374,3687,02/07/2024,1,google,valencia,tarjeta
500375,3433,2024-07-04,1,directo,Zaragoza,tarjeta
500376,4566,07/07/2024,1,instagram,madrid,tarjeta
500377,2644,30 jun 2024,,instagram,Lisboa,tarjeta
500378,4775,2024-07-03,1,google,Madrid,paypal
500379,830,06/07/2024,1,email,Madrid,paypal
500380,2699,02/07/2024,1,instagram,A Coruña,tarjeta
500381,2753,7 jul 2024,1,directo,Zaragoza,tarjeta
500382,1728,11/07/2024,1,google,Málaga,tarjeta
500383,2198,11 jul 2024,1,directo,Barcelona,tarjeta
500384,1100,2024-06-26,,instagram,Oporto,tarjeta
500385,954,06/07/2024,1,google,Zaragoza,paypal
500386,2170,03/07/2024,1,instagram,Bilbao,tarjeta
500387,1682,04/07/2024,1,directo,Valencia,bizum
500388,4680,10/07/2024,1,google,valencia,paypal
500389,2067,2024-07-09,1,email,Lisboa,tarjeta
500390,2165,2024-07-14,1,directo,Barcelona,paypal
500391,482,14 jul 2024,1,directo,MADRID,tarjeta
500392,4859,15 jul 2024,1,email,Valencia,tarjeta
500393,1071,07/07/2024,1,google,Bilbao,bizum
500394,1957,7 jul 2024,1,instagram,OPORTO,paypal
500395,1300,07/07/2024,1,instagram,málaga,tarjeta
500396,2132,2024-07-08,1,google,barcelona,paypal
500397,4359,2024-07-04,1,email,barcelona,tarjeta
500398,1956,05/07/2024,1,instagram,MÁLAGA,bizum
500399,1496,2024-07-14,1,instagram,A Coruña,tarjeta
500400,3851,14 jul 2024,1,instagram,LISBOA,tarjeta
500401,452,15 jul 2024,1,google,Valencia,paypal
500402,1713,2024-07-03,1,instagram,Barcelona,bizum
500403,635,2024-07-14,1,email,Málaga,tarjeta
500404,202,15/07/2024,1,instagram,Lisboa,bizum
500405,4530,2024-07-06,1,email,BARCELONA,tarjeta
500406,2198,08/07/2024,1,google,Madrid,tarjeta
500407,4589,06/07/2024,1,directo,Lisboa,bizum
500408,4403,2024-06-24,,google,Málaga,paypal
500409,3562,10/07/2024,1,instagram,Madrid,paypal
500410,1648,06/07/2024,1,google,Barcelona,paypal
500411,4649,2024-07-07,1,instagram,Madrid,tarjeta
500412,3858,10/07/2024,1,google,sevilla,bizum
500413,2513,28 jun 2024,,directo,Sevilla,paypal
500414,482,29/06/2024,,email,MADRID,tarjeta
500415,4761,13/07/2024,1,google,madrid,tarjeta
500416,3214,2024-07-04,1,email,Madrid,tarjeta
500417,2605,2024-07-06,1,email,madrid,tarjeta
500418,4642,14/07/2024,1,instagram,bilbao,tarjeta
500419,1911,2024-06-28,,email,Madrid,tarjeta
500420,2341,06/07/2024,1,instagram,barcelona,bizum
500421,4284,2024-07-08,1,instagram,SEVILLA,paypal
500422,2023,2024-07-08,1,google,MÁLAGA,tarjeta
500423,2122,7 jul 2024,1,email,Málaga,tarjeta
500424,1555,2024-07-08,1,instagram,lisboa,bizum
500425,1445,2024-07-09,1,directo,Madrid,tarjeta
500426,4858,2024-07-14,1,email,Zaragoza,paypal
500427,3752,2024-07-14,1,instagram,OPORTO,bizum
500428,3499,2024-07-10,1,instagram,Sevilla,tarjeta
500429,2266,12 jul 2024,1,google,Zaragoza,tarjeta
500430,3744,2024-07-10,1,email,Madrid,tarjeta
500431,1412,2024-07-08,1,google,Sevilla,bizum
500432,3370,2024-07-10,1,instagram,Valencia,tarjeta
500433,1903,14/07/2024,1,instagram,Málaga,bizum
500434,2969,15/07/2024,1,instagram,Zaragoza,paypal
500435,4368,27/06/2024,,instagram,VALENCIA,paypal
500436,434,2024-07-05,1,google,Madrid,tarjeta
500437,1743,2024-07-02,1,instagram,Málaga,tarjeta
500438,3195,2024-07-06,1,directo,A Coruña,tarjeta
500439,3348,2024-07-13,1,directo,Lisboa,tarjeta
500440,2744,02/07/2024,1,instagram,Lisboa,paypal
500441,68,2024-07-06,1,directo,Madrid,paypal
500442,4936,14/07/2024,1,directo,Zaragoza,bizum
500443,714,2024-07-01,1,google,MADRID,tarjeta
500444,4786,2024-07-14,1,directo,bilbao,paypal
500445,4320,2024-07-14,1,instagram,Madrid,tarjeta
500446,3138,2024-06-24,,instagram,valencia,bizum
500447,2305,2024-07-17,1,email,Málaga,paypal
500448,1253,2024-07-13,1,google,Barcelona,bizum
500449,4669,24/06/2024,,instagram,Valencia,bizum
500450,3957,06/07/2024,1,google,BARCELONA,paypal
500451,1516,2024-07-05,1,instagram,Bilbao,tarjeta
500452,265,14/07/2024,1,google,Madrid,paypal
500453,2744,2024-07-16,1,google,valencia,tarjeta
500454,2816,2024-07-10,1,instagram,Zaragoza,tarjeta
500455,326,2024-07-09,1,instagram,Madrid,bizum
500456,867,07/07/2024,1,directo,Lisboa,tarjeta
500457,393,8 jul 2024,1,google,Madrid,paypal
500458,913,13 jul 2024,1,instagram,Valencia,tarjeta
500459,1193,2024-07-13,1,instagram,Zaragoza,bizum
500460,1318,2024-06-30,,directo,Málaga,bizum
500461,4878,7 jul 2024,1,directo,Lisboa,bizum
500462,537,4 jul 2024,1,instagram,málaga,tarjeta
500463,3264,2024-07-11,1,google,Valencia,paypal
500464,1900,02/07/2024,1,email,Barcelona,paypal
500465,530,15/07/2024,1,email,Lisboa,tarjeta
500466,3771,2024-07-02,1,instagram,Valencia,paypal
500467,4564,2024-07-04,1,google,Madrid,tarjeta
500468,2623,08/07/2024,1,google,Madrid,tarjeta
500469,2623,25/06/2024,,directo,Oporto,tarjeta
500470,609,05/07/2024,1,directo,Lisboa,bizum
500471,132,9 jul 2024,1,instagram,Oporto,tarjeta
500472,1239,2024-06-28,,instagram,Bilbao,paypal
500473,1018,13 jul 2024,1,instagram,Málaga,bizum
500474,2559,2024-07-10,1,google,BARCELONA,paypal
500475,4698,08/07/2024,1,google,oporto,tarjeta
500476,4589,14 jul 2024,1,instagram,Madrid,bizum
500477,1003,03/07/2024,1,directo,Lisboa,tarjeta
500478,926,09/07/2024,1,instagram,barcelona,bizum
500479,2443,03/07/2024,1,directo,Bilbao,paypal
500480,1296,08/07/2024,1,instagram,Madrid,bizum
500481,2095,12 jul 2024,1,instagram,Barcelona,paypal
500482,3419,2024-07-12,1,instagram,Málaga,tarjeta
500483,3473,17/07/2024,1,instagram,lisboa,paypal
500484,2968,8 jul 2024,1,email,VALENCIA,paypal
500485,1400,2024-07-03,1,email,Bilbao,tarjeta
500486,526,2024-07-15,1,directo,Sevilla,bizum
500487,2595,2024-07-12,1,instagram,Barcelona,paypal
500488,1829,04/07/2024,1,instagram,SEVILLA,tarjeta
500489,4090,05/07/2024,1,instagram,Madrid,paypal
500490,4404,07/07/2024,1,google,Madrid,tarjeta
500491,454,2024-07-01,1,email,A Coruña,bizum
500492,2432,06/07/2024,1,instagram,Sevilla,tarjeta
500493,1846,2024-07-17,1,instagram,Madrid,bizum
500494,2948,07/07/2024,1,instagram,A Coruña,bizum
500495,907,2024-07-11,1,instagram,A Coruña,tarjeta
500496,1258,2024-07-14,1,google,Madrid,bizum
500497,2750,2024-07-03,1,instagram,A CORUÑA,bizum
500498,137,2024-07-17,1,directo,barcelona,paypal
500499,2912,07/07/2024,1,google,Madrid,tarjeta
500500,1776,29 jun 2024,,instagram,BARCELONA,tarjeta
500501,4775,13/07/2024,1,google,Madrid,bizum
500502,1463,12 jul 2024,1,directo,Lisboa,paypal
500503,47,13 jul 2024,1,email,Madrid,bizum
500504,1416,2024-07-04,1,google,Zaragoza,bizum
500505,2371,15/07/2024,1,instagram,bilbao,tarjeta
500506,2701,2024-07-11,1,instagram,Bilbao,tarjeta
500507,1576,7 jul 2024,1,instagram,bilbao,bizum
500508,3538,09/07/2024,1,directo,Barcelona,tarjeta
500509,737,06/07/2024,1,directo,madrid,bizum
500510,542,04/07/2024,1,email,ZARAGOZA,bizum
500511,4835,06/07/2024,1,directo,oporto,bizum
500512,949,08/07/2024,1,email,Zaragoza,bizum
500513,2866,2024-07-12,1,instagram,Bilbao,paypal
500514,771,04/07/2024,1,instagram,Barcelona,tarjeta
500515,2714,10 jul 2024,1,instagram,Madrid,tarjeta
500516,3225,2024-07-02,1,google,bilbao,paypal
500517,429,2024-06-30,,google,Bilbao,paypal
500518,1169,2024-07-03,1,directo,Bilbao,tarjeta
500519,4348,2024-07-10,1,email,A Coruña,tarjeta
500520,1821,14/07/2024,1,instagram,Zaragoza,tarjeta
500521,3082,2024-07-09,1,email,Barcelona,bizum
500522,2181,02/07/2024,1,instagram,BARCELONA,bizum
500523,4404,08/07/2024,1,directo,Zaragoza,tarjeta
500524,4449,2024-07-13,1,google,Madrid,bizum
500525,104,27 jun 2024,,instagram,Sevilla,bizum
500526,401,2024-06-24,,google,BILBAO,tarjeta
500527,686,2024-07-10,1,email,Lisboa,tarjeta
500528,1467,2024-06-29,,instagram,Valencia,tarjeta
500529,1518,07/07/2024,1,email,MADRID,paypal
500530,3698,05/07/2024,1,email,ZARAGOZA,tarjeta
500531,4324,2024-06-27,,directo,bilbao,paypal
500532,4362,05/07/2024,1,instagram,Lisboa,tarjeta
500533,1557,13 jul 2024,1,directo,madrid,tarjeta
500534,3946,2024-07-13,1,instagram,Zaragoza,paypal
500535,1939,2024-06-27,,instagram,Málaga,bizum
500536,2649,2024-07-12,1,directo,Barcelona,tarjeta
500537,4916,11/07/2024,1,instagram,Madrid,paypal
500538,1,05/07/2024,1,instagram,Sevilla,tarjeta
500539,3698,2024-07-03,1,instagram,ZARAGOZA,bizum
500540,4099,2024-07-09,1,google,Málaga,tarjeta
500541,751,13/07/2024,1,email,Madrid,bizum
500542,3438,2024-07-02,1,instagram,Madrid,tarjeta
500543,3185,11/07/2024,1,google,Barcelona,bizum
500544,3759,2024-07-05,1,instagram,Lisboa,paypal
500545,1925,2024-07-05,1,google,bilbao,tarjeta
500546,799,2024-07-10,1,email,lisboa,tarjeta
500547,4333,11 jul 2024,1,email,Barcelona,tarjeta
500548,1832,10 jul 2024,1,instagram,VALENCIA,paypal
500549,257,7 jul 2024,1,directo,sevilla,tarjeta
500550,4936,30/06/2024,,instagram,Bilbao,bizum
500551,3938,04/07/2024,1,google,Valencia,tarjeta
500552,3840,10 jul 2024,1,instagram,a coruña,tarjeta
500553,4680,06/07/2024,1,google,barcelona,tarjeta
500554,1603,2024-07-02,1,google,Barcelona,tarjeta
500555,4303,09/07/2024,1,instagram,Málaga,bizum
500556,4265,2024-07-10,1,directo,madrid,tarjeta
500557,913,9 jul 2024,1,google,Valencia,tarjeta
500558,516,16/07/2024,1,google,Barcelona,bizum
500559,3164,2024-07-14,1,directo,bilbao,paypal
500560,2500,07/07/2024,1,email,Lisboa,paypal
500561,62,2024-07-12,1,google,lisboa,tarjeta
500562,786,27 jun 2024,,instagram,Madrid,tarjeta
500563,4411,28/06/2024,,email,Madrid,tarjeta
500564,3450,2024-07-03,1,instagram,A Coruña,tarjeta
500565,1068,29 jun 2024,,google,Madrid,tarjeta
500566,2245,27/06/2024,,google,Sevilla,tarjeta
500567,4742,06/07/2024,1,google,Barcelona,tarjeta
500568,4461,2024-06-24,,google,Malaga,tarjeta
500569,3364,2024-07-05,1,email,A Coruña,tarjeta
500570,4330,2 jul 2024,1,instagram,Málaga,tarjeta
500571,2986,2024-07-08,1,directo,Bilbao,tarjeta
500572,4737,2024-06-26,,email,ZARAGOZA,bizum
500573,3759,27 jun 2024,,email,MÁLAGA,tarjeta
500574,3341,5 jul 2024,1,google,BARCELONA,tarjeta
500575,2175,29/06/2024,,google,A Coruña,bizum
500576,1209,2024-07-13,1,email,Lisboa,tarjeta
500577,1474,2024-07-14,1,directo,Barcelona,tarjeta
500578,3764,2024-06-28,,directo,Barcelona,tarjeta
500579,2698,2024-07-13,1,instagram,Lisboa,paypal
500580,1911,2024-07-11,1,instagram,Zaragoza,bizum
500581,462,7 jul 2024,1,email,barcelona,tarjeta
500582,455,2024-07-14,1,instagram,valencia,paypal
500583,3698,2024-06-24,,email,A Coruña,paypal
500584,3895,15/07/2024,1,google,Valencia,tarjeta
500585,4479,2024-07-14,1,email,Madrid,tarjeta
500586,2323,2024-07-05,1,email,Madrid,paypal
500587,2129,9 jul 2024,1,email,Bilbao,paypal
500588,4160,2024-07-10,1,email,Barcelona,tarjeta
500589,1294,2024-07-12,1,google,Lisboa,tarjeta
500590,3724,2024-07-04,1,directo,Madrid,paypal
500591,776,2024-07-05,1,instagram,oporto,tarjeta
500592,4585,2024-07-10,1,google,Valencia,bizum
500593,714,2024-07-17,1,instagram,MADRID,tarjeta
500594,3693,2024-07-10,1,email,Zaragoza,tarjeta
500595,3618,05/07/2024,1,google,Sevilla,tarjeta
500596,3284,07/07/2024,1,google,Barcelona,tarjeta
500597,943,18/07/2024,1,instagram,A Coruña,bizum
500598,2124,09/07/2024,1,email,A Coruña,tarjeta
500599,3042,12/07/2024,1,email,Zaragoza,tarjeta
500600,318,2024-07-13,1,google,VALENCIA,tarjeta
500601,387,08/07/2024,1,instagram,Málaga,bizum
500602,2485,27 jun 2024,,instagram,lisboa,paypal
500603,3103,14 jul 2024,1,directo,Zaragoza,tarjeta
500604,1545,30 jun 2024,,directo,Sevilla,bizum
500605,1599,12/07/2024,1,email,Lisboa,paypal
500606,2599,6 jul 2024,1,instagram,Valencia,tarjeta
500607,4812,2024-07-05,1,email,Valencia,tarjeta
500608,4678,2024-07-04,1,instagram,Madrid,tarjeta
500609,2986,05/07/2024,1,directo,Bilbao,tarjeta
500610,2750,2024-07-03,1,google,A CORUÑA,tarjeta
500611,4576,2024-07-05,1,google,Barcelona,bizum
500612,2208,2024-07-04,1,google,barcelona,bizum
500613,2892,2024-07-08,1,directo,Zaragoza,tarjeta
500614,4553,2024-07-08,1,google,Bilbao,tarjeta
500615,2380,2024-07-02,1,google,Sevilla,tarjeta
500616,521,2024-06-26,,google,madrid,bizum
500617,323,2024-07-01,1,email,A Coruña,tarjeta
500618,834,10/07/2024,1,google,A Coruña,bizum
500619,4489,03/07/2024,1,instagram,Barcelona,paypal
500620,1285,08/07/2024,1,instagram,Oporto,bizum
500621,3271,16/07/2024,1,email,barcelona,tarjeta
500622,2504,19/07/2024,1,google,A Coruña,bizum
500623,4129,7 jul 2024,1,instagram,Valencia,bizum
500624,531,2024-07-12,1,google,madrid,tarjeta
500625,2029,2024-07-02,1,email,BARCELONA,bizum
500626,4529,2024-07-09,1,google,Oporto,tarjeta
500627,4928,12/07/2024,1,instagram,Madrid,bizum
500628,4668,2024-07-09,1,directo,Madrid,tarjeta
500629,4875,06/07/2024,1,directo,Zaragoza,tarjeta
500630,3212,2024-07-01,1,instagram,Málaga,tarjeta
500631,3337,11/07/2024,1,email,Sevilla,paypal
500632,2705,2024-07-05,1,google,MADRID,tarjeta
500633,4686,2024-07-13,1,directo,Zaragoza,tarjeta
500634,4237,2024-07-04,1,instagram,A Coruña,tarjeta
500635,4737,15/07/2024,1,instagram,Madrid,tarjeta
500636,1670,2024-07-17,1,directo,Málaga,tarjeta
500637,1412,03/07/2024,1,instagram,Sevilla,tarjeta
500638,1196,2024-07-04,1,google,barcelona,tarjeta
500639,1753,24/06/2024,,google,Barcelona,paypal
500640,3846,11/07/2024,1,email,Lisboa,tarjeta
500641,1627,2024-07-08,1,directo,Barcelona,tarjeta
500642,1470,2024-07-08,1,directo,Barcelona,tarjeta
500643,1310,12/07/2024,1,google,Bilbao,tarjeta
500644,3266,28/06/2024,,instagram,Madrid,tarjeta
500645,3122,2024-07-13,1,google,oporto,tarjeta
500646,921,2024-07-05,1,directo,Lisboa,tarjeta
500647,3970,7 jul 2024,1,instagram,Barcelona,tarjeta
500648,4012,5 jul 2024,1,email,Sevilla,tarjeta
500649,2156,2024-07-04,1,google,Malaga,bizum
500650,2305,12 jul 2024,1,instagram,Barcelona,paypal
500651,4161,2024-06-25,,google,Bilbao,tarjeta
500652,2901,2024-07-04,1,email,Madrid,tarjeta
500653,3578,24/06/2024,,directo,Sevilla,bizum
500654,1753,2024-07-14,1,instagram,A Coruña,tarjeta
500655,1283,2024-07-03,1,instagram,BARCELONA,tarjeta
500656,2656,13 jul 2024,1,email,Valencia,tarjeta
500657,205,2024-07-08,1,google,Sevilla,tarjeta
500658,1427,29/06/2024,,directo,Sevilla,tarjeta
500659,1382,5 jul 2024,1,instagram,Málaga,bizum
500660,2942,2024-07-09,1,instagram,Bilbao,tarjeta
500661,4640,2024-07-17,1,directo,MADRID,bizum
500662,3689,2024-07-17,1,google,barcelona,tarjeta
500663,1734,24 jun 2024,,email,Oporto,paypal
500664,840,02/07/2024,1,instagram,sevilla,bizum
500665,2008,2024-07-06,1,google,LISBOA,tarjeta
500666,1012,2024-06-27,,directo,Valencia,tarjeta
500667,2907,2024-07-13,1,google,Barcelona,tarjeta
500668,4530,2024-07-08,1,email,A Coruña,paypal
500669,3124,13/07/2024,1,instagram,barcelona,bizum
500670,4732,2024-06-25,,instagram,MADRID,tarjeta
500671,2873,10/07/2024,1,instagram,Málaga,tarjeta
500672,3430,17/07/2024,1,instagram,valencia,tarjeta
500673,3326,12 jul 2024,1,instagram,Barcelona,paypal
500674,2779,15/07/2024,1,instagram,madrid,paypal
500675,1900,2024-07-16,1,instagram,Lisboa,bizum
500676,1059,2024-07-05,1,directo,A Coruña,tarjeta
500677,799,28/06/2024,,instagram,Madrid,paypal
500678,557,2024-07-18,1,google,Barcelona,bizum
500679,2102,2024-07-03,1,directo,Oporto,tarjeta
500680,1423,2024-07-09,1,instagram,Málaga,tarjeta
500681,4669,2024-07-04,1,email,Bilbao,bizum
500682,4489,2024-07-09,1,email,Barcelona,bizum
500683,4280,9 jul 2024,1,instagram,Bilbao,tarjeta
500684,2151,04/07/2024,1,directo,Oporto,paypal
500685,530,2024-06-28,,email,barcelona,tarjeta
500686,3060,15/07/2024,1,google,Valencia,paypal
500687,3794,2024-07-08,1,directo,Madrid,tarjeta
500688,2146,25/06/2024,,email,Valencia,tarjeta
500689,4866,2024-07-03,1,email,Valencia,tarjeta
500690,6,5 jul 2024,1,instagram,Madrid,paypal
500691,4773,2024-07-01,1,instagram,Zaragoza,tarjeta
500692,790,2024-07-10,1,email,zaragoza,paypal
500693,2520,24/06/2024,,email,Barcelona,paypal
500694,3383,2024-07-12,1,email,Oporto,tarjeta
500695,831,14/07/2024,1,instagram,madrid,paypal
500696,3583,10/07/2024,1,instagram,Lisboa,tarjeta
500697,1239,2024-07-08,1,directo,Bilbao,bizum
500698,3127,2024-07-08,1,google,Sevilla,tarjeta
500699,4850,2024-07-10,1,email,Oporto,tarjeta
500700,867,2024-07-14,1,instagram,Sevilla,tarjeta
500701,1747,06/07/2024,1,instagram,MÁLAGA,bizum
500702,3994,2024-07-05,1,directo,madrid,paypal
500703,1200,2024-07-15,1,email,BARCELONA,paypal
500704,2924,2024-07-11,1,directo,Bilbao,tarjeta
500705,4725,13/07/2024,1,email,Bilbao,tarjeta
500706,4266,09/07/2024,1,directo,Madrid,tarjeta
500707,4330,13/07/2024,1,google,Sevilla,tarjeta
500708,3960,8 jul 2024,1,directo,Madrid,bizum
500709,3381,13/07/2024,1,email,Bilbao,bizum
500710,3552,17/07/2024,1,email,Málaga,tarjeta
500711,2093,07/07/2024,1,email,MADRID,tarjeta
500712,4079,2024-07-05,1,google,barcelona,paypal
500713,4753,2024-07-17,1,instagram,A Coruña,bizum
500714,4877,2024-07-04,1,google,Valencia,paypal
500715,2897,14/07/2024,1,directo,madrid,tarjeta
500716,636,2024-07-07,1,google,Málaga,paypal
500717,3574,2024-06-27,,email,SEVILLA,tarjeta
500718,3698,25/06/2024,,google,Málaga,paypal
500719,1599,2024-07-04,1,google,Barcelona,tarjeta
500720,3999,2024-06-30,,email,madrid,paypal
500721,2943,2024-07-07,1,instagram,Lisboa,paypal
500722,2734,19/07/2024,1,google,Madrid,tarjeta
500723,1425,18 jul 2024,1,instagram,Madrid,tarjeta
500724,1005,2024-07-03,1,directo,Madrid,tarjeta
500725,326,2024-07-06,1,instagram,MADRID,bizum
500726,3842,13/07/2024,1,google,Barcelona,tarjeta
500727,4161,06/07/2024,1,email,Barcelona,tarjeta
500728,3853,08/07/2024,1,google,Barcelona,tarjeta
500729,3567,2024-07-07,1,google,Madrid,tarjeta
500730,3186,2024-07-06,1,directo,Lisboa,tarjeta
500731,2283,13 jul 2024,1,email,Valencia,bizum
500732,4405,2024-06-27,,instagram,Bilbao,bizum
500733,2055,2024-06-26,,directo,Zaragoza,paypal
500734,1939,09/07/2024,1,instagram,Barcelona,tarjeta
500735,1294,2024-07-13,1,google,SEVILLA,bizum
500736,1850,17/07/2024,1,email,Bilbao,tarjeta
500737,3562,30/06/2024,,directo,Madrid,bizum
500738,1351,12/07/2024,1,email,Sevilla,paypal
500739,2607,2024-07-07,1,instagram,Madrid,tarjeta
500740,463,30/06/2024,,google,LISBOA,tarjeta
500741,2779,2024-07-04,1,instagram,Valencia,bizum
500742,3866,2024-07-14,1,email,Valencia,tarjeta
500743,3392,2024-07-06,1,instagram,Lisboa,bizum
500744,3538,8 jul 2024,1,instagram,Sevilla,tarjeta
500745,1243,2024-07-07,1,email,Valencia,tarjeta
500746,290,26/06/2024,,google,Madrid,paypal
500747,978,2024-07-10,1,google,madrid,tarjeta
500748,234,29/06/2024,,google,barcelona,tarjeta
500749,363,14/07/2024,1,directo,Madrid,tarjeta
500750,2734,2024-07-07,1,google,Madrid,bizum
500751,3638,2024-07-04,1,email,LISBOA,bizum
500752,3840,14/07/2024,1,directo,Barcelona,bizum
500753,362,2024-07-05,1,directo,OPORTO,tarjeta
500754,4781,2024-07-07,1,directo,Madrid,tarjeta
500755,3308,2024-07-12,1,instagram,Valencia,tarjeta
500756,263,2024-07-13,1,instagram,Barcelona,tarjeta
500757,1901,2024-07-05,1,instagram,málaga,tarjeta
500758,74,2024-07-10,1,instagram,Barcelona,tarjeta
500759,3045,2024-07-06,1,instagram,Sevilla,tarjeta
500760,4442,28/06/2024,,instagram,Madrid,tarjeta
500761,202,2024-07-12,1,instagram,Madrid,tarjeta
500762,35,10/07/2024,1,directo,Málaga,tarjeta
500763,964,13 jul 2024,1,instagram,Sevilla,paypal
500764,677,17/07/2024,1,directo,Bilbao,paypal
500765,2647,09/07/2024,1,google,valencia,paypal
500766,4213,2024-07-10,1,google,Lisboa,tarjeta
500767,2095,2024-07-17,1,instagram,Barcelona,tarjeta
500768,2955,2024-06-29,,google,sevilla,bizum
500769,417,7 jul 2024,1,instagram,Bilbao,tarjeta
500770,2477,2024-07-10,1,google,Madrid,bizum
500771,2016,16 jul 2024,1,directo,Barcelona,bizum
500772,489,2024-07-02,1,directo,Madrid,tarjeta
500773,2770,27/06/2024,,instagram,A Coruña,tarjeta
500774,3326,26/06/2024,,instagram,Valencia,tarjeta
500775,230,2024-07-09,1,instagram,barcelona,tarjeta
500776,4070,24/06/2024,,google,bilbao,tarjeta
500777,4550,2024-06-24,,directo,BILBAO,bizum
500778,4171,08/07/2024,1,google,Madrid,tarjeta
500779,17,2024-07-11,1,google,BARCELONA,paypal
500780,1661,2024-07-03,1,google,Madrid,paypal
500781,3787,2024-07-04,1,instagram,Lisboa,tarjeta
500782,823,2024-06-26,,email,A Coruña,tarjeta
500783,3379,14/07/2024,1,instagram,Madrid,tarjeta
500784,318,09/07/2024,1,instagram,Lisboa,tarjeta
500785,3087,4 jul 2024,1,google,Malaga,tarjeta
500786,1111,09/07/2024,1,instagram,Zaragoza,paypal
500787,2751,2024-07-12,1,google,A CORUÑA,tarjeta
500788,1412,2024-07-16,1,directo,Valencia,tarjeta
500789,3499,2024-07-09,1,instagram,Sevilla,bizum
500790,1944,03/07/2024,1,email,BARCELONA,bizum
500791,2430,2024-07-09,1,email,Lisboa,paypal
500792,1973,2024-06-24,,instagram,madrid,bizum
500793,3011,11/07/2024,1,email,Valencia,tarjeta
500794,279,2024-07-12,1,instagram,málaga,tarjeta
500795,2483,2024-06-28,,email,valencia,tarjeta
500796,4606,2024-07-18,1,instagram,Valencia,bizum
500797,1107,06/07/2024,1,google,A Coruña,tarjeta
500798,833,06/07/2024,1,google,VALENCIA,bizum
500799,1610,2024-07-06,1,directo,MÁLAGA,tarjeta
500800,230,2024-07-15,1,instagram,barcelona,tarjeta
500801,1447,2024-07-06,1,directo,barcelona,tarjeta
500802,468,2024-07-10,1,instagram,Sevilla,paypal
500803,3957,2024-07-07,1,instagram,BARCELONA,paypal
500804,392,2024-07-12,1,google,Madrid,paypal
500805,471,2024-07-06,1,directo,Bilbao,tarjeta
500806,1235,03/07/2024,1,instagram,Zaragoza,tarjeta
500807,593,2024-07-13,1,google,LISBOA,tarjeta
500808,1196,2024-07-08,1,google,barcelona,tarjeta
500809,2367,10 jul 2024,1,directo,Sevilla,tarjeta
500810,4424,2024-07-08,1,instagram,MADRID,tarjeta
500811,1196,04/07/2024,1,instagram,barcelona,tarjeta
500812,3662,06/07/2024,1,google,Bilbao,paypal
500813,1775,10/07/2024,1,google,Madrid,tarjeta
500814,2777,15/07/2024,1,directo,Madrid,bizum
500815,343,25 jun 2024,,instagram,Barcelona,tarjeta
500816,476,2024-07-03,1,instagram,Lisboa,paypal
500817,255,2024-07-05,1,instagram,MÁLAGA,tarjeta
500818,3429,2024-07-06,1,instagram,Barcelona,bizum
500819,3690,2024-07-08,1,instagram,A Coruña,tarjeta
500820,248,04/07/2024,1,instagram,Madrid,tarjeta
500821,4012,2024-07-04,1,google,Sevilla,paypal
500822,4436,2024-07-05,1,google,A Coruña,tarjeta
500823,4345,12/07/2024,1,instagram,Madrid,tarjeta
500824,1683,13 jul 2024,1,directo,lisboa,bizum
500825,2175,10/07/2024,1,google,Lisboa,tarjeta
500826,1416,2024-07-13,1,google,VALENCIA,tarjeta
500827,2529,2024-07-05,1,instagram,Zaragoza,tarjeta
500828,214,09/07/2024,1,instagram,Barcelona,tarjeta
500829,877,2024-07-17,1,directo,Lisboa,tarjeta
500830,3793,13/07/2024,1,directo,MADRID,tarjeta
500831,4461,08/07/2024,1,instagram,oporto,tarjeta
500832,1423,2024-07-14,1,instagram,VALENCIA,tarjeta
500833,4324,12/07/2024,1,instagram,MADRID,paypal
500834,2523,2024-07-05,1,instagram,barcelona,tarjeta
500835,2341,02/07/2024,1,instagram,Sevilla,bizum
500836,2904,14/07/2024,1,directo,Bilbao,tarjeta
500837,4710,06/07/2024,1,google,Sevilla,paypal
500838,3957,08/07/2024,1,google,Sevilla,tarjeta
500839,4701,11/07/2024,1,google,Barcelona,tarjeta
500840,2207,2024-07-11,1,directo,Málaga,paypal
500841,232,26/06/2024,,instagram,Madrid,paypal
500842,4712,10/07/2024,1,instagram,Barcelona,bizum
500843,455,2024-07-09,1,google,valencia,paypal
500844,3450,2024-07-02,1,email,Madrid,paypal
500845,2432,10/07/2024,1,google,Málaga,bizum
500846,1545,16/07/2024,1,email,Valencia,tarjeta
500847,86,2024-07-16,1,instagram,Madrid,paypal
500848,4499,2024-07-14,1,instagram,Málaga,paypal
500849,34,6 jul 2024,1,instagram,Oporto,paypal
500850,3731,10 jul 2024,1,instagram,VALENCIA,bizum
500851,104,2024-07-04,1,directo,Zaragoza,tarjeta
500852,1335,2024-06-28,,email,Bilbao,paypal
500853,2507,10 jul 2024,1,email,Valencia,bizum
500854,4652,01/07/2024,1,instagram,Sevilla,tarjeta
500855,4023,2024-07-02,1,google,MADRID,tarjeta
500856,4489,24 jun 2024,,instagram,Barcelona,tarjeta
500857,3359,2024-07-10,1,google,Valencia,tarjeta
500858,3521,03/07/2024,1,google,BARCELONA,paypal
500859,892,30/06/2024,,email,Madrid,tarjeta
500860,1498,2024-07-11,1,google,A Coruña,bizum
500861,3341,2024-06-29,,email,BARCELONA,paypal
500862,4154,06/07/2024,1,email,Oporto,bizum
500863,1236,2024-07-15,1,instagram,Barcelona,tarjeta
500864,452,2024-07-08,1,instagram,zaragoza,tarjeta
500865,2104,2024-06-29,,email,Bilbao,paypal
500866,4773,12/07/2024,1,instagram,madrid,tarjeta
500867,3022,29/06/2024,,google,madrid,tarjeta
500868,4638,2024-06-28,,instagram,bilbao,tarjeta
500869,601,2024-07-16,1,email,Madrid,paypal
500870,2342,16 jul 2024,1,instagram,barcelona,tarjeta
500871,1945,03/07/2024,1,instagram,Zaragoza,tarjeta
500872,1283,2024-07-01,1,instagram,A Coruña,tarjeta
500873,3057,02/07/2024,1,google,Madrid,paypal
500874,3538,10/07/2024,1,directo,Sevilla,bizum
500875,3739,07/07/2024,1,directo,zaragoza,paypal
500876,72,2024-07-11,1,google,A Coruña,tarjeta
500877,810,13/07/2024,1,email,Zaragoza,tarjeta
500878,1614,2024-07-14,1,google,Zaragoza,paypal
500879,482,2024-07-18,1,instagram,MADRID,tarjeta
500880,4808,04/07/2024,1,directo,bilbao,paypal
500881,1739,2024-07-03,1,instagram,madrid,tarjeta
500882,3195,2024-07-08,1,google,MADRID,tarjeta
500883,4295,14/07/2024,1,directo,Madrid,tarjeta
500884,4669,2024-06-25,,directo,Valencia,bizum
500885,4850,15/07/2024,1,directo,lisboa,bizum
500886,1670,2024-07-09,1,instagram,a coruña,paypal
500887,901,14/07/2024,1,email,Sevilla,tarjeta
500888,2644,01/07/2024,1,instagram,Madrid,tarjeta
500889,4106,2024-07-17,1,email,A Coruña,tarjeta
500890,3266,2024-07-07,1,instagram,Madrid,paypal
500891,2335,03/07/2024,1,email,valencia,tarjeta
500892,921,10 jul 2024,1,instagram,VALENCIA,paypal
500893,4626,2024-07-13,1,google,Bilbao,tarjeta
500894,4916,2024-07-13,1,instagram,Málaga,tarjeta
500895,1743,2024-07-13,1,instagram,Barcelona,paypal
500896,1119,2024-07-03,1,google,Málaga,paypal
500897,2478,2024-06-27,,email,Málaga,paypal
500898,564,02/07/2024,1,google,málaga,bizum
500899,2218,15/07/2024,1,instagram,Lisboa,bizum
500900,2522,12/07/2024,1,google,Barcelona,tarjeta
500901,892,2024-07-10,1,instagram,Sevilla,bizum
500902,257,01/07/2024,1,instagram,Oporto,paypal
500903,1376,2024-07-08,1,instagram,Bilbao,paypal
500904,1546,2024-07-19,1,instagram,Lisboa,paypal
500905,4615,2024-07-02,1,email,barcelona,tarjeta
500906,429,2024-07-07,1,email,Barcelona,tarjeta
500907,1310,13/07/2024,1,google,Bilbao,bizum
500908,3562,28 jun 2024,,email,Madrid,bizum
500909,4079,2024-07-02,1,google,Zaragoza,bizum
500910,641,2024-07-11,1,google,Zaragoza,tarjeta
500911,100,2024-07-05,1,google,bilbao,tarjeta
500912,609,2024-07-02,1,directo,a coruña,tarjeta
500913,322,5 jul 2024,1,email,sevilla,bizum
500914,3764,02/07/2024,1,instagram,Zaragoza,paypal
500915,4452,2024-07-07,1,instagram,MADRID,tarjeta
500916,3370,2024-07-08,1,google,Bilbao,bizum
500917,1630,2 jul 2024,1,instagram,Madrid,bizum
500918,2007,2024-07-10,1,instagram,Madrid,tarjeta
500919,3816,29/06/2024,,directo,valencia,paypal
500920,147,14 jul 2024,1,email,Zaragoza,tarjeta
500921,316,2024-07-08,1,email,Barcelona,bizum
500922,2831,2024-07-09,1,google,Madrid,paypal
500923,1238,2024-07-01,1,instagram,BILBAO,tarjeta
500924,1364,13 jul 2024,1,instagram,Lisboa,bizum
500925,1829,2024-06-26,,instagram,lisboa,tarjeta
500926,4279,19/07/2024,1,email,BARCELONA,tarjeta
500927,4591,03/07/2024,1,instagram,BARCELONA,bizum
500928,1,2024-06-24,,email,sevilla,tarjeta
500929,1001,29 jun 2024,,instagram,Barcelona,bizum
500930,914,2024-07-14,1,google,MÁLAGA,paypal
500931,1530,2024-07-05,1,instagram,Lisboa,paypal
500932,2209,28/06/2024,,instagram,VALENCIA,tarjeta
500933,4392,2024-07-04,1,directo,Barcelona,tarjeta
500934,1829,17 jul 2024,1,instagram,A Coruña,tarjeta
500935,4173,2024-07-17,1,instagram,zaragoza,paypal
500936,4036,2024-07-06,1,instagram,Sevilla,tarjeta
500937,3451,02/07/2024,1,instagram,BARCELONA,bizum
500938,148,2024-07-18,1,google,Valencia,bizum
500939,1576,2 jul 2024,1,instagram,Madrid,tarjeta
500940,1462,02/07/2024,1,instagram,Valencia,bizum
500941,71,11 jul 2024,1,google,Lisboa,tarjeta
500942,1286,2024-07-06,1,google,zaragoza,tarjeta
500943,4023,25 jun 2024,,google,zaragoza,tarjeta
500944,531,2024-07-15,1,google,madrid,tarjeta
500945,2124,06/07/2024,1,directo,bilbao,paypal
500946,469,03/07/2024,1,instagram,Barcelona,tarjeta
500947,4293,10/07/2024,1,directo,A Coruña,paypal
500948,1175,24 jun 2024,,instagram,Madrid,paypal
500949,2198,2024-07-06,1,directo,Madrid,tarjeta
500950,4353,08/07/2024,1,directo,Valencia,tarjeta
500951,2587,15/07/2024,1,google,ZARAGOZA,tarjeta
500952,2523,2024-07-10,1,directo,BILBAO,bizum
500953,761,18 jul 2024,1,email,Madrid,tarjeta
500954,1194,2024-06-29,,google,MADRID,tarjeta
500955,372,2024-06-26,,email,BARCELONA,bizum
500956,3461,2024-07-17,1,instagram,Oporto,tarjeta
500957,4637,17/07/2024,1,instagram,Madrid,paypal
500958,2494,2024-07-13,1,email,Valencia,tarjeta
500959,4698,2024-07-07,1,google,VALENCIA,tarjeta
500960,1409,2024-07-11,1,instagram,málaga,tarjeta
500961,404,2024-07-06,1,google,oporto,paypal
500962,2007,16/07/2024,1,email,Madrid,tarjeta
500963,1691,2024-07-08,1,instagram,Barcelona,tarjeta
500964,1495,2024-07-03,1,google,a coruña,tarjeta
500965,3249,2024-07-04,1,directo,Madrid,bizum
500966,3858,2024-06-29,,email,Bilbao,tarjeta
500967,3610,2024-07-08,1,instagram,sevilla,paypal
500968,2081,2024-06-28,,directo,Barcelona,paypal
500969,483,2024-06-28,,google,Barcelona,tarjeta
500970,2007,2024-07-07,1,email,Madrid,tarjeta
500971,926,2024-07-13,1,instagram,Barcelona,tarjeta
500972,2227,2024-07-03,1,instagram,BILBAO,tarjeta
500973,3045,2024-07-01,1,instagram,Valencia,tarjeta
500974,913,18/07/2024,1,directo,Madrid,bizum
500975,1743,24/06/2024,,instagram,Sevilla,paypal
500976,2487,2024-07-10,1,google,Madrid,tarjeta
500977,2647,09/07/2024,1,directo,valencia,paypal
500978,3794,09/07/2024,1,directo,Madrid,bizum
500979,1310,2024-07-08,1,instagram,Madrid,tarjeta
500980,3124,2024-07-09,1,instagram,barcelona,bizum
500981,1957,26/06/2024,,directo,Madrid,tarjeta
500982,601,27 jun 2024,,directo,bilbao,tarjeta
500983,305,5 jul 2024,1,google,Barcelona,tarjeta
500984,4532,29 jun 2024,,directo,SEVILLA,bizum
500985,1630,2024-06-25,,instagram,Madrid,bizum
500986,1524,2024-07-12,1,email,Barcelona,paypal
500987,4583,11/07/2024,1,instagram,Bilbao,tarjeta
500988,2332,11/07/2024,1,google,Valencia,tarjeta
500989,3352,2024-06-30,,instagram,Barcelona,paypal
500990,1627,12 jul 2024,1,google,Barcelona,tarjeta
500991,3491,13/07/2024,1,instagram,Zaragoza,bizum
500992,3518,2024-07-13,1,instagram,Bilbao,paypal
500993,2165,08/07/2024,1,instagram,Barcelona,paypal
500994,3483,09/07/2024,1,instagram,Madrid,bizum
500995,1542,17/07/2024,1,email,Málaga,paypal
500996,913,2024-07-06,1,directo,Valencia,bizum
500997,283,2024-07-03,1,directo,BARCELONA,tarjeta
500998,3591,29/06/2024,,directo,Barcelona,bizum
500999,3878,2024-07-08,1,instagram,Zaragoza,tarjeta
501000,3162,08/07/2024,1,google,Valencia,tarjeta
501001,895,2024-07-07,1,directo,Barcelona,tarjeta
501002,786,2024-07-02,1,instagram,Madrid,tarjeta
501003,3307,2024-07-09,1,instagram,Zaragoza,tarjeta
501004,257,19/07/2024,1,email,Oporto,bizum
501005,1068,14/07/2024,1,email,Madrid,tarjeta
501006,3326,07/07/2024,1,google,Valencia,tarjeta
501007,4519,4 jul 2024,1,google,Zaragoza,bizum
501008,4383,2024-07-13,1,directo,A CORUÑA,paypal
501009,2218,2024-07-05,1,email,Valencia,paypal
501010,1973,2024-07-15,1,directo,madrid,bizum
501011,2781,2024-06-30,,instagram,A Coruña,paypal
501012,3328,2024-07-02,1,instagram,barcelona,paypal
501013,2565,09/07/2024,1,instagram,Valencia,tarjeta
501014,1462,06/07/2024,1,directo,Valencia,tarjeta
501015,3532,2024-07-09,1,instagram,Lisboa,tarjeta
501016,4415,12 jul 2024,1,email,Zaragoza,bizum
501017,3334,29/06/2024,,directo,A Coruña,tarjeta
501018,4002,04/07/2024,1,google,bilbao,paypal
501019,2529,2024-07-14,1,directo,Lisboa,tarjeta
501020,4383,01/07/2024,1,instagram,Bilbao,paypal
501021,3694,2024-07-09,1,google,Barcelona,bizum
501022,257,24 jun 2024,,email,Oporto,paypal
501023,613,13/07/2024,1,google,Oporto,paypal
501024,3531,14/07/2024,1,instagram,Lisboa,paypal
501025,322,06/07/2024,1,google,Madrid,tarjeta
501026,1872,10/07/2024,1,email,A Coruña,tarjeta
501027,4694,09/07/2024,1,directo,Barcelona,tarjeta
501028,4250,07/07/2024,1,instagram,Valencia,bizum
501029,4753,12/07/2024,1,instagram,sevilla,paypal
501030,3001,08/07/2024,1,instagram,Barcelona,tarjeta
501031,782,2024-07-15,1,instagram,Barcelona,bizum
501032,1285,08/07/2024,1,directo,MADRID,tarjeta
501033,4259,10/07/2024,1,instagram,Barcelona,tarjeta
501034,150,08/07/2024,1,email,Bilbao,tarjeta
501035,1776,12/07/2024,1,instagram,BARCELONA,bizum
501036,4892,12/07/2024,1,directo,MADRID,paypal
501037,1781,07/07/2024,1,email,Valencia,tarjeta
501038,4675,2024-07-14,1,google,Madrid,bizum
501039,3348,10 jul 2024,1,directo,valencia,bizum
501040,34,14/07/2024,1,directo,Málaga,paypal
501041,1005,2024-07-07,1,instagram,Madrid,tarjeta
501042,331,29/06/2024,,google,barcelona,tarjeta
501043,3893,2024-07-01,1,instagram,Valencia,tarjeta
501044,3425,2024-07-09,1,google,bilbao,tarjeta
501045,2245,09/07/2024,1,instagram,Bilbao,tarjeta
501046,1925,2024-06-30,,google,Zaragoza,tarjeta
501047,4831,2 jul 2024,1,instagram,A Coruña,paypal
501048,1217,28/06/2024,,email,Valencia,bizum
501049,2743,10/07/2024,1,google,Malaga,tarjeta
501050,3957,2024-07-16,1,email,BARCELONA,tarjeta
501051,417,2024-07-12,1,instagram,A Coruña,bizum
501052,522,18/07/2024,1,directo,Oporto,paypal
501053,1001,2024-07-04,1,google,BILBAO,paypal
501054,1555,2024-07-03,1,google,lisboa,paypal
501055,3085,08/07/2024,1,directo,A Coruña,tarjeta
501056,3963,13/07/2024,1,email,Valencia,tarjeta
501057,1698,02/07/2024,1,instagram,Sevilla,bizum
501058,2423,10/07/2024,1,directo,Bilbao,tarjeta
501059,4859,2024-07-07,1,instagram,Valencia,tarjeta
501060,4947,2024-07-10,1,google,Lisboa,tarjeta
501061,3922,9 jul 2024,1,instagram,Valencia,bizum
501062,2090,3 jul 2024,1,instagram,A Coruña,paypal
501063,1362,11/07/2024,1,google,Zaragoza,tarjeta
501064,4001,05/07/2024,1,email,Barcelona,tarjeta
501065,4014,2024-07-15,1,directo,Madrid,paypal
501066,3772,12 jul 2024,1,email,Madrid,tarjeta
501067,4521,2024-07-08,1,instagram,Barcelona,tarjeta
501068,570,6 jul 2024,1,directo,BARCELONA,bizum
501069,3425,14/07/2024,1,instagram,Sevilla,tarjeta
501070,4742,07/07/2024,1,directo,Barcelona,paypal
501071,4014,14/07/2024,1,instagram,Sevilla,bizum
501072,1100,2024-07-12,1,google,Oporto,tarjeta
501073,4671,2024-06-30,,email,Madrid,tarjeta
501074,4348,02/07/2024,1,instagram,Madrid,tarjeta
501075,1294,2024-07-02,1,google,SEVILLA,tarjeta
501076,4535,2024-07-11,1,email,MADRID,paypal
501077,1439,2024-07-05,1,directo,Barcelona,paypal
501078,3488,13/07/2024,1,instagram,BILBAO,bizum
501079,3384,2024-07-17,1,instagram,Sevilla,tarjeta
501080,4730,04/07/2024,1,instagram,Barcelona,tarjeta
501081,1751,24/06/2024,,google,Bilbao,tarjeta
501082,2167,01/07/2024,1,instagram,Bilbao,tarjeta
501083,1184,26/06/2024,,google,A CORUÑA,bizum
501084,1116,11/07/2024,1,google,MADRID,paypal
501085,2503,2024-06-30,,directo,BARCELONA,bizum
501086,3822,02/07/2024,1,directo,valencia,bizum
501087,949,25/06/2024,,google,Zaragoza,paypal
501088,3055,27/06/2024,,instagram,madrid,tarjeta
501089,1767,2024-07-13,1,email,Madrid,bizum
501090,2062,9 jul 2024,1,email,VALENCIA,tarjeta
501091,1990,12/07/2024,1,email,Malaga,tarjeta
501092,1203,2024-07-15,1,google,lisboa,bizum
501093,1539,2024-07-10,1,google,Barcelona,paypal
501094,1474,2024-07-08,1,directo,zaragoza,paypal
501095,4062,09/07/2024,1,instagram,Bilbao,paypal
501096,3949,24/06/2024,,instagram,barcelona,bizum
501097,1945,05/07/2024,1,instagram,Bilbao,bizum
501098,1567,2024-07-13,1,instagram,Oporto,paypal
501099,3760,13/07/2024,1,google,zaragoza,bizum
501100,485,2024-07-13,1,directo,Zaragoza,paypal
501101,1184,6 jul 2024,1,email,Oporto,tarjeta
501102,3851,10/07/2024,1,email,Madrid,paypal
501103,3389,30/06/2024,,google,barcelona,bizum
501104,4737,30/06/2024,,instagram,Madrid,bizum
501105,3732,2024-07-03,1,google,Málaga,tarjeta
501106,507,2024-06-30,,directo,oporto,tarjeta
501107,1299,7 jul 2024,1,email,zaragoza,tarjeta
501108,2678,09/07/2024,1,google,Madrid,tarjeta
501109,528,2024-07-14,1,instagram,Lisboa,tarjeta
501110,304,14 jul 2024,1,instagram,Valencia,tarjeta
501111,2758,07/07/2024,1,instagram,Sevilla,tarjeta
501112,2687,2024-07-16,1,directo,Valencia,tarjeta
501113,4963,2024-07-06,1,google,sevilla,paypal
501114,2517,2024-07-05,1,instagram,zaragoza,tarjeta
501115,692,17/07/2024,1,instagram,Zaragoza,tarjeta
501116,393,2024-07-03,1,instagram,Madrid,paypal
501117,4829,2024-07-09,1,directo,Barcelona,tarjeta
501118,3240,2024-07-11,1,email,Madrid,tarjeta
501119,690,2024-06-28,,instagram,Madrid,tarjeta
501120,3992,07/07/2024,1,instagram,A Coruña,tarjeta
501121,1953,2024-06-28,,email,Barcelona,bizum
501122,2500,2024-07-10,1,instagram,Lisboa,paypal
501123,2613,25/06/2024,,directo,A Coruña,tarjeta
501124,180,08/07/2024,1,google,Madrid,paypal
501125,2649,2024-07-09,1,instagram,A Coruña,paypal
501126,4507,2024-07-01,1,instagram,Madrid,paypal
501127,826,30/06/2024,,email,Madrid,tarjeta
501128,4671,2024-06-25,,email,A Coruña,tarjeta
501129,521,2024-07-03,1,instagram,Madrid,paypal
501130,1262,07/07/2024,1,directo,bilbao,tarjeta
501131,3028,2024-07-20,1,directo,Valencia,bizum
501132,530,2024-07-15,1,google,málaga,tarjeta
501133,329,09/07/2024,1,instagram,Barcelona,bizum
501134,346,06/07/2024,1,instagram,Valencia,bizum
501135,4022,3 jul 2024,1,google,Oporto,paypal
501136,4848,13 jul 2024,1,google,Bilbao,tarjeta
501137,3688,2024-06-27,,directo,Bilbao,tarjeta
501138,3888,6 jul 2024,1,email,Valencia,tarjeta
501139,3888,2024-07-05,1,email,Bilbao,paypal
501140,771,10/07/2024,1,instagram,Barcelona,tarjeta
501141,3538,13/07/2024,1,instagram,A CORUÑA,bizum
501142,2323,28/06/2024,,email,Madrid,bizum
501143,3492,2024-07-17,1,directo,bilbao,tarjeta
501144,1433,06/07/2024,1,google,Barcelona,tarjeta
501145,360,2024-07-14,1,directo,Málaga,tarjeta
501146,1338,2024-07-12,1,instagram,Barcelona,tarjeta
501147,2368,2024-07-13,1,google,A CORUÑA,tarjeta
501148,2371,09/07/2024,1,directo,Bilbao,paypal
501149,4866,18/07/2024,1,directo,Valencia,tarjeta
501150,1938,2024-07-14,1,google,Madrid,bizum
501151,4216,2024-06-27,,email,Lisboa,tarjeta
501152,2341,2024-07-11,1,directo,barcelona,tarjeta
501153,894,2024-07-03,1,google,MÁLAGA,tarjeta
501154,4004,7 jul 2024,1,email,BARCELONA,bizum
501155,1922,2024-07-10,1,directo,Bilbao,paypal
501156,528,14/07/2024,1,directo,BILBAO,tarjeta
501157,2305,2024-07-16,1,email,ZARAGOZA,tarjeta
501158,1175,2024-07-20,1,google,Lisboa,tarjeta
501159,4152,2024-07-05,1,email,barcelona,tarjeta
501160,4529,30 jun 2024,,email,valencia,tarjeta
501161,2284,24/06/2024,,email,Zaragoza,tarjeta
501162,1571,2024-07-09,1,directo,Barcelona,tarjeta
501163,2479,2024-07-05,1,google,Zaragoza,tarjeta
501164,3089,2024-06-26,,instagram,Madrid,bizum
501165,2423,2024-07-08,1,directo,Bilbao,bizum
501166,1961,02/07/2024,1,instagram,barcelona,tarjeta
501167,4723,2024-07-05,1,instagram,zaragoza,tarjeta
501168,1338,10/07/2024,1,google,Madrid,bizum
501169,698,2 jul 2024,1,directo,Zaragoza,tarjeta
501170,1627,02/07/2024,1,directo,Barcelona,paypal
501171,2528,2024-07-14,1,instagram,SEVILLA,tarjeta
501172,3899,2024-07-02,1,google,Lisboa,tarjeta
501173,772,28/06/2024,,instagram,madrid,paypal
501174,540,12 jul 2024,1,google,VALENCIA,bizum
501175,1943,11/07/2024,1,google,Barcelona,bizum
501176,222,06/07/2024,1,google,MADRID,tarjeta
501177,1865,7 jul 2024,1,google,barcelona,paypal
501178,1803,08/07/2024,1,directo,Madrid,tarjeta
501179,2587,2024-07-06,1,instagram,Oporto,paypal
501180,1327,29/06/2024,,google,Oporto,bizum
501181,2208,2024-06-27,,directo,barcelona,tarjeta
501182,1553,2024-06-30,,email,barcelona,tarjeta
501183,4286,2024-07-05,1,instagram,bilbao,tarjeta
501184,2898,17/07/2024,1,google,Zaragoza,bizum
501185,3732,2024-07-05,1,email,a coruña,tarjeta
501186,4606,04/07/2024,1,google,Valencia,paypal
501187,3949,2024-07-08,1,email,Sevilla,tarjeta
501188,4604,2024-07-07,1,instagram,A Coruña,tarjeta
501189,3582,15 jul 2024,1,google,barcelona,paypal
501190,44,06/07/2024,1,email,Madrid,tarjeta
501191,1491,2024-07-09,1,google,Barcelona,paypal
501192,4346,07/07/2024,1,google,Madrid,tarjeta
501193,867,2024-07-06,1,directo,lisboa,tarjeta
501194,4404,24/06/2024,,instagram,zaragoza,paypal
501195,2168,2024-07-08,1,instagram,Sevilla,paypal
501196,4289,2024-07-17,1,instagram,Barcelona,tarjeta
501197,2831,2024-07-15,1,email,Madrid,paypal
501198,1742,24 jun 2024,,instagram,Barcelona,bizum
501199,2367,4 jul 2024,1,google,Sevilla,tarjeta
501200,3935,14/07/2024,1,instagram,A Coruña,paypal
501201,3764,2024-07-11,1,directo,barcelona,bizum
501202,4507,2024-07-01,1,instagram,bilbao,paypal
501203,4916,13 jul 2024,1,email,Madrid,bizum
501204,1297,13 jul 2024,1,instagram,Madrid,paypal
501205,2315,2024-06-28,,directo,zaragoza,bizum
501206,4850,03/07/2024,1,google,Barcelona,tarjeta
501207,1053,2024-07-06,1,google,Sevilla,paypal
501208,1571,2024-07-05,1,directo,Barcelona,paypal
501209,384,12 jul 2024,1,directo,Sevilla,tarjeta
501210,1235,2024-07-16,1,directo,Madrid,tarjeta
501211,912,25/06/2024,,instagram,málaga,bizum
501212,2016,2024-07-11,1,instagram,Barcelona,tarjeta
501213,2597,2024-07-10,1,instagram,Barcelona,tarjeta
501214,4099,2024-07-14,1,email,Valencia,tarjeta
501215,3320,2 jul 2024,1,directo,A Coruña,tarjeta
501216,329,2024-07-11,1,directo,Sevilla,tarjeta
501217,2578,11 jul 2024,1,email,Zaragoza,paypal
501218,2350,2024-07-10,1,directo,Sevilla,tarjeta
501219,3840,25/06/2024,,instagram,Barcelona,tarjeta
501220,72,2024-07-10,1,google,Bilbao,tarjeta
501221,4626,2024-07-10,1,directo,Bilbao,tarjeta
501222,3795,2024-07-15,1,instagram,Lisboa,tarjeta
501223,1871,7 jul 2024,1,instagram,OPORTO,bizum
501224,3531,8 jul 2024,1,email,madrid,tarjeta
501225,2165,06/07/2024,1,email,Barcelona,tarjeta
501226,1728,5 jul 2024,1,google,BARCELONA,tarjeta
501227,4315,25/06/2024,,directo,barcelona,tarjeta
501228,2747,2024-07-11,1,google,Zaragoza,paypal
501229,4672,2024-07-10,1,google,Valencia,tarjeta
501230,3693,2024-07-15,1,instagram,valencia,paypal
501231,4716,9 jul 2024,1,google,barcelona,bizum
501232,1939,2024-07-04,1,instagram,VALENCIA,bizum
501233,4927,2024-06-26,,instagram,A Coruña,tarjeta
501234,3046,2024-07-06,1,instagram,Madrid,tarjeta
501235,4711,2024-06-30,,email,Lisboa,tarjeta
501236,4368,2024-07-09,1,email,Oporto,paypal
501237,1412,2024-07-02,1,google,Sevilla,paypal
501238,4092,15/07/2024,1,instagram,málaga,tarjeta
501239,2296,2024-07-07,1,email,Barcelona,tarjeta
501240,3238,5 jul 2024,1,instagram,Zaragoza,tarjeta
501241,782,2024-06-24,,email,sevilla,tarjeta
501242,3341,2024-07-15,1,directo,BARCELONA,bizum
501243,2705,03/07/2024,1,email,MADRID,tarjeta
501244,786,15/07/2024,1,email,Madrid,bizum
501245,2779,4 jul 2024,1,directo,Barcelona,tarjeta
501246,2293,07/07/2024,1,instagram,Bilbao,paypal
501247,2988,2024-07-05,1,google,Oporto,tarjeta
501248,3538,08/07/2024,1,directo,BARCELONA,tarjeta
501249,4564,2024-07-16,1,google,lisboa,bizum
501250,3433,2024-07-01,1,email,Barcelona,tarjeta
501251,2515,04/07/2024,1,instagram,Madrid,paypal
501252,3219,2024-07-07,1,email,Zaragoza,tarjeta
501253,2743,2024-07-15,1,instagram,Barcelona,paypal
501254,623,10/07/2024,1,directo,MADRID,tarjeta
501255,401,01/07/2024,1,google,Lisboa,paypal
501256,808,17/07/2024,1,email,Malaga,bizum
501257,2321,09/07/2024,1,email,Barcelona,bizum
501258,970,14/07/2024,1,instagram,Valencia,tarjeta
501259,1128,10 jul 2024,1,instagram,Oporto,paypal
501260,2150,02/07/2024,1,instagram,Sevilla,tarjeta
501261,4005,07/07/2024,1,directo,Barcelona,bizum
501262,3919,2024-07-12,1,instagram,LISBOA,paypal
501263,2273,2024-07-04,1,instagram,Madrid,bizum
501264,867,2024-07-01,1,instagram,LISBOA,paypal
501265,4002,07/07/2024,1,email,bilbao,paypal
501266,1862,2024-07-02,1,email,MADRID,paypal
501267,3358,2024-07-07,1,google,Barcelona,bizum
501268,1614,07/07/2024,1,google,OPORTO,tarjeta
501269,2344,2024-07-14,1,directo,barcelona,tarjeta
501270,1038,2024-07-17,1,directo,Barcelona,paypal
501271,3280,2024-07-09,1,instagram,Barcelona,bizum
501272,4043,2024-06-26,,directo,BILBAO,tarjeta
501273,4771,2024-07-05,1,directo,Barcelona,tarjeta
501274,3565,2024-07-16,1,directo,Bilbao,tarjeta
501275,770,2024-07-06,1,email,barcelona,paypal
501276,3589,8 jul 2024,1,instagram,BARCELONA,tarjeta
501277,2324,09/07/2024,1,instagram,Barcelona,tarjeta
501278,4287,07/07/2024,1,google,Valencia,tarjeta
501279,3633,29/06/2024,,instagram,bilbao,tarjeta
501280,1071,2024-07-11,1,instagram,Bilbao,tarjeta
501281,3479,2024-07-02,1,instagram,Sevilla,tarjeta
501282,384,2024-07-01,1,instagram,Valencia,paypal
501283,4785,15 jul 2024,1,instagram,A Coruña,tarjeta
501284,4362,2024-07-11,1,email,Lisboa,tarjeta
501285,3248,5 jul 2024,1,directo,Madrid,bizum
501286,4500,2024-06-24,,instagram,Bilbao,paypal
501287,4460,2024-07-04,1,instagram,Bilbao,tarjeta
501288,2760,2024-07-09,1,email,Lisboa,bizum
501289,3214,2024-07-02,1,directo,Madrid,paypal
501290,590,10/07/2024,1,directo,Madrid,paypal
501291,4383,12/07/2024,1,instagram,A CORUÑA,tarjeta
501292,4812,2024-06-26,,instagram,A Coruña,tarjeta
501293,191,2024-07-15,1,email,Madrid,tarjeta
501294,3682,06/07/2024,1,email,A Coruña,tarjeta
501295,3074,2024-06-27,,directo,MADRID,paypal
501296,4735,11/07/2024,1,directo,Sevilla,tarjeta
501297,1939,2024-07-06,1,email,Zaragoza,tarjeta
501298,4080,2024-07-13,1,instagram,lisboa,bizum
501299,4462,2024-07-08,1,google,A Coruña,bizum
501300,455,2024-06-26,,instagram,valencia,paypal
501301,6,2024-07-12,1,email,málaga,tarjeta
501302,1776,9 jul 2024,1,google,BARCELONA,paypal
501303,4033,07/07/2024,1,instagram,barcelona,tarjeta
501304,4955,2024-06-29,,google,A Coruña,tarjeta
501305,2245,2024-07-10,1,email,Bilbao,tarjeta
501306,1329,2024-07-09,1,instagram,Zaragoza,tarjeta
501307,4491,15/07/2024,1,google,Valencia,bizum
501308,516,2 jul 2024,1,instagram,Barcelona,tarjeta
501309,4742,09/07/2024,1,google,Barcelona,tarjeta
501310,3392,2024-07-17,1,instagram,barcelona,tarjeta
501311,3618,05/07/2024,1,directo,Sevilla,paypal
501312,1235,2024-07-14,1,google,Madrid,tarjeta
501313,4253,12/07/2024,1,instagram,Barcelona,tarjeta
501314,2808,2024-07-12,1,directo,Oporto,bizum
501315,3761,2024-07-13,1,instagram,A Coruña,tarjeta
501316,3144,05/07/2024,1,instagram,BARCELONA,tarjeta
501317,4435,2024-07-03,1,email,MADRID,paypal
501318,3687,16 jul 2024,1,instagram,valencia,paypal
501319,4501,5 jul 2024,1,google,Madrid,bizum
501320,2705,30 jun 2024,,instagram,MADRID,tarjeta
501321,4324,2024-07-19,1,instagram,Oporto,tarjeta
501322,3693,2024-07-15,1,instagram,valencia,paypal
501323,1743,2024-07-13,1,directo,Sevilla,tarjeta
501324,202,2024-07-05,1,google,Madrid,tarjeta
501325,3907,12/07/2024,1,google,Valencia,tarjeta
501326,4272,15/07/2024,1,instagram,A Coruña,bizum
501327,3262,2024-07-16,1,google,MÁLAGA,paypal
501328,590,24/06/2024,,google,Madrid,tarjeta
501329,3760,2024-07-03,1,instagram,zaragoza,tarjeta
501330,3144,06/07/2024,1,instagram,BARCELONA,paypal
501331,2816,2024-07-03,1,instagram,Sevilla,paypal
501332,2979,13/07/2024,1,directo,Oporto,bizum
501333,2705,2024-07-13,1,email,MADRID,tarjeta
501334,4553,08/07/2024,1,google,Bilbao,bizum
501335,2056,03/07/2024,1,email,oporto,bizum
501336,3249,12 jul 2024,1,directo,Madrid,paypal
501337,4022,30 jun 2024,,google,Oporto,paypal
501338,1865,1 jul 2024,1,google,barcelona,bizum
501339,4534,9 jul 2024,1,email,sevilla,tarjeta
501340,2480,2024-07-08,1,directo,Málaga,tarjeta
501341,3839,06/07/2024,1,instagram,Madrid,tarjeta
501342,641,2024-07-15,1,google,Lisboa,tarjeta
501343,526,2024-07-08,1,email,Malaga,bizum
501344,4316,2024-07-09,1,google,BILBAO,bizum
501345,4718,2024-07-07,1,instagram,Málaga,tarjeta
501346,3441,17 jul 2024,1,directo,Zaragoza,paypal
501347,90,2024-07-07,1,email,Bilbao,paypal
501348,3793,2024-07-15,1,google,MADRID,paypal
501349,2647,2024-07-03,1,email,valencia,bizum
501350,1212,02/07/2024,1,instagram,sevilla,tarjeta
501351,1230,07/07/2024,1,directo,lisboa,paypal
501352,3950,2024-07-08,1,google,Barcelona,bizum
501353,3181,30/06/2024,,google,madrid,tarjeta
501354,476,09/07/2024,1,directo,Zaragoza,bizum
501355,1958,2024-07-10,1,directo,Oporto,bizum
501356,4315,25 jun 2024,,email,SEVILLA,bizum
501357,417,2024-07-10,1,directo,Bilbao,tarjeta
501358,3997,16 jul 2024,1,email,zaragoza,tarjeta
501359,1614,05/07/2024,1,email,Málaga,tarjeta
501360,3055,09/07/2024,1,instagram,Madrid,tarjeta
501361,4585,2024-07-15,1,email,Valencia,bizum
501362,1498,2024-07-10,1,email,Sevilla,bizum
501363,3631,2024-06-24,,email,Barcelona,bizum
501364,3318,08/07/2024,1,google,A Coruña,paypal
501365,1611,10 jul 2024,1,instagram,A Coruña,tarjeta
501366,664,2024-07-18,1,instagram,Lisboa,paypal
501367,697,2024-07-07,1,email,barcelona,paypal
501368,4079,12 jul 2024,1,email,barcelona,tarjeta
501369,636,13/07/2024,1,google,SEVILLA,paypal
501370,2029,11/07/2024,1,directo,Oporto,tarjeta
501371,3752,2024-06-27,,email,Bilbao,tarjeta
501372,793,2024-07-16,1,directo,Zaragoza,tarjeta
501373,3903,2024-07-15,1,google,Bilbao,tarjeta
501374,291,5 jul 2024,1,email,Valencia,tarjeta
501375,4588,2024-06-27,,instagram,Madrid,paypal
501376,3960,2024-07-06,1,instagram,Madrid,tarjeta
501377,4671,14/07/2024,1,instagram,Bilbao,tarjeta
501378,1409,2024-07-08,1,instagram,Oporto,tarjeta
501379,3884,07/07/2024,1,email,zaragoza,bizum
501380,2457,2024-06-26,,instagram,Sevilla,tarjeta
501381,1495,01/07/2024,1,directo,Málaga,bizum
501382,4464,5 jul 2024,1,google,SEVILLA,tarjeta
501383,3681,2024-07-18,1,instagram,Sevilla,paypal
501384,2082,9 jul 2024,1,directo,Barcelona,tarjeta
501385,618,2024-07-10,1,instagram,A Coruña,tarjeta
501386,874,25/06/2024,,google,Málaga,tarjeta
501387,3985,12/07/2024,1,instagram,Lisboa,paypal
501388,4101,2024-07-07,1,instagram,Sevilla,bizum
501389,3851,12/07/2024,1,google,Madrid,tarjeta
501390,899,2024-07-05,1,google,Malaga,bizum
501391,65,2024-07-12,1,email,Madrid,tarjeta
501392,2968,3 jul 2024,1,instagram,VALENCIA,tarjeta
501393,2649,2024-07-05,1,instagram,Málaga,bizum
501394,1980,29/06/2024,,directo,Lisboa,bizum
501395,4626,04/07/2024,1,instagram,Bilbao,tarjeta
501396,212,2024-07-13,1,instagram,Valencia,paypal
501397,2296,09/07/2024,1,instagram,Barcelona,tarjeta
501398,4426,03/07/2024,1,instagram,Sevilla,paypal
501399,4710,29 jun 2024,,directo,Sevilla,tarjeta
501400,853,7 jul 2024,1,google,Barcelona,tarjeta
501401,1414,2024-07-07,1,instagram,lisboa,tarjeta
501402,3888,27 jun 2024,,email,Valencia,bizum
501403,2682,6 jul 2024,1,instagram,Madrid,tarjeta
501404,3752,2024-07-12,1,instagram,Bilbao,bizum
501405,768,30/06/2024,,instagram,Lisboa,paypal
501406,2081,2024-07-05,1,instagram,Zaragoza,bizum
501407,1390,07/07/2024,1,instagram,Barcelona,paypal
501408,1427,2024-07-02,1,instagram,Sevilla,bizum
501409,2522,3 jul 2024,1,instagram,Barcelona,paypal
501410,3732,2024-07-12,1,instagram,sevilla,paypal
501411,3617,2024-06-29,,email,Málaga,tarjeta
501412,3764,2024-07-18,1,google,Zaragoza,bizum
501413,4501,2024-07-02,1,directo,A Coruña,bizum
501414,4636,08/07/2024,1,instagram,Sevilla,tarjeta
501415,1039,8 jul 2024,1,instagram,Valencia,bizum
501416,4305,08/07/2024,1,google,A Coruña,tarjeta
501417,404,03/07/2024,1,directo,Valencia,tarjeta
501418,4324,2024-07-15,1,email,Oporto,tarjeta
501419,2836,2024-06-29,,google,Lisboa,tarjeta
501420,2743,30/06/2024,,google,Sevilla,tarjeta
501421,4906,11 jul 2024,1,directo,Oporto,bizum
501422,890,06/07/2024,1,directo,Lisboa,tarjeta
501423,2760,2024-07-10,1,email,sevilla,tarjeta
501424,147,10/07/2024,1,directo,Zaragoza,tarjeta
501425,3497,2024-07-20,1,google,Zaragoza,tarjeta
501426,660,2024-06-28,,directo,A CORUÑA,tarjeta
501427,3708,15 jul 2024,1,directo,Madrid,tarjeta
501428,3038,2024-06-26,,google,oporto,tarjeta
501429,3124,2024-07-16,1,directo,barcelona,bizum
501430,504,2024-07-06,1,instagram,Madrid,paypal
501431,970,2024-06-25,,google,Sevilla,paypal
501432,2203,2024-07-04,1,directo,Valencia,tarjeta
501433,3011,2024-07-03,1,instagram,Madrid,bizum
501434,4588,2024-07-10,1,instagram,Madrid,tarjeta
501435,4625,2024-07-11,1,instagram,Bilbao,bizum
501436,2718,2024-07-10,1,instagram,lisboa,bizum
501437,1781,2024-07-04,1,email,Barcelona,tarjeta
501438,3515,2024-07-17,1,google,Madrid,bizum
501439,4228,2024-07-10,1,email,bilbao,tarjeta
501440,3011,2024-07-12,1,google,Madrid,paypal
501441,1900,2024-06-28,,instagram,Barcelona,bizum
501442,1577,2024-07-16,1,google,Málaga,tarjeta
501443,4092,11/07/2024,1,google,Sevilla,bizum
501444,1279,19/07/2024,1,instagram,A CORUÑA,paypal
501445,3970,2024-07-14,1,google,Barcelona,tarjeta
501446,4295,2024-07-14,1,instagram,Madrid,paypal
501447,6,13 jul 2024,1,instagram,Bilbao,paypal
501448,2920,04/07/2024,1,email,Sevilla,bizum
501449,1814,07/07/2024,1,instagram,Barcelona,paypal
501450,4295,2024-07-05,1,directo,Madrid,tarjeta
501451,3764,7 jul 2024,1,instagram,Zaragoza,paypal
501452,2675,2024-07-04,1,email,sevilla,tarjeta
501453,3358,26 jun 2024,,email,Lisboa,tarjeta
501454,1961,15/07/2024,1,directo,Valencia,tarjeta
501455,2871,2024-07-02,1,instagram,Bilbao,tarjeta
501456,4669,11 jul 2024,1,instagram,Valencia,tarjeta
501457,866,2024-07-12,1,directo,Málaga,tarjeta
501458,2623,03/07/2024,1,google,Madrid,bizum
501459,4182,2024-07-16,1,google,Zaragoza,tarjeta
501460,257,8 jul 2024,1,google,Zaragoza,paypal
501461,3172,2024-07-13,1,instagram,Sevilla,tarjeta
501462,1217,2024-07-01,1,google,Valencia,tarjeta
501463,124,17/07/2024,1,directo,SEVILLA,paypal
501464,2029,2024-06-28,,google,Malaga,tarjeta
501465,2043,2024-07-14,1,instagram,Malaga,paypal
501466,108,11 jul 2024,1,email,zaragoza,tarjeta
501467,681,07/07/2024,1,directo,Lisboa,paypal
501468,4822,2024-07-03,1,email,Madrid,bizum
501469,1296,2024-07-05,1,directo,Madrid,tarjeta
501470,4017,9 jul 2024,1,instagram,Lisboa,tarjeta
501471,2482,2024-07-02,1,instagram,Madrid,tarjeta
501472,4023,05/07/2024,1,google,MADRID,tarjeta
501473,2625,17/07/2024,1,instagram,MÁLAGA,paypal
501474,4076,2024-07-07,1,instagram,valencia,tarjeta
501475,810,2024-06-26,,email,Zaragoza,paypal
501476,1925,06/07/2024,1,google,ZARAGOZA,tarjeta
501477,3473,26/06/2024,,directo,BILBAO,tarjeta
501478,1258,18 jul 2024,1,google,Oporto,bizum
501479,3688,2024-07-02,1,google,A Coruña,tarjeta
501480,3810,09/07/2024,1,instagram,Zaragoza,tarjeta
501481,614,28/06/2024,,instagram,Madrid,tarjeta
501482,2643,2024-06-29,,email,Lisboa,tarjeta
501483,793,2024-07-15,1,instagram,Sevilla,bizum
501484,4380,24/06/2024,,instagram,Madrid,tarjeta
501485,290,2024-07-13,1,google,Madrid,tarjeta
501486,3363,7 jul 2024,1,google,Lisboa,bizum
501487,1230,06/07/2024,1,directo,bilbao,tarjeta
501488,3679,5 jul 2024,1,directo,Sevilla,bizum
501489,110,15/07/2024,1,email,Malaga,bizum
501490,2129,09/07/2024,1,google,Madrid,paypal
501491,3858,2024-07-08,1,email,sevilla,paypal
501492,2385,2024-07-04,1,instagram,BARCELONA,tarjeta
501493,1599,17 jul 2024,1,google,sevilla,tarjeta
501494,2523,4 jul 2024,1,google,barcelona,tarjeta
501495,964,2024-07-11,1,directo,Sevilla,paypal
501496,2055,13/07/2024,1,google,SEVILLA,bizum
501497,3274,2024-07-09,1,directo,málaga,paypal
501498,3039,2024-07-13,1,directo,Valencia,bizum
501499,3087,16 jul 2024,1,instagram,Zaragoza,paypal
501500,713,2024-07-07,1,directo,Oporto,tarjeta
501501,4642,10 jul 2024,1,email,Malaga,paypal
501502,2528,2024-07-18,1,google,A Coruña,tarjeta
501503,4387,2024-07-12,1,email,Madrid,tarjeta
501504,4668,2 jul 2024,1,email,Madrid,paypal
501505,4169,15 jul 2024,1,email,Madrid,bizum
501506,3343,2024-07-08,1,google,Sevilla,tarjeta
501507,1524,2024-07-05,1,instagram,Madrid,tarjeta
501508,3267,14/07/2024,1,instagram,Lisboa,paypal
501509,427,15 jul 2024,1,instagram,Oporto,paypal
501510,4606,2024-07-09,1,instagram,Valencia,tarjeta
501511,3731,2024-06-24,,directo,Sevilla,paypal
501512,1511,24/06/2024,,email,Valencia,tarjeta
501513,2900,14/07/2024,1,directo,LISBOA,bizum
501514,2192,26/06/2024,,instagram,Madrid,paypal
501515,1358,03/07/2024,1,directo,bilbao,tarjeta
501516,4871,30/06/2024,,email,valencia,tarjeta
501517,4626,2024-07-09,1,instagram,Valencia,tarjeta
501518,3164,05/07/2024,1,instagram,bilbao,bizum
501519,904,2024-06-30,,instagram,Madrid,tarjeta
501520,3452,13 jul 2024,1,instagram,málaga,bizum
501521,4833,2024-07-11,1,instagram,Zaragoza,paypal
501522,4970,08/07/2024,1,directo,A Coruña,tarjeta
501523,1776,06/07/2024,1,email,BARCELONA,tarjeta
501524,4333,2024-07-12,1,instagram,Madrid,paypal
501525,2288,18 jul 2024,1,directo,madrid,tarjeta
501526,1284,9 jul 2024,1,email,Oporto,paypal
501527,421,2024-07-07,1,email,Valencia,tarjeta
501528,4373,2024-07-06,1,instagram,barcelona,tarjeta
501529,753,2024-06-25,,google,Lisboa,tarjeta
501530,2718,4 jul 2024,1,google,málaga,paypal
501531,4581,2024-07-13,1,instagram,barcelona,tarjeta
501532,1712,6 jul 2024,1,instagram,Madrid,bizum
501533,4099,06/07/2024,1,directo,Valencia,tarjeta
501534,3473,09/07/2024,1,instagram,Oporto,tarjeta
501535,771,06/07/2024,1,google,Barcelona,tarjeta
501536,799,27/06/2024,,instagram,Madrid,paypal
501537,3759,2024-07-18,1,email,SEVILLA,paypal
501538,1100,19 jul 2024,1,instagram,Oporto,bizum
501539,1905,2024-06-27,,instagram,Barcelona,tarjeta
501540,3280,06/07/2024,1,directo,oporto,tarjeta
501541,3532,2024-07-05,1,instagram,Lisboa,tarjeta
501542,4446,9 jul 2024,1,directo,Bilbao,paypal
501543,4903,11 jul 2024,1,google,Bilbao,paypal
501544,3352,07/07/2024,1,email,Barcelona,bizum
501545,3214,2024-07-08,1,google,zaragoza,bizum
501546,4600,2024-07-14,1,instagram,Lisboa,paypal
501547,4169,2024-07-12,1,instagram,Madrid,tarjeta
501548,4106,2 jul 2024,1,instagram,MÁLAGA,paypal
501549,3938,03/07/2024,1,google,Valencia,bizum
501550,1544,14/07/2024,1,google,Madrid,bizum
501551,843,12/07/2024,1,instagram,Madrid,paypal
501552,1261,2024-07-08,1,google,Zaragoza,tarjeta
501553,193,06/07/2024,1,instagram,Madrid,tarjeta
501554,3183,10 jul 2024,1,google,Oporto,tarjeta
501555,2751,2024-06-25,,email,Oporto,paypal
501556,1749,04/07/2024,1,instagram,Bilbao,tarjeta
501557,1922,2024-06-29,,instagram,barcelona,bizum
501558,1883,5 jul 2024,1,email,Sevilla,tarjeta
501559,3414,17 jul 2024,1,google,Valencia,bizum
501560,517,2024-07-09,1,email,málaga,tarjeta
501561,2314,2024-07-03,1,instagram,Sevilla,bizum
501562,2656,16/07/2024,1,google,Valencia,paypal
501563,3796,2024-07-12,1,instagram,Barcelona,tarjeta
501564,1728,2024-07-09,1,instagram,málaga,bizum
501565,633,07/07/2024,1,directo,Málaga,bizum
501566,1338,15/07/2024,1,directo,Zaragoza,tarjeta
501567,2926,14/07/2024,1,directo,Valencia,tarjeta
501568,2357,2024-07-10,1,google,Madrid,tarjeta
501569,1468,2024-07-10,1,email,Zaragoza,paypal
501570,2288,30/06/2024,,email,madrid,paypal
501571,4088,2024-07-11,1,directo,Valencia,tarjeta
501572,4643,2024-07-04,1,instagram,Málaga,tarjeta
501573,1581,8 jul 2024,1,google,barcelona,tarjeta
501574,2647,02/07/2024,1,directo,valencia,paypal
501575,422,11/07/2024,1,instagram,Barcelona,bizum
501576,1661,10/07/2024,1,email,BARCELONA,tarjeta
501577,1463,2024-07-09,1,directo,Lisboa,tarjeta
501578,386,2024-07-12,1,google,Madrid,tarjeta
501579,3074,04/07/2024,1,instagram,Bilbao,bizum
501580,882,18/07/2024,1,email,barcelona,tarjeta
501581,1692,2024-07-13,1,google,A Coruña,tarjeta
501582,3248,2024-07-13,1,instagram,málaga,paypal
501583,290,2024-07-16,1,google,Madrid,bizum
501584,874,2024-07-05,1,directo,Lisboa,paypal
501585,3969,04/07/2024,1,instagram,Bilbao,paypal
501586,100,2024-07-02,1,email,Oporto,bizum
501587,1283,2024-06-29,,google,BARCELONA,tarjeta
501588,2643,4 jul 2024,1,directo,VALENCIA,paypal
501589,1544,2024-07-02,1,google,Madrid,paypal
501590,2536,06/07/2024,1,google,Lisboa,bizum
501591,4332,02/07/2024,1,email,Zaragoza,tarjeta
501592,3718,2024-07-11,1,instagram,Sevilla,tarjeta
501593,1349,28 jun 2024,,google,barcelona,tarjeta
501594,1511,04/07/2024,1,instagram,OPORTO,tarjeta
501595,2051,2024-07-11,1,google,Madrid,tarjeta
501596,4703,12 jul 2024,1,directo,madrid,tarjeta
501597,4170,2024-07-12,1,instagram,Bilbao,tarjeta
501598,3780,04/07/2024,1,email,Madrid,paypal
501599,1219,2024-07-11,1,google,valencia,paypal
501600,2332,2024-07-13,1,instagram,Valencia,paypal
501601,2728,2024-07-15,1,directo,Barcelona,tarjeta
501602,49,2024-07-12,1,google,barcelona,paypal
501603,1332,4 jul 2024,1,instagram,Madrid,tarjeta
501604,3409,30 jun 2024,,google,Valencia,paypal
501605,3679,2024-07-11,1,instagram,Madrid,bizum
501606,4720,08/07/2024,1,google,barcelona,tarjeta
501607,1850,16/07/2024,1,instagram,Bilbao,paypal
501608,521,2024-07-08,1,instagram,Madrid,paypal
501609,363,2024-07-09,1,directo,Madrid,tarjeta
501610,431,04/07/2024,1,instagram,málaga,tarjeta
501611,2898,2024-07-06,1,directo,A Coruña,bizum
501612,4365,2024-07-04,1,google,VALENCIA,paypal
501613,4017,15/07/2024,1,instagram,Zaragoza,bizum
501614,4625,14 jul 2024,1,email,Bilbao,tarjeta
501615,4373,2024-06-24,,directo,madrid,paypal
501616,3112,2024-07-06,1,google,Bilbao,tarjeta
501617,2105,2024-07-03,1,email,BILBAO,bizum
501618,4438,2024-07-12,1,email,Barcelona,paypal
501619,3582,2024-07-11,1,email,Barcelona,tarjeta
501620,3688,2024-07-07,1,google,Málaga,bizum
501621,3414,2024-06-28,,directo,BILBAO,tarjeta
501622,2975,07/07/2024,1,email,valencia,tarjeta
501623,2955,06/07/2024,1,directo,sevilla,tarjeta
501624,3760,2024-07-06,1,instagram,Madrid,tarjeta
501625,1392,08/07/2024,1,instagram,LISBOA,tarjeta
501626,4623,2024-07-11,1,directo,a coruña,paypal
501627,1418,10 jul 2024,1,email,Barcelona,paypal
501628,1217,07/07/2024,1,instagram,MADRID,bizum
501629,3001,24 jun 2024,,google,lisboa,tarjeta
501630,1518,2024-07-08,1,instagram,MADRID,tarjeta
501631,4348,09/07/2024,1,directo,Sevilla,paypal
501632,4589,06/07/2024,1,email,Lisboa,paypal
501633,283,03/07/2024,1,instagram,BARCELONA,paypal
501634,1303,8 jul 2024,1,directo,BARCELONA,tarjeta
501635,2734,2024-07-04,1,instagram,A Coruña,paypal
501636,3780,2024-06-29,,google,Lisboa,tarjeta
501637,1193,2024-06-30,,instagram,Barcelona,bizum
501638,3283,2024-07-15,1,instagram,Madrid,bizum
501639,3291,2024-07-13,1,google,LISBOA,tarjeta
501640,3997,2024-07-02,1,directo,zaragoza,tarjeta
501641,1599,18 jul 2024,1,directo,Barcelona,tarjeta
501642,417,14/07/2024,1,instagram,Zaragoza,paypal
501643,655,2024-07-07,1,directo,Barcelona,tarjeta
501644,613,2024-07-13,1,google,A Coruña,paypal
501645,3696,2024-07-07,1,email,Zaragoza,paypal
501646,3679,2024-07-20,1,google,sevilla,tarjeta
501647,2528,2024-07-08,1,instagram,SEVILLA,paypal
501648,2161,2024-07-02,1,directo,Málaga,paypal
501649,4548,03/07/2024,1,instagram,Bilbao,tarjeta
501650,831,09/07/2024,1,email,madrid,paypal
501651,1433,30/06/2024,,google,málaga,bizum
501652,2694,2024-06-28,,instagram,VALENCIA,tarjeta
501653,3752,2024-06-24,,instagram,Sevilla,tarjeta
501654,1230,14/07/2024,1,instagram,Valencia,tarjeta
501655,3352,2024-07-10,1,instagram,Barcelona,paypal
501656,955,13/07/2024,1,instagram,Barcelona,tarjeta
501657,2968,2024-07-10,1,google,VALENCIA,tarjeta
501658,3210,18 jul 2024,1,google,oporto,bizum
501659,1957,2024-07-03,1,email,valencia,bizum
501660,3488,2024-06-28,,directo,barcelona,tarjeta
501661,1299,2024-07-15,1,directo,Zaragoza,tarjeta
501662,2649,25/06/2024,,instagram,Barcelona,tarjeta
501663,1977,25/06/2024,,google,Sevilla,bizum
501664,810,09/07/2024,1,instagram,Zaragoza,tarjeta
501665,2185,2024-07-11,1,directo,Bilbao,bizum
501666,329,01/07/2024,1,instagram,Valencia,bizum
501667,3358,07/07/2024,1,email,Barcelona,tarjeta
501668,629,16/07/2024,1,email,Madrid,paypal
501669,372,06/07/2024,1,google,Barcelona,bizum
501670,3681,05/07/2024,1,instagram,Sevilla,bizum
501671,2942,2024-07-17,1,directo,Bilbao,tarjeta
501672,1895,06/07/2024,1,email,Zaragoza,tarjeta
501673,2810,2024-07-10,1,email,Bilbao,paypal
501674,117,2024-07-05,1,instagram,Lisboa,paypal
501675,1480,12/07/2024,1,google,Zaragoza,tarjeta
501676,3508,2024-07-02,1,google,Bilbao,tarjeta
501677,1392,2024-06-29,,instagram,LISBOA,tarjeta
501678,3350,2024-07-09,1,directo,Sevilla,bizum
501679,3687,2024-07-09,1,email,valencia,paypal
501680,3205,29/06/2024,,instagram,lisboa,tarjeta
501681,2623,9 jul 2024,1,email,Barcelona,tarjeta
501682,4742,2024-06-25,,google,Barcelona,tarjeta
501683,372,2024-07-09,1,directo,BARCELONA,bizum
501684,2860,6 jul 2024,1,instagram,Valencia,paypal
501685,2901,09/07/2024,1,email,VALENCIA,tarjeta
501686,2104,2024-07-07,1,directo,Barcelona,tarjeta
501687,3377,04/07/2024,1,email,Málaga,tarjeta
501688,737,19 jul 2024,1,google,oporto,tarjeta
501689,2055,2024-07-11,1,directo,Zaragoza,bizum
501690,2934,2024-06-24,,google,SEVILLA,bizum
501691,2434,2024-07-17,1,directo,zaragoza,paypal
501692,2836,10/07/2024,1,instagram,Málaga,paypal
501693,3103,05/07/2024,1,google,Madrid,paypal
501694,4426,2024-07-13,1,email,Madrid,tarjeta
501695,1709,17 jul 2024,1,instagram,Oporto,tarjeta
501696,890,07/07/2024,1,directo,Lisboa,paypal
501697,1743,3 jul 2024,1,email,Sevilla,bizum
501698,4415,2024-06-26,,google,Zaragoza,bizum
501699,2092,2024-07-13,1,instagram,lisboa,tarjeta
501700,4576,2024-07-07,1,instagram,Madrid,tarjeta
501701,2954,29 jun 2024,,google,Barcelona,bizum
501702,3901,02/07/2024,1,google,Sevilla,tarjeta
501703,4054,18/07/2024,1,instagram,Oporto,tarjeta
501704,326,24/06/2024,,email,málaga,tarjeta
501705,667,2024-07-12,1,instagram,madrid,bizum
501706,1139,25 jun 2024,,email,Málaga,tarjeta
501707,4076,2024-07-14,1,instagram,BILBAO,tarjeta
501708,874,2024-07-07,1,instagram,Lisboa,tarjeta
501709,2521,12/07/2024,1,google,Madrid,tarjeta
501710,2000,09/07/2024,1,email,Sevilla,paypal
501711,239,2024-07-10,1,email,Barcelona,paypal
501712,2941,26/06/2024,,email,Sevilla,paypal
501713,2344,2024-06-26,,directo,barcelona,bizum
501714,3124,05/07/2024,1,instagram,málaga,bizum
501715,2678,2024-07-04,1,instagram,Madrid,paypal
501716,629,24/06/2024,,directo,Madrid,tarjeta
501717,4303,2024-06-27,,email,Valencia,bizum
501718,1382,2024-06-25,,email,Bilbao,tarjeta
501719,4322,16/07/2024,1,email,Oporto,paypal
501720,1796,28/06/2024,,email,Lisboa,tarjeta
501721,259,2024-07-05,1,instagram,Sevilla,tarjeta
501722,341,2024-07-10,1,directo,Madrid,paypal
501723,3897,2024-07-11,1,google,Madrid,bizum
501724,3531,2024-07-12,1,google,madrid,paypal
501725,2390,2024-07-04,1,email,Barcelona,paypal
501726,2836,2024-07-03,1,instagram,A Coruña,tarjeta
501727,4303,2024-07-09,1,directo,Málaga,tarjeta
501728,1170,2024-07-03,1,google,Zaragoza,tarjeta
501729,2860,07/07/2024,1,email,A CORUÑA,bizum
501730,3877,2024-07-04,1,instagram,Madrid,tarjeta
501731,540,2024-07-14,1,email,VALENCIA,tarjeta
501732,3558,08/07/2024,1,instagram,Zaragoza,tarjeta
501733,2485,2024-07-10,1,instagram,BARCELONA,tarjeta
501734,2261,04/07/2024,1,email,A Coruña,tarjeta
501735,4392,05/07/2024,1,directo,Lisboa,bizum
501736,1423,8 jul 2024,1,email,BARCELONA,paypal
501737,2175,09/07/2024,1,google,sevilla,tarjeta
501738,1480,1 jul 2024,1,instagram,Madrid,tarjeta
501739,2371,10/07/2024,1,instagram,bilbao,tarjeta
501740,1212,2024-07-13,1,email,sevilla,tarjeta
501741,17,14 jul 2024,1,directo,Madrid,tarjeta
501742,1814,2024-07-13,1,directo,Valencia,bizum
501743,2857,2024-07-07,1,google,Barcelona,tarjeta
501744,3568,2024-07-01,1,instagram,Barcelona,bizum
501745,2785,15/07/2024,1,email,Málaga,tarjeta
501746,1544,2024-07-04,1,google,Madrid,bizum
501747,4160,2024-07-04,1,google,Barcelona,tarjeta
501748,1173,15/07/2024,1,instagram,Zaragoza,bizum
501749,1179,13 jul 2024,1,google,málaga,tarjeta
501750,2799,09/07/2024,1,instagram,Lisboa,tarjeta
501751,4859,2024-07-11,1,email,Valencia,paypal
501752,308,06/07/2024,1,directo,sevilla,tarjeta
501753,3185,12/07/2024,1,instagram,Barcelona,paypal
501754,3074,16/07/2024,1,google,oporto,tarjeta
501755,1871,2024-07-07,1,google,barcelona,paypal
501756,1852,2024-07-02,1,email,Madrid,tarjeta
501757,1073,2024-07-10,1,directo,Barcelona,paypal
501758,3094,2024-07-12,1,email,ZARAGOZA,paypal
501759,3517,14 jul 2024,1,instagram,Lisboa,paypal
501760,2719,2024-07-17,1,google,Sevilla,tarjeta
501761,2781,07/07/2024,1,directo,Sevilla,bizum
501762,3744,2024-06-29,,directo,Madrid,tarjeta
501763,1872,2024-07-16,1,instagram,Barcelona,tarjeta
501764,976,2024-07-13,1,instagram,Oporto,bizum
501765,4761,2024-07-11,1,directo,Barcelona,tarjeta
501766,3481,02/07/2024,1,instagram,Sevilla,tarjeta
501767,4757,2024-06-28,,instagram,Madrid,paypal
501768,2935,2024-07-09,1,instagram,barcelona,tarjeta
501769,3788,2024-07-06,1,google,Zaragoza,tarjeta
501770,912,2024-07-15,1,email,málaga,paypal
501771,3007,2024-07-15,1,instagram,a coruña,tarjeta
501772,2779,16/07/2024,1,instagram,oporto,paypal
501773,1123,09/07/2024,1,instagram,oporto,paypal
501774,727,2024-07-05,1,email,MADRID,paypal
501775,1499,2024-07-15,1,google,Oporto,bizum
501776,1409,13 jul 2024,1,google,Oporto,paypal
501777,1033,06/07/2024,1,google,MADRID,paypal
501778,1814,2024-07-13,1,google,Sevilla,tarjeta
501779,390,10 jul 2024,1,google,Sevilla,tarjeta
501780,4757,2024-07-06,1,instagram,Madrid,bizum
501781,1789,2024-06-28,,instagram,lisboa,bizum
501782,3359,15/07/2024,1,email,Valencia,tarjeta
501783,4247,09/07/2024,1,email,valencia,tarjeta
501784,2721,2024-07-19,1,instagram,Barcelona,paypal
501785,3350,2024-07-07,1,email,Sevilla,tarjeta
501786,4606,2024-07-14,1,directo,Zaragoza,paypal
501787,3816,2024-07-12,1,google,málaga,paypal
501788,4851,05/07/2024,1,google,Lisboa,tarjeta
501789,4160,2024-07-07,1,google,Barcelona,tarjeta
501790,3350,2024-07-08,1,google,Sevilla,tarjeta
501791,322,2024-07-09,1,google,Madrid,bizum
501792,4866,30 jun 2024,,google,A Coruña,bizum
501793,4523,04/07/2024,1,google,Madrid,tarjeta
501794,2866,05/07/2024,1,instagram,valencia,bizum
501795,4099,5 jul 2024,1,email,Valencia,paypal
501796,628,2024-07-17,1,instagram,bilbao,tarjeta
501797,3194,2024-07-03,1,email,Barcelona,tarjeta
501798,2857,2024-07-10,1,instagram,Zaragoza,tarjeta
501799,1217,2024-07-07,1,google,Valencia,paypal
501800,1973,08/07/2024,1,instagram,sevilla,paypal
501801,4859,2024-07-12,1,instagram,oporto,bizum
501802,4626,2024-06-24,,email,Bilbao,paypal
501803,1900,15/07/2024,1,directo,valencia,tarjeta
501804,4620,2024-06-25,,google,Barcelona,bizum
501805,1005,2024-07-03,1,google,valencia,tarjeta
501806,3515,2024-07-04,1,email,Valencia,paypal
501807,1390,2024-07-04,1,directo,LISBOA,bizum
501808,2960,2024-07-08,1,email,ZARAGOZA,tarjeta
501809,3278,02/07/2024,1,instagram,BILBAO,paypal
501810,2503,13/07/2024,1,google,Sevilla,tarjeta
501811,4380,6 jul 2024,1,google,Sevilla,tarjeta
501812,3326,2024-07-03,1,instagram,Lisboa,paypal
501813,2682,2024-07-05,1,email,Madrid,paypal
501814,3724,04/07/2024,1,directo,Bilbao,bizum
501815,4334,2024-07-05,1,directo,Valencia,bizum
501816,1248,5 jul 2024,1,directo,Bilbao,paypal
501817,2090,2024-07-04,1,email,Lisboa,bizum
501818,623,2024-07-03,1,instagram,MADRID,tarjeta
501819,341,2024-07-13,1,email,Madrid,tarjeta
501820,3074,07/07/2024,1,directo,Barcelona,tarjeta
501821,3693,2024-07-15,1,google,valencia,tarjeta
501822,4446,13/07/2024,1,email,Valencia,tarjeta
501823,283,13 jul 2024,1,google,Barcelona,tarjeta
501824,49,2024-07-04,1,instagram,barcelona,tarjeta
501825,386,2024-07-08,1,instagram,Madrid,tarjeta
501826,2558,15 jul 2024,1,instagram,Zaragoza,paypal
501827,786,2024-07-04,1,email,Madrid,paypal
501828,4638,04/07/2024,1,google,Oporto,paypal
501829,3681,2024-07-13,1,instagram,lisboa,paypal
501830,2338,2024-07-14,1,instagram,Madrid,tarjeta
501831,2924,14/07/2024,1,email,A Coruña,tarjeta
501832,2016,2024-06-25,,google,Barcelona,tarjeta
501833,4703,2024-07-13,1,directo,Bilbao,bizum
501834,2321,12/07/2024,1,email,Valencia,bizum
501835,658,2024-07-06,1,instagram,A CORUÑA,tarjeta
501836,1409,19 jul 2024,1,directo,Lisboa,paypal
501837,1874,2024-07-08,1,google,barcelona,paypal
501838,2457,2024-07-07,1,google,Valencia,paypal
501839,4529,13/07/2024,1,email,zaragoza,tarjeta
501840,1305,2024-07-02,1,google,Sevilla,tarjeta
501841,4754,2024-07-09,1,instagram,Madrid,tarjeta
501842,4683,2024-07-12,1,instagram,OPORTO,tarjeta
501843,4316,26 jun 2024,,email,oporto,bizum
501844,392,10/07/2024,1,instagram,LISBOA,tarjeta
501845,1684,12/07/2024,1,google,barcelona,tarjeta
501846,2125,16/07/2024,1,directo,Barcelona,tarjeta
501847,3258,02/07/2024,1,instagram,LISBOA,paypal
501848,3772,2024-07-05,1,instagram,Madrid,tarjeta
501849,3921,3 jul 2024,1,instagram,BARCELONA,bizum
501850,658,2024-07-01,1,google,A CORUÑA,tarjeta
501851,3960,10/07/2024,1,directo,Madrid,paypal
501852,4668,2024-07-13,1,google,Bilbao,paypal
501853,1793,2024-07-02,1,instagram,VALENCIA,tarjeta
501854,1418,13 jul 2024,1,email,Madrid,tarjeta
501855,3997,07/07/2024,1,google,zaragoza,tarjeta
501856,4858,16/07/2024,1,google,A Coruña,bizum
501857,1932,2024-07-12,1,instagram,VALENCIA,tarjeta
501858,2412,2024-07-08,1,google,Madrid,tarjeta
501859,4383,10 jul 2024,1,instagram,ZARAGOZA,paypal
501860,2719,2024-07-06,1,google,Sevilla,paypal
501861,1117,17/07/2024,1,email,Barcelona,tarjeta
501862,3591,09/07/2024,1,instagram,Barcelona,tarjeta
501863,4760,2024-07-09,1,google,A Coruña,tarjeta
501864,3960,2024-07-04,1,google,Valencia,bizum
501865,2715,26/06/2024,,google,Lisboa,tarjeta
501866,2644,04/07/2024,1,email,Madrid,paypal
501867,74,17/07/2024,1,email,Barcelona,tarjeta
501868,4770,10/07/2024,1,google,BARCELONA,tarjeta
501869,3858,2024-07-18,1,email,A Coruña,tarjeta
501870,1441,2024-07-03,1,email,Lisboa,tarjeta
501871,1271,2024-07-06,1,google,Lisboa,tarjeta
501872,2266,25/06/2024,,email,Zaragoza,tarjeta
501873,661,26 jun 2024,,directo,Barcelona,paypal
501874,1001,17/07/2024,1,email,Zaragoza,paypal
501875,2057,17/07/2024,1,instagram,Lisboa,tarjeta
501876,3347,12/07/2024,1,directo,Barcelona,tarjeta
501877,4055,2024-07-06,1,directo,Madrid,tarjeta
501878,3185,2024-07-02,1,directo,Barcelona,bizum
501879,2696,13/07/2024,1,directo,Lisboa,tarjeta
501880,3081,2024-07-08,1,instagram,Valencia,bizum
501881,331,9 jul 2024,1,directo,barcelona,tarjeta
501882,404,02/07/2024,1,google,Oporto,tarjeta
501883,404,14/07/2024,1,instagram,Oporto,tarjeta
501884,126,2024-07-10,1,instagram,MADRID,tarjeta
501885,3473,28 jun 2024,,email,lisboa,bizum
501886,3660,2024-07-15,1,instagram,Sevilla,tarjeta
501887,1279,2024-07-08,1,instagram,Barcelona,tarjeta
501888,3303,2024-07-06,1,instagram,Madrid,bizum
501889,393,09/07/2024,1,google,Barcelona,tarjeta
501890,1408,5 jul 2024,1,google,Barcelona,tarjeta
501891,83,2024-07-08,1,google,Madrid,tarjeta
501892,728,11 jul 2024,1,google,lisboa,tarjeta
501893,232,2024-07-14,1,google,madrid,tarjeta
501894,2651,1 jul 2024,1,instagram,BARCELONA,tarjeta
501895,3954,2024-07-07,1,instagram,Valencia,bizum
501896,4454,05/07/2024,1,instagram,Oporto,tarjeta
501897,3488,2024-07-10,1,google,barcelona,tarjeta
501898,1320,06/07/2024,1,google,Madrid,tarjeta
501899,528,06/07/2024,1,directo,oporto,bizum
501900,4911,17 jul 2024,1,directo,valencia,tarjeta
501901,4328,2024-07-14,1,email,Sevilla,tarjeta
501902,1400,2024-07-03,1,instagram,Barcelona,tarjeta
501903,417,09/07/2024,1,directo,Bilbao,paypal
501904,3687,2024-07-19,1,instagram,Zaragoza,tarjeta
501905,2701,28/06/2024,,email,Lisboa,tarjeta
501906,1351,10 jul 2024,1,directo,Barcelona,tarjeta
501907,3358,07/07/2024,1,email,bilbao,paypal
501908,2494,2024-07-07,1,instagram,Sevilla,bizum
501909,4033,2024-07-11,1,directo,barcelona,tarjeta
501910,4253,02/07/2024,1,google,Sevilla,tarjeta
501911,4265,2024-07-03,1,google,Valencia,paypal
501912,4446,2024-07-07,1,directo,Madrid,paypal
501913,2198,2024-07-10,1,google,Madrid,bizum
501914,1327,12 jul 2024,1,instagram,Oporto,tarjeta
501915,3866,2024-07-02,1,google,Valencia,tarjeta
501916,2042,02/07/2024,1,google,MÁLAGA,tarjeta
501917,1516,08/07/2024,1,google,Bilbao,tarjeta
501918,1996,2024-06-24,,email,A Coruña,tarjeta
501919,4330,10/07/2024,1,instagram,Sevilla,tarjeta
501920,4553,2024-07-06,1,google,Oporto,bizum
501921,2817,06/07/2024,1,email,VALENCIA,paypal
501922,1329,25/06/2024,,google,lisboa,tarjeta
501923,1603,11 jul 2024,1,email,Zaragoza,tarjeta
501924,1285,2024-07-05,1,google,MADRID,bizum
501925,4043,30 jun 2024,,instagram,Bilbao,tarjeta
501926,1104,16/07/2024,1,email,zaragoza,tarjeta
501927,4460,5 jul 2024,1,email,Barcelona,tarjeta
501928,3681,2024-07-15,1,email,Sevilla,tarjeta
501929,1542,2024-07-09,1,google,Málaga,paypal
501930,283,2024-07-13,1,directo,Madrid,paypal
501931,4928,2024-07-06,1,instagram,Madrid,bizum
501932,1871,14/07/2024,1,instagram,a coruña,tarjeta
501933,1832,04/07/2024,1,instagram,Sevilla,tarjeta
501934,1835,3 jul 2024,1,instagram,BILBAO,paypal
501935,2233,10/07/2024,1,google,MADRID,tarjeta
501936,85,27/06/2024,,directo,Barcelona,tarjeta
501937,2534,2024-07-15,1,email,Zaragoza,tarjeta
501938,2924,25 jun 2024,,google,A Coruña,paypal
501939,3450,09/07/2024,1,email,Madrid,bizum
501940,3970,09/07/2024,1,instagram,Barcelona,tarjeta
501941,761,2024-07-12,1,email,Madrid,tarjeta
501942,4383,2024-06-24,,instagram,Madrid,tarjeta
501943,4265,2024-07-11,1,instagram,Oporto,bizum
501944,3809,08/07/2024,1,google,Barcelona,bizum
501945,542,2024-07-04,1,instagram,ZARAGOZA,bizum
501946,2344,14/07/2024,1,google,madrid,tarjeta
501947,2305,15 jul 2024,1,instagram,Málaga,tarjeta
501948,2503,30 jun 2024,,google,Lisboa,paypal
501949,4031,08/07/2024,1,google,Barcelona,paypal
501950,3552,04/07/2024,1,instagram,valencia,paypal
501951,3473,2024-07-01,1,instagram,MÁLAGA,tarjeta
501952,1052,15 jul 2024,1,instagram,Madrid,tarjeta
501953,3343,09/07/2024,1,google,Sevilla,paypal
501954,1850,25/06/2024,,email,Bilbao,tarjeta
501955,1034,02/07/2024,1,instagram,A Coruña,paypal
501956,2651,08/07/2024,1,email,BARCELONA,tarjeta
501957,1511,9 jul 2024,1,instagram,Madrid,tarjeta
501958,2757,05/07/2024,1,email,Valencia,tarjeta
501959,1083,2 jul 2024,1,instagram,valencia,tarjeta
501960,1128,6 jul 2024,1,google,VALENCIA,bizum
501961,4600,2024-07-08,1,instagram,Barcelona,tarjeta
501962,3172,2024-07-11,1,email,Valencia,tarjeta
501963,126,4 jul 2024,1,google,Madrid,tarjeta
501964,2121,2024-07-08,1,instagram,OPORTO,tarjeta
501965,2747,08/07/2024,1,instagram,A CORUÑA,tarjeta
501966,3907,2024-07-12,1,google,Valencia,bizum
501967,1896,29 jun 2024,,google,Lisboa,tarjeta
501968,4812,30 jun 2024,,google,Valencia,tarjeta
501969,1063,29/06/2024,,google,Sevilla,tarjeta
501970,2935,25 jun 2024,,directo,barcelona,tarjeta
501971,692,05/07/2024,1,google,Zaragoza,tarjeta
501972,1236,29/06/2024,,instagram,Málaga,tarjeta
501973,4043,26/06/2024,,instagram,A Coruña,paypal
501974,3574,19/07/2024,1,google,Barcelona,tarjeta
501975,3543,2024-07-06,1,instagram,Bilbao,tarjeta
501976,132,2024-07-14,1,directo,Valencia,bizum
501977,4928,2024-07-13,1,instagram,Lisboa,paypal
501978,1104,2024-07-06,1,email,zaragoza,paypal
501979,4929,08/07/2024,1,email,Málaga,bizum
501980,4404,2024-06-26,,directo,Madrid,tarjeta
501981,1683,11/07/2024,1,email,Sevilla,tarjeta
501982,3567,2024-07-15,1,instagram,Madrid,tarjeta
501983,1826,2024-07-10,1,instagram,VALENCIA,tarjeta
501984,1610,14/07/2024,1,directo,A Coruña,paypal
501985,3857,08/07/2024,1,instagram,zaragoza,tarjeta
501986,4421,17 jul 2024,1,directo,Zaragoza,paypal
501987,4590,16 jul 2024,1,google,Zaragoza,bizum
501988,343,30/06/2024,,google,Barcelona,bizum
501989,1973,2024-07-15,1,email,Valencia,paypal
501990,1243,11 jul 2024,1,directo,Valencia,paypal
501991,2151,10/07/2024,1,instagram,sevilla,tarjeta
501992,1799,7 jul 2024,1,instagram,Malaga,paypal
501993,3450,8 jul 2024,1,directo,Madrid,bizum
501994,1609,2024-07-05,1,directo,Oporto,bizum
501995,690,2024-07-05,1,google,Madrid,tarjeta
501996,471,2024-06-29,,directo,Bilbao,bizum
501997,3832,30/06/2024,,directo,Zaragoza,tarjeta
501998,3787,2024-07-10,1,email,Bilbao,paypal
501999,1423,2024-07-07,1,google,Málaga,tarjeta
502000,3841,2024-07-10,1,email,Bilbao,tarjeta
502001,3352,12 jul 2024,1,email,Barcelona,tarjeta
502002,3231,2024-07-05,1,email,Madrid,bizum
502003,4338,8 jul 2024,1,email,BILBAO,paypal
502004,392,11/07/2024,1,directo,Málaga,tarjeta
502005,218,2024-07-12,1,email,Sevilla,tarjeta
502006,2699,11 jul 2024,1,instagram,Barcelona,paypal
502007,4438,27/06/2024,,google,Barcelona,tarjeta
502008,419,2024-07-12,1,directo,Zaragoza,tarjeta
502009,1308,27/06/2024,,google,Madrid,paypal
502010,471,05/07/2024,1,instagram,Barcelona,tarjeta
502011,3718,14/07/2024,1,email,Sevilla,paypal
502012,4449,2024-07-07,1,directo,Madrid,tarjeta
502013,3055,03/07/2024,1,google,zaragoza,paypal
502014,1712,28/06/2024,,instagram,Madrid,tarjeta
502015,4940,2024-07-12,1,google,Sevilla,bizum
502016,4362,03/07/2024,1,instagram,Lisboa,bizum
502017,2406,1 jul 2024,1,instagram,lisboa,tarjeta
502018,983,10/07/2024,1,instagram,BARCELONA,bizum
502019,4595,02/07/2024,1,instagram,Madrid,paypal
502020,2792,2024-07-09,1,instagram,Valencia,bizum
502021,3348,18/07/2024,1,instagram,valencia,tarjeta
502022,322,11/07/2024,1,instagram,Madrid,paypal
502023,1615,15/07/2024,1,google,Bilbao,tarjeta
502024,4615,30/06/2024,,email,Barcelona,paypal
502025,967,2024-07-07,1,google,Madrid,tarjeta
502026,4737,6 jul 2024,1,google,Lisboa,tarjeta
502027,4586,2024-07-08,1,instagram,lisboa,bizum
502028,4316,2024-07-07,1,google,Sevilla,tarjeta
502029,722,2024-06-25,,directo,Barcelona,tarjeta
502030,4585,2024-07-12,1,google,A Coruña,tarjeta
502031,542,2024-07-09,1,email,A CORUÑA,paypal
502032,737,2024-07-06,1,google,barcelona,bizum
502033,2218,28/06/2024,,email,Valencia,tarjeta
502034,4012,09/07/2024,1,instagram,Sevilla,bizum
502035,3505,02/07/2024,1,instagram,Oporto,tarjeta
502036,258,06/07/2024,1,email,Lisboa,bizum
502037,2503,29/06/2024,,instagram,BARCELONA,paypal
502038,3228,02/07/2024,1,google,Sevilla,tarjeta
502039,4652,2024-07-06,1,google,Sevilla,tarjeta
502040,3350,2024-06-28,,directo,Sevilla,tarjeta
502041,2922,2024-07-13,1,directo,Barcelona,tarjeta
502042,105,2024-06-25,,directo,BILBAO,paypal
502043,4411,2024-07-06,1,google,Madrid,paypal
502044,2256,10/07/2024,1,directo,MADRID,tarjeta
502045,2391,2024-07-13,1,directo,Sevilla,tarjeta
502046,4005,2024-07-05,1,instagram,zaragoza,tarjeta
502047,4956,1 jul 2024,1,directo,Madrid,tarjeta
502048,1068,5 jul 2024,1,google,Madrid,paypal
502049,4853,2024-07-04,1,google,barcelona,tarjeta
502050,3278,12/07/2024,1,email,BILBAO,paypal
502051,1943,2024-06-28,,google,Barcelona,tarjeta
502052,1691,15/07/2024,1,instagram,sevilla,paypal
502053,4590,2024-07-06,1,directo,Zaragoza,tarjeta
502054,2648,09/07/2024,1,google,VALENCIA,tarjeta
502055,1425,2024-07-07,1,google,Zaragoza,paypal
502056,3633,26/06/2024,,email,Málaga,tarjeta
502057,1901,13/07/2024,1,instagram,barcelona,tarjeta
502058,1148,17 jul 2024,1,directo,Oporto,tarjeta
502059,1816,11/07/2024,1,email,Oporto,tarjeta
502060,284,2024-07-15,1,instagram,Zaragoza,tarjeta
502061,738,05/07/2024,1,email,A Coruña,tarjeta
502062,4904,2024-07-11,1,google,VALENCIA,bizum
502063,4076,13/07/2024,1,google,A Coruña,tarjeta
502064,341,2024-07-15,1,google,Madrid,paypal
502065,1852,13/07/2024,1,google,barcelona,tarjeta
502066,3589,2024-07-07,1,google,Sevilla,bizum
502067,1102,16/07/2024,1,google,Barcelona,tarjeta
502068,1102,2024-07-12,1,directo,Lisboa,bizum
502069,4964,11 jul 2024,1,google,Madrid,tarjeta
502070,419,2024-07-11,1,google,Zaragoza,paypal
502071,1684,12 jul 2024,1,google,barcelona,tarjeta
502072,934,10/07/2024,1,google,Zaragoza,tarjeta
502073,97,2024-07-04,1,instagram,Málaga,bizum
502074,1428,06/07/2024,1,google,madrid,tarjeta
502075,3578,2024-07-03,1,google,Barcelona,tarjeta
502076,1331,29/06/2024,,google,Madrid,paypal
502077,4817,2024-07-13,1,google,Zaragoza,tarjeta
502078,3089,2024-07-15,1,instagram,Barcelona,bizum
502079,214,6 jul 2024,1,directo,madrid,tarjeta
502080,359,2024-07-02,1,directo,Barcelona,bizum
502081,100,2024-07-11,1,directo,Oporto,tarjeta
502082,955,14 jul 2024,1,instagram,Barcelona,tarjeta
502083,3698,2024-07-10,1,google,ZARAGOZA,paypal
502084,4426,20 jul 2024,1,directo,A Coruña,tarjeta
502085,3532,2024-07-08,1,instagram,Lisboa,paypal
502086,1896,2024-06-26,,directo,barcelona,paypal
502087,2218,03/07/2024,1,directo,Valencia,tarjeta
502088,4753,24/06/2024,,directo,MADRID,paypal
502089,4347,2024-07-09,1,instagram,Bilbao,paypal
502090,4233,10/07/2024,1,email,Madrid,tarjeta
502091,964,2024-06-25,,google,Sevilla,bizum
502092,1039,2024-07-06,1,google,Malaga,paypal
502093,3698,26 jun 2024,,google,Valencia,bizum
502094,3411,11 jul 2024,1,directo,madrid,tarjeta
502095,886,2024-07-13,1,instagram,Valencia,tarjeta
502096,232,2024-07-05,1,instagram,Bilbao,bizum
502097,1038,04/07/2024,1,instagram,BILBAO,paypal
502098,1945,06/07/2024,1,email,Bilbao,bizum
502099,1049,04/07/2024,1,email,BILBAO,tarjeta
502100,3810,5 jul 2024,1,instagram,Madrid,paypal
502101,3840,15 jul 2024,1,instagram,Zaragoza,tarjeta
502102,3219,17/07/2024,1,email,Zaragoza,bizum
502103,1256,04/07/2024,1,directo,Sevilla,tarjeta
502104,346,2024-06-30,,instagram,Bilbao,tarjeta
502105,2587,10/07/2024,1,instagram,madrid,tarjeta
502106,2430,12 jul 2024,1,google,Lisboa,tarjeta
502107,4740,26 jun 2024,,instagram,Oporto,tarjeta
502108,3164,2024-07-04,1,instagram,Zaragoza,bizum
502109,907,10/07/2024,1,instagram,oporto,tarjeta
502110,2984,2024-06-24,,instagram,Zaragoza,tarjeta
502111,3938,2024-07-03,1,google,Málaga,tarjeta
502112,2288,05/07/2024,1,google,málaga,tarjeta
502113,867,2024-07-03,1,google,lisboa,paypal
502114,3164,11/07/2024,1,email,bilbao,tarjeta
502115,3761,2024-07-16,1,instagram,Barcelona,tarjeta
502116,2705,2024-07-17,1,instagram,MADRID,tarjeta
502117,504,10/07/2024,1,instagram,Oporto,tarjeta
502118,537,12/07/2024,1,instagram,málaga,tarjeta
502119,4598,2024-07-02,1,directo,MÁLAGA,bizum
502120,619,2024-06-30,,email,Sevilla,tarjeta
502121,1530,2024-07-11,1,instagram,Valencia,paypal
502122,3303,2024-07-06,1,instagram,MADRID,paypal
502123,4118,2024-07-02,1,directo,VALENCIA,bizum
502124,398,11/07/2024,1,email,Bilbao,paypal
502125,1060,2024-07-04,1,google,Málaga,paypal
502126,4829,2024-07-13,1,directo,BARCELONA,tarjeta
502127,1311,2024-07-09,1,instagram,Madrid,bizum
502128,1630,04/07/2024,1,google,Madrid,paypal
502129,2380,04/07/2024,1,email,Sevilla,tarjeta
502130,202,17/07/2024,1,google,Madrid,tarjeta
502131,1238,2024-07-11,1,instagram,Barcelona,bizum
502132,3731,2024-07-07,1,google,Sevilla,tarjeta
502133,374,2024-07-06,1,email,oporto,tarjeta
502134,3950,30 jun 2024,,instagram,Sevilla,bizum
502135,3934,2024-06-29,,email,MADRID,tarjeta
502136,978,2024-07-15,1,instagram,madrid,tarjeta
502137,4652,6 jul 2024,1,instagram,BARCELONA,bizum
502138,457,2024-07-06,1,instagram,Valencia,bizum
502139,2133,2024-07-08,1,google,Lisboa,tarjeta
502140,1945,2024-07-11,1,instagram,Bilbao,bizum
502141,3574,12 jul 2024,1,email,Barcelona,tarjeta
502142,1871,13/07/2024,1,email,Lisboa,tarjeta
502143,2150,14 jul 2024,1,instagram,Sevilla,tarjeta
502144,3028,2024-07-12,1,directo,OPORTO,tarjeta
502145,738,2024-07-12,1,instagram,Madrid,paypal
502146,761,2024-07-09,1,instagram,Madrid,bizum
502147,4620,28/06/2024,,instagram,Valencia,paypal
502148,1516,13/07/2024,1,directo,Barcelona,tarjeta
502149,737,2024-07-08,1,instagram,Barcelona,tarjeta
502150,3219,2024-07-11,1,directo,Zaragoza,paypal
502151,4822,26 jun 2024,,email,MÁLAGA,paypal
502152,4049,2024-07-06,1,directo,A Coruña,tarjeta
502153,728,2024-06-24,,email,Sevilla,tarjeta
502154,1544,11/07/2024,1,directo,Sevilla,paypal
502155,4576,25/06/2024,,email,Madrid,tarjeta
502156,1408,2024-07-01,1,directo,A Coruña,bizum
502157,4302,09/07/2024,1,instagram,SEVILLA,tarjeta
502158,1796,2024-07-06,1,directo,MÁLAGA,tarjeta
502159,4446,06/07/2024,1,instagram,A Coruña,bizum
502160,390,2024-07-05,1,google,ZARAGOZA,bizum
502161,3905,2024-07-12,1,directo,Lisboa,tarjeta
502162,4002,2024-07-04,1,instagram,málaga,tarjeta
502163,3956,03/07/2024,1,google,Barcelona,paypal
502164,2924,2024-07-06,1,google,Bilbao,bizum
502165,4380,24/06/2024,,google,Oporto,bizum
502166,3280,14 jul 2024,1,email,A Coruña,tarjeta
502167,4866,25/06/2024,,google,Valencia,tarjeta
502168,2296,2024-07-08,1,instagram,Barcelona,bizum
502169,1016,7 jul 2024,1,directo,bilbao,tarjeta
502170,1630,4 jul 2024,1,google,Madrid,tarjeta
502171,4703,2024-07-05,1,directo,Sevilla,paypal
502172,641,09/07/2024,1,email,MADRID,bizum
502173,2971,2024-06-25,,instagram,Madrid,bizum
502174,3752,08/07/2024,1,instagram,SEVILLA,tarjeta
502175,528,17/07/2024,1,instagram,BILBAO,bizum
502176,4335,09/07/2024,1,email,sevilla,tarjeta
502177,3764,25 jun 2024,,directo,zaragoza,tarjeta
502178,3618,2024-06-24,,google,Sevilla,tarjeta
502179,504,07/07/2024,1,directo,LISBOA,tarjeta
502180,2960,2024-06-24,,email,Sevilla,paypal
502181,4618,08/07/2024,1,directo,Sevilla,tarjeta
502182,1742,2024-07-08,1,google,SEVILLA,bizum
502183,492,13/07/2024,1,email,a coruña,tarjeta
502184,3884,02/07/2024,1,directo,Barcelona,tarjeta
502185,4835,2024-07-14,1,directo,Valencia,bizum
502186,4221,07/07/2024,1,instagram,Madrid,bizum
502187,4373,2024-07-10,1,google,barcelona,tarjeta
502188,2995,9 jul 2024,1,directo,Sevilla,tarjeta
502189,4877,09/07/2024,1,email,málaga,tarjeta
502190,4317,8 jul 2024,1,google,barcelona,paypal
502191,2666,28/06/2024,,instagram,A Coruña,tarjeta
502192,2359,06/07/2024,1,instagram,Barcelona,bizum
502193,191,9 jul 2024,1,email,Madrid,tarjeta
502194,3511,10 jul 2024,1,instagram,Barcelona,paypal
502195,3544,25/06/2024,,instagram,sevilla,paypal
502196,65,2024-07-02,1,google,Valencia,tarjeta
502197,601,2024-07-16,1,email,Madrid,tarjeta
502198,3842,2024-07-06,1,instagram,Barcelona,paypal
502199,978,25/06/2024,,email,Málaga,tarjeta
502200,2643,2024-07-14,1,google,VALENCIA,paypal
502201,4129,13/07/2024,1,directo,Valencia,tarjeta
502202,4187,11/07/2024,1,email,Sevilla,bizum
502203,1074,27/06/2024,,google,Sevilla,bizum
502204,3732,06/07/2024,1,directo,Málaga,tarjeta
502205,904,2024-07-08,1,email,Madrid,tarjeta
502206,4189,2024-07-19,1,directo,MADRID,tarjeta
502207,2167,12/07/2024,1,google,Malaga,paypal
502208,2715,2024-07-05,1,instagram,Bilbao,tarjeta
502209,4452,26/06/2024,,instagram,SEVILLA,tarjeta
502210,2734,04/07/2024,1,directo,A Coruña,tarjeta
502211,4868,3 jul 2024,1,directo,Madrid,tarjeta
502212,3085,27/06/2024,,google,Bilbao,tarjeta
502213,4373,11/07/2024,1,google,barcelona,tarjeta
502214,4775,2024-06-28,,email,Madrid,tarjeta
502215,3007,2024-06-29,,google,Madrid,tarjeta
502216,3610,27/06/2024,,instagram,Madrid,tarjeta
502217,2696,03/07/2024,1,directo,Lisboa,tarjeta
502218,4392,24 jun 2024,,email,Barcelona,tarjeta
502219,1073,15/07/2024,1,email,Barcelona,tarjeta
502220,2523,29/06/2024,,directo,Sevilla,tarjeta
502221,4012,2024-06-30,,directo,Sevilla,tarjeta
502222,3411,07/07/2024,1,email,madrid,tarjeta
502223,2651,9 jul 2024,1,instagram,BARCELONA,tarjeta
502224,2055,06/07/2024,1,instagram,Zaragoza,paypal
502225,4074,07/07/2024,1,google,Sevilla,tarjeta
502226,1338,2024-07-11,1,email,Madrid,tarjeta
502227,3098,2024-07-16,1,email,Barcelona,tarjeta
502228,2831,2024-07-06,1,directo,Lisboa,paypal
502229,3133,24 jun 2024,,directo,Sevilla,tarjeta
502230,3344,3 jul 2024,1,instagram,Madrid,paypal
502231,2477,2024-07-06,1,google,Madrid,tarjeta
502232,1239,5 jul 2024,1,instagram,Bilbao,paypal
502233,4293,12/07/2024,1,instagram,BARCELONA,tarjeta
502234,4216,16/07/2024,1,email,Valencia,bizum
502235,1982,7 jul 2024,1,email,Bilbao,tarjeta
502236,2606,07/07/2024,1,email,Madrid,paypal
502237,2777,06/07/2024,1,directo,sevilla,tarjeta
502238,2525,2024-07-14,1,directo,madrid,tarjeta
502239,3699,2024-07-10,1,directo,Madrid,bizum
502240,4553,04/07/2024,1,email,Oporto,tarjeta
502241,4599,2024-07-06,1,google,Zaragoza,paypal
502242,2338,2024-07-11,1,directo,Madrid,tarjeta
502243,2564,2024-06-30,,instagram,A Coruña,tarjeta
502244,613,2024-07-07,1,email,Oporto,tarjeta
502245,4720,2024-07-12,1,directo,barcelona,tarjeta
502246,1985,25 jun 2024,,instagram,Madrid,paypal
502247,4251,24/06/2024,,instagram,Barcelona,bizum
502248,362,2024-07-17,1,google,Valencia,tarjeta
502249,2338,08/07/2024,1,directo,Bilbao,bizum
502250,2551,8 jul 2024,1,instagram,Sevilla,tarjeta
502251,3747,2024-07-08,1,instagram,LISBOA,tarjeta
502252,3760,2024-07-12,1,email,zaragoza,tarjeta
502253,1331,2024-07-02,1,directo,Madrid,paypal
502254,1901,14/07/2024,1,directo,barcelona,tarjeta
502255,1783,2024-07-04,1,directo,Madrid,paypal
502256,3508,8 jul 2024,1,google,Bilbao,tarjeta
502257,4534,7 jul 2024,1,email,madrid,tarjeta
502258,1569,5 jul 2024,1,email,Zaragoza,paypal
502259,1835,2024-07-11,1,instagram,Oporto,tarjeta
502260,747,17 jul 2024,1,google,Bilbao,tarjeta
502261,1925,2024-07-15,1,instagram,Madrid,tarjeta
502262,2043,14 jul 2024,1,email,Malaga,tarjeta
502263,3771,2024-06-29,,directo,Valencia,tarjeta
502264,2170,2024-07-12,1,email,Barcelona,tarjeta
502265,3241,05/07/2024,1,instagram,oporto,tarjeta
502266,4143,2024-07-02,1,instagram,Madrid,bizum
502267,2507,2024-06-25,,instagram,Valencia,tarjeta
502268,1209,2024-07-05,1,google,Sevilla,paypal
502269,287,2024-07-07,1,directo,Sevilla,bizum
502270,893,12/07/2024,1,instagram,málaga,paypal
502271,1585,17/07/2024,1,directo,bilbao,tarjeta
502272,1033,2024-07-19,1,directo,MADRID,tarjeta
502273,913,30/06/2024,,email,Valencia,paypal
502274,2159,2024-07-15,1,directo,Lisboa,bizum
502275,4732,04/07/2024,1,google,Madrid,tarjeta
502276,1922,10/07/2024,1,google,zaragoza,paypal
502277,2359,2024-07-02,1,google,Barcelona,tarjeta
502278,4335,03/07/2024,1,instagram,Lisboa,paypal
502279,1441,2024-07-12,1,google,Lisboa,tarjeta
502280,4736,2024-07-17,1,directo,ZARAGOZA,bizum
502281,2969,12 jul 2024,1,instagram,Zaragoza,tarjeta
502282,2551,10/07/2024,1,google,bilbao,tarjeta
502283,2898,2024-07-05,1,google,madrid,paypal
502284,331,12/07/2024,1,instagram,a coruña,bizum
502285,104,10/07/2024,1,instagram,Sevilla,tarjeta
502286,2314,07/07/2024,1,google,Sevilla,bizum
502287,4538,25/06/2024,,google,Barcelona,paypal
502288,4461,28/06/2024,,google,MADRID,tarjeta
502289,109,2024-07-05,1,instagram,OPORTO,tarjeta
502290,2699,2024-07-09,1,instagram,zaragoza,tarjeta
502291,1598,30/06/2024,,instagram,BARCELONA,paypal
502292,2564,9 jul 2024,1,directo,Barcelona,tarjeta
502293,1376,24 jun 2024,,instagram,zaragoza,bizum
502294,408,02/07/2024,1,email,Zaragoza,paypal
502295,4208,14/07/2024,1,google,Lisboa,tarjeta
502296,1872,26/06/2024,,instagram,Barcelona,bizum
502297,3082,2024-07-10,1,email,Barcelona,bizum
502298,3358,07/07/2024,1,instagram,A Coruña,paypal
502299,4577,13/07/2024,1,instagram,Zaragoza,paypal
502300,3969,15/07/2024,1,instagram,Bilbao,bizum
502301,426,13/07/2024,1,directo,SEVILLA,paypal
502302,3488,8 jul 2024,1,email,barcelona,paypal
502303,3764,2024-07-08,1,directo,Madrid,paypal
502304,3248,07/07/2024,1,email,Madrid,tarjeta
502305,3482,01/07/2024,1,google,Valencia,tarjeta
502306,2007,2024-07-16,1,instagram,Zaragoza,tarjeta
502307,2485,2024-07-04,1,directo,Barcelona,tarjeta
502308,97,30/06/2024,,google,Málaga,tarjeta
502309,843,2024-07-03,1,instagram,Madrid,tarjeta
502310,419,24/06/2024,,email,Lisboa,tarjeta
502311,1390,2024-07-13,1,directo,Lisboa,bizum
502312,3554,8 jul 2024,1,google,MADRID,tarjeta
502313,1525,5 jul 2024,1,directo,madrid,tarjeta
502314,4725,2024-07-12,1,google,OPORTO,bizum
502315,341,2024-07-04,1,google,Madrid,tarjeta
502316,2164,2024-06-29,,google,Barcelona,bizum
502317,1256,07/07/2024,1,email,Madrid,tarjeta
502318,813,2024-07-09,1,google,Valencia,paypal
502319,3759,26/06/2024,,instagram,SEVILLA,bizum
502320,62,5 jul 2024,1,instagram,lisboa,tarjeta
502321,4272,16/07/2024,1,email,MADRID,paypal
502322,3909,4 jul 2024,1,google,Zaragoza,bizum
502323,2397,2024-07-14,1,email,Madrid,tarjeta
502324,2926,2024-07-05,1,instagram,Valencia,tarjeta
502325,2370,14/07/2024,1,email,madrid,paypal
502326,482,11 jul 2024,1,instagram,MADRID,bizum
502327,3752,15/07/2024,1,instagram,Bilbao,tarjeta
502328,2457,2024-06-28,,directo,Valencia,tarjeta
502329,1874,29/06/2024,,instagram,Bilbao,tarjeta
502330,1189,6 jul 2024,1,directo,LISBOA,paypal
502331,4188,10/07/2024,1,google,Sevilla,tarjeta
502332,4668,13 jul 2024,1,directo,Madrid,paypal
502333,2055,11/07/2024,1,email,BILBAO,tarjeta
502334,3402,2024-07-17,1,instagram,Madrid,tarjeta
502335,4871,13/07/2024,1,email,A Coruña,tarjeta
502336,874,2024-07-04,1,instagram,Lisboa,tarjeta
502337,4530,14/07/2024,1,google,bilbao,tarjeta
502338,1423,02/07/2024,1,email,Valencia,bizum
502339,1252,2024-07-11,1,instagram,Oporto,bizum
502340,362,2024-07-05,1,google,Valencia,paypal
502341,3348,2024-07-01,1,instagram,valencia,tarjeta
502342,3921,2024-07-05,1,google,BARCELONA,bizum
502343,4049,16/07/2024,1,email,MADRID,bizum
502344,4959,04/07/2024,1,email,Madrid,bizum
502345,3112,11/07/2024,1,directo,Madrid,bizum
502346,4491,3 jul 2024,1,instagram,Valencia,paypal
502347,504,13/07/2024,1,instagram,LISBOA,tarjeta
502348,810,07/07/2024,1,email,SEVILLA,tarjeta
502349,850,2024-07-15,1,email,Barcelona,tarjeta
502350,602,2024-07-15,1,email,Madrid,tarjeta
502351,1309,2024-07-14,1,directo,madrid,tarjeta
502352,3752,2024-07-03,1,instagram,barcelona,tarjeta
502353,1901,3 jul 2024,1,email,Zaragoza,paypal
502354,2485,2024-07-06,1,directo,LISBOA,tarjeta
502355,2022,2024-07-09,1,google,Lisboa,tarjeta
502356,3252,2024-07-02,1,instagram,Barcelona,paypal
502357,3492,12 jul 2024,1,instagram,Málaga,tarjeta
502358,978,2024-07-13,1,google,madrid,tarjeta
502359,4253,2024-07-07,1,directo,Lisboa,paypal
502360,3395,2024-07-13,1,email,Oporto,tarjeta
502361,1476,2024-07-02,1,google,Sevilla,tarjeta
502362,540,2024-07-10,1,google,A Coruña,tarjeta
502363,4501,2024-07-06,1,google,Bilbao,paypal
502364,1408,20/07/2024,1,email,Malaga,paypal
502365,2457,2024-07-03,1,directo,Valencia,paypal
502366,1472,2024-06-29,,instagram,barcelona,bizum
502367,3531,2024-07-16,1,instagram,madrid,tarjeta
502368,1750,2024-07-08,1,instagram,Zaragoza,tarjeta
502369,1068,2024-07-02,1,google,Madrid,tarjeta
502370,3851,13/07/2024,1,google,Madrid,tarjeta
502371,3885,15 jul 2024,1,instagram,MÁLAGA,bizum
502372,670,04/07/2024,1,instagram,zaragoza,bizum
502373,4303,2024-07-02,1,google,Málaga,tarjeta
502374,1119,2024-07-02,1,directo,málaga,tarjeta
502375,2857,2024-07-03,1,directo,Barcelona,tarjeta
502376,3363,2024-07-05,1,google,madrid,paypal
502377,4400,2024-07-10,1,google,Madrid,tarjeta
502378,4566,2024-07-15,1,instagram,Lisboa,bizum
502379,1329,2024-07-06,1,google,Zaragoza,tarjeta
502380,3103,01/07/2024,1,email,Madrid,tarjeta
502381,1553,2024-07-13,1,instagram,barcelona,tarjeta
502382,3335,3 jul 2024,1,directo,Madrid,tarjeta
502383,2203,12/07/2024,1,google,Valencia,bizum
502384,1753,27/06/2024,,google,Madrid,tarjeta
502385,3918,2024-07-06,1,directo,Madrid,bizum
502386,771,2024-07-06,1,instagram,Barcelona,bizum
502387,3782,2024-07-19,1,directo,Zaragoza,paypal
502388,3459,06/07/2024,1,google,Málaga,paypal
502389,44,03/07/2024,1,instagram,A Coruña,tarjeta
502390,534,2024-06-27,,instagram,Malaga,bizum
502391,2306,2024-07-16,1,instagram,SEVILLA,tarjeta
502392,4452,24/06/2024,,instagram,MADRID,bizum
502393,4118,2024-07-07,1,email,sevilla,paypal
502394,2203,2024-07-09,1,email,Valencia,tarjeta
502395,2029,26/06/2024,,instagram,oporto,tarjeta
502396,2478,17/07/2024,1,directo,Málaga,bizum
502397,2494,09/07/2024,1,instagram,Valencia,paypal
502398,2255,07/07/2024,1,google,zaragoza,bizum
502399,679,10/07/2024,1,email,Valencia,bizum
502400,346,2024-06-25,,google,Valencia,paypal
502401,998,2024-07-10,1,email,Lisboa,tarjeta
502402,258,29/06/2024,,email,Madrid,bizum
502403,3918,10/07/2024,1,google,Sevilla,paypal
502404,3787,14 jul 2024,1,google,Lisboa,tarjeta
502405,1390,16/07/2024,1,directo,Lisboa,paypal
502406,1471,2024-07-06,1,instagram,Sevilla,paypal
502407,1532,07/07/2024,1,email,Sevilla,tarjeta
502408,2675,2024-07-04,1,directo,BARCELONA,tarjeta
502409,3658,15/07/2024,1,google,Madrid,paypal
502410,4723,05/07/2024,1,instagram,zaragoza,bizum
502411,564,2024-06-27,,google,Sevilla,paypal
502412,840,8 jul 2024,1,directo,oporto,tarjeta
502413,4213,04/07/2024,1,directo,Zaragoza,tarjeta
502414,843,2024-07-06,1,instagram,Madrid,bizum
502415,183,2024-07-09,1,instagram,barcelona,tarjeta
502416,534,10/07/2024,1,instagram,MADRID,paypal
502417,2642,2024-07-07,1,directo,Barcelona,tarjeta
502418,3591,2 jul 2024,1,email,Barcelona,tarjeta
502419,1311,2024-07-10,1,google,MÁLAGA,tarjeta
502420,3451,2024-07-03,1,instagram,BARCELONA,tarjeta
502421,4947,05/07/2024,1,directo,Madrid,tarjeta
502422,4346,13 jul 2024,1,directo,Madrid,tarjeta
502423,4052,04/07/2024,1,instagram,BARCELONA,paypal
502424,2836,2024-07-08,1,google,Barcelona,tarjeta
502425,2443,25/06/2024,,instagram,Lisboa,paypal
502426,521,2024-07-12,1,google,Madrid,bizum
502427,936,2024-07-02,1,instagram,A Coruña,tarjeta
502428,2423,2024-07-17,1,instagram,Bilbao,bizum
502429,834,2024-07-13,1,google,Oporto,tarjeta
502430,1749,12 jul 2024,1,instagram,Madrid,bizum
502431,3007,2024-06-27,,google,Madrid,tarjeta
502432,1013,2024-07-15,1,instagram,Madrid,paypal
502433,3960,2024-07-10,1,google,Madrid,tarjeta
502434,838,2024-06-30,,email,barcelona,paypal
502435,4209,2024-07-09,1,directo,BILBAO,bizum
502436,1418,24/06/2024,,instagram,Madrid,paypal
502437,417,2024-07-02,1,email,Bilbao,tarjeta
502438,1006,2024-06-29,,email,Zaragoza,tarjeta
502439,3219,2024-07-16,1,email,Zaragoza,tarjeta
502440,3796,11/07/2024,1,email,Barcelona,paypal
502441,1850,2024-06-30,,instagram,Bilbao,tarjeta
502442,2465,2024-07-07,1,email,madrid,tarjeta
502443,4348,09/07/2024,1,instagram,Valencia,tarjeta
502444,3874,2 jul 2024,1,google,Madrid,paypal
502445,3775,07/07/2024,1,directo,LISBOA,bizum
502446,2627,2024-07-17,1,instagram,Zaragoza,tarjeta
502447,2391,07/07/2024,1,email,Sevilla,tarjeta
502448,2699,2024-07-14,1,google,A Coruña,tarjeta
502449,2104,2024-07-13,1,google,Barcelona,bizum
502450,2029,2024-07-04,1,instagram,BARCELONA,tarjeta
502451,2167,2024-07-14,1,directo,Valencia,paypal
502452,4234,5 jul 2024,1,email,madrid,paypal
502453,201,14 jul 2024,1,directo,Valencia,paypal
502454,504,2 jul 2024,1,google,zaragoza,tarjeta
502455,2146,2024-07-02,1,email,Valencia,paypal
502456,1052,2024-07-04,1,google,Madrid,bizum
502457,2816,08/07/2024,1,directo,Sevilla,tarjeta
502458,3073,2024-07-01,1,instagram,Zaragoza,tarjeta
502459,933,15/07/2024,1,directo,Barcelona,paypal
502460,1423,2024-06-28,,instagram,Málaga,bizum
502461,2357,2024-07-12,1,instagram,Madrid,tarjeta
502462,856,11 jul 2024,1,email,A Coruña,bizum
502463,3074,12/07/2024,1,google,MADRID,tarjeta
502464,2528,16/07/2024,1,instagram,SEVILLA,tarjeta
502465,2494,2024-07-18,1,instagram,Bilbao,bizum
502466,3190,2024-06-26,,instagram,Barcelona,tarjeta
502467,2689,02/07/2024,1,directo,Valencia,tarjeta
502468,3633,2024-07-03,1,instagram,Sevilla,tarjeta
502469,4890,09/07/2024,1,google,Málaga,tarjeta
502470,2643,2024-07-05,1,directo,Barcelona,tarjeta
502471,3733,10 jul 2024,1,instagram,Barcelona,paypal
502472,3697,2024-07-12,1,email,zaragoza,tarjeta
502473,1597,03/07/2024,1,email,Madrid,tarjeta
502474,3473,2024-07-18,1,directo,lisboa,bizum
502475,1957,2024-06-27,,email,Madrid,tarjeta
502476,756,2024-07-07,1,google,madrid,tarjeta
502477,2118,2024-07-07,1,instagram,VALENCIA,paypal
502478,4521,2024-07-05,1,email,Barcelona,paypal
502479,1934,14 jul 2024,1,instagram,Barcelona,bizum
502480,4577,16/07/2024,1,google,Oporto,tarjeta
502481,1499,2024-07-04,1,instagram,ZARAGOZA,tarjeta
502482,2687,2024-07-02,1,directo,bilbao,bizum
502483,3414,18 jul 2024,1,email,Zaragoza,tarjeta
502484,1437,2024-07-03,1,google,Barcelona,tarjeta
502485,4797,2024-07-11,1,instagram,Lisboa,paypal
502486,68,27/06/2024,,google,Zaragoza,tarjeta
502487,4200,2024-06-29,,directo,barcelona,tarjeta
502488,471,2024-07-11,1,instagram,Bilbao,bizum
502489,2780,06/07/2024,1,instagram,Valencia,tarjeta
502490,693,10/07/2024,1,directo,A Coruña,tarjeta
502491,1980,2 jul 2024,1,instagram,Lisboa,bizum
502492,2312,12/07/2024,1,google,Sevilla,paypal
502493,965,2024-06-25,,google,oporto,paypal
502494,537,2024-07-10,1,google,málaga,tarjeta
502495,2142,2024-07-02,1,email,VALENCIA,paypal
502496,15,2024-07-04,1,google,Valencia,tarjeta
502497,3299,04/07/2024,1,instagram,Málaga,bizum
502498,3671,04/07/2024,1,directo,Barcelona,tarjeta
502499,1518,2024-07-11,1,email,MADRID,bizum
502500,3840,2024-07-11,1,instagram,sevilla,tarjeta
502501,4640,2024-07-13,1,instagram,Sevilla,bizum
502502,4720,2024-07-03,1,google,barcelona,tarjeta
502503,857,2024-07-06,1,directo,MADRID,paypal
502504,2000,25 jun 2024,,directo,BARCELONA,bizum
502505,1462,2024-07-02,1,google,Valencia,tarjeta
502506,2051,2024-06-30,,directo,Madrid,tarjeta
502507,3505,2024-07-09,1,email,Oporto,tarjeta
502508,4188,04/07/2024,1,email,Madrid,paypal
502509,2016,2024-07-02,1,instagram,Zaragoza,tarjeta
502510,3591,12 jul 2024,1,instagram,Barcelona,tarjeta
502511,1934,2024-06-26,,directo,Barcelona,paypal
502512,3520,7 jul 2024,1,email,Barcelona,tarjeta
502513,3158,2024-07-06,1,directo,A Coruña,tarjeta
502514,1437,2024-06-26,,instagram,Barcelona,bizum
502515,3011,2024-07-15,1,instagram,Madrid,paypal
502516,2380,16/07/2024,1,directo,Sevilla,bizum
502517,4216,2024-07-07,1,instagram,A Coruña,tarjeta
502518,3409,2024-07-14,1,instagram,Lisboa,tarjeta
502519,1835,13/07/2024,1,directo,Barcelona,bizum
502520,4651,2024-06-26,,instagram,sevilla,bizum
502521,2167,2024-07-13,1,instagram,Bilbao,tarjeta
502522,3718,2024-07-04,1,directo,Madrid,tarjeta
502523,3034,05/07/2024,1,instagram,barcelona,paypal
502524,2055,07/07/2024,1,google,Zaragoza,tarjeta
502525,2124,2024-06-29,,google,Oporto,tarjeta
502526,4182,2024-07-05,1,directo,Sevilla,paypal
502527,1833,2024-06-28,,instagram,Madrid,paypal
502528,393,2024-07-10,1,email,A Coruña,tarjeta
502529,210,05/07/2024,1,instagram,Barcelona,tarjeta
502530,4850,2024-07-14,1,instagram,A Coruña,tarjeta
502531,3249,12/07/2024,1,email,Madrid,bizum
502532,2118,2024-07-09,1,email,Sevilla,bizum
502533,35,15 jul 2024,1,instagram,Zaragoza,tarjeta
502534,3502,04/07/2024,1,instagram,a coruña,paypal
502535,3465,11/07/2024,1,directo,Zaragoza,tarjeta
502536,2292,10/07/2024,1,google,Valencia,bizum
502537,1053,2024-07-15,1,instagram,Sevilla,paypal
502538,3252,04/07/2024,1,instagram,Barcelona,tarjeta
502539,3094,2024-07-07,1,instagram,a coruña,tarjeta
502540,2090,2024-07-01,1,email,Lisboa,tarjeta
502541,726,06/07/2024,1,instagram,sevilla,tarjeta
502542,2827,19/07/2024,1,email,a coruña,tarjeta
502543,2048,2024-07-14,1,email,Oporto,tarjeta
502544,3095,08/07/2024,1,email,Lisboa,bizum
502545,2207,9 jul 2024,1,google,Barcelona,bizum
502546,1256,10 jul 2024,1,google,a coruña,paypal
502547,3718,4 jul 2024,1,google,madrid,tarjeta
502548,4117,25/06/2024,,directo,bilbao,bizum
502549,4250,2024-07-11,1,directo,Madrid,tarjeta
502550,662,2024-07-14,1,email,Valencia,paypal
502551,3291,2024-07-11,1,instagram,Barcelona,bizum
502552,1411,11/07/2024,1,directo,Barcelona,bizum
502553,2357,2024-07-12,1,instagram,Madrid,paypal
502554,2831,2024-07-13,1,directo,Madrid,bizum
502555,3298,14/07/2024,1,google,Madrid,paypal
502556,4127,2024-07-10,1,directo,Madrid,tarjeta
502557,4261,2024-07-02,1,instagram,Sevilla,tarjeta
502558,761,2024-06-25,,email,Madrid,tarjeta
502559,3796,2024-07-14,1,instagram,Málaga,tarjeta
502560,1660,2024-07-03,1,directo,Madrid,tarjeta
502561,3771,6 jul 2024,1,directo,SEVILLA,tarjeta
502562,553,2024-07-12,1,email,Madrid,tarjeta
502563,3073,2024-06-25,,instagram,Zaragoza,tarjeta
502564,2528,2 jul 2024,1,instagram,SEVILLA,tarjeta
502565,1607,2024-07-06,1,directo,zaragoza,bizum
502566,1474,5 jul 2024,1,instagram,Barcelona,tarjeta
502567,3638,2024-07-01,1,instagram,LISBOA,tarjeta
502568,539,2024-06-25,,instagram,Bilbao,tarjeta
502569,147,08/07/2024,1,directo,Zaragoza,paypal
502570,647,13/07/2024,1,directo,bilbao,bizum
502571,2715,06/07/2024,1,google,Lisboa,tarjeta
502572,429,17/07/2024,1,google,Bilbao,paypal
502573,394,2024-06-28,,directo,Zaragoza,tarjeta
502574,3152,2024-07-04,1,email,VALENCIA,tarjeta
502575,4335,09/07/2024,1,email,Lisboa,paypal
502576,1603,2024-07-11,1,google,madrid,paypal
502577,4714,03/07/2024,1,email,Lisboa,tarjeta
502578,2314,2024-07-04,1,google,Sevilla,bizum
502579,346,2024-07-10,1,email,Valencia,paypal
502580,2727,2024-07-09,1,instagram,A Coruña,paypal
502581,808,13 jul 2024,1,instagram,Sevilla,tarjeta
502582,690,11 jul 2024,1,directo,A Coruña,tarjeta
502583,4586,2024-07-13,1,instagram,lisboa,tarjeta
502584,2349,15/07/2024,1,google,Málaga,tarjeta
502585,1264,07/07/2024,1,directo,barcelona,tarjeta
502586,647,2024-07-08,1,email,Bilbao,bizum
502587,3185,12/07/2024,1,google,Barcelona,tarjeta
502588,3537,2024-07-02,1,google,Bilbao,tarjeta
502589,4265,09/07/2024,1,instagram,oporto,paypal
502590,4761,9 jul 2024,1,instagram,Barcelona,tarjeta
502591,1556,2024-07-04,1,directo,Bilbao,tarjeta
502592,2769,2024-06-25,,google,Oporto,tarjeta
502593,4247,2024-07-02,1,instagram,málaga,paypal
502594,3552,01/07/2024,1,email,valencia,paypal
502595,3782,2024-06-28,,email,Bilbao,tarjeta
502596,3907,05/07/2024,1,instagram,Lisboa,tarjeta
502597,4760,2024-07-02,1,google,Sevilla,tarjeta
502598,4284,2024-07-07,1,google,SEVILLA,bizum
502599,4332,2024-07-15,1,google,Madrid,tarjeta
502600,2837,2024-07-06,1,directo,Barcelona,bizum
502601,912,7 jul 2024,1,google,málaga,tarjeta
502602,3081,12/07/2024,1,directo,valencia,tarjeta
502603,3537,2 jul 2024,1,google,Bilbao,tarjeta
502604,4233,04/07/2024,1,instagram,Valencia,paypal
502605,3344,2024-06-29,,email,Oporto,tarjeta
502606,143,2024-07-04,1,google,Madrid,paypal
502607,1055,2024-07-04,1,instagram,Zaragoza,bizum
502608,2715,08/07/2024,1,instagram,Zaragoza,tarjeta
502609,2255,30/06/2024,,instagram,zaragoza,tarjeta
502610,4626,2024-07-05,1,email,Oporto,paypal
502611,1614,08/07/2024,1,google,MADRID,tarjeta
502612,3909,08/07/2024,1,directo,bilbao,tarjeta
502613,1319,2024-07-04,1,google,Zaragoza,tarjeta
502614,455,9 jul 2024,1,email,valencia,tarjeta
502615,624,2 jul 2024,1,email,Lisboa,paypal
502616,3358,11/07/2024,1,instagram,Barcelona,tarjeta
502617,2642,06/07/2024,1,instagram,Barcelona,paypal
502618,2507,03/07/2024,1,email,Valencia,tarjeta
502619,908,2024-06-24,,instagram,Zaragoza,paypal
502620,2644,2024-07-05,1,directo,Madrid,tarjeta
502621,3671,2024-07-11,1,directo,Barcelona,tarjeta
502622,4640,2024-07-05,1,email,a coruña,tarjeta
502623,983,2024-06-29,,directo,BARCELONA,paypal
502624,3688,6 jul 2024,1,email,A Coruña,tarjeta
502625,4589,2024-07-17,1,instagram,Lisboa,paypal
502626,4373,2024-07-06,1,email,Lisboa,tarjeta
502627,504,2024-07-14,1,directo,LISBOA,tarjeta
502628,728,10/07/2024,1,instagram,bilbao,paypal
502629,3699,27 jun 2024,,directo,Sevilla,tarjeta
502630,1498,2024-07-05,1,google,Lisboa,bizum
502631,1236,2024-06-28,,google,Barcelona,bizum
502632,3907,2024-06-26,,instagram,Valencia,tarjeta
502633,417,2024-07-11,1,instagram,Valencia,tarjeta
502634,3022,24 jun 2024,,directo,madrid,paypal
502635,1083,2024-07-10,1,email,valencia,paypal
502636,4305,2024-07-07,1,google,Zaragoza,tarjeta
502637,3094,2024-06-25,,google,ZARAGOZA,tarjeta
502638,3648,05/07/2024,1,instagram,BARCELONA,tarjeta
502639,3289,2024-07-07,1,google,Madrid,bizum
502640,148,2024-07-16,1,directo,Valencia,paypal
502641,266,13/07/2024,1,instagram,Bilbao,tarjeta
502642,4529,02/07/2024,1,directo,VALENCIA,tarjeta
502643,1454,2024-07-05,1,google,Valencia,bizum
502644,4586,2024-07-06,1,directo,lisboa,bizum
502645,4523,04/07/2024,1,directo,Madrid,tarjeta
502646,4001,27/06/2024,,google,Barcelona,tarjeta
502647,1462,08/07/2024,1,directo,Valencia,tarjeta
502648,4247,11/07/2024,1,directo,Oporto,paypal
502649,1684,05/07/2024,1,google,Barcelona,bizum
502650,1938,14/07/2024,1,email,Valencia,tarjeta
502651,1647,30/06/2024,,instagram,Málaga,tarjeta
502652,3539,2024-07-03,1,google,A CORUÑA,tarjeta
502653,3112,14/07/2024,1,google,A CORUÑA,tarjeta
502654,4654,5 jul 2024,1,google,LISBOA,tarjeta
502655,1490,11/07/2024,1,google,BARCELONA,tarjeta
502656,3499,9 jul 2024,1,directo,Oporto,bizum
502657,1335,04/07/2024,1,instagram,Bilbao,paypal
502658,83,2024-07-01,1,instagram,Bilbao,tarjeta
502659,3718,2024-06-27,,instagram,Sevilla,bizum
502660,1950,2024-07-12,1,google,OPORTO,paypal
502661,2801,10/07/2024,1,google,BARCELONA,paypal
502662,4272,07/07/2024,1,instagram,MADRID,tarjeta
502663,4939,5 jul 2024,1,email,Zaragoza,paypal
502664,1318,11/07/2024,1,directo,Málaga,tarjeta
502665,4850,2024-07-07,1,directo,lisboa,tarjeta
502666,1285,2024-07-06,1,directo,Valencia,tarjeta
502667,3195,03/07/2024,1,directo,MADRID,tarjeta
502668,2122,2024-07-02,1,email,Madrid,tarjeta
502669,3022,11 jul 2024,1,google,Lisboa,tarjeta
502670,1311,13/07/2024,1,instagram,Lisboa,bizum
502671,2129,2024-07-03,1,instagram,Bilbao,tarjeta
502672,1566,2024-07-08,1,google,Madrid,tarjeta
502673,4324,6 jul 2024,1,instagram,Malaga,tarjeta
502674,1429,10/07/2024,1,email,Valencia,paypal
502675,1647,07/07/2024,1,instagram,Oporto,tarjeta
502676,3432,03/07/2024,1,google,SEVILLA,tarjeta
502677,2468,2024-07-13,1,google,Madrid,tarjeta
502678,1177,2024-07-06,1,instagram,Barcelona,tarjeta
502679,3895,2024-07-04,1,email,OPORTO,paypal
502680,3392,2024-07-06,1,email,Lisboa,tarjeta
502681,1286,2024-07-04,1,directo,barcelona,bizum
502682,4161,2024-07-07,1,instagram,Oporto,tarjeta
502683,2678,12/07/2024,1,email,Valencia,paypal
502684,2485,17 jul 2024,1,google,Barcelona,bizum
502685,1542,07/07/2024,1,instagram,Valencia,tarjeta
502686,4772,14/07/2024,1,directo,Málaga,bizum
502687,64,07/07/2024,1,google,lisboa,tarjeta
502688,4143,2024-07-10,1,email,Madrid,bizum
502689,4710,2024-07-03,1,directo,Sevilla,paypal
502690,755,2024-07-09,1,directo,Valencia,tarjeta
502691,3433,2024-07-15,1,instagram,Bilbao,tarjeta
502692,1235,2024-07-01,1,directo,Madrid,bizum
502693,4507,2024-07-11,1,directo,Lisboa,tarjeta
502694,1467,28 jun 2024,,google,Barcelona,bizum
502695,704,28 jun 2024,,email,BARCELONA,tarjeta
502696,2816,2024-07-10,1,google,Sevilla,tarjeta
502697,4858,08/07/2024,1,google,Lisboa,tarjeta
502698,3710,11/07/2024,1,instagram,málaga,tarjeta
502699,4185,08/07/2024,1,instagram,MADRID,tarjeta
502700,2648,2024-06-24,,google,Málaga,paypal
502701,3627,03/07/2024,1,instagram,Madrid,bizum
502702,2942,2024-07-09,1,email,Lisboa,paypal
502703,2081,2024-07-03,1,instagram,Barcelona,tarjeta
502704,3441,02/07/2024,1,instagram,Oporto,paypal
502705,2647,2024-07-15,1,instagram,valencia,tarjeta
502706,2322,2024-07-09,1,instagram,Barcelona,tarjeta
502707,928,03/07/2024,1,google,Sevilla,tarjeta
502708,913,2024-07-05,1,google,Barcelona,paypal
502709,1779,7 jul 2024,1,google,Sevilla,tarjeta
502710,4796,2024-07-03,1,instagram,Barcelona,tarjeta
502711,1066,2024-07-09,1,directo,Oporto,bizum
502712,4092,2024-07-10,1,instagram,Valencia,bizum
502713,852,2024-07-06,1,instagram,sevilla,tarjeta
502714,2642,2024-07-16,1,email,Oporto,paypal
502715,2315,2024-07-09,1,google,Bilbao,tarjeta
502716,346,30/06/2024,,google,Valencia,tarjeta
502717,4253,10 jul 2024,1,google,Lisboa,tarjeta
502718,3328,09/07/2024,1,instagram,MADRID,tarjeta
502719,2743,02/07/2024,1,google,Sevilla,bizum
502720,290,24/06/2024,,instagram,Madrid,tarjeta
502721,4317,07/07/2024,1,instagram,barcelona,tarjeta
502722,4620,05/07/2024,1,instagram,Barcelona,tarjeta
502723,3517,2024-07-09,1,instagram,Lisboa,tarjeta
502724,2133,2024-07-11,1,google,Sevilla,tarjeta
502725,3699,2024-07-17,1,instagram,madrid,tarjeta
502726,1566,2024-07-10,1,google,Sevilla,bizum
502727,322,2024-07-07,1,directo,Madrid,tarjeta
502728,4426,08/07/2024,1,directo,Madrid,paypal
502729,4640,02/07/2024,1,instagram,MADRID,tarjeta
502730,1,2024-07-16,1,instagram,ZARAGOZA,bizum
502731,1382,02/07/2024,1,google,Málaga,tarjeta
502732,4259,2024-07-03,1,email,Barcelona,tarjeta
502733,2920,9 jul 2024,1,google,Barcelona,bizum
502734,1776,07/07/2024,1,instagram,BARCELONA,tarjeta
502735,1903,24/06/2024,,directo,Sevilla,tarjeta
502736,4955,2024-07-03,1,directo,Barcelona,bizum
502737,4409,08/07/2024,1,email,Zaragoza,tarjeta
502738,655,2024-07-07,1,instagram,Zaragoza,bizum
502739,4829,2024-07-03,1,instagram,BILBAO,bizum
502740,1702,2024-07-04,1,instagram,Madrid,tarjeta
502741,1775,2024-06-27,,google,Valencia,tarjeta
502742,713,2024-06-26,,directo,Valencia,tarjeta
502743,3248,2024-07-09,1,directo,valencia,paypal
502744,4664,2024-07-01,1,directo,Bilbao,tarjeta
502745,4591,15 jul 2024,1,instagram,BARCELONA,paypal
502746,808,2024-07-11,1,instagram,BARCELONA,bizum
502747,1032,2024-07-02,1,google,Malaga,bizum
502748,1423,2024-07-07,1,instagram,Málaga,tarjeta
502749,2123,27/06/2024,,instagram,Lisboa,tarjeta
502750,1594,2024-07-11,1,instagram,Zaragoza,bizum
502751,2860,10/07/2024,1,instagram,Valencia,tarjeta
502752,1630,01/07/2024,1,instagram,Madrid,paypal
502753,2288,07/07/2024,1,google,madrid,tarjeta
502754,62,15/07/2024,1,instagram,A Coruña,paypal
502755,737,03/07/2024,1,instagram,barcelona,bizum
502756,4742,2024-07-08,1,email,madrid,paypal
502757,3845,14/07/2024,1,google,Valencia,paypal
502758,3841,2024-07-14,1,instagram,Oporto,tarjeta
502759,2642,07/07/2024,1,directo,Barcelona,tarjeta
502760,1982,2024-07-12,1,instagram,A Coruña,tarjeta
502761,1221,2024-07-05,1,instagram,Bilbao,tarjeta
502762,3538,2024-07-02,1,instagram,Málaga,tarjeta
502763,12,2024-07-16,1,google,Valencia,paypal
502764,2956,04/07/2024,1,directo,LISBOA,tarjeta
502765,1412,2024-07-15,1,instagram,Málaga,paypal
502766,3099,2024-07-12,1,instagram,Barcelona,paypal
502767,3593,5 jul 2024,1,instagram,Málaga,paypal
502768,4672,2024-07-08,1,email,BARCELONA,bizum
502769,2266,2024-07-03,1,google,Zaragoza,tarjeta
502770,4606,02/07/2024,1,instagram,Valencia,paypal
502771,1239,24/06/2024,,instagram,Bilbao,bizum
502772,2935,2024-07-09,1,google,Oporto,tarjeta
502773,1832,2024-07-05,1,instagram,MÁLAGA,tarjeta
502774,1712,17 jul 2024,1,instagram,Madrid,bizum
502775,337,2024-07-07,1,instagram,Madrid,tarjeta
502776,2503,2024-07-14,1,instagram,BARCELONA,tarjeta
502777,2595,04/07/2024,1,instagram,Valencia,bizum
502778,3352,2024-07-16,1,google,Málaga,tarjeta
502779,1648,11/07/2024,1,instagram,Valencia,tarjeta
502780,1715,2024-07-10,1,directo,MÁLAGA,tarjeta
502781,3846,18/07/2024,1,email,Barcelona,bizum
502782,2728,12/07/2024,1,directo,Barcelona,tarjeta
502783,3582,2024-07-14,1,instagram,Valencia,tarjeta
502784,3225,16 jul 2024,1,directo,Sevilla,tarjeta
502785,1829,2024-07-03,1,instagram,Madrid,tarjeta
502786,2695,2024-07-03,1,email,Bilbao,tarjeta
502787,3633,2024-07-12,1,google,bilbao,bizum
502788,2119,2024-07-18,1,google,madrid,tarjeta
502789,3616,03/07/2024,1,instagram,Barcelona,tarjeta
502790,1956,05/07/2024,1,directo,Sevilla,paypal
502791,2984,2024-07-07,1,directo,Barcelona,tarjeta
502792,984,2024-06-24,,google,Valencia,bizum
502793,2192,2024-07-12,1,email,Madrid,tarjeta
502794,4464,2024-07-05,1,google,sevilla,tarjeta
502795,2150,11/07/2024,1,directo,Lisboa,paypal
502796,3252,2024-07-12,1,directo,Lisboa,tarjeta
502797,4626,2024-06-24,,instagram,MADRID,paypal
502798,1219,2024-07-09,1,instagram,valencia,tarjeta
502799,4237,2024-07-04,1,email,A Coruña,tarjeta
502800,2175,2024-07-03,1,email,Barcelona,bizum
502801,2590,08/07/2024,1,instagram,Barcelona,paypal
502802,4897,2024-07-04,1,instagram,VALENCIA,tarjeta
502803,4126,2024-06-30,,instagram,Valencia,bizum
502804,3183,8 jul 2024,1,instagram,Bilbao,paypal
502805,2266,17/07/2024,1,email,Zaragoza,tarjeta
502806,590,2024-06-30,,instagram,Sevilla,bizum
502807,4806,12/07/2024,1,google,Málaga,paypal
502808,4696,8 jul 2024,1,instagram,Barcelona,paypal
502809,1235,06/07/2024,1,email,Madrid,tarjeta
502810,1647,02/07/2024,1,email,Valencia,tarjeta
502811,1364,2024-07-12,1,instagram,ZARAGOZA,tarjeta
502812,2197,2024-06-25,,instagram,Sevilla,tarjeta
502813,600,10 jul 2024,1,instagram,Madrid,tarjeta
502814,4796,2024-07-07,1,instagram,a coruña,paypal
502815,3976,2024-07-16,1,email,SEVILLA,tarjeta
502816,1684,2024-07-04,1,directo,barcelona,tarjeta
502817,3794,10/07/2024,1,email,Madrid,paypal
502818,1625,2024-06-27,,google,madrid,tarjeta
502819,2507,2024-07-09,1,email,barcelona,bizum
502820,738,2024-06-25,,directo,Malaga,bizum
502821,4589,6 jul 2024,1,instagram,Lisboa,tarjeta
502822,1111,06/07/2024,1,instagram,BILBAO,paypal
502823,1433,6 jul 2024,1,google,Valencia,tarjeta
502824,476,2024-07-08,1,directo,Lisboa,tarjeta
502825,4757,2024-07-02,1,instagram,Zaragoza,bizum
502826,3841,2024-06-26,,directo,Lisboa,paypal
502827,4090,2024-07-05,1,google,Madrid,paypal
502828,4118,13/07/2024,1,email,Barcelona,tarjeta
502829,866,15/07/2024,1,google,Málaga,paypal
502830,2508,2024-07-14,1,email,Barcelona,tarjeta
502831,4127,09/07/2024,1,google,Bilbao,tarjeta
502832,3538,2024-07-10,1,email,Sevilla,paypal
502833,1300,10/07/2024,1,directo,MADRID,tarjeta
502834,4923,2024-07-05,1,instagram,Zaragoza,paypal
502835,4127,2024-07-12,1,google,Bilbao,bizum
502836,1594,2024-06-24,,google,Lisboa,paypal
502837,4652,2024-07-02,1,google,BARCELONA,tarjeta
502838,2712,2024-07-03,1,instagram,barcelona,bizum
502839,1472,2024-07-20,1,email,barcelona,tarjeta
502840,1673,14 jul 2024,1,instagram,Valencia,paypal
502841,2696,08/07/2024,1,directo,Lisboa,bizum
502842,1117,2024-07-13,1,instagram,Barcelona,bizum
502843,1299,2024-07-05,1,instagram,Zaragoza,bizum
502844,2062,2024-07-16,1,instagram,VALENCIA,tarjeta
502845,1311,07/07/2024,1,email,Sevilla,bizum
502846,1144,13/07/2024,1,email,BARCELONA,paypal
502847,1692,2024-07-06,1,directo,Barcelona,paypal
502848,4424,08/07/2024,1,google,MADRID,tarjeta
502849,3784,2024-07-09,1,google,Barcelona,paypal
502850,964,11/07/2024,1,directo,Sevilla,tarjeta
502851,1543,2024-07-06,1,directo,Valencia,tarjeta
502852,3532,14/07/2024,1,instagram,Lisboa,bizum
502853,3772,3 jul 2024,1,instagram,Madrid,paypal
502854,114,2024-07-12,1,email,Lisboa,tarjeta
502855,1850,14 jul 2024,1,instagram,Bilbao,paypal
502856,2035,2024-07-07,1,directo,Zaragoza,tarjeta
502857,1571,28/06/2024,,instagram,Barcelona,tarjeta
502858,1603,2024-07-20,1,google,lisboa,paypal
502859,4336,02/07/2024,1,instagram,sevilla,tarjeta
502860,4620,14 jul 2024,1,directo,Barcelona,paypal
502861,2301,5 jul 2024,1,instagram,MADRID,tarjeta
502862,1175,08/07/2024,1,email,Lisboa,paypal
502863,3950,27/06/2024,,email,Barcelona,paypal
502864,4736,06/07/2024,1,instagram,Málaga,tarjeta
502865,4074,2024-07-01,1,email,Lisboa,bizum
502866,3124,09/07/2024,1,google,Lisboa,paypal
502867,1335,2024-07-12,1,email,Lisboa,paypal
502868,2478,2024-07-08,1,instagram,Málaga,paypal
502869,1985,02/07/2024,1,instagram,Valencia,paypal
502870,4281,08/07/2024,1,instagram,A Coruña,tarjeta
502871,4770,2 jul 2024,1,google,BARCELONA,tarjeta
502872,886,2024-06-26,,google,Valencia,tarjeta
502873,2984,2024-07-02,1,google,Barcelona,bizum
502874,1338,12/07/2024,1,google,Madrid,tarjeta
502875,1311,03/07/2024,1,instagram,MÁLAGA,tarjeta
502876,4456,2024-07-18,1,email,Oporto,tarjeta
502877,2917,2024-07-07,1,directo,Bilbao,bizum
502878,1684,01/07/2024,1,instagram,barcelona,paypal
502879,4370,2024-07-12,1,directo,Málaga,tarjeta
502880,2165,24/06/2024,,google,Barcelona,bizum
502881,2418,2024-07-04,1,instagram,A CORUÑA,tarjeta
502882,2604,4 jul 2024,1,instagram,Zaragoza,bizum
502883,4022,15/07/2024,1,instagram,LISBOA,tarjeta
502884,3921,26/06/2024,,google,BARCELONA,paypal
502885,49,2024-06-30,,email,barcelona,tarjeta
502886,1516,2024-06-29,,directo,VALENCIA,tarjeta
502887,1852,2024-07-07,1,google,Madrid,tarjeta
502888,2717,2024-07-08,1,directo,Madrid,tarjeta
502889,6,14/07/2024,1,instagram,Lisboa,tarjeta
502890,2439,2024-07-14,1,google,Zaragoza,tarjeta
502891,17,09/07/2024,1,directo,BILBAO,paypal
502892,3957,15 jul 2024,1,google,BARCELONA,paypal
502893,3983,14/07/2024,1,instagram,Barcelona,tarjeta
502894,912,08/07/2024,1,directo,Zaragoza,tarjeta
502895,3699,2024-07-18,1,instagram,madrid,tarjeta
502896,3708,04/07/2024,1,email,Málaga,tarjeta
502897,323,2024-07-02,1,google,Sevilla,tarjeta
502898,770,2024-06-25,,instagram,barcelona,bizum
502899,476,3 jul 2024,1,instagram,Lisboa,tarjeta
502900,2084,2024-07-02,1,google,A Coruña,tarjeta
502901,4346,06/07/2024,1,google,Madrid,tarjeta
502902,4411,2024-07-05,1,google,Valencia,paypal
502903,913,5 jul 2024,1,instagram,Valencia,bizum
502904,1871,2024-07-05,1,directo,MADRID,paypal
502905,3225,2024-07-03,1,google,bilbao,tarjeta
502906,1213,2024-06-29,,google,madrid,tarjeta
502907,4324,2024-07-06,1,directo,Oporto,bizum
502908,908,11/07/2024,1,instagram,Bilbao,tarjeta
502909,3632,2024-07-07,1,google,barcelona,paypal
502910,3081,2024-06-25,,instagram,Valencia,tarjeta
502911,341,10 jul 2024,1,directo,Barcelona,tarjeta
502912,4644,15 jul 2024,1,instagram,Valencia,tarjeta
502913,2306,4 jul 2024,1,instagram,oporto,tarjeta
502914,1755,14 jul 2024,1,instagram,A Coruña,bizum
502915,3347,12/07/2024,1,directo,Barcelona,tarjeta
502916,4595,15/07/2024,1,google,Madrid,tarjeta
502917,183,1 jul 2024,1,directo,barcelona,tarjeta
502918,3761,2024-07-11,1,directo,Málaga,tarjeta
502919,1499,11 jul 2024,1,instagram,ZARAGOZA,bizum
502920,4747,9 jul 2024,1,instagram,Zaragoza,paypal
502921,2479,2024-07-10,1,directo,Barcelona,tarjeta
502922,3638,07/07/2024,1,instagram,Bilbao,tarjeta
502923,319,06/07/2024,1,instagram,Madrid,paypal
502924,3960,3 jul 2024,1,instagram,bilbao,tarjeta
502925,1571,2024-07-10,1,google,Lisboa,paypal
502926,1703,10/07/2024,1,instagram,Barcelona,paypal
502927,1073,2024-07-14,1,instagram,Zaragoza,tarjeta
502928,3299,14/07/2024,1,google,Barcelona,bizum
502929,4529,2024-07-05,1,google,MADRID,tarjeta
502930,1243,2024-07-12,1,instagram,Valencia,bizum
502931,516,2024-07-09,1,instagram,Barcelona,tarjeta
502932,2500,2024-07-02,1,instagram,Oporto,tarjeta
502933,2047,08/07/2024,1,instagram,Sevilla,paypal
502934,2958,13 jul 2024,1,instagram,Barcelona,tarjeta
502935,114,15/07/2024,1,email,Malaga,paypal
502936,4308,2024-07-06,1,google,Sevilla,tarjeta
502937,4507,28/06/2024,,instagram,Madrid,tarjeta
502938,537,07/07/2024,1,google,málaga,paypal
502939,3261,2024-07-03,1,instagram,bilbao,paypal
502940,2627,12 jul 2024,1,email,Zaragoza,tarjeta
502941,4295,2024-07-17,1,email,Madrid,paypal
502942,2165,2024-07-09,1,email,Barcelona,tarjeta
502943,4394,27/06/2024,,instagram,BARCELONA,bizum
502944,4425,6 jul 2024,1,instagram,BARCELONA,tarjeta
502945,4719,27/06/2024,,email,Madrid,bizum
502946,4589,2024-07-13,1,email,Lisboa,tarjeta
502947,4651,2024-07-14,1,directo,VALENCIA,tarjeta
502948,1425,2024-07-12,1,instagram,Madrid,paypal
502949,1966,2024-07-06,1,instagram,Barcelona,paypal
502950,4785,15/07/2024,1,google,A Coruña,tarjeta
502951,4649,29/06/2024,,instagram,Madrid,tarjeta
502952,3909,07/07/2024,1,instagram,Zaragoza,tarjeta
502953,600,2024-07-03,1,email,Lisboa,tarjeta
502954,3689,2024-07-07,1,instagram,barcelona,tarjeta
502955,2133,10/07/2024,1,email,Sevilla,paypal
502956,1283,13/07/2024,1,instagram,Oporto,tarjeta
502957,339,19/07/2024,1,google,Barcelona,bizum
502958,2779,2024-07-13,1,directo,Valencia,paypal
502959,4773,12/07/2024,1,email,Oporto,tarjeta
502960,1467,2024-07-13,1,google,zaragoza,tarjeta
502961,1555,15/07/2024,1,directo,A CORUÑA,tarjeta
502962,3148,2024-07-06,1,email,Malaga,bizum
502963,455,2024-07-09,1,instagram,A Coruña,tarjeta
502964,2801,02/07/2024,1,instagram,MADRID,tarjeta
502965,2477,14/07/2024,1,instagram,Madrid,paypal
502966,4586,2024-07-12,1,google,Malaga,tarjeta
502967,3907,7 jul 2024,1,directo,Valencia,paypal
502968,1261,2024-07-19,1,instagram,Zaragoza,tarjeta
502969,4451,8 jul 2024,1,directo,Zaragoza,tarjeta
502970,3402,2024-07-04,1,email,Madrid,bizum
502971,4785,2024-07-13,1,email,Sevilla,tarjeta
502972,2927,2024-07-07,1,instagram,Valencia,bizum
502973,65,2024-07-04,1,instagram,a coruña,tarjeta
502974,3082,12 jul 2024,1,instagram,Bilbao,paypal
502975,2254,2024-07-02,1,email,VALENCIA,paypal
502976,1109,2024-06-28,,email,oporto,paypal
502977,3308,12 jul 2024,1,directo,Valencia,tarjeta
502978,4671,2024-06-30,,instagram,Madrid,tarjeta
502979,3552,2024-06-28,,google,Sevilla,paypal
502980,202,2024-07-02,1,directo,Madrid,paypal
502981,4577,2024-07-10,1,email,Zaragoza,tarjeta
502982,3900,12/07/2024,1,instagram,Zaragoza,tarjeta
502983,1682,15 jul 2024,1,email,Valencia,bizum
502984,1418,2024-07-17,1,instagram,oporto,tarjeta
502985,3350,2024-06-25,,instagram,Sevilla,tarjeta
502986,1597,2024-06-26,,google,Barcelona,bizum
502987,1981,11 jul 2024,1,directo,Valencia,paypal
502988,4742,3 jul 2024,1,directo,Lisboa,paypal
502989,4438,16/07/2024,1,instagram,Barcelona,bizum
502990,12,10 jul 2024,1,directo,Madrid,paypal
502991,2564,09/07/2024,1,email,Madrid,bizum
502992,496,27/06/2024,,directo,Madrid,paypal
502993,531,2024-07-13,1,google,Oporto,tarjeta
502994,1262,16 jul 2024,1,email,bilbao,bizum
502995,3089,2024-07-06,1,email,Zaragoza,tarjeta
502996,4335,2024-07-12,1,google,Lisboa,bizum
502997,4373,2024-07-10,1,google,A Coruña,tarjeta
502998,429,2024-06-25,,instagram,Barcelona,tarjeta
502999,890,2024-07-07,1,email,Lisboa,tarjeta
503000,1335,2024-06-30,,google,Bilbao,tarjeta
503001,975,29/06/2024,,instagram,Barcelona,paypal
503002,4182,2024-07-18,1,email,Bilbao,bizum
503003,826,2024-07-11,1,instagram,Madrid,bizum
503004,4606,11 jul 2024,1,google,Valencia,bizum
503005,1295,2024-07-11,1,email,valencia,bizum
503006,3918,14/07/2024,1,instagram,Madrid,tarjeta
503007,4823,2024-07-04,1,instagram,Madrid,tarjeta
503008,3444,2024-07-08,1,email,Valencia,tarjeta
503009,3754,14/07/2024,1,instagram,MADRID,tarjeta
503010,4182,2024-07-08,1,google,MÁLAGA,tarjeta
503011,4259,30/06/2024,,instagram,Barcelona,tarjeta
503012,1300,2024-07-15,1,directo,Sevilla,tarjeta
503013,2023,2024-07-07,1,email,madrid,tarjeta
503014,521,10 jul 2024,1,google,Lisboa,tarjeta
503015,4547,2024-07-13,1,directo,A Coruña,paypal
503016,1814,08/07/2024,1,directo,BARCELONA,tarjeta
503017,2133,2024-07-09,1,email,Barcelona,tarjeta
503018,3081,2024-07-05,1,instagram,oporto,bizum
503019,1394,2024-07-11,1,google,LISBOA,tarjeta
503020,1774,06/07/2024,1,directo,madrid,tarjeta
503021,692,2024-06-27,,instagram,Zaragoza,bizum
503022,3394,06/07/2024,1,directo,Valencia,paypal
503023,2689,2024-07-12,1,google,Madrid,paypal
503024,1786,15/07/2024,1,instagram,Sevilla,tarjeta
503025,3685,2024-07-06,1,google,Madrid,bizum
503026,4626,2024-07-04,1,directo,Bilbao,tarjeta
503027,3780,07/07/2024,1,google,Madrid,bizum
503028,3103,05/07/2024,1,instagram,sevilla,bizum
503029,3589,10/07/2024,1,google,BARCELONA,tarjeta
503030,114,24 jun 2024,,instagram,Bilbao,tarjeta
503031,4508,10/07/2024,1,email,Barcelona,tarjeta
503032,257,11 jul 2024,1,email,Barcelona,bizum
503033,4853,2024-07-08,1,email,barcelona,tarjeta
503034,4535,2024-07-12,1,instagram,Barcelona,paypal
503035,4170,10 jul 2024,1,instagram,Bilbao,paypal
503036,4545,11 jul 2024,1,email,Zaragoza,tarjeta
503037,4945,2024-07-06,1,google,madrid,bizum
503038,628,2024-07-04,1,google,bilbao,tarjeta
503039,2961,4 jul 2024,1,google,Bilbao,tarjeta
503040,2207,4 jul 2024,1,google,Barcelona,paypal
503041,2587,2024-07-07,1,google,madrid,bizum
503042,2341,09/07/2024,1,instagram,Oporto,bizum
503043,4642,2024-07-12,1,directo,bilbao,tarjeta
503044,4129,04/07/2024,1,instagram,Valencia,tarjeta
503045,755,9 jul 2024,1,google,Sevilla,bizum
503046,4591,10/07/2024,1,directo,BARCELONA,paypal
503047,4265,2024-07-03,1,instagram,Barcelona,tarjeta
503048,235,15/07/2024,1,directo,málaga,tarjeta
503049,4415,2024-07-09,1,google,Zaragoza,bizum
503050,976,9 jul 2024,1,instagram,sevilla,paypal
503051,1088,2024-07-06,1,google,MÁLAGA,tarjeta
503052,1333,14/07/2024,1,google,madrid,tarjeta
503053,429,09/07/2024,1,directo,Bilbao,tarjeta
503054,91,2024-07-06,1,google,MADRID,bizum
503055,4324,10/07/2024,1,email,valencia,paypal
503056,1293,9 jul 2024,1,email,bilbao,tarjeta
503057,1891,2 jul 2024,1,instagram,Sevilla,bizum
503058,2821,2024-07-10,1,directo,Madrid,paypal
503059,4566,2024-07-10,1,email,madrid,paypal
503060,3291,2024-07-10,1,google,Barcelona,tarjeta
503061,2207,2024-07-09,1,instagram,Madrid,tarjeta
503062,590,09/07/2024,1,email,Madrid,tarjeta
503063,2857,2024-07-17,1,google,Zaragoza,tarjeta
503064,3370,2024-07-05,1,instagram,SEVILLA,tarjeta
503065,2371,2024-07-09,1,google,Oporto,paypal
503066,3376,12/07/2024,1,directo,A CORUÑA,tarjeta
503067,4373,14 jul 2024,1,google,barcelona,tarjeta
503068,4043,2024-07-02,1,instagram,Valencia,tarjeta
503069,4328,2024-07-10,1,email,Lisboa,tarjeta
503070,1332,09/07/2024,1,directo,Madrid,bizum
503071,1749,2024-07-18,1,google,Oporto,tarjeta
503072,895,2024-07-15,1,instagram,Malaga,paypal
503073,2717,1 jul 2024,1,google,Madrid,bizum
503074,3634,2024-07-08,1,directo,Barcelona,tarjeta
503075,3699,07/07/2024,1,directo,madrid,bizum
503076,664,05/07/2024,1,google,Lisboa,tarjeta
503077,2187,10/07/2024,1,instagram,A Coruña,tarjeta
503078,329,2024-07-10,1,google,Valencia,paypal
503079,3380,2024-07-12,1,email,Lisboa,tarjeta
503080,2536,04/07/2024,1,directo,Lisboa,tarjeta
503081,4625,07/07/2024,1,instagram,Bilbao,tarjeta
503082,3582,27 jun 2024,,google,Barcelona,tarjeta
503083,1033,27/06/2024,,directo,lisboa,paypal
503084,1327,2024-07-11,1,instagram,Oporto,tarjeta
503085,3633,2024-07-04,1,google,bilbao,bizum
503086,808,08/07/2024,1,directo,BARCELONA,paypal
503087,4674,07/07/2024,1,google,A Coruña,tarjeta
503088,2170,2024-07-04,1,directo,Barcelona,bizum
503089,1364,2024-07-11,1,instagram,Lisboa,tarjeta
503090,4725,2024-07-03,1,directo,Bilbao,tarjeta
503091,2575,03/07/2024,1,google,LISBOA,bizum
503092,3814,28/06/2024,,directo,Madrid,paypal
503093,3035,2024-07-05,1,instagram,Barcelona,tarjeta
503094,2924,03/07/2024,1,directo,Bilbao,paypal
503095,3348,2024-07-05,1,directo,Sevilla,tarjeta
503096,3787,2024-07-16,1,instagram,Lisboa,tarjeta
503097,3918,2024-07-03,1,email,Madrid,bizum
503098,4761,2024-06-27,,instagram,Barcelona,tarjeta
503099,1256,09/07/2024,1,email,OPORTO,tarjeta
503100,2418,2024-07-08,1,directo,Zaragoza,tarjeta
503101,1934,2024-07-10,1,instagram,Barcelona,paypal
503102,2928,30 jun 2024,,instagram,Valencia,paypal
503103,3708,26/06/2024,,directo,Madrid,bizum
503104,3938,2024-06-30,,instagram,Zaragoza,paypal
503105,62,2024-07-17,1,email,Bilbao,paypal
503106,1927,2024-07-06,1,instagram,MADRID,tarjeta
503107,4446,02/07/2024,1,instagram,A Coruña,tarjeta
503108,1607,2024-07-12,1,email,a coruña,paypal
503109,3098,2024-07-08,1,directo,Sevilla,bizum
503110,3185,6 jul 2024,1,email,Bilbao,tarjeta
503111,3985,04/07/2024,1,instagram,Lisboa,paypal
503112,3219,03/07/2024,1,email,Zaragoza,paypal
503113,2529,2024-07-08,1,instagram,Madrid,bizum
503114,4106,06/07/2024,1,directo,Valencia,bizum
503115,3291,2024-07-11,1,email,Barcelona,bizum
503116,2043,2024-07-11,1,email,Malaga,paypal
503117,1334,14 jul 2024,1,email,BARCELONA,bizum
503118,2192,2024-07-10,1,instagram,Madrid,tarjeta
503119,4615,2024-07-03,1,google,Barcelona,paypal
503120,1544,09/07/2024,1,email,A Coruña,tarjeta
503121,978,2024-07-12,1,instagram,madrid,tarjeta
503122,934,2 jul 2024,1,google,zaragoza,tarjeta
503123,308,2024-07-15,1,instagram,Madrid,bizum
503124,341,2024-06-27,,email,Madrid,tarjeta
503125,2678,25/06/2024,,directo,zaragoza,paypal
503126,1239,2024-06-28,,email,zaragoza,tarjeta
503127,3633,2024-06-25,,google,bilbao,tarjeta
503128,1960,2024-07-11,1,instagram,SEVILLA,tarjeta
503129,1068,2024-07-16,1,email,Madrid,bizum
503130,471,05/07/2024,1,instagram,Bilbao,paypal
503131,3596,2024-07-12,1,directo,VALENCIA,tarjeta
503132,601,17/07/2024,1,directo,Madrid,tarjeta
503133,2370,14/07/2024,1,directo,madrid,paypal
503134,3261,2024-07-02,1,directo,bilbao,tarjeta
503135,3172,2024-07-14,1,google,Madrid,tarjeta
503136,2043,08/07/2024,1,instagram,Madrid,bizum
503137,813,06/07/2024,1,instagram,Lisboa,tarjeta
503138,1292,2024-07-05,1,directo,Madrid,paypal
503139,907,19/07/2024,1,directo,Sevilla,tarjeta
503140,95,2024-07-09,1,google,Valencia,paypal
503141,2457,12 jul 2024,1,instagram,Sevilla,tarjeta
503142,3098,2024-07-06,1,instagram,Sevilla,tarjeta
503143,4479,2024-07-11,1,google,Barcelona,bizum
503144,1932,2024-07-13,1,instagram,VALENCIA,tarjeta
503145,3108,03/07/2024,1,google,Madrid,bizum
503146,2043,11 jul 2024,1,email,lisboa,bizum
503147,2341,05/07/2024,1,instagram,Valencia,tarjeta
503148,2508,2024-06-28,,instagram,Sevilla,tarjeta
503149,664,4 jul 2024,1,instagram,Lisboa,tarjeta
503150,1712,2024-07-03,1,directo,Zaragoza,tarjeta
503151,4668,11/07/2024,1,google,Madrid,tarjeta
503152,1917,12/07/2024,1,directo,Sevilla,paypal
503153,3518,15 jul 2024,1,directo,Sevilla,bizum
503154,843,28 jun 2024,,instagram,Madrid,paypal
503155,15,2024-07-02,1,google,Valencia,tarjeta
503156,2678,2024-07-12,1,email,Madrid,paypal
503157,1922,2024-07-05,1,email,Barcelona,tarjeta
503158,4077,2024-07-16,1,email,Bilbao,tarjeta
503159,1038,2024-07-17,1,instagram,Barcelona,paypal
503160,372,5 jul 2024,1,instagram,BARCELONA,bizum
503161,2504,2024-07-16,1,email,a coruña,bizum
503162,4129,27 jun 2024,,directo,málaga,bizum
503163,3512,2024-07-16,1,instagram,Sevilla,paypal
503164,3431,16/07/2024,1,instagram,Valencia,bizum
503165,1896,2024-06-29,,instagram,a coruña,tarjeta
503166,661,14/07/2024,1,instagram,Barcelona,tarjeta
503167,1053,11/07/2024,1,instagram,Sevilla,paypal
503168,214,2024-06-27,,google,Sevilla,bizum
503169,4534,2024-07-05,1,instagram,madrid,tarjeta
503170,2165,2024-07-02,1,instagram,Barcelona,bizum
503171,907,30/06/2024,,email,oporto,tarjeta
503172,918,2024-07-08,1,google,Barcelona,tarjeta
503173,3210,10/07/2024,1,instagram,A CORUÑA,tarjeta
503174,341,8 jul 2024,1,instagram,Madrid,tarjeta
503175,4703,2024-07-11,1,directo,madrid,tarjeta
503176,1943,03/07/2024,1,instagram,Barcelona,tarjeta
503177,1003,2024-07-06,1,google,A Coruña,tarjeta
503178,1090,03/07/2024,1,instagram,MÁLAGA,paypal
503179,540,4 jul 2024,1,email,VALENCIA,tarjeta
503180,4583,2024-07-03,1,instagram,Bilbao,paypal
503181,3299,2024-07-16,1,email,Málaga,paypal
503182,3057,2 jul 2024,1,email,Barcelona,paypal
503183,1362,08/07/2024,1,instagram,Zaragoza,tarjeta
503184,3893,03/07/2024,1,instagram,Valencia,tarjeta
503185,3082,2024-07-08,1,instagram,Barcelona,paypal
503186,3760,2024-07-06,1,instagram,zaragoza,tarjeta
503187,1169,2024-07-05,1,email,Bilbao,paypal
503188,4453,2024-07-10,1,instagram,Oporto,bizum
503189,2150,2024-07-11,1,email,barcelona,tarjeta
503190,3537,16/07/2024,1,google,Oporto,tarjeta
503191,1239,07/07/2024,1,instagram,Bilbao,bizum
503192,2371,2024-07-06,1,instagram,bilbao,bizum
503193,542,13/07/2024,1,instagram,ZARAGOZA,paypal
503194,108,2024-07-10,1,instagram,A Coruña,bizum
503195,2734,12/07/2024,1,instagram,Madrid,tarjeta
503196,1608,2024-07-06,1,instagram,BARCELONA,bizum
503197,658,19/07/2024,1,email,A CORUÑA,bizum
503198,2696,2024-06-27,,google,LISBOA,bizum
503199,3481,2024-07-03,1,instagram,Sevilla,paypal
503200,4521,10 jul 2024,1,instagram,Barcelona,bizum
503201,3368,2024-07-06,1,google,madrid,paypal
503202,1376,05/07/2024,1,instagram,Barcelona,tarjeta
503203,976,2024-07-14,1,google,sevilla,tarjeta
503204,4773,7 jul 2024,1,instagram,Malaga,tarjeta
503205,3082,2024-07-06,1,instagram,Barcelona,paypal
503206,1128,08/07/2024,1,instagram,Oporto,paypal
503207,694,6 jul 2024,1,directo,Sevilla,paypal
503208,1203,2024-07-07,1,instagram,Madrid,paypal
503209,2770,06/07/2024,1,instagram,Oporto,paypal
503210,2103,2 jul 2024,1,instagram,Bilbao,bizum
503211,1945,2024-06-30,,instagram,Bilbao,bizum
503212,1901,28/06/2024,,google,MADRID,tarjeta
503213,275,08/07/2024,1,instagram,Málaga,tarjeta
503214,3582,2024-07-13,1,instagram,Madrid,paypal
503215,1285,2024-07-15,1,directo,MADRID,tarjeta
503216,2380,2 jul 2024,1,instagram,Sevilla,bizum
503217,3816,02/07/2024,1,instagram,Sevilla,tarjeta
503218,3195,2024-07-09,1,google,sevilla,tarjeta
503219,2370,2024-07-08,1,google,Lisboa,paypal
503220,537,10/07/2024,1,google,málaga,tarjeta
503221,2898,12 jul 2024,1,google,Madrid,paypal
503222,1433,07/07/2024,1,instagram,málaga,tarjeta
503223,4261,2024-07-06,1,google,Sevilla,paypal
503224,2184,2024-07-08,1,email,Sevilla,tarjeta
503225,1270,02/07/2024,1,directo,Madrid,paypal
503226,4353,25/06/2024,,directo,Valencia,paypal
503227,1100,24/06/2024,,instagram,Oporto,tarjeta
503228,3816,03/07/2024,1,directo,Zaragoza,bizum
503229,2151,2024-07-08,1,instagram,Madrid,bizum
503230,761,5 jul 2024,1,instagram,Madrid,paypal
503231,812,7 jul 2024,1,google,Madrid,tarjeta
503232,2747,2024-07-07,1,directo,Barcelona,tarjeta
503233,4822,18/07/2024,1,directo,Madrid,tarjeta
503234,1474,03/07/2024,1,email,Barcelona,bizum
503235,1170,13/07/2024,1,email,MADRID,tarjeta
503236,530,04/07/2024,1,directo,barcelona,bizum
503237,2912,10/07/2024,1,directo,Madrid,tarjeta
503238,3947,2024-06-30,,email,Barcelona,tarjeta
503239,4251,03/07/2024,1,instagram,Lisboa,paypal
503240,1071,17 jul 2024,1,instagram,Bilbao,tarjeta
503241,1236,24/06/2024,,google,Barcelona,tarjeta
503242,2055,2024-07-13,1,google,A Coruña,bizum
503243,482,19 jul 2024,1,directo,MADRID,bizum
503244,137,13 jul 2024,1,google,Barcelona,paypal
503245,1982,02/07/2024,1,google,Bilbao,tarjeta
503246,318,2024-07-07,1,directo,barcelona,tarjeta
503247,3228,2024-07-10,1,instagram,Sevilla,tarjeta
503248,3035,05/07/2024,1,instagram,Barcelona,paypal
503249,2015,24 jun 2024,,instagram,Valencia,tarjeta
503250,4051,2024-07-09,1,google,Madrid,tarjeta
503251,1939,25/06/2024,,instagram,málaga,tarjeta
503252,2752,16 jul 2024,1,google,Lisboa,paypal
503253,3508,2 jul 2024,1,email,Bilbao,bizum
503254,3711,30/06/2024,,instagram,Barcelona,tarjeta
503255,3461,2024-07-17,1,directo,madrid,paypal
503256,4821,18 jul 2024,1,instagram,sevilla,paypal
503257,2917,2024-07-13,1,google,Madrid,tarjeta
503258,664,08/07/2024,1,email,Bilbao,tarjeta
503259,1922,2024-07-07,1,email,Oporto,bizum
503260,3674,2024-07-08,1,email,A Coruña,tarjeta
503261,965,2024-07-09,1,instagram,Barcelona,tarjeta
503262,2497,2024-07-08,1,google,VALENCIA,bizum
503263,1335,2024-06-29,,email,Bilbao,paypal
503264,308,09/07/2024,1,directo,Madrid,tarjeta
503265,934,07/07/2024,1,email,Oporto,tarjeta
503266,3532,2024-07-04,1,google,Lisboa,tarjeta
503267,4583,13/07/2024,1,instagram,Bilbao,tarjeta
503268,2986,4 jul 2024,1,google,Bilbao,tarjeta
503269,394,2024-07-04,1,instagram,Zaragoza,tarjeta
503270,941,10/07/2024,1,instagram,málaga,bizum
503271,504,13/07/2024,1,instagram,Lisboa,tarjeta
503272,3744,2024-07-04,1,google,Madrid,bizum
503273,1691,2024-07-15,1,instagram,sevilla,tarjeta
503274,2744,2024-07-08,1,directo,Barcelona,paypal
503275,3963,10/07/2024,1,google,Valencia,paypal
503276,693,06/07/2024,1,directo,Valencia,paypal
503277,4147,02/07/2024,1,google,madrid,paypal
503278,1385,14/07/2024,1,google,MADRID,tarjeta
503279,1468,09/07/2024,1,email,Madrid,tarjeta
503280,1594,2024-07-16,1,instagram,Lisboa,tarjeta
503281,874,2024-06-26,,instagram,Lisboa,paypal
503282,4642,08/07/2024,1,google,Oporto,paypal
503283,4315,9 jul 2024,1,email,Bilbao,tarjeta
503284,1283,05/07/2024,1,instagram,BARCELONA,bizum
503285,1437,2024-07-10,1,directo,Barcelona,tarjeta
503286,1872,2024-07-10,1,directo,Sevilla,tarjeta
503287,1945,2024-06-28,,instagram,Bilbao,bizum
503288,4785,17/07/2024,1,google,MÁLAGA,paypal
503289,1901,2024-07-09,1,instagram,Madrid,tarjeta
503290,4279,13/07/2024,1,instagram,BARCELONA,paypal
503291,4110,06/07/2024,1,google,Lisboa,tarjeta
503292,3517,25/06/2024,,instagram,Lisboa,tarjeta
503293,1408,2024-07-07,1,google,Zaragoza,paypal
503294,202,2024-07-10,1,email,Madrid,paypal
503295,1250,2024-07-14,1,instagram,Bilbao,bizum
503296,519,2024-07-04,1,google,Madrid,bizum
503297,2565,16/07/2024,1,instagram,Valencia,tarjeta
503298,4201,17/07/2024,1,instagram,A Coruña,tarjeta
503299,2578,09/07/2024,1,email,Zaragoza,tarjeta
503300,1248,06/07/2024,1,google,Málaga,bizum
503301,4564,09/07/2024,1,google,Madrid,paypal
503302,2808,2024-07-15,1,email,valencia,tarjeta
503303,1599,2024-06-29,,instagram,VALENCIA,paypal
503304,3473,2024-07-01,1,email,lisboa,paypal
503305,293,30/06/2024,,instagram,Bilbao,bizum
503306,1235,2024-07-19,1,email,Madrid,bizum
503307,3486,2024-07-09,1,instagram,Madrid,tarjeta
503308,590,19/07/2024,1,directo,Sevilla,bizum
503309,2701,15 jul 2024,1,instagram,OPORTO,tarjeta
503310,2771,2024-07-05,1,instagram,Oporto,tarjeta
503311,945,29/06/2024,,instagram,Barcelona,tarjeta
503312,2165,2024-06-27,,email,Barcelona,tarjeta
503313,2922,20 jul 2024,1,email,Bilbao,tarjeta
503314,4084,2024-07-10,1,instagram,BARCELONA,tarjeta
503315,2344,2024-07-10,1,google,Oporto,tarjeta
503316,3438,11 jul 2024,1,directo,Madrid,tarjeta
503317,1990,2024-06-27,,directo,A Coruña,bizum
503318,2105,16/07/2024,1,instagram,Valencia,tarjeta
503319,3079,07/07/2024,1,instagram,Zaragoza,tarjeta
503320,2353,2024-06-30,,directo,a coruña,paypal
503321,2508,2024-07-03,1,email,A CORUÑA,paypal
503322,4213,2024-07-11,1,google,Sevilla,tarjeta
503323,3553,2024-07-11,1,directo,Valencia,tarjeta
503324,4717,2024-07-15,1,google,BARCELONA,tarjeta
503325,553,02/07/2024,1,instagram,Lisboa,tarjeta
503326,4530,2024-07-12,1,email,BARCELONA,tarjeta
503327,4276,15 jul 2024,1,instagram,Valencia,bizum
503328,2833,2024-07-16,1,instagram,Madrid,tarjeta
503329,3073,2024-07-17,1,google,Oporto,tarjeta
503330,1403,19/07/2024,1,email,BARCELONA,paypal
503331,4253,2024-07-10,1,directo,Lisboa,bizum
503332,3938,12 jul 2024,1,google,Valencia,paypal
503333,747,2024-06-29,,google,Bilbao,tarjeta
503334,3249,2024-07-10,1,email,Malaga,tarjeta
503335,281,2024-07-13,1,instagram,Oporto,tarjeta
503336,3864,25/06/2024,,instagram,Madrid,tarjeta
503337,2159,2024-07-08,1,instagram,Madrid,tarjeta
503338,1530,2024-07-14,1,email,OPORTO,tarjeta
503339,3188,2024-07-05,1,email,Sevilla,tarjeta
503340,962,04/07/2024,1,instagram,Bilbao,bizum
503341,2810,2024-07-07,1,google,bilbao,bizum
503342,4829,25/06/2024,,google,Zaragoza,tarjeta
503343,4106,2024-07-08,1,email,MÁLAGA,tarjeta
503344,602,30/06/2024,,directo,Madrid,paypal
503345,4786,08/07/2024,1,email,Barcelona,paypal
503346,1783,13 jul 2024,1,instagram,Barcelona,tarjeta
503347,2872,1 jul 2024,1,instagram,Sevilla,tarjeta
503348,76,17/07/2024,1,instagram,Sevilla,bizum
503349,2124,13/07/2024,1,google,A Coruña,tarjeta
503350,1083,05/07/2024,1,google,valencia,tarjeta
503351,4776,05/07/2024,1,instagram,VALENCIA,bizum
503352,664,08/07/2024,1,instagram,Lisboa,tarjeta
503353,2073,12 jul 2024,1,google,VALENCIA,tarjeta
503354,2831,2024-06-29,,google,Madrid,tarjeta
503355,3205,13/07/2024,1,directo,barcelona,tarjeta
503356,1973,2024-07-08,1,instagram,Madrid,bizum
503357,4929,13/07/2024,1,google,Málaga,tarjeta
503358,1814,2024-07-09,1,instagram,BARCELONA,tarjeta
503359,4588,2024-06-30,,directo,Barcelona,paypal
503360,4638,2024-07-17,1,email,Oporto,tarjeta
503361,4955,2024-07-07,1,google,Barcelona,bizum
503362,1042,4 jul 2024,1,email,Sevilla,tarjeta
503363,4092,2024-07-11,1,directo,Sevilla,paypal
503364,3019,2024-07-01,1,instagram,Zaragoza,tarjeta
503365,810,15/07/2024,1,directo,Zaragoza,tarjeta
503366,1683,2024-06-24,,directo,Madrid,bizum
503367,2181,2024-07-19,1,directo,valencia,tarjeta
503368,4892,13 jul 2024,1,google,MADRID,paypal
503369,991,02/07/2024,1,instagram,Barcelona,tarjeta
503370,3759,27/06/2024,,directo,SEVILLA,tarjeta
503371,4955,06/07/2024,1,google,Barcelona,tarjeta
503372,3693,10/07/2024,1,google,valencia,tarjeta
503373,3238,18/07/2024,1,email,Madrid,paypal
503374,4170,2024-07-11,1,directo,Bilbao,tarjeta
503375,214,2024-07-08,1,directo,madrid,tarjeta
503376,642,01/07/2024,1,instagram,Sevilla,tarjeta
503377,531,2024-07-18,1,google,madrid,tarjeta
503378,1630,2024-06-30,,instagram,Lisboa,tarjeta
503379,3785,2024-06-27,,directo,valencia,tarjeta
503380,657,12/07/2024,1,email,Sevilla,paypal
503381,2794,04/07/2024,1,email,barcelona,tarjeta
503382,429,2024-07-04,1,instagram,Bilbao,tarjeta
503383,3001,13 jul 2024,1,instagram,Barcelona,tarjeta
503384,4022,12/07/2024,1,google,Oporto,bizum
503385,2102,2024-07-12,1,directo,Oporto,paypal
503386,1102,2024-06-29,,instagram,Madrid,paypal
503387,1409,14/07/2024,1,instagram,Oporto,paypal
503388,1511,07/07/2024,1,google,Madrid,tarjeta
503389,1543,2024-07-07,1,google,Valencia,tarjeta
503390,3305,2024-07-09,1,email,Zaragoza,tarjeta
503391,1850,20 jul 2024,1,email,Bilbao,bizum
503392,2922,13/07/2024,1,instagram,Barcelona,paypal
503393,4415,16/07/2024,1,google,VALENCIA,tarjeta
503394,1576,12 jul 2024,1,directo,Madrid,tarjeta
503395,2432,2024-07-03,1,instagram,Malaga,paypal
503396,3022,2024-07-10,1,instagram,madrid,paypal
503397,658,09/07/2024,1,directo,A CORUÑA,tarjeta
503398,4736,8 jul 2024,1,directo,Sevilla,tarjeta
503399,1594,7 jul 2024,1,directo,Lisboa,bizum
503400,3326,2024-06-26,,google,Valencia,tarjeta
503401,1524,30/06/2024,,directo,Barcelona,tarjeta
503402,3210,2024-07-07,1,email,BARCELONA,bizum
503403,1427,2024-06-25,,instagram,BARCELONA,paypal
503404,1925,2024-07-01,1,instagram,Zaragoza,tarjeta
503405,1335,09/07/2024,1,instagram,Bilbao,paypal
503406,4023,10/07/2024,1,instagram,MADRID,tarjeta
503407,547,2024-07-07,1,email,Barcelona,tarjeta
503408,1524,2024-07-06,1,directo,Bilbao,tarjeta
503409,3662,26 jun 2024,,instagram,SEVILLA,tarjeta
503410,507,7 jul 2024,1,instagram,Málaga,bizum
503411,1524,13/07/2024,1,google,Barcelona,tarjeta
503412,892,06/07/2024,1,instagram,Málaga,paypal
503413,540,14 jul 2024,1,directo,VALENCIA,paypal
503414,2864,2024-07-16,1,instagram,barcelona,tarjeta
503415,3442,02/07/2024,1,directo,A CORUÑA,paypal
503416,4144,11/07/2024,1,google,Barcelona,paypal
503417,590,07/07/2024,1,google,Málaga,bizum
503418,2719,2024-07-15,1,instagram,Sevilla,tarjeta
503419,1990,2024-07-14,1,email,A Coruña,tarjeta
503420,3539,09/07/2024,1,google,Madrid,bizum
503421,4850,2024-07-10,1,directo,Zaragoza,paypal
503422,442,06/07/2024,1,directo,Oporto,paypal
503423,4681,2024-07-07,1,google,Lisboa,tarjeta
503424,1743,25/06/2024,,instagram,Sevilla,tarjeta
503425,786,08/07/2024,1,directo,BARCELONA,tarjeta
503426,2777,2024-07-12,1,directo,ZARAGOZA,tarjeta
503427,4457,05/07/2024,1,google,Bilbao,bizum
503428,4074,11/07/2024,1,instagram,A Coruña,tarjeta
503429,4182,2024-07-11,1,google,A Coruña,tarjeta
503430,655,2024-06-27,,instagram,Zaragoza,paypal
503431,613,28/06/2024,,google,Oporto,tarjeta
503432,1776,8 jul 2024,1,instagram,madrid,paypal
503433,3450,2024-07-18,1,email,Zaragoza,tarjeta
503434,2954,2024-07-11,1,google,Barcelona,bizum
503435,2296,2024-07-16,1,directo,Barcelona,tarjeta
503436,3809,2024-07-13,1,email,Madrid,tarjeta
503437,2969,7 jul 2024,1,directo,Zaragoza,paypal
503438,970,2024-07-13,1,instagram,Valencia,tarjeta
503439,4078,2024-07-05,1,google,barcelona,paypal
503440,1119,2024-07-01,1,google,A Coruña,bizum
503441,2781,14/07/2024,1,instagram,Sevilla,paypal
503442,3081,2024-07-06,1,google,Barcelona,paypal
503443,1712,25 jun 2024,,instagram,Madrid,tarjeta
503444,1835,2024-07-03,1,email,Madrid,tarjeta
503445,3082,27 jun 2024,,instagram,Barcelona,paypal
503446,4220,2024-07-07,1,directo,valencia,tarjeta
503447,2483,06/07/2024,1,directo,Zaragoza,bizum
503448,4760,19/07/2024,1,directo,Sevilla,bizum
503449,4233,2024-07-13,1,directo,Madrid,tarjeta
503450,3234,2024-07-14,1,google,Málaga,bizum
503451,2321,5 jul 2024,1,email,Valencia,bizum
503452,4373,2024-07-11,1,google,barcelona,tarjeta
503453,1256,2024-07-05,1,directo,OPORTO,tarjeta
503454,2199,2024-07-03,1,instagram,Sevilla,bizum
503455,4090,2024-07-14,1,instagram,Madrid,bizum
503456,1032,5 jul 2024,1,google,sevilla,paypal
503457,2595,2024-07-09,1,instagram,Barcelona,bizum
503458,4023,2024-07-05,1,email,MADRID,paypal
503459,3067,2024-07-12,1,email,valencia,bizum
503460,2068,2024-07-15,1,email,Sevilla,tarjeta
503461,193,2024-07-05,1,google,OPORTO,tarjeta
503462,1006,2024-07-13,1,directo,Barcelona,tarjeta
503463,2129,2024-07-07,1,instagram,Madrid,tarjeta
503464,1013,03/07/2024,1,google,Oporto,tarjeta
503465,323,4 jul 2024,1,email,Sevilla,tarjeta
503466,2851,15/07/2024,1,instagram,Valencia,bizum
503467,3816,2024-07-13,1,directo,A Coruña,tarjeta
503468,2849,2024-07-10,1,directo,Barcelona,tarjeta
503469,4330,27/06/2024,,directo,Sevilla,tarjeta
503470,431,2024-06-29,,google,málaga,tarjeta
503471,1872,06/07/2024,1,google,Barcelona,tarjeta
503472,1872,08/07/2024,1,instagram,Barcelona,tarjeta
503473,3202,04/07/2024,1,instagram,madrid,tarjeta
503474,4250,29/06/2024,,instagram,Madrid,tarjeta
503475,2897,13 jul 2024,1,directo,Sevilla,tarjeta
503476,4005,2024-07-11,1,email,Barcelona,tarjeta
503477,647,26/06/2024,,instagram,Oporto,bizum
503478,4534,2024-07-09,1,email,madrid,tarjeta
503479,4070,2024-07-14,1,email,Barcelona,paypal
503480,695,2024-07-10,1,google,Barcelona,tarjeta
503481,1598,03/07/2024,1,google,Zaragoza,paypal
503482,2536,2024-07-12,1,google,Lisboa,tarjeta
503483,3389,01/07/2024,1,instagram,A Coruña,tarjeta
503484,4736,2024-07-08,1,google,ZARAGOZA,tarjeta
503485,2306,6 jul 2024,1,directo,Zaragoza,paypal
503486,3954,2024-07-02,1,email,oporto,bizum
503487,4858,2024-07-10,1,email,A Coruña,tarjeta
503488,623,26 jun 2024,,google,MADRID,tarjeta
503489,4404,12/07/2024,1,google,Madrid,bizum
503490,2506,1 jul 2024,1,instagram,Lisboa,tarjeta
503491,771,2024-07-03,1,email,Barcelona,tarjeta
503492,783,8 jul 2024,1,google,Bilbao,tarjeta
503493,4709,2024-07-16,1,instagram,valencia,tarjeta
503494,2975,29/06/2024,,email,sevilla,bizum
503495,4449,2024-07-07,1,directo,valencia,paypal
503496,1709,2024-07-09,1,google,Sevilla,paypal
503497,564,09/07/2024,1,directo,sevilla,tarjeta
503498,624,2024-07-08,1,google,Madrid,bizum
503499,2898,2024-07-12,1,instagram,madrid,tarjeta
503500,1712,2024-07-07,1,instagram,Madrid,bizum
503501,1825,10/07/2024,1,google,A Coruña,bizum
503502,3918,18/07/2024,1,google,Lisboa,bizum
503503,2015,2024-07-16,1,email,ZARAGOZA,tarjeta
503504,878,2024-07-08,1,email,madrid,bizum
503505,4871,29 jun 2024,,google,valencia,tarjeta
503506,4564,11/07/2024,1,google,A Coruña,paypal
503507,2529,2024-07-06,1,google,Valencia,tarjeta
503508,1721,14/07/2024,1,google,Madrid,bizum
503509,2443,2024-07-05,1,directo,Barcelona,paypal
503510,2253,4 jul 2024,1,instagram,Barcelona,tarjeta
503511,4775,2024-07-04,1,instagram,Bilbao,bizum
503512,3028,2024-06-27,,instagram,Valencia,paypal
503513,364,04/07/2024,1,directo,oporto,tarjeta
503514,3082,2024-07-14,1,directo,Barcelona,tarjeta
503515,843,2024-07-09,1,google,Madrid,paypal
503516,4036,13/07/2024,1,instagram,OPORTO,tarjeta
503517,3950,2024-07-10,1,email,Barcelona,bizum
503518,4878,07/07/2024,1,directo,valencia,paypal
503519,1109,2024-07-16,1,instagram,Bilbao,bizum
503520,1661,06/07/2024,1,google,MADRID,paypal
503521,4738,02/07/2024,1,google,barcelona,paypal
503522,531,11 jul 2024,1,google,Málaga,tarjeta
503523,4123,2024-07-13,1,google,Zaragoza,bizum
503524,978,2024-07-10,1,email,madrid,paypal
503525,3446,14/07/2024,1,instagram,BARCELONA,paypal
503526,949,2024-07-09,1,instagram,Zaragoza,tarjeta
503527,1934,24/06/2024,,instagram,Barcelona,tarjeta
503528,1708,2024-07-12,1,email,madrid,bizum
503529,3852,2024-07-08,1,google,Madrid,bizum
503530,1362,02/07/2024,1,email,A CORUÑA,tarjeta
503531,693,2024-07-14,1,instagram,Lisboa,bizum
503532,4941,02/07/2024,1,instagram,OPORTO,bizum
503533,667,09/07/2024,1,instagram,madrid,tarjeta
503534,741,2024-07-06,1,directo,Valencia,paypal
503535,1428,04/07/2024,1,instagram,Valencia,paypal
503536,2477,2 jul 2024,1,directo,Madrid,paypal
503537,2337,2024-07-05,1,google,Barcelona,tarjeta
503538,1721,11 jul 2024,1,directo,MADRID,tarjeta
503539,1607,2024-06-24,,instagram,a coruña,tarjeta
503540,2359,2 jul 2024,1,instagram,Barcelona,paypal
503541,3629,2024-07-10,1,directo,BILBAO,bizum
503542,1925,24/06/2024,,google,Zaragoza,paypal
503543,2059,2024-07-14,1,google,Valencia,paypal
503544,564,2024-07-13,1,google,sevilla,bizum
503545,4462,28/06/2024,,instagram,Valencia,paypal
503546,257,2024-07-07,1,instagram,Oporto,tarjeta
503547,3959,2024-06-25,,instagram,Bilbao,paypal
503548,4287,2024-07-05,1,instagram,BILBAO,tarjeta
503549,2826,10 jul 2024,1,instagram,madrid,paypal
503550,556,07/07/2024,1,instagram,Málaga,bizum
503551,2095,20 jul 2024,1,google,Valencia,bizum
503552,1896,2024-07-02,1,email,Zaragoza,bizum
503553,2359,12/07/2024,1,email,Barcelona,tarjeta
503554,1607,2024-07-09,1,instagram,Málaga,tarjeta
503555,4260,2024-06-25,,instagram,Madrid,paypal
503556,1943,09/07/2024,1,directo,Barcelona,tarjeta
503557,4577,24/06/2024,,instagram,Zaragoza,bizum
503558,3440,17 jul 2024,1,directo,A Coruña,paypal
503559,2603,2024-07-08,1,email,Oporto,paypal
503560,65,2024-06-29,,directo,barcelona,tarjeta
503561,4421,08/07/2024,1,google,Valencia,tarjeta
503562,2007,09/07/2024,1,directo,Madrid,tarjeta
503563,1253,2024-07-17,1,directo,Barcelona,tarjeta
503564,4618,07/07/2024,1,instagram,Madrid,bizum
503565,886,2024-07-05,1,google,Valencia,paypal
503566,1331,2 jul 2024,1,directo,Madrid,tarjeta
503567,2283,25/06/2024,,google,Lisboa,paypal
503568,1299,29/06/2024,,google,Zaragoza,tarjeta
503569,2565,2024-07-13,1,email,Valencia,tarjeta
503570,4033,24/06/2024,,instagram,Oporto,tarjeta
503571,2335,2024-07-09,1,directo,LISBOA,tarjeta
503572,1566,15/07/2024,1,email,VALENCIA,tarjeta
503573,4249,2024-06-28,,instagram,Málaga,paypal
503574,2321,13/07/2024,1,google,Barcelona,tarjeta
503575,1922,08/07/2024,1,google,zaragoza,tarjeta
503576,3275,2024-07-12,1,instagram,bilbao,tarjeta
503577,1751,2024-06-25,,google,Zaragoza,tarjeta
503578,1283,14/07/2024,1,directo,BARCELONA,paypal
503579,4929,2024-07-14,1,instagram,Málaga,tarjeta
503580,2391,3 jul 2024,1,email,Sevilla,paypal
503581,1661,11/07/2024,1,google,MADRID,tarjeta
503582,2750,2024-07-06,1,google,Madrid,paypal
503583,1862,2024-07-18,1,instagram,MADRID,paypal
503584,1283,2024-07-17,1,email,A Coruña,tarjeta
503585,4058,2024-07-07,1,google,madrid,bizum
503586,3007,2024-06-28,,email,Madrid,tarjeta
503587,2029,2024-07-05,1,directo,BARCELONA,bizum
503588,308,2024-07-12,1,google,Lisboa,tarjeta
503589,4923,2024-07-15,1,instagram,OPORTO,tarjeta
503590,593,3 jul 2024,1,google,LISBOA,tarjeta
503591,3555,2024-07-10,1,email,Madrid,paypal
503592,4380,2024-07-13,1,directo,Madrid,paypal
503593,2682,12/07/2024,1,google,Madrid,bizum
503594,431,10/07/2024,1,email,málaga,paypal
503595,2529,2024-07-01,1,instagram,Sevilla,tarjeta
503596,1279,10/07/2024,1,instagram,A CORUÑA,tarjeta
503597,3261,11/07/2024,1,directo,bilbao,paypal
503598,4838,2024-07-08,1,instagram,Madrid,paypal
503599,3674,06/07/2024,1,instagram,SEVILLA,bizum
503600,4747,17 jul 2024,1,email,madrid,paypal
503601,1382,14 jul 2024,1,google,Málaga,tarjeta
503602,2477,2024-07-14,1,google,Zaragoza,paypal
503603,1259,2024-07-13,1,directo,lisboa,bizum
503604,1742,2024-06-28,,google,SEVILLA,tarjeta
503605,624,06/07/2024,1,directo,Madrid,bizum
503606,810,2024-07-02,1,instagram,Zaragoza,tarjeta
503607,2864,06/07/2024,1,google,barcelona,bizum
503608,2935,06/07/2024,1,email,oporto,tarjeta
503609,4281,2024-07-17,1,instagram,Barcelona,tarjeta
503610,3243,2024-07-08,1,instagram,Valencia,paypal
503611,4295,2024-07-06,1,instagram,Zaragoza,tarjeta
503612,283,13/07/2024,1,directo,Madrid,bizum
503613,6,2024-07-08,1,email,Lisboa,tarjeta
503614,2347,14 jul 2024,1,email,Lisboa,bizum
503615,3185,2024-07-02,1,google,Bilbao,paypal
503616,3298,8 jul 2024,1,email,Madrid,tarjeta
503617,1627,28/06/2024,,directo,Bilbao,bizum
503618,722,11/07/2024,1,directo,Zaragoza,bizum
503619,3359,17/07/2024,1,instagram,MÁLAGA,tarjeta
503620,4378,16/07/2024,1,instagram,Barcelona,tarjeta
503621,68,2024-07-09,1,instagram,LISBOA,tarjeta
503622,3349,10/07/2024,1,google,sevilla,bizum
503623,3862,2024-07-08,1,instagram,zaragoza,tarjeta
503624,1495,04/07/2024,1,google,Valencia,tarjeta
503625,4394,2024-07-11,1,instagram,BARCELONA,tarjeta
503626,1073,2024-07-10,1,instagram,a coruña,bizum
503627,4213,2024-07-02,1,google,Barcelona,tarjeta
503628,2784,24/06/2024,,email,Madrid,tarjeta
503629,2475,2024-07-13,1,directo,Bilbao,paypal
503630,2684,26/06/2024,,google,Barcelona,paypal
503631,619,6 jul 2024,1,directo,Sevilla,tarjeta
503632,1511,2024-07-04,1,email,Madrid,bizum
503633,4392,08/07/2024,1,instagram,MADRID,tarjeta
503634,2129,12/07/2024,1,directo,Bilbao,paypal
503635,593,04/07/2024,1,instagram,LISBOA,tarjeta
503636,4941,16/07/2024,1,email,OPORTO,tarjeta
503637,446,2024-07-05,1,instagram,Lisboa,tarjeta
503638,2906,13/07/2024,1,directo,BARCELONA,tarjeta
503639,2218,2024-07-06,1,email,Lisboa,tarjeta
503640,1987,2024-06-25,,google,madrid,tarjeta
503641,2751,2024-07-16,1,email,A Coruña,bizum
503642,4589,12/07/2024,1,email,Lisboa,tarjeta
503643,3610,16/07/2024,1,directo,Madrid,bizum
503644,2625,10/07/2024,1,instagram,MÁLAGA,paypal
503645,3816,16/07/2024,1,email,Sevilla,tarjeta
503646,895,2024-07-11,1,directo,lisboa,paypal
503647,2760,30 jun 2024,,google,sevilla,tarjeta
503648,1530,2024-07-11,1,google,Valencia,bizum
503649,4817,03/07/2024,1,email,Valencia,tarjeta
503650,308,2024-07-11,1,instagram,Madrid,tarjeta
503651,4415,07/07/2024,1,google,A Coruña,paypal
503652,3624,15 jul 2024,1,directo,MADRID,tarjeta
503653,1625,12/07/2024,1,directo,Zaragoza,tarjeta
503654,831,16/07/2024,1,instagram,madrid,tarjeta
503655,1891,2024-07-15,1,google,madrid,tarjeta
503656,4636,9 jul 2024,1,email,valencia,tarjeta
503657,1013,11/07/2024,1,email,Madrid,tarjeta
503658,2370,2024-07-13,1,instagram,madrid,tarjeta
503659,4742,24 jun 2024,,google,A CORUÑA,tarjeta
503660,2715,2024-06-27,,directo,zaragoza,tarjeta
503661,3200,9 jul 2024,1,google,OPORTO,tarjeta
503662,1376,2024-07-09,1,instagram,Lisboa,tarjeta
503663,476,2024-07-02,1,google,Lisboa,tarjeta
503664,4538,6 jul 2024,1,directo,Barcelona,tarjeta
503665,4928,19/07/2024,1,instagram,Madrid,tarjeta
503666,442,2024-07-13,1,directo,Madrid,bizum
503667,1214,28 jun 2024,,instagram,LISBOA,tarjeta
503668,4817,10 jul 2024,1,instagram,Zaragoza,tarjeta
503669,4387,2024-07-07,1,google,Madrid,paypal
503670,83,07/07/2024,1,instagram,Valencia,tarjeta
503671,3164,02/07/2024,1,instagram,bilbao,tarjeta
503672,431,26 jun 2024,,google,Madrid,tarjeta
503673,4258,2024-07-07,1,instagram,Valencia,tarjeta
503674,2955,2024-06-25,,directo,MADRID,tarjeta
503675,1247,15/07/2024,1,email,valencia,bizum
503676,4438,11/07/2024,1,google,Barcelona,tarjeta
503677,81,2024-07-17,1,email,Oporto,tarjeta
503678,147,2024-07-06,1,email,Zaragoza,tarjeta
503679,967,2024-07-03,1,directo,Bilbao,tarjeta
503680,2008,2024-07-02,1,google,Lisboa,tarjeta
503681,3094,2024-06-26,,instagram,ZARAGOZA,tarjeta
503682,1307,2024-06-28,,google,sevilla,tarjeta
503683,3413,2024-07-01,1,instagram,Lisboa,paypal
503684,401,09/07/2024,1,google,A Coruña,tarjeta
503685,213,07/07/2024,1,google,BARCELONA,bizum
503686,2436,10 jul 2024,1,instagram,Zaragoza,paypal
503687,4588,2024-07-10,1,google,Madrid,tarjeta
503688,3075,05/07/2024,1,email,Madrid,bizum
503689,4398,2024-07-07,1,email,Madrid,bizum
503690,4237,12/07/2024,1,directo,A Coruña,tarjeta
503691,4836,16/07/2024,1,instagram,Valencia,tarjeta
503692,3693,2024-07-14,1,google,valencia,tarjeta
503693,2760,2024-07-07,1,email,sevilla,tarjeta
503694,4281,2024-06-30,,instagram,Madrid,paypal
503695,3954,15 jul 2024,1,email,oporto,tarjeta
503696,4786,9 jul 2024,1,directo,Oporto,bizum
503697,3164,17 jul 2024,1,directo,bilbao,tarjeta
503698,686,25/06/2024,,google,Lisboa,tarjeta
503699,2266,2024-07-15,1,google,lisboa,paypal
503700,4362,06/07/2024,1,email,Lisboa,tarjeta
503701,3980,2024-07-02,1,instagram,Valencia,tarjeta
503702,3022,13 jul 2024,1,instagram,Madrid,tarjeta
503703,2857,2024-07-05,1,directo,Barcelona,tarjeta
503704,1814,02/07/2024,1,email,Oporto,bizum
503705,3538,2024-07-11,1,instagram,Sevilla,bizum
503706,4303,2024-07-06,1,email,Málaga,tarjeta
503707,3809,08/07/2024,1,google,Valencia,bizum
503708,3841,07/07/2024,1,google,Valencia,tarjeta
503709,3262,2024-07-12,1,google,Valencia,tarjeta
503710,226,11/07/2024,1,instagram,Malaga,bizum
503711,346,2024-07-17,1,instagram,Valencia,bizum
503712,4333,2024-07-18,1,email,Madrid,tarjeta
503713,3938,7 jul 2024,1,instagram,Valencia,tarjeta
503714,4236,2024-07-11,1,email,Barcelona,paypal
503715,2432,2024-06-27,,email,Málaga,tarjeta
503716,4534,2024-07-11,1,instagram,Lisboa,tarjeta
503717,3441,2024-07-13,1,google,Barcelona,tarjeta
503718,1006,18/07/2024,1,instagram,A Coruña,tarjeta
503719,687,2024-07-08,1,email,Valencia,paypal
503720,4949,9 jul 2024,1,instagram,madrid,tarjeta
503721,2650,24/06/2024,,instagram,Lisboa,bizum
503722,4004,2024-07-01,1,directo,BARCELONA,tarjeta
503723,3518,8 jul 2024,1,instagram,MADRID,tarjeta
503724,2165,2024-07-10,1,email,Barcelona,tarjeta
503725,183,05/07/2024,1,directo,Oporto,tarjeta
503726,4417,15/07/2024,1,directo,Madrid,paypal
503727,2192,2024-07-14,1,google,Madrid,tarjeta
503728,1463,2024-07-07,1,google,Lisboa,paypal
503729,2780,2024-07-08,1,email,Oporto,tarjeta
503730,3531,06/07/2024,1,email,madrid,bizum
503731,4760,2024-07-09,1,instagram,Lisboa,paypal
503732,4600,2024-07-05,1,instagram,oporto,tarjeta
503733,1249,2024-07-07,1,email,Lisboa,bizum
503734,4247,10/07/2024,1,directo,lisboa,bizum
503735,737,2024-06-27,,instagram,barcelona,paypal
503736,3552,26 jun 2024,,google,valencia,tarjeta
503737,1203,2024-07-09,1,directo,Madrid,paypal
503738,2266,2024-07-11,1,instagram,A Coruña,paypal
503739,2756,09/07/2024,1,instagram,Madrid,bizum
503740,1248,2024-07-10,1,instagram,Valencia,bizum
503741,3761,06/07/2024,1,instagram,Málaga,tarjeta
503742,890,2024-07-19,1,email,Zaragoza,bizum
503743,2359,13/07/2024,1,google,Sevilla,paypal
503744,1943,2024-07-05,1,directo,Barcelona,bizum
503745,1310,12 jul 2024,1,instagram,Madrid,tarjeta
503746,892,2024-07-09,1,directo,Lisboa,tarjeta
503747,4590,2024-07-19,1,instagram,Zaragoza,paypal
503748,4535,2024-06-25,,instagram,BARCELONA,tarjeta
503749,2206,06/07/2024,1,google,valencia,paypal
503750,2905,07/07/2024,1,directo,Barcelona,bizum
503751,4004,30 jun 2024,,email,Sevilla,bizum
503752,3395,2024-07-06,1,instagram,Zaragoza,tarjeta
503753,2927,2024-07-11,1,google,Málaga,tarjeta
503754,1666,02/07/2024,1,instagram,Sevilla,tarjeta
503755,737,2024-07-13,1,email,barcelona,paypal
503756,4625,15 jul 2024,1,google,Oporto,paypal
503757,1333,14/07/2024,1,instagram,madrid,paypal
503758,4329,2024-07-02,1,instagram,Madrid,tarjeta
503759,213,3 jul 2024,1,instagram,Málaga,tarjeta
503760,471,17/07/2024,1,email,Bilbao,tarjeta
503761,2359,05/07/2024,1,instagram,Barcelona,tarjeta
503762,4871,2024-07-04,1,email,valencia,tarjeta
503763,4644,09/07/2024,1,instagram,Valencia,bizum
503764,22,2024-07-08,1,instagram,bilbao,tarjeta
503765,3505,2024-07-04,1,google,barcelona,tarjeta
503766,1648,08/07/2024,1,google,Valencia,paypal
503767,1276,5 jul 2024,1,instagram,Barcelona,tarjeta
503768,2159,9 jul 2024,1,email,Madrid,tarjeta
503769,3088,30 jun 2024,,directo,MÁLAGA,tarjeta
503770,3186,09/07/2024,1,instagram,Lisboa,tarjeta
503771,2503,07/07/2024,1,email,Valencia,tarjeta
503772,1033,2024-07-15,1,google,Madrid,paypal
503773,2357,07/07/2024,1,directo,Madrid,bizum
503774,2146,26 jun 2024,,google,Valencia,bizum
503775,3350,2024-07-08,1,instagram,Sevilla,bizum
503776,465,2024-07-08,1,instagram,SEVILLA,tarjeta
503777,593,2024-06-25,,email,LISBOA,bizum
503778,4668,26/06/2024,,email,Madrid,tarjeta
503779,2332,2024-07-13,1,email,Valencia,bizum
503780,1934,24/06/2024,,instagram,málaga,paypal
503781,3214,12/07/2024,1,directo,Madrid,tarjeta
503782,2081,05/07/2024,1,instagram,VALENCIA,bizum
503783,1575,2024-07-11,1,instagram,Lisboa,paypal
503784,3538,11/07/2024,1,instagram,Sevilla,paypal
503785,3562,17/07/2024,1,instagram,barcelona,paypal
503786,3544,08/07/2024,1,directo,madrid,tarjeta
503787,2184,04/07/2024,1,google,Sevilla,tarjeta
503788,4279,2024-07-02,1,instagram,VALENCIA,tarjeta
503789,1516,03/07/2024,1,google,Zaragoza,tarjeta
503790,63,05/07/2024,1,email,Madrid,tarjeta
503791,3539,05/07/2024,1,email,A CORUÑA,paypal
503792,1408,2024-07-04,1,email,LISBOA,bizum
503793,1032,2024-06-26,,instagram,Lisboa,bizum
503794,1472,2024-07-12,1,google,barcelona,bizum
503795,2058,15/07/2024,1,instagram,Lisboa,paypal
503796,2860,2024-07-06,1,email,valencia,tarjeta
503797,4255,2024-07-12,1,google,A Coruña,paypal
503798,2165,2024-06-24,,google,Oporto,bizum
503799,1555,06/07/2024,1,email,Barcelona,bizum
503800,1832,2024-06-26,,email,Sevilla,tarjeta
503801,613,2024-07-05,1,google,Oporto,tarjeta
503802,4198,2024-07-05,1,instagram,Valencia,tarjeta
503803,509,26 jun 2024,,email,oporto,tarjeta
503804,540,09/07/2024,1,google,VALENCIA,tarjeta
503805,1728,2024-07-03,1,instagram,BARCELONA,tarjeta
503806,4293,2024-07-06,1,google,BARCELONA,tarjeta
503807,1498,2024-07-06,1,google,A Coruña,tarjeta
503808,1261,2024-07-05,1,instagram,Zaragoza,tarjeta
503809,771,2024-07-03,1,directo,Barcelona,tarjeta
503810,3610,2024-07-12,1,google,Zaragoza,paypal
503811,3660,8 jul 2024,1,directo,bilbao,tarjeta
503812,4670,2024-07-12,1,instagram,Madrid,tarjeta
503813,3205,7 jul 2024,1,instagram,Madrid,tarjeta
503814,4227,04/07/2024,1,instagram,SEVILLA,paypal
503815,1329,2024-07-05,1,instagram,Zaragoza,tarjeta
503816,4928,2024-07-06,1,directo,A Coruña,tarjeta
503817,3096,25/06/2024,,instagram,Sevilla,paypal
503818,2283,07/07/2024,1,email,Valencia,tarjeta
503819,1470,2024-07-11,1,email,Barcelona,tarjeta
503820,1219,2024-06-24,,directo,sevilla,bizum
503821,2047,2024-07-10,1,google,Málaga,bizum
503822,4049,10/07/2024,1,instagram,Málaga,bizum
503823,4710,2024-07-06,1,google,Sevilla,tarjeta
503824,3199,07/07/2024,1,email,Barcelona,tarjeta
503825,4043,2024-07-07,1,directo,ZARAGOZA,tarjeta
503826,71,16/07/2024,1,instagram,Lisboa,paypal
503827,4002,2024-06-25,,email,Barcelona,paypal
503828,194,06/07/2024,1,email,málaga,tarjeta
503829,667,17/07/2024,1,google,madrid,paypal
503830,4757,2024-07-10,1,google,Madrid,bizum
503831,1057,4 jul 2024,1,email,BARCELONA,tarjeta
503832,4642,2024-07-10,1,google,barcelona,tarjeta
503833,4160,10/07/2024,1,instagram,Barcelona,tarjeta
503834,2254,12 jul 2024,1,google,A Coruña,paypal
503835,1683,12/07/2024,1,instagram,MADRID,paypal
503836,2500,2024-07-09,1,google,Lisboa,tarjeta
503837,3370,27 jun 2024,,instagram,Lisboa,tarjeta
503838,2337,2024-06-29,,google,Barcelona,tarjeta
503839,4626,2024-07-12,1,directo,Bilbao,tarjeta
503840,1273,2024-07-08,1,directo,Barcelona,paypal
503841,4079,2024-07-13,1,instagram,Zaragoza,paypal
503842,2824,2024-07-04,1,instagram,bilbao,tarjeta
503843,2314,05/07/2024,1,instagram,oporto,paypal
503844,737,2024-07-08,1,directo,barcelona,tarjeta
503845,1219,01/07/2024,1,google,valencia,tarjeta
503846,991,2024-07-15,1,instagram,Valencia,tarjeta
503847,2991,2024-07-11,1,google,Barcelona,tarjeta
503848,1196,12/07/2024,1,google,Bilbao,bizum
503849,4583,2024-07-08,1,directo,Bilbao,paypal
503850,2771,9 jul 2024,1,instagram,oporto,tarjeta
503851,3333,3 jul 2024,1,google,Madrid,paypal
503852,1012,2024-07-12,1,email,Valencia,tarjeta
503853,4374,2024-07-03,1,google,Málaga,bizum
503854,4588,28/06/2024,,google,Madrid,bizum
503855,2093,2024-07-05,1,instagram,MADRID,paypal
503856,1018,2024-07-05,1,google,Valencia,bizum
503857,2751,04/07/2024,1,instagram,Bilbao,tarjeta
503858,1553,02/07/2024,1,email,barcelona,tarjeta
503859,635,2024-06-24,,google,Sevilla,tarjeta
503860,147,24 jun 2024,,directo,A Coruña,tarjeta
503861,1542,2024-07-04,1,google,Barcelona,tarjeta
503862,2337,12/07/2024,1,directo,Barcelona,tarjeta
503863,1571,15 jul 2024,1,google,Sevilla,paypal
503864,3703,13/07/2024,1,instagram,Madrid,tarjeta
503865,4293,2024-07-05,1,instagram,Sevilla,bizum
503866,1775,28/06/2024,,google,Madrid,tarjeta
503867,4421,03/07/2024,1,instagram,A CORUÑA,tarjeta
503868,542,09/07/2024,1,directo,Sevilla,paypal
503869,3098,05/07/2024,1,instagram,Sevilla,tarjeta
503870,3112,27/06/2024,,instagram,Madrid,bizum
503871,1423,2024-07-01,1,instagram,Málaga,tarjeta
503872,2159,2024-06-24,,instagram,BARCELONA,bizum
503873,1214,2024-07-04,1,directo,LISBOA,paypal
503874,2986,03/07/2024,1,instagram,Valencia,tarjeta
503875,4323,04/07/2024,1,instagram,Lisboa,tarjeta
503876,4461,2024-07-11,1,instagram,MADRID,tarjeta
503877,2218,8 jul 2024,1,instagram,Valencia,tarjeta
503878,3321,06/07/2024,1,instagram,Sevilla,tarjeta
503879,3205,12/07/2024,1,directo,lisboa,tarjeta
503880,3228,2024-06-25,,email,Sevilla,tarjeta
503881,255,14/07/2024,1,instagram,valencia,paypal
503882,1311,2024-07-03,1,instagram,Zaragoza,tarjeta
503883,1901,03/07/2024,1,google,barcelona,tarjeta
503884,2611,2024-07-04,1,google,MÁLAGA,tarjeta
503885,2418,18/07/2024,1,directo,Barcelona,tarjeta
503886,1292,19 jul 2024,1,instagram,Madrid,bizum
503887,2423,8 jul 2024,1,google,Lisboa,paypal
503888,3035,2024-07-13,1,directo,málaga,paypal
503889,2203,08/07/2024,1,google,Valencia,tarjeta
503890,991,8 jul 2024,1,directo,Barcelona,paypal
503891,65,2024-07-14,1,email,A CORUÑA,paypal
503892,1829,2024-07-10,1,google,Madrid,paypal
503893,2668,2 jul 2024,1,directo,a coruña,tarjeta
503894,3824,02/07/2024,1,email,valencia,tarjeta
503895,2625,16 jul 2024,1,google,MÁLAGA,paypal
503896,1922,01/07/2024,1,email,Valencia,tarjeta
503897,2043,2024-06-24,,directo,Malaga,tarjeta
503898,3681,29 jun 2024,,instagram,Oporto,paypal
503899,1544,08/07/2024,1,google,Zaragoza,paypal
503900,2448,2024-07-02,1,directo,Barcelona,tarjeta
503901,2337,2024-06-27,,directo,Barcelona,tarjeta
503902,3606,09/07/2024,1,google,Barcelona,paypal
503903,1977,08/07/2024,1,google,Sevilla,bizum
503904,3473,2024-07-17,1,google,Oporto,tarjeta
503905,618,6 jul 2024,1,email,Málaga,tarjeta
503906,9,17/07/2024,1,directo,A Coruña,paypal
503907,2558,01/07/2024,1,directo,Valencia,tarjeta
503908,4645,11 jul 2024,1,instagram,Barcelona,tarjeta
503909,3082,2024-07-05,1,instagram,Oporto,bizum
503910,155,2024-07-07,1,instagram,Barcelona,tarjeta
503911,3165,08/07/2024,1,instagram,Lisboa,paypal
503912,2297,14/07/2024,1,google,madrid,paypal
503913,1358,06/07/2024,1,instagram,valencia,paypal
503914,1423,12/07/2024,1,directo,lisboa,tarjeta
503915,4316,04/07/2024,1,directo,Sevilla,bizum
503916,3562,11/07/2024,1,instagram,Madrid,tarjeta
503917,1053,2024-06-27,,instagram,Sevilla,tarjeta
503918,2671,11/07/2024,1,directo,Valencia,paypal
503919,126,08/07/2024,1,instagram,Oporto,bizum
503920,191,13 jul 2024,1,instagram,Valencia,paypal
503921,1179,2024-07-04,1,directo,Barcelona,bizum
503922,4928,2024-07-05,1,instagram,Zaragoza,paypal
503923,3954,11 jul 2024,1,directo,oporto,bizum
503924,526,2024-07-12,1,google,Sevilla,bizum
503925,4636,11/07/2024,1,instagram,Sevilla,tarjeta
503926,3198,2024-07-02,1,directo,Madrid,tarjeta
503927,2769,2024-07-11,1,directo,Lisboa,tarjeta
503928,921,2024-06-29,,google,Lisboa,paypal
503929,4796,9 jul 2024,1,google,Barcelona,tarjeta
503930,2006,2024-07-04,1,directo,A Coruña,tarjeta
503931,4530,02/07/2024,1,instagram,BARCELONA,tarjeta
503932,1849,02/07/2024,1,instagram,A Coruña,paypal
503933,148,2024-07-19,1,email,Bilbao,tarjeta
503934,4464,2024-06-29,,email,lisboa,paypal
503935,3326,2024-07-15,1,instagram,Oporto,bizum
503936,15,26 jun 2024,,email,Bilbao,tarjeta
503937,2837,16/07/2024,1,instagram,Madrid,bizum
503938,2718,2024-07-06,1,email,Zaragoza,tarjeta
503939,4872,2024-07-03,1,instagram,BARCELONA,tarjeta
503940,2696,2024-07-04,1,instagram,Lisboa,bizum
503941,3450,2024-07-06,1,instagram,barcelona,tarjeta
503942,661,2024-07-07,1,instagram,Barcelona,tarjeta
503943,4387,01/07/2024,1,email,Madrid,tarjeta
503944,4230,2024-07-06,1,instagram,lisboa,paypal
503945,1364,2024-07-05,1,instagram,A Coruña,paypal
503946,4585,11 jul 2024,1,directo,Malaga,paypal
503947,100,04/07/2024,1,email,Valencia,tarjeta
503948,1511,06/07/2024,1,google,Bilbao,paypal
503949,840,09/07/2024,1,instagram,Madrid,tarjeta
503950,3842,2024-07-03,1,directo,Barcelona,bizum
503951,2218,11/07/2024,1,google,Valencia,tarjeta
503952,2010,2024-07-04,1,directo,Oporto,tarjeta
503953,3081,02/07/2024,1,google,Sevilla,paypal
503954,617,2024-07-17,1,instagram,Lisboa,paypal
503955,482,2024-07-16,1,directo,A Coruña,tarjeta
503956,3124,2024-07-08,1,email,barcelona,tarjeta
503957,114,2024-07-05,1,instagram,Barcelona,tarjeta
503958,2405,13/07/2024,1,instagram,madrid,tarjeta
503959,2777,11/07/2024,1,instagram,oporto,paypal
503960,3081,14/07/2024,1,google,Valencia,tarjeta
503961,1921,2024-07-08,1,google,bilbao,tarjeta
503962,3266,2024-06-24,,instagram,Bilbao,tarjeta
503963,1128,4 jul 2024,1,email,Lisboa,tarjeta
503964,2966,2024-07-02,1,directo,Zaragoza,paypal
503965,1661,17/07/2024,1,email,Valencia,tarjeta
503966,894,18/07/2024,1,directo,MÁLAGA,tarjeta
503967,4714,2024-06-24,,instagram,Bilbao,paypal
503968,4079,2024-07-10,1,instagram,Madrid,paypal
503969,4785,02/07/2024,1,email,A Coruña,bizum
503970,4303,2024-06-28,,directo,Málaga,paypal
503971,2751,3 jul 2024,1,email,Sevilla,bizum
503972,2704,2024-07-16,1,email,VALENCIA,bizum
503973,1261,5 jul 2024,1,google,Zaragoza,tarjeta
503974,1775,12/07/2024,1,google,Oporto,tarjeta
503975,3284,2024-07-03,1,instagram,Barcelona,tarjeta
503976,1083,27/06/2024,,directo,Málaga,tarjeta
503977,4421,8 jul 2024,1,email,Valencia,bizum
503978,2448,08/07/2024,1,directo,A Coruña,paypal
503979,3307,07/07/2024,1,instagram,BILBAO,bizum
503980,4812,15/07/2024,1,directo,Valencia,tarjeta
503981,188,02/07/2024,1,instagram,Bilbao,tarjeta
503982,4600,25/06/2024,,directo,Barcelona,paypal
503983,3114,2024-07-11,1,instagram,Málaga,tarjeta
503984,2860,2024-06-28,,email,Oporto,bizum
503985,477,2024-07-08,1,email,ZARAGOZA,paypal
503986,2450,2024-06-26,,google,Madrid,bizum
503987,4649,2024-07-12,1,google,Madrid,bizum
503988,49,14/07/2024,1,instagram,barcelona,tarjeta
503989,108,2024-07-06,1,directo,málaga,tarjeta
503990,2853,6 jul 2024,1,instagram,barcelona,bizum
503991,235,10/07/2024,1,instagram,Bilbao,paypal
503992,2904,11/07/2024,1,google,valencia,paypal
503993,1055,11/07/2024,1,google,Valencia,paypal
503994,4823,12/07/2024,1,instagram,VALENCIA,tarjeta
503995,1476,2024-07-06,1,email,Madrid,bizum
503996,3787,01/07/2024,1,instagram,Lisboa,tarjeta
503997,2305,08/07/2024,1,email,Málaga,bizum
503998,2542,15/07/2024,1,instagram,Malaga,paypal
503999,3266,2024-07-11,1,google,Valencia,paypal
504000,1264,2024-07-01,1,instagram,barcelona,tarjeta
504001,537,2024-07-13,1,instagram,A CORUÑA,paypal
504002,282,2024-07-09,1,directo,Zaragoza,bizum
504003,2107,04/07/2024,1,email,Málaga,tarjeta
504004,4392,6 jul 2024,1,instagram,Madrid,paypal
504005,257,2024-06-25,,instagram,Oporto,tarjeta
504006,4538,2024-07-16,1,google,Barcelona,tarjeta
504007,3511,3 jul 2024,1,google,Barcelona,tarjeta
504008,3810,2024-07-11,1,directo,Zaragoza,tarjeta
504009,4810,2024-07-04,1,google,Bilbao,bizum
504010,1816,2024-07-15,1,email,Madrid,tarjeta
504011,528,2024-07-06,1,email,ZARAGOZA,tarjeta
504012,2446,14/07/2024,1,instagram,A Coruña,tarjeta
504013,1499,26/06/2024,,email,A Coruña,tarjeta
504014,4276,15/07/2024,1,google,Barcelona,tarjeta
504015,380,2024-07-07,1,google,Valencia,tarjeta
504016,3990,25/06/2024,,instagram,sevilla,bizum
504017,2367,04/07/2024,1,instagram,Bilbao,tarjeta
504018,3072,10/07/2024,1,google,MADRID,paypal
504019,3011,15/07/2024,1,instagram,Madrid,tarjeta
504020,2935,2024-07-11,1,directo,Valencia,tarjeta
504021,1599,2024-07-17,1,instagram,Barcelona,tarjeta
504022,832,2024-07-14,1,instagram,Sevilla,tarjeta
504023,4348,2024-07-04,1,directo,A Coruña,paypal
504024,3584,2024-07-04,1,google,málaga,tarjeta
504025,1990,2024-07-04,1,instagram,Madrid,bizum
504026,2359,2024-07-07,1,instagram,Málaga,paypal
504027,655,28/06/2024,,instagram,Zaragoza,bizum
504028,3858,2024-07-11,1,email,a coruña,tarjeta
504029,3984,25/06/2024,,email,Barcelona,tarjeta
504030,3780,2024-07-13,1,directo,Madrid,paypal
504031,4923,2024-07-05,1,email,Málaga,tarjeta
504032,1219,2024-07-15,1,email,Sevilla,bizum
504033,771,03/07/2024,1,email,Barcelona,paypal
504034,934,15/07/2024,1,directo,Oporto,paypal
504035,282,28 jun 2024,,google,Madrid,bizum
504036,2110,2024-07-02,1,directo,Sevilla,bizum
504037,1614,2024-07-03,1,instagram,MADRID,bizum
504038,2104,4 jul 2024,1,instagram,LISBOA,paypal
504039,202,05/07/2024,1,google,Madrid,paypal
504040,4604,2024-06-26,,email,A Coruña,bizum
504041,741,08/07/2024,1,google,Zaragoza,paypal
504042,322,07/07/2024,1,directo,Madrid,tarjeta
504043,4163,08/07/2024,1,google,LISBOA,bizum
504044,1938,2024-06-27,,email,Madrid,bizum
504045,3439,14/07/2024,1,instagram,Valencia,paypal
504046,4462,14 jul 2024,1,instagram,Zaragoza,tarjeta
504047,3345,05/07/2024,1,instagram,valencia,paypal
504048,3234,05/07/2024,1,directo,málaga,bizum
504049,3441,03/07/2024,1,instagram,Barcelona,paypal
504050,1533,07/07/2024,1,email,Zaragoza,tarjeta
504051,1852,16 jul 2024,1,email,Madrid,tarjeta
504052,3200,11/07/2024,1,instagram,OPORTO,tarjeta
504053,602,2024-07-08,1,google,Madrid,tarjeta
504054,2873,2024-07-10,1,google,Málaga,paypal
504055,1143,13/07/2024,1,instagram,Madrid,bizum
504056,1743,2024-06-29,,instagram,madrid,tarjeta
504057,3493,2024-07-08,1,email,A Coruña,paypal
504058,4049,15 jul 2024,1,google,Bilbao,tarjeta
504059,263,05/07/2024,1,directo,LISBOA,bizum
504060,4798,06/07/2024,1,instagram,Sevilla,tarjeta
504061,4618,2024-07-10,1,email,Barcelona,bizum
504062,3278,2024-07-04,1,email,BILBAO,tarjeta
504063,4002,2024-07-14,1,google,Lisboa,bizum
504064,1391,11/07/2024,1,instagram,Oporto,paypal
504065,2522,10/07/2024,1,directo,Barcelona,tarjeta
504066,2816,2024-07-09,1,instagram,Oporto,bizum
504067,2162,2024-07-08,1,directo,Madrid,tarjeta
504068,3316,2024-07-09,1,google,A Coruña,paypal
504069,2481,2024-07-14,1,instagram,Lisboa,paypal
504070,3838,8 jul 2024,1,instagram,Valencia,tarjeta
504071,3538,10 jul 2024,1,email,Sevilla,tarjeta
504072,2459,2024-07-12,1,google,ZARAGOZA,tarjeta
504073,1285,2024-07-10,1,directo,MADRID,tarjeta
504074,790,2024-07-11,1,directo,A Coruña,bizum
504075,1692,04/07/2024,1,google,Barcelona,tarjeta
504076,3810,2024-07-12,1,google,Zaragoza,tarjeta
504077,722,15/07/2024,1,google,Barcelona,tarjeta
504078,2709,2024-07-06,1,google,Bilbao,paypal
504079,2068,5 jul 2024,1,google,Sevilla,bizum
504080,2192,19/07/2024,1,google,Madrid,tarjeta
504081,239,2024-07-13,1,email,Barcelona,tarjeta
504082,308,16 jul 2024,1,directo,Madrid,tarjeta
504083,601,17/07/2024,1,google,Madrid,bizum
504084,1294,2024-07-11,1,instagram,Bilbao,paypal
504085,4127,2024-07-11,1,email,Bilbao,tarjeta
504086,3433,2024-07-02,1,email,Barcelona,tarjeta
504087,1338,12/07/2024,1,google,Madrid,bizum
504088,3074,24 jun 2024,,instagram,MADRID,tarjeta
504089,1990,2024-06-24,,instagram,Lisboa,tarjeta
504090,1338,2024-07-11,1,email,Sevilla,tarjeta
504091,4929,2024-07-08,1,instagram,Málaga,tarjeta
504092,2102,2024-07-07,1,instagram,Málaga,paypal
504093,1555,14/07/2024,1,instagram,lisboa,tarjeta
504094,2696,2024-06-26,,email,Lisboa,tarjeta
504095,2801,2024-07-04,1,google,lisboa,paypal
504096,4871,2024-07-08,1,instagram,sevilla,bizum
504097,1737,07/07/2024,1,google,a coruña,tarjeta
504098,2146,04/07/2024,1,instagram,Valencia,paypal
504099,770,2024-06-27,,email,barcelona,tarjeta
504100,386,14/07/2024,1,google,BARCELONA,bizum
504101,3453,2024-07-03,1,email,Madrid,tarjeta
504102,3219,14/07/2024,1,directo,Zaragoza,tarjeta
504103,4871,14/07/2024,1,instagram,a coruña,tarjeta
504104,280,2024-07-16,1,email,MÁLAGA,tarjeta
504105,4740,04/07/2024,1,google,madrid,tarjeta
504106,191,2024-07-02,1,instagram,Valencia,paypal
504107,2258,2 jul 2024,1,instagram,Malaga,paypal
504108,4272,14/07/2024,1,instagram,Valencia,bizum
504109,813,2024-07-03,1,directo,Bilbao,bizum
504110,4691,2024-06-27,,google,Barcelona,tarjeta
504111,3675,2024-07-01,1,google,barcelona,paypal
504112,1530,12 jul 2024,1,google,oporto,bizum
504113,2338,28/06/2024,,email,Barcelona,tarjeta
504114,1712,30/06/2024,,instagram,Madrid,tarjeta
504115,417,29/06/2024,,instagram,zaragoza,paypal
504116,17,11/07/2024,1,google,BILBAO,tarjeta
504117,2088,16 jul 2024,1,instagram,madrid,paypal
504118,613,9 jul 2024,1,google,Oporto,tarjeta
504119,537,1 jul 2024,1,directo,málaga,tarjeta
504120,2750,2024-07-05,1,instagram,A CORUÑA,tarjeta
504121,4577,2024-07-10,1,instagram,Zaragoza,paypal
504122,904,27/06/2024,,email,Oporto,tarjeta
504123,2479,2024-07-11,1,instagram,Zaragoza,bizum
504124,4489,06/07/2024,1,instagram,Barcelona,bizum
504125,4209,2024-06-24,,google,Oporto,paypal
504126,614,6 jul 2024,1,email,Madrid,bizum
504127,853,2024-07-09,1,google,Málaga,paypal
504128,2768,2024-07-03,1,instagram,Barcelona,paypal
504129,2912,02/07/2024,1,email,Lisboa,tarjeta
504130,4551,11/07/2024,1,google,A Coruña,bizum
504131,3992,02/07/2024,1,google,A Coruña,tarjeta
504132,2104,2024-07-14,1,instagram,A Coruña,paypal
504133,840,2024-07-13,1,instagram,bilbao,bizum
504134,1068,1 jul 2024,1,instagram,Madrid,paypal
504135,3358,2024-07-05,1,instagram,Barcelona,bizum
504136,2717,2024-06-29,,google,Bilbao,tarjeta
504137,3578,2024-07-17,1,email,A CORUÑA,tarjeta
504138,1383,2024-07-10,1,instagram,Madrid,bizum
504139,4099,12/07/2024,1,instagram,a coruña,bizum
504140,504,2024-06-28,,google,LISBOA,tarjeta
504141,1005,2024-07-07,1,directo,Madrid,paypal
504142,331,13/07/2024,1,instagram,málaga,tarjeta
504143,2122,2024-07-11,1,instagram,Madrid,paypal
504144,4851,11 jul 2024,1,email,MADRID,paypal
504145,4005,7 jul 2024,1,instagram,Barcelona,tarjeta
504146,4233,2024-06-30,,directo,Barcelona,tarjeta
504147,2808,2024-07-12,1,instagram,Sevilla,tarjeta
504148,2900,03/07/2024,1,instagram,Oporto,tarjeta
504149,4461,2024-07-07,1,instagram,Zaragoza,tarjeta
504150,1128,08/07/2024,1,google,Sevilla,paypal
504151,3950,2024-06-24,,email,Barcelona,tarjeta
504152,4754,2024-07-04,1,instagram,Madrid,tarjeta
504153,3236,27/06/2024,,instagram,zaragoza,bizum
504154,3112,28/06/2024,,instagram,Valencia,tarjeta
504155,4188,2024-06-27,,instagram,Madrid,tarjeta
504156,3698,04/07/2024,1,instagram,ZARAGOZA,tarjeta
504157,2578,14/07/2024,1,email,Barcelona,tarjeta
504158,1279,26 jun 2024,,google,A CORUÑA,tarjeta
504159,4092,16/07/2024,1,google,Oporto,tarjeta
504160,822,2024-07-12,1,google,madrid,paypal
504161,2008,2024-07-05,1,google,Sevilla,bizum
504162,1412,2024-07-19,1,email,Sevilla,tarjeta
504163,3348,01/07/2024,1,instagram,valencia,bizum
504164,4345,2024-07-08,1,instagram,Madrid,bizum
504165,1901,05/07/2024,1,email,a coruña,paypal
504166,1532,2024-07-10,1,directo,Lisboa,tarjeta
504167,2864,29/06/2024,,directo,barcelona,bizum
504168,3172,01/07/2024,1,email,Sevilla,tarjeta
504169,614,2024-07-07,1,google,bilbao,tarjeta
504170,2503,29/06/2024,,google,BARCELONA,bizum
504171,895,2024-06-25,,instagram,lisboa,tarjeta
504172,1835,12 jul 2024,1,instagram,Madrid,tarjeta
504173,4929,4 jul 2024,1,email,Málaga,bizum
504174,1566,11 jul 2024,1,instagram,Málaga,bizum
504175,3409,2024-07-12,1,google,Valencia,tarjeta
504176,1567,2024-06-30,,email,Madrid,paypal
504177,1062,08/07/2024,1,google,lisboa,bizum
504178,3164,2024-07-19,1,email,bilbao,tarjeta
504179,4234,08/07/2024,1,email,Zaragoza,tarjeta
504180,1647,02/07/2024,1,directo,Valencia,tarjeta
504181,2296,07/07/2024,1,google,Madrid,bizum
504182,1891,2024-07-09,1,instagram,VALENCIA,tarjeta
504183,1532,2024-06-26,,directo,Sevilla,tarjeta
504184,933,8 jul 2024,1,email,MADRID,tarjeta
504185,2301,07/07/2024,1,directo,MADRID,bizum
504186,4023,27/06/2024,,instagram,Barcelona,tarjeta
504187,3708,2024-07-10,1,instagram,Madrid,tarjeta
504188,655,2024-06-24,,email,barcelona,paypal
504189,3279,2024-07-12,1,instagram,Madrid,paypal
504190,2975,2024-07-04,1,directo,valencia,tarjeta
504191,4276,04/07/2024,1,instagram,Barcelona,tarjeta
504192,564,27/06/2024,,email,Madrid,paypal
504193,3660,2 jul 2024,1,email,A Coruña,paypal
504194,4757,2024-07-05,1,google,Madrid,bizum
504195,2439,11/07/2024,1,directo,MADRID,paypal
504196,108,07/07/2024,1,instagram,málaga,tarjeta
504197,3305,19/07/2024,1,directo,Barcelona,tarjeta
504198,2927,2024-07-06,1,google,Oporto,paypal
504199,1956,9 jul 2024,1,directo,Lisboa,paypal
504200,2023,12 jul 2024,1,instagram,Málaga,tarjeta
504201,3532,14/07/2024,1,directo,oporto,tarjeta
504202,3633,2024-06-27,,instagram,bilbao,bizum
504203,1364,10 jul 2024,1,google,Lisboa,tarjeta
504204,4170,10/07/2024,1,instagram,Bilbao,tarjeta
504205,1332,2024-07-13,1,directo,Madrid,paypal
504206,1131,2024-07-09,1,email,Malaga,tarjeta
504207,1028,12/07/2024,1,directo,VALENCIA,tarjeta
504208,1073,02/07/2024,1,directo,Barcelona,paypal
504209,485,27/06/2024,,instagram,madrid,tarjeta
504210,1436,03/07/2024,1,instagram,Zaragoza,bizum
504211,3679,2024-07-13,1,directo,Sevilla,tarjeta
504212,331,2024-06-30,,instagram,barcelona,bizum
504213,2163,16 jul 2024,1,directo,Madrid,tarjeta
504214,64,11/07/2024,1,directo,lisboa,paypal
504215,1408,05/07/2024,1,directo,Zaragoza,tarjeta
504216,1776,15/07/2024,1,email,BARCELONA,bizum
504217,1661,07/07/2024,1,google,MADRID,paypal
504218,1311,2024-07-01,1,email,Lisboa,tarjeta
504219,836,25 jun 2024,,instagram,Barcelona,paypal
504220,1111,2024-07-19,1,directo,BILBAO,tarjeta
504221,1318,2024-07-03,1,google,Málaga,tarjeta
504222,1412,2024-07-06,1,instagram,Sevilla,bizum
504223,4638,2024-07-11,1,instagram,bilbao,tarjeta
504224,1144,2024-07-14,1,email,lisboa,tarjeta
504225,4261,09/07/2024,1,instagram,Valencia,tarjeta
504226,373,2024-07-06,1,instagram,Zaragoza,tarjeta
504227,790,2024-07-05,1,email,madrid,tarjeta
504228,2934,2024-07-09,1,directo,Barcelona,paypal
504229,1423,09/07/2024,1,google,Málaga,tarjeta
504230,2770,2024-06-24,,instagram,A Coruña,tarjeta
504231,1248,11/07/2024,1,google,A Coruña,bizum
504232,1467,6 jul 2024,1,instagram,Barcelona,tarjeta
504233,2385,13 jul 2024,1,directo,ZARAGOZA,tarjeta
504234,3344,2024-06-26,,directo,Barcelona,paypal
504235,2102,2024-07-05,1,instagram,Oporto,tarjeta
504236,4847,11 jul 2024,1,instagram,Madrid,paypal
504237,1230,2024-07-06,1,instagram,lisboa,paypal
504238,424,16/07/2024,1,directo,Málaga,paypal
504239,831,2024-07-05,1,directo,madrid,paypal
504240,1775,2024-07-08,1,google,Madrid,tarjeta
504241,4698,2024-06-24,,instagram,VALENCIA,paypal
504242,3921,03/07/2024,1,google,Valencia,bizum
504243,2675,2 jul 2024,1,google,zaragoza,paypal
504244,3582,25/06/2024,,google,Barcelona,bizum
504245,2344,2024-07-11,1,google,barcelona,tarjeta
504246,1981,2024-07-10,1,email,SEVILLA,bizum
504247,4532,28 jun 2024,,instagram,valencia,bizum
504248,1472,28 jun 2024,,email,barcelona,tarjeta
504249,2380,03/07/2024,1,google,Sevilla,tarjeta
504250,4161,05/07/2024,1,instagram,Barcelona,tarjeta
504251,4464,2024-07-15,1,email,SEVILLA,paypal
504252,3238,11 jul 2024,1,directo,Madrid,bizum
504253,790,2024-07-09,1,instagram,Lisboa,tarjeta
504254,3664,26/06/2024,,instagram,Bilbao,paypal
504255,2529,2024-07-11,1,instagram,Valencia,bizum
504256,1557,2024-07-10,1,instagram,madrid,tarjeta
504257,4507,2024-07-10,1,instagram,Madrid,paypal
504258,1433,2024-07-17,1,directo,málaga,tarjeta
504259,3893,2024-06-29,,google,Valencia,tarjeta
504260,4604,2024-07-02,1,instagram,A Coruña,tarjeta
504261,2423,13 jul 2024,1,google,Bilbao,paypal
504262,1925,02/07/2024,1,google,A CORUÑA,tarjeta
504263,1466,09/07/2024,1,directo,lisboa,bizum
504264,2833,2024-07-07,1,email,Sevilla,tarjeta
504265,853,10/07/2024,1,email,bilbao,tarjeta
504266,2636,2024-06-24,,instagram,Madrid,bizum
504267,2769,24/06/2024,,email,Lisboa,tarjeta
504268,1238,10/07/2024,1,directo,Sevilla,tarjeta
504269,4330,2024-06-26,,google,Sevilla,tarjeta
504270,593,14/07/2024,1,email,bilbao,bizum
504271,3893,16/07/2024,1,instagram,Valencia,tarjeta
504272,3094,07/07/2024,1,google,ZARAGOZA,tarjeta
504273,4348,08/07/2024,1,directo,Zaragoza,paypal
504274,635,28 jun 2024,,instagram,Zaragoza,paypal
504275,323,2024-07-16,1,email,A Coruña,tarjeta
504276,2478,2024-07-06,1,instagram,Málaga,paypal
504277,908,2024-07-14,1,google,Bilbao,paypal
504278,1311,2024-07-13,1,google,MÁLAGA,tarjeta
504279,1468,30/06/2024,,email,Madrid,tarjeta
504280,3502,2024-07-07,1,instagram,a coruña,tarjeta
504281,4106,2024-07-07,1,instagram,MÁLAGA,paypal
504282,3089,2024-07-02,1,email,Barcelona,tarjeta
504283,4698,29/06/2024,,directo,VALENCIA,tarjeta
504284,4330,2024-07-12,1,directo,OPORTO,tarjeta
504285,4362,24/06/2024,,google,málaga,tarjeta
504286,2801,2024-07-16,1,email,MADRID,bizum
504287,2934,2024-07-18,1,email,Madrid,tarjeta
504288,4906,13/07/2024,1,directo,Sevilla,bizum
504289,3502,2024-07-10,1,google,Bilbao,tarjeta
504290,4742,2024-06-30,,email,Lisboa,bizum
504291,2542,2024-07-02,1,email,Oporto,tarjeta
504292,4336,2024-06-29,,directo,Bilbao,paypal
504293,2482,2024-07-04,1,email,A Coruña,tarjeta
504294,4595,12/07/2024,1,google,Madrid,tarjeta
504295,291,7 jul 2024,1,google,Sevilla,paypal
504296,3787,13/07/2024,1,instagram,Lisboa,tarjeta
504297,4438,2024-07-11,1,google,Barcelona,tarjeta
504298,1922,18/07/2024,1,email,zaragoza,tarjeta
504299,1074,03/07/2024,1,email,Sevilla,tarjeta
504300,4160,2024-07-16,1,directo,málaga,paypal
504301,3234,2024-07-03,1,instagram,Málaga,tarjeta
504302,1751,2024-07-05,1,directo,a coruña,tarjeta
504303,2093,03/07/2024,1,instagram,sevilla,paypal
504304,4878,2024-07-02,1,google,valencia,paypal
504305,3238,10/07/2024,1,directo,Madrid,tarjeta
504306,831,2024-07-13,1,email,madrid,tarjeta
504307,738,2024-06-30,,directo,Madrid,tarjeta
504308,3538,2024-07-13,1,google,madrid,bizum
504309,4775,12/07/2024,1,google,Madrid,tarjeta
504310,3878,2024-07-08,1,email,Barcelona,tarjeta
504311,1295,2024-07-07,1,google,A Coruña,paypal
504312,3210,06/07/2024,1,email,Valencia,bizum
504313,692,2024-07-02,1,instagram,Zaragoza,paypal
504314,2011,05/07/2024,1,instagram,Sevilla,tarjeta
504315,3539,3 jul 2024,1,google,lisboa,tarjeta
504316,4732,4 jul 2024,1,instagram,Madrid,tarjeta
504317,933,2024-07-18,1,email,Barcelona,paypal
504318,4434,12/07/2024,1,directo,Madrid,bizum
504319,3752,01/07/2024,1,instagram,Bilbao,paypal
504320,2860,13 jul 2024,1,instagram,Barcelona,tarjeta
504321,1495,05/07/2024,1,instagram,Madrid,tarjeta
504322,686,2024-07-10,1,instagram,A Coruña,tarjeta
504323,4460,07/07/2024,1,instagram,Sevilla,tarjeta
504324,3376,2024-07-07,1,directo,Barcelona,bizum
504325,4501,2024-07-07,1,instagram,VALENCIA,paypal
504326,72,15 jul 2024,1,instagram,A Coruña,tarjeta
504327,114,14 jul 2024,1,google,A Coruña,bizum
504328,1437,11/07/2024,1,google,Barcelona,paypal
504329,4012,14/07/2024,1,directo,Sevilla,paypal
504330,1473,2024-07-15,1,instagram,Barcelona,tarjeta
504331,530,08/07/2024,1,directo,barcelona,paypal
504332,148,26/06/2024,,directo,lisboa,tarjeta
504333,782,30/06/2024,,instagram,Madrid,tarjeta
504334,2337,13/07/2024,1,email,Zaragoza,bizum
504335,2230,2024-07-16,1,instagram,Valencia,paypal
504336,3473,3 jul 2024,1,google,lisboa,paypal
504337,2750,10 jul 2024,1,email,málaga,tarjeta
504338,341,09/07/2024,1,email,Valencia,tarjeta
504339,4318,4 jul 2024,1,instagram,Bilbao,tarjeta
504340,4118,2024-07-04,1,instagram,sevilla,tarjeta
504341,1939,29/06/2024,,directo,málaga,tarjeta
504342,1470,2024-06-25,,google,Barcelona,tarjeta
504343,828,2024-07-12,1,instagram,Madrid,tarjeta
504344,3531,5 jul 2024,1,email,A Coruña,tarjeta
504345,1332,2024-06-25,,directo,Madrid,paypal
504346,476,06/07/2024,1,email,Lisboa,bizum
504347,2898,15/07/2024,1,instagram,madrid,paypal
504348,1783,08/07/2024,1,google,Madrid,tarjeta
504349,400,2024-07-15,1,google,Valencia,tarjeta
504350,2546,2024-07-08,1,google,Bilbao,tarjeta
504351,655,2024-07-12,1,google,Madrid,bizum
504352,4781,2024-06-25,,email,Madrid,bizum
504353,2023,2024-07-10,1,google,A Coruña,bizum
504354,4409,2024-07-12,1,google,Madrid,tarjeta
504355,917,2024-07-19,1,instagram,Bilbao,paypal
504356,4101,14 jul 2024,1,instagram,Barcelona,tarjeta
504357,3992,18/07/2024,1,google,A Coruña,tarjeta
504358,976,11 jul 2024,1,google,Valencia,paypal
504359,1360,10/07/2024,1,instagram,málaga,tarjeta
504360,2912,2024-07-04,1,instagram,Madrid,tarjeta
504361,3752,2024-06-25,,email,Bilbao,bizum
504362,2801,12/07/2024,1,email,MADRID,tarjeta
504363,3761,01/07/2024,1,email,Málaga,bizum
504364,4453,2024-07-16,1,google,Bilbao,tarjeta
504365,2104,08/07/2024,1,instagram,sevilla,tarjeta
504366,3562,09/07/2024,1,instagram,Madrid,paypal
504367,1394,04/07/2024,1,google,a coruña,tarjeta
504368,3810,2024-06-29,,google,Zaragoza,paypal
504369,2760,25/06/2024,,instagram,sevilla,paypal
504370,3380,2024-07-06,1,instagram,Lisboa,bizum
504371,3638,2024-07-05,1,google,LISBOA,tarjeta
504372,4004,2024-07-04,1,instagram,BARCELONA,tarjeta
504373,3230,12/07/2024,1,email,Lisboa,bizum
504374,4837,28/06/2024,,instagram,A Coruña,bizum
504375,4812,30/06/2024,,google,Madrid,tarjeta
504376,238,2024-07-04,1,google,OPORTO,tarjeta
504377,2368,29/06/2024,,email,SEVILLA,tarjeta
504378,1796,6 jul 2024,1,email,MÁLAGA,bizum
504379,577,2024-07-11,1,google,Sevilla,tarjeta
504380,3235,2024-06-25,,google,MADRID,paypal
504381,4404,6 jul 2024,1,instagram,Madrid,bizum
504382,2649,07/07/2024,1,instagram,Barcelona,paypal
504383,2744,2024-07-15,1,google,zaragoza,tarjeta
504384,2332,2024-06-28,,instagram,Oporto,tarjeta
504385,1627,2024-07-10,1,email,Bilbao,bizum
504386,1783,05/07/2024,1,google,Madrid,paypal
504387,4462,2024-07-03,1,email,Barcelona,paypal
504388,628,2024-07-05,1,email,bilbao,tarjeta
504389,1553,05/07/2024,1,instagram,Lisboa,paypal
504390,471,2024-07-11,1,email,Zaragoza,paypal
504391,4681,12 jul 2024,1,instagram,Zaragoza,tarjeta
504392,4645,2024-07-08,1,email,Barcelona,bizum
504393,3780,2024-07-09,1,email,Madrid,paypal
504394,4683,2024-07-04,1,instagram,OPORTO,bizum
504395,2912,09/07/2024,1,email,Madrid,tarjeta
504396,258,08/07/2024,1,google,Lisboa,tarjeta
504397,137,2024-07-07,1,email,barcelona,paypal
504398,4353,2024-07-08,1,email,Valencia,tarjeta
504399,628,9 jul 2024,1,google,bilbao,tarjeta
504400,2051,2024-06-26,,directo,Madrid,tarjeta
504401,2744,2 jul 2024,1,instagram,Lisboa,tarjeta
504402,1530,2024-07-05,1,google,Valencia,tarjeta
504403,2528,2024-07-15,1,instagram,SEVILLA,paypal
504404,2816,2024-07-07,1,instagram,Madrid,tarjeta
504405,3674,12/07/2024,1,instagram,zaragoza,tarjeta
504406,2208,04/07/2024,1,directo,barcelona,tarjeta
504407,3518,2024-07-12,1,instagram,MADRID,bizum
504408,3744,2024-07-10,1,instagram,Madrid,bizum
504409,4523,2024-07-18,1,directo,Lisboa,tarjeta
504410,812,2024-07-10,1,instagram,Madrid,tarjeta
504411,213,07/07/2024,1,google,Malaga,bizum
504412,2719,2024-07-13,1,google,Zaragoza,tarjeta
504413,1467,2024-07-04,1,directo,A Coruña,tarjeta
504414,3759,2024-07-10,1,email,SEVILLA,bizum
504415,1333,2024-07-12,1,email,lisboa,bizum
504416,1214,2024-07-11,1,email,LISBOA,bizum
504417,1811,14/07/2024,1,google,BILBAO,tarjeta
504418,504,2024-07-11,1,instagram,LISBOA,paypal
504419,4906,2024-07-16,1,instagram,Valencia,bizum
504420,913,2024-07-04,1,email,Oporto,tarjeta
504421,3977,02/07/2024,1,google,barcelona,tarjeta
504422,2875,2024-07-08,1,google,A Coruña,paypal
504423,3831,30/06/2024,,google,zaragoza,paypal
504424,913,2024-07-07,1,instagram,Madrid,tarjeta
504425,3291,2024-07-10,1,instagram,Barcelona,paypal
504426,907,2024-07-06,1,instagram,Valencia,tarjeta
504427,4345,11 jul 2024,1,directo,Valencia,tarjeta
504428,4906,2024-07-02,1,instagram,BARCELONA,bizum
504429,3453,08/07/2024,1,directo,Oporto,paypal
504430,3112,2024-07-09,1,instagram,Madrid,tarjeta
504431,3731,2024-06-29,,directo,Sevilla,tarjeta
504432,2953,14/07/2024,1,instagram,SEVILLA,tarjeta
504433,3441,2024-07-05,1,directo,A Coruña,tarjeta
504434,1661,2024-07-10,1,instagram,sevilla,tarjeta
504435,2961,2024-07-15,1,instagram,Bilbao,tarjeta
504436,2995,1 jul 2024,1,directo,Sevilla,paypal
504437,3411,15/07/2024,1,google,madrid,bizum
504438,2055,5 jul 2024,1,directo,Bilbao,tarjeta
504439,3280,05/07/2024,1,google,Barcelona,paypal
504440,4858,2024-06-30,,email,Oporto,paypal
504441,3542,15/07/2024,1,email,Madrid,tarjeta
504442,4174,4 jul 2024,1,instagram,a coruña,tarjeta
504443,2781,2024-07-09,1,instagram,Sevilla,bizum
504444,4127,09/07/2024,1,instagram,Bilbao,tarjeta
504445,3284,15/07/2024,1,directo,Sevilla,tarjeta
504446,4725,2024-07-02,1,google,Bilbao,paypal
504447,2198,02/07/2024,1,email,Madrid,paypal
504448,3389,2024-06-28,,instagram,barcelona,bizum
504449,933,08/07/2024,1,instagram,Barcelona,tarjeta
504450,1516,2024-06-27,,directo,Bilbao,paypal
504451,2423,06/07/2024,1,instagram,Bilbao,bizum
504452,508,2024-07-13,1,instagram,Madrid,tarjeta
504453,3508,2024-07-10,1,google,Bilbao,tarjeta
504454,4002,6 jul 2024,1,instagram,bilbao,tarjeta
504455,444,17/07/2024,1,instagram,Malaga,paypal
504456,534,2024-07-05,1,instagram,Málaga,paypal
504457,894,2024-07-02,1,directo,Málaga,tarjeta
504458,2133,09/07/2024,1,instagram,Barcelona,paypal
504459,613,10/07/2024,1,google,Madrid,bizum
504460,3989,10 jul 2024,1,google,valencia,paypal
504461,722,2024-07-13,1,email,Oporto,bizum
504462,1310,2024-06-24,,email,SEVILLA,tarjeta
504463,1238,16/07/2024,1,instagram,BILBAO,bizum
504464,4698,2024-07-07,1,google,VALENCIA,bizum
504465,4829,26/06/2024,,google,A Coruña,paypal
504466,234,2024-06-29,,google,barcelona,tarjeta
504467,4261,2024-07-07,1,email,Sevilla,bizum
504468,4330,2024-07-01,1,email,Sevilla,tarjeta
504469,4941,2024-07-06,1,instagram,OPORTO,paypal
504470,419,2024-07-03,1,instagram,Zaragoza,tarjeta
504471,1262,11 jul 2024,1,instagram,OPORTO,paypal
504472,4612,2024-07-04,1,instagram,Zaragoza,paypal
504473,3328,2024-07-05,1,google,barcelona,tarjeta
504474,2373,08/07/2024,1,google,Oporto,tarjeta
504475,3638,09/07/2024,1,email,LISBOA,paypal
504476,4028,2024-07-05,1,instagram,Barcelona,paypal
504477,2849,2024-06-28,,google,Barcelona,paypal
504478,2750,2024-07-12,1,instagram,A CORUÑA,tarjeta
504479,2728,2024-07-06,1,instagram,Barcelona,paypal
504480,921,08/07/2024,1,google,Lisboa,tarjeta
504481,3633,2024-07-08,1,google,Oporto,tarjeta
504482,1602,2024-07-01,1,instagram,BARCELONA,paypal
504483,4247,17 jul 2024,1,email,Valencia,paypal
504484,3588,2024-07-12,1,instagram,Madrid,tarjeta
504485,2961,16/07/2024,1,instagram,Bilbao,bizum
504486,3588,28 jun 2024,,instagram,ZARAGOZA,tarjeta
504487,2055,2024-07-04,1,directo,Sevilla,tarjeta
504488,2986,2024-07-03,1,directo,A Coruña,paypal
504489,1407,11/07/2024,1,google,MADRID,tarjeta
504490,2770,2024-07-13,1,instagram,A Coruña,tarjeta
504491,4932,10/07/2024,1,email,Madrid,tarjeta
504492,3035,2 jul 2024,1,email,valencia,tarjeta
504493,836,29 jun 2024,,email,LISBOA,paypal
504494,3878,2024-07-08,1,google,Sevilla,tarjeta
504495,2349,06/07/2024,1,instagram,Barcelona,tarjeta
504496,3348,08/07/2024,1,google,Zaragoza,tarjeta
504497,1660,09/07/2024,1,directo,Madrid,tarjeta
504498,1675,15/07/2024,1,instagram,madrid,paypal
504499,526,2024-07-05,1,email,Sevilla,paypal
504500,3210,13 jul 2024,1,google,sevilla,paypal
504501,308,27/06/2024,,instagram,Madrid,tarjeta
504502,3649,2024-07-04,1,directo,Madrid,tarjeta
504503,2325,2024-07-12,1,google,Lisboa,tarjeta
504504,908,06/07/2024,1,directo,Zaragoza,tarjeta
504505,1280,29 jun 2024,,google,Málaga,paypal
504506,4056,05/07/2024,1,google,málaga,tarjeta
504507,2438,01/07/2024,1,directo,sevilla,tarjeta
504508,1588,2024-07-07,1,google,Barcelona,paypal
504509,526,06/07/2024,1,instagram,Sevilla,tarjeta
504510,4033,2024-07-04,1,instagram,barcelona,tarjeta
504511,3752,12/07/2024,1,instagram,Oporto,tarjeta
504512,1883,08/07/2024,1,instagram,OPORTO,tarjeta
504513,3687,6 jul 2024,1,instagram,valencia,tarjeta
504514,4383,09/07/2024,1,email,A CORUÑA,paypal
504515,621,03/07/2024,1,instagram,barcelona,paypal
504516,507,2024-07-09,1,instagram,oporto,tarjeta
504517,362,07/07/2024,1,directo,Valencia,tarjeta
504518,1128,2024-06-27,,instagram,Oporto,tarjeta
504519,4894,2024-07-08,1,google,Madrid,paypal
504520,2081,05/07/2024,1,instagram,Barcelona,tarjeta
504521,3553,2024-07-15,1,instagram,Valencia,paypal
504522,3662,2024-07-05,1,google,SEVILLA,bizum
504523,1816,2024-07-14,1,email,BILBAO,paypal
504524,2167,04/07/2024,1,directo,Oporto,paypal
504525,2323,2024-07-13,1,directo,valencia,tarjeta
504526,4642,08/07/2024,1,email,madrid,paypal
504527,3348,16 jul 2024,1,email,Lisboa,tarjeta
504528,2233,04/07/2024,1,directo,A Coruña,bizum
504529,4534,03/07/2024,1,instagram,Sevilla,bizum
504530,17,04/07/2024,1,email,A Coruña,tarjeta
504531,1949,2024-06-24,,google,Barcelona,tarjeta
504532,1018,5 jul 2024,1,email,Valencia,paypal
504533,722,2024-06-25,,email,Barcelona,tarjeta
504534,2370,2024-07-09,1,instagram,madrid,bizum
504535,3816,2024-07-08,1,instagram,Sevilla,tarjeta
504536,3189,06/07/2024,1,email,Bilbao,tarjeta
504537,4615,1 jul 2024,1,google,Barcelona,bizum
504538,965,12/07/2024,1,directo,Sevilla,bizum
504539,1219,09/07/2024,1,directo,valencia,bizum
504540,2073,2024-07-11,1,email,VALENCIA,paypal
504541,4535,6 jul 2024,1,google,Barcelona,paypal
504542,1901,03/07/2024,1,email,barcelona,tarjeta
504543,3089,14 jul 2024,1,instagram,Barcelona,paypal
504544,4553,2024-07-12,1,google,Sevilla,tarjeta
504545,3689,2024-07-15,1,directo,barcelona,tarjeta
504546,4188,2024-07-06,1,google,Madrid,paypal
504547,3884,03/07/2024,1,instagram,bilbao,tarjeta
504548,1871,01/07/2024,1,directo,bilbao,bizum
504549,2164,2024-07-10,1,google,Barcelona,bizum
504550,619,2024-07-04,1,email,Sevilla,bizum
504551,3132,2024-07-11,1,google,Madrid,bizum
504552,4681,2024-07-13,1,instagram,Madrid,bizum
504553,3001,05/07/2024,1,google,Madrid,tarjeta
504554,184,05/07/2024,1,instagram,BARCELONA,tarjeta
504555,3865,2024-07-05,1,directo,Málaga,tarjeta
504556,1053,04/07/2024,1,google,Sevilla,tarjeta
504557,3954,10/07/2024,1,instagram,oporto,tarjeta
504558,1279,24/06/2024,,instagram,A CORUÑA,tarjeta
504559,713,03/07/2024,1,directo,Valencia,tarjeta
504560,331,2024-07-09,1,instagram,Valencia,tarjeta
504561,2457,2024-07-09,1,email,Valencia,tarjeta
504562,537,2024-07-12,1,instagram,Barcelona,paypal
504563,4854,01/07/2024,1,instagram,MÁLAGA,bizum
504564,892,26/06/2024,,instagram,Zaragoza,bizum
504565,3590,06/07/2024,1,instagram,Barcelona,tarjeta
504566,906,2024-07-05,1,instagram,Malaga,paypal
504567,3073,2024-07-05,1,directo,Zaragoza,bizum
504568,593,2024-06-29,,directo,LISBOA,tarjeta
504569,97,2024-06-25,,directo,Málaga,bizum
504570,732,26/06/2024,,google,Barcelona,tarjeta
504571,1331,2024-07-11,1,instagram,Valencia,paypal
504572,4841,12/07/2024,1,instagram,Barcelona,paypal
504573,692,2024-07-06,1,instagram,Zaragoza,tarjeta
504574,4168,05/07/2024,1,google,Madrid,tarjeta
504575,2802,17/07/2024,1,directo,Lisboa,tarjeta
504576,2831,29 jun 2024,,google,Madrid,tarjeta
504577,2721,2024-07-16,1,directo,Barcelona,tarjeta
504578,2560,2024-07-04,1,google,Oporto,paypal
504579,4553,02/07/2024,1,directo,Oporto,paypal
504580,4836,2024-07-06,1,instagram,Sevilla,bizum
504581,2165,10 jul 2024,1,google,lisboa,tarjeta
504582,1281,07/07/2024,1,email,Madrid,paypal
504583,841,24/06/2024,,google,Málaga,tarjeta
504584,2747,5 jul 2024,1,instagram,MADRID,tarjeta
504585,4308,2024-07-10,1,directo,Zaragoza,tarjeta
504586,771,2024-07-07,1,google,Barcelona,tarjeta
504587,4471,02/07/2024,1,instagram,A CORUÑA,paypal
504588,2391,2024-07-07,1,directo,Madrid,tarjeta
504589,1751,2024-07-08,1,google,a coruña,bizum
504590,4785,13 jul 2024,1,google,valencia,tarjeta
504591,3317,16 jul 2024,1,instagram,VALENCIA,tarjeta
504592,1842,2024-07-11,1,email,madrid,bizum
504593,3344,11 jul 2024,1,instagram,Madrid,tarjeta
504594,4073,16 jul 2024,1,instagram,A Coruña,bizum
504595,104,8 jul 2024,1,instagram,Barcelona,tarjeta
504596,2960,2024-07-15,1,instagram,ZARAGOZA,tarjeta
504597,3578,13/07/2024,1,instagram,Sevilla,bizum
504598,2165,11 jul 2024,1,instagram,Barcelona,tarjeta
504599,4023,2024-07-09,1,google,MADRID,tarjeta
504600,1392,03/07/2024,1,instagram,LISBOA,paypal
504601,655,08/07/2024,1,directo,Zaragoza,bizum
504602,17,2024-07-10,1,instagram,bilbao,tarjeta
504603,4409,13/07/2024,1,email,Madrid,tarjeta
504604,3553,6 jul 2024,1,google,A CORUÑA,tarjeta
504605,4632,05/07/2024,1,instagram,Oporto,bizum
504606,1594,06/07/2024,1,directo,Bilbao,tarjeta
504607,945,2024-07-08,1,email,Barcelona,tarjeta
504608,3810,2024-07-08,1,email,Zaragoza,paypal
504609,1053,2024-07-11,1,directo,Sevilla,tarjeta
504610,2590,2024-07-05,1,instagram,Barcelona,bizum
504611,3921,2024-06-26,,instagram,BARCELONA,tarjeta
504612,1217,2024-07-12,1,instagram,Valencia,tarjeta
504613,3780,2024-07-07,1,email,barcelona,paypal
504614,1850,30/06/2024,,google,Bilbao,paypal
504615,2500,2024-07-07,1,directo,Lisboa,tarjeta
504616,2808,29/06/2024,,directo,valencia,tarjeta
504617,2184,2024-07-02,1,google,Sevilla,tarjeta
504618,3350,2024-06-29,,google,Sevilla,bizum
504619,893,06/07/2024,1,instagram,málaga,paypal
504620,3899,12/07/2024,1,instagram,Lisboa,bizum
504621,1483,2024-07-07,1,directo,SEVILLA,tarjeta
504622,1024,01/07/2024,1,email,bilbao,bizum
504623,1576,2024-07-19,1,instagram,Madrid,paypal
504624,2357,7 jul 2024,1,email,Madrid,paypal
504625,628,14/07/2024,1,instagram,Oporto,tarjeta
504626,1335,2024-07-06,1,instagram,Bilbao,tarjeta
504627,156,2024-07-17,1,instagram,A Coruña,paypal
504628,1926,05/07/2024,1,directo,Valencia,bizum
504629,392,2024-07-05,1,instagram,LISBOA,tarjeta
504630,1,2024-07-05,1,directo,Oporto,tarjeta
504631,2314,10/07/2024,1,email,Sevilla,bizum
504632,485,2024-07-19,1,google,Oporto,tarjeta
504633,41,2024-07-17,1,instagram,MADRID,tarjeta
504634,4348,06/07/2024,1,google,málaga,paypal
504635,17,8 jul 2024,1,instagram,BILBAO,tarjeta
504636,1119,2024-07-05,1,google,Barcelona,bizum
504637,1144,14/07/2024,1,google,MÁLAGA,tarjeta
504638,2055,2024-06-27,,instagram,Zaragoza,bizum
504639,2115,2024-07-04,1,google,Madrid,tarjeta
504640,1981,11/07/2024,1,google,Valencia,paypal
504641,392,6 jul 2024,1,instagram,Málaga,tarjeta
504642,1013,10 jul 2024,1,directo,Madrid,tarjeta
504643,2198,1 jul 2024,1,instagram,Madrid,bizum
504644,2323,2024-06-27,,instagram,Madrid,tarjeta
504645,1285,14/07/2024,1,instagram,MADRID,tarjeta
504646,2810,2024-07-16,1,instagram,bilbao,tarjeta
504647,1474,2024-07-03,1,instagram,Barcelona,paypal
504648,137,30/06/2024,,instagram,barcelona,paypal
504649,442,2024-07-17,1,email,BARCELONA,tarjeta
504650,2647,2024-07-02,1,directo,valencia,bizum
504651,167,2024-06-30,,email,A CORUÑA,paypal
504652,90,10/07/2024,1,google,Bilbao,paypal
504653,394,2024-07-02,1,email,Zaragoza,tarjeta
504654,579,27/06/2024,,google,madrid,paypal
504655,269,11/07/2024,1,directo,Malaga,tarjeta
504656,2534,13/07/2024,1,instagram,Zaragoza,bizum
504657,4461,11/07/2024,1,instagram,MADRID,bizum
504658,72,2024-07-06,1,email,Barcelona,bizum
504659,3182,06/07/2024,1,instagram,MADRID,tarjeta
504660,4036,09/07/2024,1,instagram,Oporto,paypal
504661,66,11/07/2024,1,instagram,oporto,paypal
504662,4929,16 jul 2024,1,directo,Málaga,bizum
504663,3900,2024-06-28,,google,Valencia,paypal
504664,4348,2024-07-18,1,google,A Coruña,tarjeta
504665,1627,16/07/2024,1,directo,Barcelona,tarjeta
504666,4928,2024-07-04,1,email,Madrid,paypal
504667,4776,5 jul 2024,1,instagram,VALENCIA,bizum
504668,735,2024-07-05,1,instagram,Oporto,bizum
504669,4534,6 jul 2024,1,google,madrid,paypal
504670,2075,2024-07-05,1,google,Barcelona,bizum
504671,4181,2 jul 2024,1,instagram,Lisboa,tarjeta
504672,4160,03/07/2024,1,email,MADRID,tarjeta
504673,1728,18/07/2024,1,instagram,Sevilla,tarjeta
504674,3368,5 jul 2024,1,directo,LISBOA,tarjeta
504675,4812,03/07/2024,1,instagram,Valencia,tarjeta
504676,1098,2024-07-04,1,instagram,Zaragoza,tarjeta
504677,1597,2024-07-07,1,instagram,Barcelona,tarjeta
504678,1042,2024-07-05,1,directo,Madrid,paypal
504679,3681,17/07/2024,1,instagram,Sevilla,bizum
504680,531,28/06/2024,,directo,madrid,tarjeta
504681,1749,2024-06-30,,email,Madrid,paypal
504682,542,15/07/2024,1,email,ZARAGOZA,paypal
504683,4373,12/07/2024,1,email,Madrid,tarjeta
504684,898,29/06/2024,,google,madrid,tarjeta
504685,3500,2024-07-05,1,google,zaragoza,tarjeta
504686,3411,26/06/2024,,email,madrid,tarjeta
504687,4591,12/07/2024,1,email,BARCELONA,paypal
504688,1071,2024-07-10,1,directo,Bilbao,tarjeta
504689,1349,2024-07-16,1,directo,barcelona,tarjeta
504690,4273,14/07/2024,1,instagram,Barcelona,tarjeta
504691,4644,2024-07-10,1,google,Valencia,tarjeta
504692,713,2024-07-18,1,email,Valencia,bizum
504693,4421,2024-07-12,1,instagram,Oporto,tarjeta
504694,282,2024-07-16,1,google,Madrid,paypal
504695,3461,01/07/2024,1,email,valencia,bizum
504696,1769,2024-07-17,1,email,Málaga,tarjeta
504697,3074,2024-07-12,1,email,MADRID,tarjeta
504698,3582,16 jul 2024,1,instagram,Barcelona,paypal
504699,3094,04/07/2024,1,google,ZARAGOZA,bizum
504700,4636,2024-07-03,1,email,Sevilla,paypal
504701,1075,2024-07-18,1,email,Barcelona,tarjeta
504702,3112,8 jul 2024,1,google,Madrid,paypal
504703,1412,24 jun 2024,,instagram,Oporto,tarjeta
504704,2226,15 jul 2024,1,email,ZARAGOZA,bizum
504705,1236,03/07/2024,1,instagram,Barcelona,bizum
504706,3278,15/07/2024,1,google,BILBAO,paypal
504707,2729,07/07/2024,1,instagram,Barcelona,tarjeta
504708,856,2024-07-08,1,email,Barcelona,paypal
504709,97,13 jul 2024,1,instagram,Valencia,tarjeta
504710,3103,2024-06-27,,instagram,sevilla,bizum
504711,24,2024-07-08,1,google,Málaga,tarjeta
504712,1427,2024-07-10,1,instagram,Oporto,paypal
504713,2283,03/07/2024,1,directo,Valencia,tarjeta
504714,401,15/07/2024,1,instagram,Lisboa,tarjeta
504715,983,2024-07-12,1,instagram,Lisboa,paypal
504716,756,26 jun 2024,,google,madrid,tarjeta
504717,3842,30 jun 2024,,instagram,lisboa,paypal
504718,1068,17 jul 2024,1,directo,Madrid,bizum
504719,1470,03/07/2024,1,instagram,A CORUÑA,tarjeta
504720,771,27/06/2024,,directo,Madrid,tarjeta
504721,3450,2024-07-08,1,email,Madrid,tarjeta
504722,2125,11 jul 2024,1,directo,Barcelona,paypal
504723,68,14 jul 2024,1,instagram,Madrid,tarjeta
504724,2968,2024-07-17,1,email,VALENCIA,paypal
504725,2734,2024-06-27,,google,Madrid,bizum
504726,2184,2024-07-15,1,google,Sevilla,paypal
504727,1648,2 jul 2024,1,google,Valencia,bizum
504728,542,07/07/2024,1,google,ZARAGOZA,bizum
504729,599,08/07/2024,1,google,Lisboa,tarjeta
504730,3996,2024-07-14,1,directo,A Coruña,paypal
504731,1418,2024-07-07,1,email,Sevilla,tarjeta
504732,1100,2024-07-18,1,email,Zaragoza,tarjeta
504733,4181,2024-07-05,1,instagram,Barcelona,tarjeta
504734,3971,2024-07-11,1,directo,Sevilla,bizum
504735,1216,16/07/2024,1,google,Valencia,tarjeta
504736,318,2024-07-13,1,instagram,barcelona,tarjeta
504737,4897,26/06/2024,,google,VALENCIA,bizum
504738,1566,2024-07-08,1,instagram,Málaga,paypal
504739,4409,10/07/2024,1,instagram,Madrid,paypal
504740,3152,2024-07-15,1,instagram,barcelona,paypal
504741,3562,14/07/2024,1,directo,Madrid,paypal
504742,3219,2024-07-05,1,instagram,Zaragoza,tarjeta
504743,3348,2024-07-05,1,instagram,valencia,tarjeta
504744,148,2024-07-05,1,google,Valencia,bizum
504745,4888,2024-07-03,1,instagram,Madrid,paypal
504746,4683,2024-07-12,1,instagram,OPORTO,tarjeta
504747,3389,2024-06-26,,google,Zaragoza,bizum
504748,2181,2024-07-15,1,directo,BARCELONA,tarjeta
504749,2781,2024-07-04,1,instagram,Barcelona,bizum
504750,855,2024-07-14,1,email,Malaga,tarjeta
504751,3610,2024-07-05,1,instagram,sevilla,tarjeta
504752,3518,11/07/2024,1,instagram,Sevilla,bizum
504753,3350,18/07/2024,1,directo,A Coruña,tarjeta
504754,3461,16/07/2024,1,directo,Valencia,tarjeta
504755,661,2024-07-08,1,instagram,Barcelona,tarjeta
504756,3840,30/06/2024,,instagram,Barcelona,tarjeta
504757,907,15/07/2024,1,instagram,Sevilla,bizum
504758,2728,02/07/2024,1,google,Barcelona,bizum
504759,2047,2024-07-15,1,google,BILBAO,tarjeta
504760,341,03/07/2024,1,instagram,Barcelona,tarjeta
504761,593,2024-07-02,1,instagram,LISBOA,bizum
504762,2314,2024-07-09,1,directo,Sevilla,bizum
504763,2337,29 jun 2024,,instagram,Barcelona,paypal
504764,1013,29/06/2024,,email,Sevilla,paypal
504765,934,05/07/2024,1,email,Oporto,bizum
504766,3851,2024-07-04,1,google,Madrid,tarjeta
504767,3679,24/06/2024,,directo,BILBAO,bizum
504768,4330,04/07/2024,1,directo,Bilbao,tarjeta
504769,802,2024-07-09,1,instagram,Zaragoza,paypal
504770,4012,08/07/2024,1,google,Lisboa,bizum
504771,98,2024-07-03,1,instagram,barcelona,bizum
504772,1753,2024-07-03,1,directo,Barcelona,tarjeta
504773,2647,2024-07-06,1,directo,valencia,tarjeta
504774,4651,2024-07-07,1,email,Madrid,paypal
504775,429,11 jul 2024,1,directo,Bilbao,tarjeta
504776,3172,2024-07-16,1,email,Valencia,tarjeta
504777,813,13/07/2024,1,google,Valencia,tarjeta
504778,1283,26/06/2024,,instagram,lisboa,paypal
504779,1160,15/07/2024,1,google,bilbao,tarjeta
504780,2864,08/07/2024,1,instagram,VALENCIA,tarjeta
504781,1195,2024-07-03,1,google,Barcelona,paypal
504782,4835,24/06/2024,,google,Valencia,paypal
504783,4368,10/07/2024,1,directo,Valencia,paypal
504784,618,28 jun 2024,,instagram,Madrid,paypal
504785,976,10/07/2024,1,google,sevilla,tarjeta
504786,1661,2024-06-28,,instagram,MADRID,paypal
504787,2093,2024-07-01,1,instagram,Valencia,bizum
504788,1790,2024-07-09,1,google,Barcelona,tarjeta
504789,1753,05/07/2024,1,google,Barcelona,bizum
504790,1055,10/07/2024,1,instagram,Zaragoza,bizum
504791,1499,2024-07-10,1,email,Sevilla,tarjeta
504792,4829,2024-07-05,1,instagram,Barcelona,tarjeta
504793,3842,2024-07-05,1,directo,Barcelona,tarjeta
504794,1338,11/07/2024,1,instagram,Bilbao,tarjeta
504795,1203,2024-06-25,,instagram,Sevilla,bizum
504796,2494,03/07/2024,1,instagram,Valencia,paypal
504797,2023,07/07/2024,1,instagram,Oporto,paypal
504798,3775,2024-07-12,1,google,ZARAGOZA,tarjeta
504799,3947,15 jul 2024,1,email,Barcelona,paypal
504800,1259,2024-07-16,1,directo,lisboa,paypal
504801,3370,2024-07-10,1,directo,Zaragoza,tarjeta
504802,2761,2024-07-13,1,instagram,valencia,tarjeta
504803,2146,2024-07-14,1,google,Valencia,tarjeta
504804,2768,2024-07-13,1,directo,Oporto,tarjeta
504805,4251,2024-07-11,1,directo,Barcelona,paypal
504806,2855,2024-07-09,1,email,Bilbao,tarjeta
504807,3992,9 jul 2024,1,email,A Coruña,tarjeta
504808,636,2024-07-19,1,instagram,SEVILLA,tarjeta
504809,2779,2024-07-09,1,email,Barcelona,bizum
504810,4449,13/07/2024,1,directo,Barcelona,tarjeta
504811,949,2024-07-10,1,email,Valencia,bizum
504812,193,08/07/2024,1,directo,SEVILLA,paypal
504813,1932,30 jun 2024,,google,Lisboa,tarjeta
504814,4588,25/06/2024,,instagram,Madrid,tarjeta
504815,4589,13/07/2024,1,google,Zaragoza,tarjeta
504816,2769,07/07/2024,1,directo,Lisboa,bizum
504817,3866,2024-07-18,1,directo,Valencia,tarjeta
504818,2090,07/07/2024,1,directo,zaragoza,tarjeta
504819,2857,06/07/2024,1,google,Barcelona,tarjeta
504820,3022,2024-07-02,1,instagram,madrid,tarjeta
504821,1364,16/07/2024,1,instagram,Sevilla,bizum
504822,3754,2024-07-10,1,email,MADRID,tarjeta
504823,66,24/06/2024,,instagram,Barcelona,tarjeta
504824,404,2024-07-09,1,instagram,Oporto,tarjeta
504825,4202,2024-06-24,,instagram,A Coruña,tarjeta
504826,2175,29/06/2024,,google,Barcelona,tarjeta
504827,2851,2024-07-16,1,instagram,Valencia,tarjeta
504828,3688,2024-06-25,,instagram,A Coruña,tarjeta
504829,4281,2024-07-06,1,instagram,Barcelona,paypal
504830,3051,2024-06-27,,google,Madrid,bizum
504831,2816,2024-07-02,1,google,Sevilla,tarjeta
504832,1068,10 jul 2024,1,google,A CORUÑA,tarjeta
504833,1468,12/07/2024,1,directo,Madrid,tarjeta
504834,4237,2024-07-13,1,directo,A Coruña,bizum
504835,1463,17 jul 2024,1,email,A Coruña,tarjeta
504836,874,2024-07-03,1,directo,Lisboa,tarjeta
504837,2448,10 jul 2024,1,google,Lisboa,bizum
504838,1957,14 jul 2024,1,directo,Madrid,tarjeta
504839,346,25/06/2024,,email,LISBOA,tarjeta
504840,3249,2024-07-08,1,instagram,Madrid,tarjeta
504841,4345,2024-07-12,1,instagram,Zaragoza,paypal
504842,4516,28 jun 2024,,directo,Valencia,tarjeta
504843,3574,10 jul 2024,1,email,Barcelona,tarjeta
504844,1545,09/07/2024,1,instagram,Málaga,paypal
504845,1262,6 jul 2024,1,email,OPORTO,paypal
504846,2072,17/07/2024,1,email,Málaga,bizum
504847,3938,2024-07-03,1,directo,SEVILLA,paypal
504848,655,2024-07-11,1,directo,Zaragoza,tarjeta
504849,2945,2024-07-17,1,google,Lisboa,tarjeta
504850,263,2024-07-04,1,email,Sevilla,tarjeta
504851,4761,2024-07-07,1,email,Barcelona,bizum
504852,4489,26/06/2024,,email,Madrid,bizum
504853,3956,2024-07-13,1,email,sevilla,bizum
504854,4966,2024-07-13,1,email,LISBOA,bizum
504855,4606,2024-07-08,1,instagram,a coruña,tarjeta
504856,1816,24/06/2024,,instagram,Madrid,paypal
504857,2353,12 jul 2024,1,instagram,Valencia,bizum
504858,1294,11/07/2024,1,email,SEVILLA,paypal
504859,1027,2024-07-14,1,email,Lisboa,tarjeta
504860,2508,09/07/2024,1,email,Valencia,paypal
504861,623,2024-07-15,1,directo,MADRID,paypal
504862,516,2024-07-17,1,instagram,Barcelona,paypal
504863,838,2024-07-06,1,email,barcelona,tarjeta
504864,1144,9 jul 2024,1,google,MÁLAGA,bizum
504865,3895,07/07/2024,1,google,Valencia,paypal
504866,3662,2024-07-10,1,google,SEVILLA,tarjeta
504867,4535,2024-07-10,1,directo,Sevilla,tarjeta
504868,4012,2024-06-30,,directo,Sevilla,tarjeta
504869,1571,12/07/2024,1,directo,Barcelona,bizum
504870,4123,25 jun 2024,,email,valencia,paypal
504871,2655,2024-07-09,1,directo,Sevilla,tarjeta
504872,1082,2024-07-07,1,google,Málaga,tarjeta
504873,4305,3 jul 2024,1,email,Valencia,tarjeta
504874,2551,2024-07-12,1,google,Sevilla,paypal
504875,2023,2024-07-04,1,email,madrid,bizum
504876,895,13 jul 2024,1,directo,Zaragoza,tarjeta
504877,4618,2024-07-12,1,instagram,Bilbao,bizum
504878,4710,10 jul 2024,1,directo,Sevilla,tarjeta
504879,1670,2024-07-06,1,instagram,Málaga,tarjeta
504880,3238,2024-07-11,1,email,Madrid,bizum
504881,4942,2024-07-01,1,email,Madrid,bizum
504882,770,12/07/2024,1,directo,barcelona,tarjeta
504883,471,2024-07-04,1,google,Bilbao,paypal
504884,375,18 jul 2024,1,google,Madrid,tarjeta
504885,1294,14/07/2024,1,instagram,valencia,bizum
504886,1925,2024-07-11,1,directo,Zaragoza,bizum
504887,1286,2024-07-11,1,google,BILBAO,paypal
504888,126,2024-07-09,1,google,Madrid,bizum
504889,3077,05/07/2024,1,instagram,SEVILLA,bizum
504890,4273,2024-07-09,1,instagram,Barcelona,tarjeta
504891,2102,2024-07-16,1,directo,Oporto,paypal
504892,2198,2024-07-10,1,directo,Madrid,tarjeta
504893,1423,05/07/2024,1,google,SEVILLA,tarjeta
504894,3305,2024-06-29,,google,Barcelona,bizum
504895,4529,10/07/2024,1,directo,Madrid,tarjeta
504896,4464,2024-07-09,1,instagram,SEVILLA,tarjeta
504897,2338,2024-07-05,1,email,Madrid,bizum
504898,2110,2024-07-12,1,google,A Coruña,tarjeta
504899,1364,07/07/2024,1,email,Lisboa,paypal
504900,3291,2024-07-13,1,instagram,Barcelona,tarjeta
504901,2777,14 jul 2024,1,instagram,BILBAO,tarjeta
504902,3864,06/07/2024,1,directo,Madrid,tarjeta
504903,811,2024-07-03,1,directo,Valencia,paypal
504904,49,02/07/2024,1,email,Oporto,tarjeta
504905,1018,12 jul 2024,1,google,barcelona,tarjeta
504906,4049,2024-07-03,1,google,LISBOA,bizum
504907,3781,2024-06-25,,directo,Sevilla,paypal
504908,2743,06/07/2024,1,directo,Sevilla,paypal
504909,4880,10 jul 2024,1,instagram,Zaragoza,tarjeta
504910,1597,2024-07-08,1,google,Barcelona,tarjeta
504911,3176,09/07/2024,1,google,Barcelona,tarjeta
504912,4409,2024-07-10,1,email,A Coruña,bizum
504913,4507,13 jul 2024,1,email,Madrid,paypal
504914,843,2024-06-29,,google,Zaragoza,tarjeta
504915,4216,2024-06-30,,directo,bilbao,bizum
504916,2827,10/07/2024,1,google,a coruña,bizum
504917,87,07/07/2024,1,instagram,Madrid,tarjeta
504918,4305,2024-07-06,1,instagram,Valencia,tarjeta
504919,2753,12/07/2024,1,email,Zaragoza,tarjeta
504920,4160,30 jun 2024,,email,sevilla,bizum
504921,890,2024-07-09,1,directo,Lisboa,bizum
504922,1493,1 jul 2024,1,directo,Barcelona,bizum
504923,362,2024-07-07,1,google,Valencia,paypal
504924,2016,11 jul 2024,1,google,Barcelona,paypal
504925,4252,25/06/2024,,email,MADRID,tarjeta
504926,3744,16 jul 2024,1,email,Madrid,bizum
504927,2000,2024-06-25,,google,Madrid,tarjeta
504928,2062,2024-07-09,1,google,Madrid,tarjeta
504929,2153,2024-07-11,1,email,Valencia,tarjeta
504930,1783,19 jul 2024,1,directo,Madrid,paypal
504931,2055,10/07/2024,1,email,Bilbao,tarjeta
504932,4253,2024-07-04,1,directo,Lisboa,bizum
504933,2753,04/07/2024,1,directo,Zaragoza,bizum
504934,3907,2024-07-12,1,directo,Madrid,tarjeta
504935,4703,2024-06-29,,google,madrid,bizum
504936,4251,27/06/2024,,directo,Barcelona,paypal
504937,2129,06/07/2024,1,email,Lisboa,tarjeta
504938,3893,18/07/2024,1,instagram,MADRID,tarjeta
504939,3679,18 jul 2024,1,instagram,Bilbao,bizum
504940,4897,2024-07-02,1,instagram,A Coruña,tarjeta
504941,4353,4 jul 2024,1,email,bilbao,tarjeta
504942,1295,03/07/2024,1,google,A Coruña,tarjeta
504943,4576,28/06/2024,,instagram,Madrid,tarjeta
504944,1364,12 jul 2024,1,directo,Lisboa,tarjeta
504945,3565,24/06/2024,,email,barcelona,tarjeta
504946,3380,05/07/2024,1,email,Lisboa,paypal
504947,1691,2024-07-13,1,directo,a coruña,tarjeta
504948,4479,4 jul 2024,1,instagram,Madrid,bizum
504949,3754,12/07/2024,1,directo,Barcelona,bizum
504950,101,14 jul 2024,1,google,Sevilla,bizum
504951,2432,12/07/2024,1,email,Málaga,paypal
504952,3409,2024-07-13,1,email,Valencia,tarjeta
504953,3472,3 jul 2024,1,google,Valencia,bizum
504954,855,2024-07-04,1,instagram,Barcelona,tarjeta
504955,686,12/07/2024,1,google,A Coruña,tarjeta
504956,4315,06/07/2024,1,instagram,A Coruña,paypal
504957,3699,02/07/2024,1,instagram,Sevilla,paypal
504958,4076,2024-07-02,1,google,valencia,paypal
504959,3717,2024-07-05,1,email,Bilbao,paypal
504960,3359,2024-07-08,1,google,Madrid,tarjeta
504961,2717,2024-07-07,1,directo,Madrid,paypal
504962,2302,2024-07-12,1,google,Madrid,tarjeta
504963,3051,11/07/2024,1,email,Madrid,tarjeta
504964,1489,2024-07-08,1,google,Bilbao,paypal
504965,3574,08/07/2024,1,email,Barcelona,tarjeta
504966,401,06/07/2024,1,google,A Coruña,tarjeta
504967,2016,2024-07-02,1,email,Barcelona,tarjeta
504968,1580,2024-07-13,1,instagram,Lisboa,bizum
504969,4195,2024-07-17,1,email,Bilbao,bizum
504970,3698,2024-07-04,1,directo,ZARAGOZA,bizum
504971,2546,03/07/2024,1,directo,Bilbao,paypal
504972,4736,2024-07-02,1,email,ZARAGOZA,tarjeta
504973,2734,2024-06-30,,email,Madrid,tarjeta
504974,4462,10/07/2024,1,google,madrid,bizum
504975,3754,2024-06-28,,instagram,Barcelona,tarjeta
504976,72,27/06/2024,,instagram,Madrid,tarjeta
504977,295,2024-07-08,1,directo,Barcelona,tarjeta
504978,4583,2024-07-02,1,directo,Bilbao,bizum
504979,983,2024-07-02,1,instagram,BARCELONA,tarjeta
504980,4303,03/07/2024,1,instagram,Málaga,paypal
504981,4776,2024-07-07,1,instagram,VALENCIA,tarjeta
504982,664,2024-07-17,1,google,Lisboa,tarjeta
504983,3718,2024-07-05,1,google,A CORUÑA,paypal
504984,1119,2024-07-17,1,google,Barcelona,paypal
504985,3941,2024-07-14,1,google,oporto,tarjeta
504986,4649,2024-06-30,,google,Lisboa,paypal
504987,322,29 jun 2024,,google,Málaga,tarjeta
504988,1418,05/07/2024,1,instagram,Madrid,paypal
504989,4479,16 jul 2024,1,instagram,Madrid,paypal
504990,3073,13 jul 2024,1,directo,Zaragoza,tarjeta
504991,4576,05/07/2024,1,directo,Madrid,tarjeta
504992,2718,2024-07-13,1,email,Barcelona,paypal
504993,2975,18 jul 2024,1,instagram,valencia,paypal
504994,3085,2024-07-09,1,email,Málaga,paypal
504995,4281,2024-07-03,1,instagram,Barcelona,tarjeta
504996,4796,14/07/2024,1,email,Barcelona,tarjeta
504997,2129,2024-07-15,1,google,madrid,tarjeta
504998,692,2024-07-16,1,instagram,Madrid,tarjeta
504999,2873,2024-07-19,1,email,Oporto,tarjeta
505000,2595,2024-07-08,1,email,madrid,tarjeta
505001,3328,08/07/2024,1,instagram,barcelona,tarjeta
505002,2157,2024-07-11,1,google,MÁLAGA,tarjeta
505003,2705,2024-07-09,1,instagram,Málaga,paypal
505004,1425,2024-06-27,,instagram,Madrid,tarjeta
505005,2405,12/07/2024,1,email,madrid,tarjeta
505006,4529,2024-07-18,1,instagram,LISBOA,tarjeta
505007,2115,15/07/2024,1,google,Madrid,bizum
505008,3731,01/07/2024,1,directo,Lisboa,paypal
505009,2861,03/07/2024,1,instagram,Lisboa,tarjeta
505010,2305,2024-07-07,1,directo,Lisboa,tarjeta
505011,100,03/07/2024,1,instagram,Oporto,tarjeta
505012,3673,2024-07-06,1,google,A Coruña,paypal
505013,2146,13/07/2024,1,email,Zaragoza,paypal
505014,761,2024-06-30,,google,Madrid,paypal
505015,2016,2024-07-10,1,instagram,Barcelona,paypal
505016,658,2024-07-14,1,directo,A CORUÑA,tarjeta
505017,2465,30 jun 2024,,google,Valencia,bizum
505018,3450,2024-07-03,1,google,Madrid,tarjeta
505019,2336,08/07/2024,1,email,Madrid,tarjeta
505020,834,15 jul 2024,1,email,Oporto,tarjeta
505021,2134,06/07/2024,1,directo,Oporto,tarjeta
505022,3433,9 jul 2024,1,email,Barcelona,paypal
505023,4460,2024-07-03,1,email,Barcelona,bizum
505024,4036,2024-06-24,,email,barcelona,bizum
505025,3759,2024-07-09,1,instagram,Sevilla,tarjeta
505026,1576,2024-07-01,1,email,Sevilla,tarjeta
505027,4258,2024-07-13,1,google,sevilla,tarjeta
505028,4531,9 jul 2024,1,google,Madrid,bizum
505029,3266,30/06/2024,,directo,Madrid,tarjeta
505030,4591,8 jul 2024,1,google,A Coruña,tarjeta
505031,4281,2024-07-02,1,directo,madrid,tarjeta
505032,63,2024-07-01,1,instagram,Madrid,tarjeta
505033,2364,2024-07-13,1,google,Madrid,tarjeta
505034,1712,04/07/2024,1,instagram,Madrid,tarjeta
505035,427,05/07/2024,1,google,Lisboa,bizum
505036,2607,2024-07-07,1,email,Madrid,paypal
505037,3537,24/06/2024,,google,Bilbao,bizum
505038,2367,2024-07-02,1,instagram,Sevilla,tarjeta
505039,2301,2024-06-27,,google,MADRID,tarjeta
505040,4161,12/07/2024,1,directo,Barcelona,paypal
505041,3284,2024-07-10,1,instagram,Sevilla,tarjeta
505042,4853,10 jul 2024,1,email,barcelona,tarjeta
505043,4362,2024-07-12,1,google,Lisboa,bizum
505044,12,13 jul 2024,1,instagram,Valencia,tarjeta
505045,4564,2024-07-14,1,directo,Valencia,bizum
505046,2734,2024-07-14,1,email,Madrid,paypal
505047,3479,2024-07-08,1,instagram,Sevilla,tarjeta
505048,1684,2024-07-07,1,instagram,BILBAO,tarjeta
505049,3687,07/07/2024,1,instagram,valencia,tarjeta
505050,108,10 jul 2024,1,instagram,málaga,tarjeta
505051,715,2024-07-06,1,directo,A Coruña,tarjeta
505052,108,10 jul 2024,1,email,málaga,tarjeta
505053,4609,2024-07-18,1,google,Sevilla,paypal
505054,1943,17/07/2024,1,directo,Barcelona,tarjeta
505055,3532,16/07/2024,1,google,Lisboa,tarjeta
505056,2357,2024-07-14,1,instagram,MADRID,tarjeta
505057,867,08/07/2024,1,email,lisboa,tarjeta
505058,1409,2024-07-12,1,instagram,Madrid,tarjeta
505059,2418,2024-07-08,1,directo,Valencia,tarjeta
505060,4785,2024-06-29,,instagram,A Coruña,paypal
505061,908,2024-06-24,,google,Bilbao,tarjeta
505062,3775,11 jul 2024,1,instagram,LISBOA,paypal
505063,386,2024-07-03,1,google,Lisboa,bizum
505064,3011,2024-07-08,1,google,Barcelona,bizum
505065,239,11/07/2024,1,email,VALENCIA,paypal
505066,1773,2024-06-29,,directo,Madrid,tarjeta
505067,3319,14/07/2024,1,instagram,Madrid,tarjeta
505068,2954,2024-07-11,1,instagram,Barcelona,bizum
505069,3035,2024-06-28,,google,Barcelona,paypal
505070,3438,2024-07-08,1,email,Madrid,paypal
505071,3893,2024-06-30,,instagram,Valencia,paypal
505072,372,2024-07-03,1,directo,BARCELONA,paypal
505073,3682,2024-07-06,1,directo,Sevilla,tarjeta
505074,3775,2024-07-10,1,instagram,LISBOA,tarjeta
505075,895,2024-07-02,1,google,lisboa,tarjeta
505076,4644,11 jul 2024,1,email,LISBOA,tarjeta
505077,1495,2024-07-03,1,google,madrid,bizum
505078,3761,27 jun 2024,,google,Barcelona,tarjeta
505079,4900,9 jul 2024,1,google,Barcelona,tarjeta
505080,4123,4 jul 2024,1,instagram,valencia,paypal
505081,967,2024-07-01,1,directo,madrid,tarjeta
505082,2790,2024-07-17,1,instagram,Sevilla,tarjeta
505083,394,2024-07-10,1,google,sevilla,bizum
505084,2075,2024-07-13,1,instagram,Bilbao,tarjeta
505085,256,2024-07-12,1,google,Madrid,tarjeta
505086,1957,2024-07-05,1,instagram,Madrid,tarjeta
505087,3957,12/07/2024,1,instagram,Bilbao,tarjeta
505088,618,2024-07-05,1,google,bilbao,tarjeta
505089,3553,09/07/2024,1,instagram,Valencia,tarjeta
505090,4023,26/06/2024,,directo,MADRID,tarjeta
505091,3238,19/07/2024,1,instagram,SEVILLA,tarjeta
505092,3284,2024-07-13,1,google,Barcelona,paypal
505093,3481,10/07/2024,1,directo,Sevilla,paypal
505094,3328,13/07/2024,1,instagram,barcelona,tarjeta
505095,404,2024-07-09,1,google,Bilbao,tarjeta
505096,4928,04/07/2024,1,directo,Madrid,tarjeta
505097,935,03/07/2024,1,email,Sevilla,tarjeta
505098,3011,5 jul 2024,1,email,A Coruña,bizum
505099,4697,14 jul 2024,1,email,Lisboa,tarjeta
505100,4736,07/07/2024,1,directo,ZARAGOZA,paypal
505101,4275,2024-07-18,1,directo,LISBOA,paypal
505102,3414,2024-07-07,1,instagram,A Coruña,bizum
505103,308,17/07/2024,1,directo,Barcelona,tarjeta
505104,1900,2024-07-15,1,instagram,Madrid,tarjeta
505105,4638,01/07/2024,1,email,Barcelona,tarjeta
505106,2235,2024-07-09,1,google,BILBAO,tarjeta
505107,1498,03/07/2024,1,instagram,OPORTO,tarjeta
505108,1175,9 jul 2024,1,instagram,Lisboa,tarjeta
505109,3503,25/06/2024,,instagram,Barcelona,tarjeta
505110,2890,07/07/2024,1,directo,Lisboa,bizum
505111,4520,2024-07-18,1,instagram,MADRID,tarjeta
505112,331,2024-07-10,1,directo,barcelona,paypal
505113,759,06/07/2024,1,instagram,Madrid,bizum
505114,2380,2024-07-10,1,instagram,BARCELONA,tarjeta
505115,298,2024-07-13,1,google,málaga,tarjeta
505116,618,2024-06-24,,instagram,bilbao,tarjeta
505117,1870,2024-07-08,1,directo,Sevilla,paypal
505118,4023,7 jul 2024,1,google,MADRID,paypal
505119,3960,14/07/2024,1,instagram,A Coruña,tarjeta
505120,2719,2024-06-30,,email,Zaragoza,tarjeta
505121,1252,09/07/2024,1,directo,Barcelona,tarjeta
505122,3350,25/06/2024,,directo,Málaga,tarjeta
505123,3748,2024-07-07,1,directo,Lisboa,tarjeta
505124,1891,29/06/2024,,directo,madrid,tarjeta
505125,3848,07/07/2024,1,email,MÁLAGA,tarjeta
505126,1934,2024-07-13,1,email,A Coruña,bizum
505127,1577,2024-06-28,,instagram,Valencia,tarjeta
505128,1945,17 jul 2024,1,instagram,Bilbao,tarjeta
505129,1114,2024-06-30,,directo,Barcelona,tarjeta
505130,2037,19 jul 2024,1,email,Zaragoza,bizum
505131,1362,17/07/2024,1,google,Zaragoza,paypal
505132,3638,13/07/2024,1,instagram,LISBOA,tarjeta
505133,2165,4 jul 2024,1,instagram,Barcelona,bizum
505134,469,08/07/2024,1,email,Madrid,tarjeta
505135,3261,3 jul 2024,1,google,madrid,paypal
505136,419,2024-07-09,1,instagram,Zaragoza,tarjeta
505137,2305,3 jul 2024,1,instagram,Málaga,paypal
505138,3759,2024-07-02,1,email,SEVILLA,tarjeta
505139,2207,2024-07-17,1,google,Barcelona,tarjeta
505140,521,8 jul 2024,1,directo,Madrid,paypal
505141,1598,10 jul 2024,1,email,Valencia,tarjeta
505142,1052,27/06/2024,,google,lisboa,bizum
505143,4736,8 jul 2024,1,instagram,ZARAGOZA,tarjeta
505144,1553,2024-06-27,,instagram,Valencia,bizum
505145,4773,18/07/2024,1,google,madrid,tarjeta
505146,4534,2024-07-18,1,instagram,madrid,bizum
505147,1922,2024-07-09,1,google,Oporto,bizum
505148,3488,2024-07-06,1,instagram,Madrid,tarjeta
505149,1922,12/07/2024,1,google,zaragoza,tarjeta
505150,1348,2024-07-06,1,email,Málaga,tarjeta
505151,1,06/07/2024,1,instagram,MÁLAGA,tarjeta
505152,3074,06/07/2024,1,google,MADRID,bizum
505153,2920,07/07/2024,1,google,Sevilla,bizum
505154,2975,2024-06-24,,directo,valencia,bizum
505155,2698,08/07/2024,1,instagram,Zaragoza,bizum
505156,3087,2024-07-05,1,google,Barcelona,tarjeta
505157,4618,2024-07-02,1,instagram,Madrid,tarjeta
505158,3030,12 jul 2024,1,email,BARCELONA,paypal
505159,2961,25 jun 2024,,instagram,Oporto,bizum
505160,3214,3 jul 2024,1,directo,Madrid,tarjeta
505161,2326,07/07/2024,1,google,Madrid,tarjeta
505162,2297,2024-07-01,1,google,Barcelona,tarjeta
505163,624,11/07/2024,1,google,Madrid,tarjeta
505164,4871,2024-07-10,1,instagram,Oporto,bizum
505165,4753,2024-07-16,1,directo,OPORTO,paypal
505166,1938,06/07/2024,1,directo,Madrid,tarjeta
505167,3759,17/07/2024,1,instagram,Sevilla,tarjeta
505168,2133,2024-07-12,1,google,VALENCIA,tarjeta
505169,4535,12/07/2024,1,directo,Barcelona,paypal
505170,3596,05/07/2024,1,directo,VALENCIA,tarjeta
505171,2815,12 jul 2024,1,instagram,Valencia,tarjeta
505172,1318,15 jul 2024,1,instagram,Lisboa,paypal
505173,4591,04/07/2024,1,instagram,Zaragoza,tarjeta
505174,4023,2024-07-02,1,directo,VALENCIA,paypal
505175,2959,2 jul 2024,1,instagram,Zaragoza,bizum
505176,1922,2024-07-04,1,email,zaragoza,tarjeta
505177,780,13/07/2024,1,google,Málaga,tarjeta
505178,1638,3 jul 2024,1,instagram,Madrid,tarjeta
505179,1463,08/07/2024,1,instagram,Madrid,tarjeta
505180,1183,2024-07-06,1,google,Bilbao,tarjeta
505181,2500,2024-07-02,1,instagram,Lisboa,paypal
505182,4362,2024-06-27,,google,Zaragoza,tarjeta
505183,2000,2024-07-12,1,instagram,Sevilla,paypal
505184,1950,2024-07-11,1,directo,A Coruña,bizum
505185,1532,6 jul 2024,1,google,lisboa,paypal
505186,3698,2024-06-28,,google,ZARAGOZA,paypal
505187,2055,2024-07-04,1,instagram,valencia,bizum
505188,4703,15/07/2024,1,instagram,madrid,bizum
505189,4315,05/07/2024,1,instagram,Madrid,tarjeta
505190,446,2024-07-07,1,directo,bilbao,paypal
505191,3095,29/06/2024,,instagram,Malaga,tarjeta
505192,2687,30/06/2024,,email,bilbao,tarjeta
505193,4668,07/07/2024,1,google,Sevilla,paypal
505194,635,2024-07-13,1,directo,Zaragoza,paypal
505195,3011,6 jul 2024,1,google,Malaga,tarjeta
505196,4578,2024-07-02,1,instagram,Madrid,tarjeta
505197,2332,10/07/2024,1,email,A Coruña,paypal
505198,1647,05/07/2024,1,instagram,Valencia,tarjeta
505199,3759,2024-07-07,1,email,SEVILLA,tarjeta
505200,3633,2024-07-12,1,directo,A Coruña,tarjeta
505201,601,07/07/2024,1,instagram,Oporto,tarjeta
505202,1597,3 jul 2024,1,email,SEVILLA,tarjeta
505203,2266,2024-07-08,1,email,Malaga,tarjeta
505204,1262,19 jul 2024,1,directo,bilbao,bizum
505205,1648,24 jun 2024,,instagram,Valencia,tarjeta
505206,2802,2 jul 2024,1,directo,Barcelona,bizum
505207,3787,15/07/2024,1,email,Lisboa,tarjeta
505208,2090,2024-07-09,1,google,OPORTO,paypal
505209,3073,09/07/2024,1,email,Zaragoza,tarjeta
505210,2430,2024-07-12,1,google,Lisboa,tarjeta
505211,2367,17 jul 2024,1,instagram,Málaga,paypal
505212,556,2024-07-06,1,email,Malaga,tarjeta
505213,1351,07/07/2024,1,instagram,a coruña,paypal
505214,2744,25 jun 2024,,instagram,málaga,tarjeta
505215,3258,06/07/2024,1,google,a coruña,bizum
505216,1242,2024-07-12,1,google,Madrid,tarjeta
505217,3810,2024-06-29,,google,Málaga,tarjeta
505218,1212,2024-07-13,1,email,sevilla,bizum
505219,2857,04/07/2024,1,instagram,Sevilla,paypal
505220,447,4 jul 2024,1,instagram,Sevilla,bizum
505221,2047,2024-06-28,,email,Málaga,tarjeta
505222,183,2024-06-24,,instagram,MÁLAGA,paypal
505223,2370,2024-07-12,1,instagram,madrid,bizum
505224,1925,2024-07-01,1,instagram,Zaragoza,tarjeta
505225,4247,2024-07-14,1,google,valencia,bizum
505226,1564,2024-06-26,,instagram,Bilbao,bizum
505227,4736,18/07/2024,1,google,MADRID,paypal
505228,782,24/06/2024,,email,Valencia,tarjeta
505229,1013,2024-06-25,,instagram,Madrid,tarjeta
505230,624,01/07/2024,1,instagram,A CORUÑA,tarjeta
505231,2947,15/07/2024,1,google,Bilbao,tarjeta
505232,3402,19/07/2024,1,email,Madrid,tarjeta
505233,2607,4 jul 2024,1,google,Sevilla,tarjeta
505234,2201,11/07/2024,1,instagram,Bilbao,bizum
505235,1282,2024-07-04,1,google,Barcelona,bizum
505236,2719,27/06/2024,,email,Lisboa,paypal
505237,2129,26/06/2024,,directo,Madrid,tarjeta
505238,441,2024-06-25,,google,Madrid,tarjeta
505239,1203,2024-07-02,1,email,Madrid,paypal
505240,4805,01/07/2024,1,instagram,A CORUÑA,tarjeta
505241,3057,2024-07-04,1,instagram,MÁLAGA,tarjeta
505242,4637,2024-07-10,1,instagram,Madrid,tarjeta
505243,4129,10 jul 2024,1,google,Bilbao,tarjeta
505244,213,2024-07-12,1,instagram,Valencia,bizum
505245,540,2024-07-06,1,instagram,VALENCIA,bizum
505246,3589,05/07/2024,1,directo,Barcelona,tarjeta
505247,3441,12 jul 2024,1,google,Bilbao,tarjeta
505248,363,2024-07-03,1,email,Sevilla,bizum
505249,4764,13/07/2024,1,google,Zaragoza,bizum
505250,191,05/07/2024,1,instagram,Valencia,paypal
505251,2887,2024-07-11,1,email,BARCELONA,tarjeta
505252,3326,15 jul 2024,1,directo,Oporto,paypal
505253,2315,27 jun 2024,,instagram,Madrid,tarjeta
505254,1713,11/07/2024,1,instagram,Barcelona,bizum
505255,4672,04/07/2024,1,directo,BARCELONA,tarjeta
505256,2715,7 jul 2024,1,instagram,Lisboa,tarjeta
505257,1269,2024-07-10,1,directo,Oporto,paypal
505258,4365,2024-07-08,1,instagram,VALENCIA,bizum
505259,1324,27 jun 2024,,email,madrid,bizum
505260,3488,26 jun 2024,,google,barcelona,tarjeta
505261,4251,2024-07-07,1,instagram,Barcelona,paypal
505262,3701,8 jul 2024,1,instagram,Sevilla,tarjeta
505263,3414,13 jul 2024,1,email,Valencia,tarjeta
505264,3830,2024-07-10,1,instagram,madrid,tarjeta
505265,1362,2024-07-11,1,google,Zaragoza,paypal
505266,1039,2024-07-04,1,directo,Barcelona,tarjeta
505267,3328,08/07/2024,1,instagram,MADRID,tarjeta
505268,4446,2024-07-06,1,instagram,Málaga,paypal
505269,420,15 jul 2024,1,instagram,Madrid,tarjeta
505270,3380,2024-07-16,1,email,Lisboa,tarjeta
505271,4772,2024-06-30,,google,Málaga,tarjeta
505272,278,2024-07-13,1,directo,Sevilla,tarjeta
505273,2696,14/07/2024,1,email,Lisboa,paypal
505274,3544,2024-07-09,1,email,madrid,tarjeta
505275,2327,2024-07-06,1,google,Madrid,paypal
505276,1956,2024-07-01,1,instagram,A Coruña,tarjeta
505277,1544,08/07/2024,1,directo,Madrid,tarjeta
505278,2175,2024-07-12,1,google,Barcelona,tarjeta
505279,526,2024-07-10,1,instagram,Sevilla,tarjeta
505280,4778,24/06/2024,,directo,Valencia,tarjeta
505281,322,07/07/2024,1,instagram,A Coruña,tarjeta
505282,2337,05/07/2024,1,directo,Barcelona,bizum
505283,1829,2024-07-08,1,directo,málaga,tarjeta
505284,1956,04/07/2024,1,instagram,BARCELONA,tarjeta
505285,4599,13 jul 2024,1,instagram,Valencia,bizum
505286,1351,06/07/2024,1,directo,Barcelona,tarjeta
505287,2900,04/07/2024,1,email,Oporto,tarjeta
505288,1432,06/07/2024,1,instagram,Málaga,tarjeta
505289,3864,2024-07-05,1,instagram,bilbao,tarjeta
505290,3992,2024-07-17,1,instagram,Sevilla,paypal
505291,350,2024-07-02,1,instagram,Barcelona,paypal
505292,1299,09/07/2024,1,instagram,Zaragoza,bizum
505293,1467,08/07/2024,1,instagram,MÁLAGA,bizum
505294,4786,2024-07-16,1,instagram,Barcelona,bizum
505295,2305,01/07/2024,1,email,Málaga,tarjeta
505296,234,2024-07-02,1,directo,barcelona,tarjeta
505297,2750,08/07/2024,1,google,Málaga,bizum
505298,4798,2024-06-29,,google,Sevilla,bizum
505299,3511,6 jul 2024,1,email,Barcelona,tarjeta
505300,4150,2024-07-02,1,google,sevilla,paypal
505301,1934,2024-07-10,1,instagram,Málaga,bizum
505302,1850,2024-07-06,1,instagram,Lisboa,paypal
505303,2480,06/07/2024,1,instagram,málaga,paypal
505304,1682,15/07/2024,1,instagram,Valencia,tarjeta
505305,738,25/06/2024,,directo,Madrid,bizum
505306,1279,7 jul 2024,1,instagram,Sevilla,paypal
505307,587,2024-07-08,1,instagram,A Coruña,tarjeta
505308,976,27 jun 2024,,instagram,sevilla,tarjeta
505309,978,04/07/2024,1,email,Valencia,paypal
505310,397,2024-07-13,1,email,Madrid,bizum
505311,2847,24/06/2024,,email,barcelona,paypal
505312,2866,2024-07-15,1,instagram,Bilbao,tarjeta
505313,2644,2024-07-12,1,instagram,Madrid,tarjeta
505314,2876,12 jul 2024,1,google,Lisboa,bizum
505315,4036,03/07/2024,1,directo,OPORTO,tarjeta
505316,3687,2024-07-08,1,directo,Málaga,bizum
505317,741,2 jul 2024,1,directo,BILBAO,bizum
505318,955,06/07/2024,1,email,Barcelona,bizum
505319,4929,2024-07-13,1,directo,Málaga,bizum
505320,394,2024-07-08,1,directo,MÁLAGA,tarjeta
505321,1538,24/06/2024,,directo,Málaga,tarjeta
505322,4209,16/07/2024,1,google,A Coruña,tarjeta
505323,1217,06/07/2024,1,directo,Valencia,tarjeta
505324,3688,2024-07-05,1,directo,A Coruña,tarjeta
505325,2421,2024-07-12,1,instagram,Madrid,tarjeta
505326,4479,2024-07-06,1,directo,Bilbao,paypal
505327,4253,6 jul 2024,1,directo,Lisboa,bizum
505328,3850,11 jul 2024,1,directo,Valencia,paypal
505329,4216,04/07/2024,1,directo,Valencia,tarjeta
505330,2357,2024-07-05,1,google,Madrid,paypal
505331,4618,13/07/2024,1,email,Madrid,tarjeta
505332,2952,7 jul 2024,1,google,Lisboa,tarjeta
505333,394,2024-07-11,1,email,a coruña,bizum
505334,2851,11 jul 2024,1,instagram,Valencia,bizum
505335,1351,07/07/2024,1,directo,Barcelona,paypal
505336,1433,2024-07-13,1,email,málaga,paypal
505337,4776,3 jul 2024,1,google,Barcelona,tarjeta
505338,4209,2024-07-10,1,instagram,Barcelona,paypal
505339,2385,9 jul 2024,1,instagram,MÁLAGA,paypal
505340,2747,13/07/2024,1,directo,A CORUÑA,tarjeta
505341,3344,2024-07-08,1,directo,málaga,paypal
505342,2728,28 jun 2024,,google,Lisboa,tarjeta
505343,2120,02/07/2024,1,email,Valencia,tarjeta
505344,771,08/07/2024,1,email,Malaga,tarjeta
505345,3718,2024-07-08,1,instagram,Oporto,tarjeta
505346,907,2024-07-15,1,email,oporto,tarjeta
505347,4119,13 jul 2024,1,instagram,Málaga,paypal
505348,4064,2024-07-08,1,email,valencia,bizum
505349,164,2024-07-12,1,email,Málaga,tarjeta
505350,2922,2024-07-06,1,email,Barcelona,bizum
505351,1896,15/07/2024,1,instagram,barcelona,paypal
505352,4959,2024-06-28,,email,Madrid,paypal
505353,3782,13/07/2024,1,directo,lisboa,bizum
505354,813,2024-07-08,1,email,Valencia,tarjeta
505355,1059,2024-07-06,1,instagram,Lisboa,tarjeta
505356,3884,2024-07-03,1,instagram,Sevilla,tarjeta
505357,4755,2024-07-15,1,google,Madrid,paypal
505358,4458,2024-07-13,1,directo,BILBAO,paypal
505359,3451,12/07/2024,1,directo,Zaragoza,tarjeta
505360,1485,2024-07-09,1,instagram,BILBAO,tarjeta
505361,4014,2024-06-25,,directo,oporto,paypal
505362,540,2024-06-29,,directo,A Coruña,tarjeta
505363,826,2024-07-08,1,directo,Malaga,tarjeta
505364,4373,2024-07-14,1,directo,barcelona,tarjeta
505365,840,2024-07-07,1,google,A Coruña,tarjeta
505366,4409,2024-07-03,1,instagram,Zaragoza,bizum
505367,1749,2024-07-11,1,google,Madrid,tarjeta
505368,738,19/07/2024,1,instagram,barcelona,paypal
505369,2777,2024-06-27,,directo,A Coruña,tarjeta
505370,1423,2024-07-03,1,instagram,A CORUÑA,paypal
505371,3477,2024-07-06,1,instagram,Barcelona,bizum
505372,3724,2024-07-10,1,google,VALENCIA,bizum
505373,4272,2024-07-05,1,google,Zaragoza,paypal
505374,3362,2024-07-11,1,email,a coruña,bizum
505375,2942,5 jul 2024,1,instagram,Bilbao,bizum
505376,489,2024-07-13,1,email,Bilbao,bizum
505377,3064,2024-07-07,1,directo,MÁLAGA,tarjeta
505378,834,13/07/2024,1,google,barcelona,tarjeta
505379,2675,03/07/2024,1,instagram,BARCELONA,paypal
505380,1307,2024-07-18,1,email,barcelona,bizum
505381,3094,2024-07-17,1,directo,ZARAGOZA,tarjeta
505382,4785,2024-07-07,1,instagram,A Coruña,paypal
505383,341,08/07/2024,1,directo,Bilbao,paypal
505384,381,2024-06-26,,google,madrid,bizum
505385,1832,2024-07-05,1,google,Sevilla,tarjeta
505386,1249,2024-07-02,1,email,Barcelona,paypal
505387,2607,2024-07-08,1,instagram,Madrid,paypal
505388,2621,01/07/2024,1,google,oporto,tarjeta
505389,2900,2024-07-15,1,google,A Coruña,bizum
505390,1577,2024-07-02,1,instagram,Sevilla,bizum
505391,2927,2024-07-16,1,instagram,Málaga,bizum
505392,1030,06/07/2024,1,instagram,Barcelona,tarjeta
505393,908,09/07/2024,1,email,Barcelona,paypal
505394,4099,08/07/2024,1,email,Valencia,tarjeta
505395,601,2024-07-16,1,email,Madrid,tarjeta
505396,613,2024-07-07,1,instagram,madrid,bizum
505397,4750,2024-07-02,1,instagram,valencia,tarjeta
505398,1788,26/06/2024,,directo,Zaragoza,bizum
505399,4373,09/07/2024,1,instagram,Zaragoza,tarjeta
505400,1119,2024-07-17,1,email,Barcelona,tarjeta
505401,3231,2024-07-11,1,email,Sevilla,tarjeta
505402,4182,11/07/2024,1,google,Sevilla,tarjeta
505403,856,05/07/2024,1,email,Barcelona,tarjeta
505404,3582,2024-07-14,1,directo,Barcelona,tarjeta
505405,1982,28/06/2024,,directo,Bilbao,tarjeta
505406,4721,2024-07-04,1,google,Sevilla,paypal
505407,4515,2024-07-11,1,instagram,a coruña,paypal
505408,3438,2024-07-02,1,directo,Madrid,paypal
505409,926,2024-07-17,1,instagram,barcelona,tarjeta
505410,3026,2024-07-10,1,instagram,A CORUÑA,paypal
505411,1138,16/07/2024,1,email,Valencia,tarjeta
505412,3842,2024-07-18,1,email,Barcelona,paypal
505413,2337,01/07/2024,1,directo,Oporto,tarjeta
505414,4637,15 jul 2024,1,google,Madrid,bizum
505415,1571,2024-06-30,,directo,Barcelona,bizum
505416,3971,09/07/2024,1,instagram,Sevilla,bizum
505417,3756,2024-07-09,1,google,Sevilla,tarjeta
505418,1445,2024-07-14,1,google,Barcelona,bizum
505419,4800,2024-07-08,1,instagram,A Coruña,bizum
505420,3451,11/07/2024,1,instagram,Madrid,paypal
505421,2430,2024-07-12,1,instagram,Lisboa,tarjeta
505422,3666,2024-07-07,1,directo,Barcelona,bizum
505423,521,30/06/2024,,email,Madrid,paypal
505424,2341,2024-07-05,1,instagram,barcelona,tarjeta
505425,1071,2024-07-10,1,instagram,A Coruña,tarjeta
505426,1125,05/07/2024,1,email,Madrid,tarjeta
505427,2007,7 jul 2024,1,email,Madrid,tarjeta
505428,3794,2024-07-13,1,email,Barcelona,tarjeta
505429,3440,09/07/2024,1,instagram,lisboa,bizum
505430,393,02/07/2024,1,google,Bilbao,tarjeta
505431,2656,10 jul 2024,1,instagram,Valencia,tarjeta
505432,4296,2024-07-03,1,google,Madrid,bizum
505433,2744,2024-07-06,1,google,Zaragoza,paypal
505434,2623,2024-07-07,1,google,Madrid,tarjeta
505435,794,2024-07-03,1,google,Madrid,bizum
505436,4902,13/07/2024,1,google,Bilbao,bizum
505437,1985,14/07/2024,1,instagram,Madrid,paypal
505438,4649,7 jul 2024,1,email,Madrid,tarjeta
505439,1647,2024-06-24,,instagram,madrid,tarjeta
505440,2165,2024-06-24,,directo,Barcelona,bizum
505441,4031,12/07/2024,1,google,Barcelona,tarjeta
505442,1785,13 jul 2024,1,google,OPORTO,tarjeta
505443,2380,2024-07-18,1,directo,Sevilla,tarjeta
505444,4853,2024-07-12,1,google,barcelona,bizum
505445,623,2024-07-17,1,directo,MADRID,bizum
505446,1749,2 jul 2024,1,google,Madrid,tarjeta
505447,1077,2024-07-10,1,email,Madrid,bizum
505448,4216,2024-07-08,1,instagram,Valencia,tarjeta
505449,2359,2024-06-26,,email,Madrid,bizum
505450,3237,2024-07-04,1,instagram,Madrid,tarjeta
505451,3620,13/07/2024,1,email,Málaga,paypal
505452,3420,2024-07-04,1,google,Bilbao,bizum
505453,2681,9 jul 2024,1,directo,Madrid,tarjeta
505454,1299,14/07/2024,1,email,Zaragoza,tarjeta
505455,628,08/07/2024,1,google,bilbao,paypal
505456,1981,2024-07-04,1,directo,Valencia,bizum
505457,4708,2024-07-09,1,directo,Madrid,bizum
505458,2765,30 jun 2024,,google,Valencia,tarjeta
505459,577,15 jul 2024,1,directo,Valencia,bizum
505460,2860,9 jul 2024,1,directo,Valencia,paypal
505461,3339,2024-06-28,,google,Oporto,tarjeta
505462,1013,2024-07-09,1,directo,Madrid,tarjeta
505463,3305,11/07/2024,1,instagram,sevilla,tarjeta
505464,2642,2 jul 2024,1,instagram,A Coruña,tarjeta
505465,4265,7 jul 2024,1,instagram,Valencia,tarjeta
505466,4092,04/07/2024,1,instagram,Sevilla,tarjeta
505467,4373,2024-07-05,1,instagram,barcelona,tarjeta
505468,3846,10/07/2024,1,directo,Barcelona,paypal
505469,290,2024-06-24,,email,Barcelona,tarjeta
505470,4330,07/07/2024,1,google,barcelona,tarjeta
505471,150,02/07/2024,1,email,Oporto,tarjeta
505472,97,3 jul 2024,1,instagram,Barcelona,tarjeta
505473,1144,4 jul 2024,1,instagram,MÁLAGA,tarjeta
505474,1661,2024-06-25,,google,MADRID,bizum
505475,3542,11/07/2024,1,directo,Barcelona,tarjeta
505476,2485,2024-07-15,1,directo,Zaragoza,tarjeta
505477,83,2024-07-10,1,directo,Sevilla,bizum
505478,3359,2024-07-14,1,google,Madrid,tarjeta
505479,1938,2024-07-11,1,instagram,Madrid,tarjeta
505480,3228,2024-07-05,1,google,Sevilla,tarjeta
505481,3214,08/07/2024,1,email,a coruña,tarjeta
505482,1569,19/07/2024,1,instagram,Bilbao,tarjeta
505483,4031,07/07/2024,1,instagram,Barcelona,bizum
505484,137,04/07/2024,1,google,Sevilla,tarjeta
505485,40,2024-07-05,1,instagram,Barcelona,paypal
505486,4576,2024-06-29,,instagram,Málaga,paypal
505487,907,2024-07-07,1,email,oporto,tarjeta
505488,618,03/07/2024,1,instagram,bilbao,tarjeta
505489,4118,06/07/2024,1,google,sevilla,tarjeta
505490,4651,2024-07-10,1,google,bilbao,bizum
505491,3183,02/07/2024,1,directo,Bilbao,tarjeta
505492,4479,08/07/2024,1,instagram,Bilbao,tarjeta
505493,4160,2024-07-10,1,google,Barcelona,paypal
505494,3793,2024-07-18,1,directo,MADRID,tarjeta
505495,1351,10/07/2024,1,instagram,Barcelona,tarjeta
505496,3897,2024-07-04,1,instagram,A CORUÑA,tarjeta
505497,3579,2024-07-07,1,instagram,Bilbao,paypal
505498,1258,2024-07-03,1,directo,Valencia,paypal
505499,3240,2024-07-11,1,instagram,Madrid,tarjeta
505500,2872,2024-07-04,1,instagram,Zaragoza,bizum
505501,2075,14/07/2024,1,google,Barcelona,paypal
505502,504,2024-07-10,1,directo,a coruña,tarjeta
505503,2500,28/06/2024,,email,Lisboa,tarjeta
505504,31,29/06/2024,,instagram,Madrid,tarjeta
505505,243,2024-07-18,1,email,Madrid,tarjeta
505506,4776,2024-07-07,1,instagram,sevilla,tarjeta
505507,2000,2024-07-17,1,directo,madrid,paypal
505508,949,2024-07-09,1,google,zaragoza,tarjeta
505509,1776,16/07/2024,1,instagram,BARCELONA,paypal
505510,326,2024-07-16,1,instagram,málaga,paypal
505511,2734,11/07/2024,1,email,Madrid,tarjeta
505512,4776,14 jul 2024,1,instagram,VALENCIA,tarjeta
505513,1408,05/07/2024,1,instagram,Zaragoza,bizum
505514,822,2024-07-03,1,instagram,BARCELONA,tarjeta
505515,3368,10 jul 2024,1,directo,madrid,tarjeta
505516,2823,07/07/2024,1,email,A Coruña,bizum
505517,1409,2024-07-18,1,directo,Oporto,paypal
505518,813,05/07/2024,1,instagram,Barcelona,paypal
505519,4773,5 jul 2024,1,email,madrid,bizum
505520,2500,04/07/2024,1,google,Lisboa,tarjeta
505521,655,5 jul 2024,1,google,Bilbao,bizum
505522,2388,2024-07-11,1,directo,málaga,tarjeta
505523,4555,18 jul 2024,1,instagram,Barcelona,tarjeta
505524,938,2024-07-07,1,instagram,Valencia,bizum
505525,83,04/07/2024,1,directo,Sevilla,tarjeta
505526,2984,2024-06-26,,instagram,Lisboa,tarjeta
505527,2960,09/07/2024,1,google,zaragoza,tarjeta
505528,3394,2024-07-11,1,email,Valencia,tarjeta
505529,2367,2024-07-01,1,instagram,Sevilla,paypal
505530,3537,2024-07-02,1,instagram,Bilbao,tarjeta
505531,3261,2024-06-28,,google,A Coruña,bizum
505532,2168,2024-07-04,1,directo,Málaga,tarjeta
505533,2283,2024-07-03,1,instagram,bilbao,paypal
505534,530,2024-07-07,1,google,Madrid,tarjeta
505535,4640,2024-07-08,1,google,a coruña,tarjeta
505536,1925,2024-07-15,1,instagram,Zaragoza,bizum
505537,546,12/07/2024,1,instagram,Málaga,tarjeta
505538,1311,2024-07-08,1,instagram,MÁLAGA,paypal
505539,4258,2024-07-17,1,email,sevilla,paypal
505540,1209,12 jul 2024,1,instagram,Lisboa,tarjeta
505541,4421,3 jul 2024,1,instagram,Valencia,tarjeta
505542,921,2024-07-07,1,instagram,Lisboa,tarjeta
505543,2968,2024-06-28,,email,VALENCIA,tarjeta
505544,4964,2024-06-30,,directo,lisboa,tarjeta
505545,404,2024-07-18,1,google,Oporto,paypal
505546,1083,09/07/2024,1,directo,valencia,tarjeta
505547,1476,16/07/2024,1,email,Sevilla,paypal
505548,3591,29 jun 2024,,email,Barcelona,bizum
505549,921,2024-06-25,,directo,Barcelona,paypal
505550,1189,07/07/2024,1,instagram,a coruña,tarjeta
505551,4955,2024-07-17,1,instagram,Zaragoza,tarjeta
505552,2283,30 jun 2024,,google,Valencia,bizum
505553,2150,10/07/2024,1,instagram,Sevilla,paypal
505554,4683,2024-07-09,1,google,OPORTO,tarjeta
505555,808,2024-07-17,1,instagram,BARCELONA,tarjeta
505556,1901,16 jul 2024,1,instagram,Málaga,paypal
505557,904,06/07/2024,1,directo,Oporto,tarjeta
505558,2812,15/07/2024,1,directo,sevilla,paypal
505559,1618,15 jul 2024,1,instagram,Valencia,bizum
505560,393,11/07/2024,1,instagram,ZARAGOZA,tarjeta
505561,4772,09/07/2024,1,email,Málaga,bizum
505562,393,2024-07-11,1,google,Madrid,paypal
505563,4823,10/07/2024,1,directo,MÁLAGA,tarjeta
505564,489,28/06/2024,,google,Málaga,bizum
505565,490,2024-07-13,1,directo,Madrid,paypal
505566,3368,08/07/2024,1,google,madrid,bizum
505567,2007,2024-06-27,,instagram,lisboa,tarjeta
505568,2960,2024-07-09,1,instagram,ZARAGOZA,bizum
505569,4538,2024-07-13,1,google,Oporto,paypal
505570,2857,2024-07-08,1,directo,Barcelona,paypal
505571,2850,2024-07-05,1,instagram,BILBAO,tarjeta
505572,3461,2024-07-12,1,email,madrid,tarjeta
505573,4512,09/07/2024,1,instagram,Valencia,bizum
505574,2744,2024-07-07,1,email,Madrid,paypal
505575,3578,2024-07-08,1,google,málaga,paypal
505576,3658,2024-07-10,1,instagram,Sevilla,paypal
505577,112,2024-07-06,1,google,Málaga,bizum
505578,257,11/07/2024,1,instagram,Bilbao,tarjeta
505579,2812,14/07/2024,1,email,VALENCIA,tarjeta
505580,2469,2024-07-07,1,instagram,SEVILLA,bizum
505581,2760,16/07/2024,1,instagram,sevilla,tarjeta
505582,2341,2024-06-29,,email,a coruña,tarjeta
505583,853,2024-07-05,1,instagram,Madrid,tarjeta
505584,3328,2024-06-28,,directo,Valencia,tarjeta
505585,4941,2024-07-13,1,directo,OPORTO,tarjeta
505586,1448,2024-07-06,1,google,Barcelona,tarjeta
505587,343,3 jul 2024,1,google,Barcelona,bizum
505588,3085,05/07/2024,1,instagram,Madrid,paypal
505589,4424,2024-07-05,1,instagram,MADRID,bizum
505590,2075,2024-07-05,1,instagram,Barcelona,tarjeta
505591,3775,19 jul 2024,1,google,LISBOA,tarjeta
505592,867,2024-07-15,1,google,lisboa,bizum
505593,1607,2024-07-15,1,instagram,a coruña,bizum
505594,1170,2024-07-07,1,email,Málaga,paypal
505595,1468,2024-07-09,1,instagram,Madrid,paypal
505596,3830,2024-07-19,1,instagram,madrid,tarjeta
505597,4253,2024-06-26,,directo,ZARAGOZA,tarjeta
505598,3471,13 jul 2024,1,directo,MADRID,paypal
505599,2151,12/07/2024,1,directo,A CORUÑA,tarjeta
505600,3252,9 jul 2024,1,instagram,Barcelona,paypal
505601,482,9 jul 2024,1,instagram,MADRID,bizum
505602,957,05/07/2024,1,email,VALENCIA,tarjeta
505603,194,03/07/2024,1,directo,málaga,tarjeta
505604,1332,2024-07-06,1,email,Madrid,tarjeta
505605,3535,08/07/2024,1,instagram,Bilbao,paypal
505606,3481,2024-07-16,1,instagram,Sevilla,tarjeta
505607,4276,29/06/2024,,directo,Oporto,paypal
505608,965,2024-07-02,1,instagram,Bilbao,bizum
505609,1329,14/07/2024,1,instagram,Zaragoza,tarjeta
505610,2716,2024-07-05,1,google,Valencia,tarjeta
505611,2777,2024-06-24,,instagram,ZARAGOZA,tarjeta
505612,1958,2024-07-08,1,email,Bilbao,tarjeta
505613,2338,2024-07-10,1,instagram,Madrid,paypal
505614,3339,2024-07-03,1,instagram,Valencia,bizum
505615,2500,15/07/2024,1,instagram,Lisboa,bizum
505616,4315,2024-07-06,1,email,barcelona,tarjeta
505617,526,2024-07-03,1,instagram,Bilbao,tarjeta
505618,904,2024-07-04,1,google,Madrid,paypal
505619,1712,08/07/2024,1,directo,Valencia,tarjeta
505620,2912,04/07/2024,1,google,Madrid,tarjeta
505621,3326,2024-07-10,1,email,Valencia,tarjeta
505622,3537,05/07/2024,1,google,Bilbao,paypal
505623,4547,11/07/2024,1,instagram,A Coruña,tarjeta
505624,3531,2024-07-11,1,directo,Sevilla,tarjeta
505625,4668,25/06/2024,,directo,Madrid,tarjeta
505626,4123,02/07/2024,1,email,valencia,paypal
505627,3638,10 jul 2024,1,instagram,barcelona,tarjeta
505628,4928,25/06/2024,,instagram,BILBAO,paypal
505629,1809,12/07/2024,1,instagram,Madrid,paypal
505630,4276,2024-07-14,1,instagram,Barcelona,tarjeta
505631,1545,2024-07-09,1,directo,Valencia,paypal
505632,4175,07/07/2024,1,email,A CORUÑA,bizum
505633,2104,4 jul 2024,1,google,Barcelona,bizum
505634,3578,11 jul 2024,1,google,Barcelona,tarjeta
505635,1577,2024-07-09,1,instagram,Bilbao,tarjeta
505636,3679,4 jul 2024,1,google,Sevilla,tarjeta
505637,4672,2024-07-12,1,instagram,BARCELONA,paypal
505638,3907,2024-07-09,1,instagram,Valencia,bizum
505639,113,2024-07-07,1,instagram,madrid,tarjeta
505640,2682,2024-06-25,,email,Madrid,tarjeta
505641,282,11/07/2024,1,directo,oporto,paypal
505642,913,2024-07-16,1,google,Valencia,paypal
505643,4564,2024-07-06,1,instagram,barcelona,tarjeta
505644,1032,2024-07-11,1,google,Bilbao,paypal
505645,2547,2024-07-06,1,directo,barcelona,tarjeta
505646,2750,2024-07-02,1,email,A CORUÑA,tarjeta
505647,4279,2024-07-14,1,email,BARCELONA,tarjeta
505648,214,7 jul 2024,1,google,madrid,paypal
505649,2167,26/06/2024,,instagram,Zaragoza,bizum
505650,3350,05/07/2024,1,google,A CORUÑA,tarjeta
505651,1673,2024-07-06,1,instagram,BARCELONA,tarjeta
505652,2357,10/07/2024,1,instagram,Madrid,paypal
505653,1416,2024-07-06,1,email,Valencia,tarjeta
505654,2153,09/07/2024,1,directo,LISBOA,paypal
505655,2642,2024-06-29,,email,BARCELONA,tarjeta
505656,3582,2024-07-14,1,instagram,Madrid,bizum
505657,4595,08/07/2024,1,email,Madrid,paypal
505658,1682,5 jul 2024,1,email,Valencia,bizum
505659,1032,07/07/2024,1,instagram,Bilbao,tarjeta
505660,3344,2024-07-10,1,instagram,Oporto,tarjeta
505661,2753,15/07/2024,1,directo,Zaragoza,bizum
505662,3195,2024-07-09,1,email,MADRID,bizum
505663,4303,2024-07-03,1,email,zaragoza,bizum
505664,2595,2024-06-24,,instagram,Zaragoza,tarjeta
505665,2922,08/07/2024,1,google,Barcelona,tarjeta
505666,867,2024-07-19,1,instagram,Valencia,paypal
505667,782,2024-07-06,1,directo,Madrid,tarjeta
505668,35,24 jun 2024,,email,lisboa,paypal
505669,4606,2024-07-05,1,directo,Valencia,tarjeta
505670,4712,02/07/2024,1,instagram,Barcelona,bizum
505671,965,24/06/2024,,google,Barcelona,bizum
505672,912,12/07/2024,1,instagram,Lisboa,tarjeta
505673,1038,16/07/2024,1,instagram,Barcelona,paypal
505674,1862,2024-07-17,1,directo,MADRID,bizum
505675,1567,2024-07-08,1,instagram,Valencia,tarjeta
505676,2418,25 jun 2024,,email,Oporto,bizum
505677,4548,13/07/2024,1,directo,Bilbao,tarjeta
505678,4281,12 jul 2024,1,instagram,Madrid,tarjeta
505679,4291,2024-07-06,1,directo,Lisboa,bizum
505680,4785,09/07/2024,1,instagram,A Coruña,tarjeta
505681,822,10/07/2024,1,google,Sevilla,tarjeta
505682,3985,24/06/2024,,email,lisboa,bizum
505683,555,2024-07-02,1,directo,Bilbao,paypal
505684,3574,13/07/2024,1,directo,Oporto,tarjeta
505685,2769,2024-07-15,1,instagram,Lisboa,bizum
505686,3538,2024-07-19,1,google,Lisboa,bizum
505687,1753,28/06/2024,,google,Barcelona,bizum
505688,2969,08/07/2024,1,instagram,Zaragoza,paypal
505689,2924,2024-07-17,1,instagram,Bilbao,tarjeta
505690,2837,2024-07-07,1,google,Barcelona,bizum
505691,1002,2024-07-14,1,instagram,VALENCIA,tarjeta
505692,4664,14/07/2024,1,email,Lisboa,tarjeta
505693,3363,2024-07-18,1,instagram,madrid,tarjeta
505694,4333,06/07/2024,1,email,Sevilla,tarjeta
505695,1039,19 jul 2024,1,google,Valencia,paypal
505696,3055,2024-07-10,1,google,zaragoza,bizum
505697,2107,2024-07-17,1,email,Oporto,tarjeta
505698,4161,2024-06-24,,google,Barcelona,tarjeta
505699,628,04/07/2024,1,instagram,bilbao,tarjeta
505700,1102,2024-07-05,1,directo,A Coruña,bizum
505701,3562,03/07/2024,1,google,Zaragoza,tarjeta
505702,3451,9 jul 2024,1,instagram,BARCELONA,tarjeta
505703,71,18 jul 2024,1,instagram,Lisboa,bizum
505704,100,10 jul 2024,1,instagram,Oporto,bizum
505705,4106,2024-07-05,1,directo,MÁLAGA,tarjeta
505706,3605,15 jul 2024,1,google,oporto,tarjeta
505707,4683,16/07/2024,1,directo,OPORTO,bizum
505708,1530,29 jun 2024,,directo,A Coruña,tarjeta
505709,3379,2024-07-08,1,google,A Coruña,paypal
505710,2610,14/07/2024,1,google,ZARAGOZA,tarjeta
505711,4664,5 jul 2024,1,google,Bilbao,tarjeta
505712,4928,01/07/2024,1,email,Bilbao,paypal
505713,1151,2024-07-08,1,email,BILBAO,tarjeta
505714,1980,07/07/2024,1,instagram,Lisboa,paypal
505715,3510,11/07/2024,1,directo,Málaga,paypal
505716,1221,3 jul 2024,1,email,Bilbao,tarjeta
505717,3431,2024-06-26,,instagram,Valencia,tarjeta
505718,713,2024-07-06,1,instagram,barcelona,bizum
505719,4640,6 jul 2024,1,directo,MADRID,bizum
505720,1020,09/07/2024,1,instagram,Barcelona,bizum
505721,3959,08/07/2024,1,instagram,Zaragoza,paypal
505722,4092,2024-07-17,1,instagram,Sevilla,tarjeta
505723,2508,2024-07-08,1,instagram,a coruña,bizum
505724,2105,08/07/2024,1,email,Valencia,paypal
505725,4822,14/07/2024,1,email,Madrid,paypal
505726,4858,2024-07-05,1,email,Lisboa,tarjeta
505727,4371,14/07/2024,1,directo,Barcelona,bizum
505728,64,06/07/2024,1,instagram,Lisboa,bizum
505729,4854,2024-07-05,1,instagram,Bilbao,tarjeta
505730,3775,17/07/2024,1,google,LISBOA,bizum
505731,132,1 jul 2024,1,instagram,Oporto,tarjeta
505732,126,2024-07-05,1,email,Madrid,paypal
505733,1544,2024-07-11,1,instagram,Madrid,tarjeta
505734,585,12/07/2024,1,google,SEVILLA,paypal
505735,4329,08/07/2024,1,directo,A Coruña,paypal
505736,2912,12/07/2024,1,google,Madrid,bizum
505737,967,2024-07-11,1,directo,madrid,bizum
505738,3897,14 jul 2024,1,instagram,Sevilla,bizum
505739,394,2024-07-03,1,instagram,Zaragoza,bizum
505740,3481,2024-07-14,1,instagram,Sevilla,tarjeta
505741,530,2024-07-07,1,email,sevilla,tarjeta
505742,363,2024-07-13,1,email,Oporto,tarjeta
505743,3094,2024-07-02,1,instagram,Zaragoza,bizum
505744,2961,07/07/2024,1,directo,Bilbao,paypal
505745,79,2024-07-03,1,instagram,Oporto,paypal
505746,1648,2024-07-12,1,instagram,oporto,tarjeta
505747,577,10/07/2024,1,google,Sevilla,tarjeta
505748,3921,26/06/2024,,instagram,BARCELONA,tarjeta
505749,2051,10 jul 2024,1,email,Lisboa,bizum
505750,2841,2024-07-10,1,directo,madrid,tarjeta
505751,1286,9 jul 2024,1,google,barcelona,paypal
505752,2525,13 jul 2024,1,instagram,A CORUÑA,tarjeta
505753,2146,02/07/2024,1,email,Valencia,bizum
505754,2477,2024-07-16,1,directo,Madrid,paypal
505755,1630,2024-07-01,1,instagram,Bilbao,tarjeta
505756,2523,07/07/2024,1,directo,barcelona,bizum
505757,3106,2024-07-05,1,email,Barcelona,tarjeta
505758,856,2024-07-06,1,instagram,Sevilla,tarjeta
505759,843,3 jul 2024,1,directo,Madrid,paypal
505760,3225,2024-07-09,1,email,bilbao,paypal
505761,1117,11 jul 2024,1,instagram,Barcelona,bizum
505762,2255,15/07/2024,1,directo,Valencia,bizum
505763,1249,12/07/2024,1,google,MÁLAGA,tarjeta
505764,4492,2024-06-24,,instagram,Bilbao,tarjeta
505765,424,05/07/2024,1,email,MADRID,paypal
505766,3764,08/07/2024,1,directo,Zaragoza,tarjeta
505767,2508,2024-07-01,1,directo,sevilla,paypal
505768,3305,04/07/2024,1,instagram,Valencia,tarjeta
505769,2494,2024-07-14,1,directo,Barcelona,paypal
505770,772,04/07/2024,1,google,bilbao,tarjeta
505771,2642,2024-07-12,1,directo,Barcelona,paypal
505772,976,2024-07-10,1,email,Madrid,tarjeta
505773,970,13/07/2024,1,google,Madrid,tarjeta
505774,1493,08/07/2024,1,google,barcelona,bizum
505775,4216,13 jul 2024,1,instagram,Málaga,paypal
505776,1151,11 jul 2024,1,email,BILBAO,tarjeta
505777,2619,8 jul 2024,1,email,Sevilla,paypal
505778,3969,16/07/2024,1,google,Bilbao,paypal
505779,3782,2024-07-03,1,email,Madrid,paypal
505780,3852,2024-07-20,1,instagram,Sevilla,tarjeta
505781,3724,13/07/2024,1,instagram,Madrid,tarjeta
505782,895,09/07/2024,1,instagram,A Coruña,tarjeta
505783,1365,2024-07-14,1,google,Sevilla,paypal
505784,2494,2024-07-16,1,google,Valencia,paypal
505785,4849,26 jun 2024,,directo,Lisboa,paypal
505786,4209,08/07/2024,1,email,Málaga,tarjeta
505787,2029,28/06/2024,,google,Málaga,paypal
505788,2927,2024-07-03,1,instagram,A Coruña,tarjeta
505789,2675,11/07/2024,1,directo,LISBOA,bizum
505790,238,29/06/2024,,instagram,LISBOA,tarjeta
505791,3932,8 jul 2024,1,directo,Barcelona,tarjeta
505792,2391,10/07/2024,1,directo,Sevilla,tarjeta
505793,3359,2024-07-03,1,directo,Madrid,paypal
505794,4823,2024-07-11,1,instagram,Valencia,tarjeta
505795,661,2024-07-03,1,instagram,Barcelona,tarjeta
505796,949,05/07/2024,1,google,Zaragoza,bizum
505797,4664,05/07/2024,1,email,Bilbao,bizum
505798,4853,2024-07-09,1,google,Valencia,bizum
505799,1418,06/07/2024,1,instagram,Oporto,tarjeta
505800,3405,06/07/2024,1,email,Sevilla,paypal
505801,2705,2024-07-04,1,instagram,MADRID,bizum
505802,2530,7 jul 2024,1,instagram,Bilbao,paypal
505803,782,2024-07-03,1,instagram,Madrid,paypal
505804,2254,2024-06-24,,directo,VALENCIA,tarjeta
505805,890,26/06/2024,,directo,Valencia,paypal
505806,4577,8 jul 2024,1,email,Sevilla,tarjeta
505807,2301,5 jul 2024,1,email,MADRID,paypal
505808,2504,2024-07-12,1,email,BARCELONA,tarjeta
505809,2984,5 jul 2024,1,email,Barcelona,paypal
505810,598,2024-07-10,1,instagram,Sevilla,tarjeta
505811,2448,8 jul 2024,1,instagram,Barcelona,tarjeta
505812,214,9 jul 2024,1,instagram,Valencia,bizum
505813,2192,2024-07-10,1,email,Madrid,paypal
505814,3057,16/07/2024,1,directo,Valencia,tarjeta
505815,3981,03/07/2024,1,directo,Lisboa,bizum
505816,323,26 jun 2024,,google,A Coruña,paypal
505817,831,2024-07-05,1,google,Sevilla,paypal
505818,3980,2024-07-05,1,directo,Valencia,bizum
505819,2699,2024-07-11,1,email,A Coruña,bizum
505820,1390,2024-07-10,1,email,Lisboa,tarjeta
505821,4005,2024-07-09,1,email,Valencia,tarjeta
505822,1437,2024-07-11,1,google,A CORUÑA,paypal
505823,2528,01/07/2024,1,directo,SEVILLA,tarjeta
505824,3103,13/07/2024,1,email,málaga,paypal
505825,784,2024-07-14,1,instagram,Madrid,paypal
505826,3007,2024-07-04,1,email,Madrid,tarjeta
505827,2924,2024-07-07,1,instagram,Zaragoza,bizum
505828,890,07/07/2024,1,google,Lisboa,tarjeta
505829,2858,2024-07-09,1,directo,barcelona,tarjeta
505830,3108,2024-07-10,1,instagram,zaragoza,tarjeta
505831,4033,11 jul 2024,1,instagram,barcelona,bizum
505832,641,01/07/2024,1,instagram,Lisboa,tarjeta
505833,1670,08/07/2024,1,instagram,Málaga,tarjeta
505834,3038,2024-07-01,1,instagram,Madrid,tarjeta
505835,4284,19/07/2024,1,google,oporto,bizum
505836,3731,2024-07-11,1,email,Bilbao,tarjeta
505837,3574,17/07/2024,1,email,Valencia,tarjeta
505838,2401,10/07/2024,1,instagram,Barcelona,paypal
505839,3037,19/07/2024,1,email,Madrid,paypal
505840,1973,04/07/2024,1,google,Bilbao,tarjeta
505841,4929,25 jun 2024,,instagram,Málaga,tarjeta
505842,4411,2024-07-14,1,directo,Madrid,bizum
505843,489,2024-07-03,1,google,Zaragoza,tarjeta
505844,3851,2024-07-06,1,instagram,Oporto,paypal
505845,1433,2024-07-09,1,google,málaga,tarjeta
505846,1670,2024-07-06,1,instagram,Málaga,bizum
505847,2690,2024-07-13,1,email,Barcelona,tarjeta
505848,213,2024-07-07,1,instagram,Valencia,tarjeta
505849,3921,2024-06-28,,google,BARCELONA,tarjeta
505850,1052,2024-06-27,,google,Madrid,tarjeta
505851,983,2024-07-05,1,instagram,Oporto,bizum
505852,4523,2024-07-07,1,email,Madrid,bizum
505853,3492,2024-07-10,1,directo,Barcelona,tarjeta
505854,1653,7 jul 2024,1,instagram,Barcelona,tarjeta
505855,1238,15 jul 2024,1,directo,zaragoza,bizum
505856,1498,2024-07-12,1,directo,Bilbao,tarjeta
505857,970,2024-07-16,1,google,Madrid,bizum
505858,4200,14/07/2024,1,google,barcelona,paypal
505859,3731,13/07/2024,1,google,Sevilla,tarjeta
505860,1137,2024-07-06,1,google,Valencia,tarjeta
505861,4106,07/07/2024,1,google,MÁLAGA,tarjeta
505862,1686,27/06/2024,,instagram,Zaragoza,tarjeta
505863,2874,2024-06-28,,instagram,barcelona,tarjeta
505864,1148,07/07/2024,1,google,málaga,bizum
505865,3393,03/07/2024,1,directo,valencia,tarjeta
505866,2150,2024-07-16,1,google,Sevilla,tarjeta
505867,4532,09/07/2024,1,google,A Coruña,paypal
505868,1462,2 jul 2024,1,email,Valencia,tarjeta
505869,2167,2024-07-08,1,google,Valencia,tarjeta
505870,2368,12 jul 2024,1,directo,OPORTO,tarjeta
505871,4772,2024-07-07,1,google,BARCELONA,tarjeta
505872,3144,2024-06-29,,instagram,barcelona,tarjeta
505873,2830,2024-07-04,1,google,Oporto,tarjeta
505874,2401,08/07/2024,1,instagram,Barcelona,paypal
505875,3197,24/06/2024,,instagram,Madrid,bizum
505876,641,30/06/2024,,google,Zaragoza,tarjeta
505877,1470,2024-07-14,1,google,Oporto,paypal
505878,976,2024-07-08,1,google,sevilla,tarjeta
505879,1721,2024-07-08,1,instagram,MADRID,tarjeta
505880,4796,2024-07-05,1,google,Barcelona,bizum
505881,4199,2024-07-04,1,email,Lisboa,bizum
505882,2069,2024-07-09,1,email,MADRID,tarjeta
505883,2337,2024-07-19,1,google,Barcelona,tarjeta
505884,3077,28 jun 2024,,directo,Madrid,paypal
505885,2734,07/07/2024,1,email,Madrid,tarjeta
505886,427,2024-07-09,1,directo,Bilbao,tarjeta
505887,2589,2024-07-02,1,directo,OPORTO,tarjeta
505888,1933,13 jul 2024,1,directo,BILBAO,tarjeta
505889,4776,2024-07-02,1,google,VALENCIA,tarjeta
505890,858,2024-07-16,1,email,A Coruña,paypal
505891,964,07/07/2024,1,email,Sevilla,bizum
505892,3144,05/07/2024,1,instagram,BARCELONA,bizum
505893,3685,2024-07-11,1,directo,Madrid,tarjeta
505894,720,07/07/2024,1,google,Madrid,bizum
505895,476,10/07/2024,1,directo,madrid,bizum
505896,2619,12/07/2024,1,directo,Madrid,tarjeta
505897,4747,2024-07-03,1,instagram,madrid,bizum
505898,4596,02/07/2024,1,google,Madrid,paypal
505899,4449,11/07/2024,1,directo,Valencia,tarjeta
505900,457,4 jul 2024,1,instagram,Valencia,paypal
505901,1351,2024-07-09,1,email,Barcelona,tarjeta
505902,4577,2024-07-12,1,directo,Zaragoza,paypal
505903,3508,2024-07-09,1,google,Bilbao,tarjeta
505904,2642,5 jul 2024,1,google,Barcelona,tarjeta
505905,2622,24/06/2024,,directo,bilbao,bizum
505906,2765,06/07/2024,1,google,Valencia,paypal
505907,2920,2024-07-05,1,directo,Sevilla,tarjeta
505908,3618,13 jul 2024,1,google,A Coruña,tarjeta
505909,296,2024-07-11,1,directo,lisboa,bizum
505910,4004,14/07/2024,1,google,BARCELONA,paypal
505911,376,11 jul 2024,1,instagram,oporto,bizum
505912,4543,25/06/2024,,google,A Coruña,bizum
505913,2073,02/07/2024,1,google,VALENCIA,bizum
505914,2750,2024-07-04,1,google,BILBAO,bizum
505915,49,13/07/2024,1,google,BILBAO,tarjeta
505916,1144,2024-06-26,,email,MÁLAGA,tarjeta
505917,3499,2024-07-09,1,google,Sevilla,tarjeta
505918,2513,16/07/2024,1,instagram,Sevilla,tarjeta
505919,1310,2024-07-07,1,instagram,Malaga,bizum
505920,3214,24/06/2024,,instagram,Madrid,tarjeta
505921,4031,2024-07-10,1,directo,Barcelona,bizum
505922,4111,2024-07-02,1,instagram,Valencia,tarjeta
505923,4747,2024-07-05,1,google,Málaga,tarjeta
505924,2851,02/07/2024,1,instagram,madrid,bizum
505925,1493,03/07/2024,1,directo,barcelona,paypal
505926,4897,02/07/2024,1,email,Málaga,bizum
505927,3893,2024-06-29,,google,Valencia,tarjeta
505928,2133,2024-07-06,1,google,Sevilla,bizum
505929,12,26/06/2024,,email,Valencia,tarjeta
505930,3689,2024-07-07,1,directo,zaragoza,paypal
505931,1055,27/06/2024,,instagram,Valencia,tarjeta
505932,2759,2024-07-12,1,directo,barcelona,paypal
505933,4822,04/07/2024,1,google,Madrid,tarjeta
505934,4538,2024-07-09,1,directo,Barcelona,paypal
505935,2687,2024-06-26,,instagram,bilbao,bizum
505936,3921,2024-07-04,1,directo,BARCELONA,tarjeta
505937,1925,2024-07-07,1,instagram,Zaragoza,bizum
505938,2366,2024-07-14,1,google,Barcelona,tarjeta
505939,3361,05/07/2024,1,instagram,Málaga,tarjeta
505940,4101,8 jul 2024,1,email,LISBOA,tarjeta
505941,2349,10/07/2024,1,instagram,Bilbao,paypal
505942,2935,11/07/2024,1,google,Valencia,bizum
505943,218,01/07/2024,1,directo,Bilbao,tarjeta
505944,939,2024-07-07,1,email,A Coruña,paypal
505945,4489,2024-06-27,,google,Barcelona,tarjeta
505946,74,2024-07-09,1,instagram,Barcelona,tarjeta
505947,263,2024-07-05,1,instagram,Barcelona,tarjeta
505948,3035,2024-07-16,1,directo,Bilbao,tarjeta
505949,2900,2024-07-10,1,email,Barcelona,tarjeta
505950,1945,2024-07-06,1,google,Bilbao,tarjeta
505951,2482,2024-07-12,1,instagram,Bilbao,bizum
505952,4092,2024-06-29,,directo,barcelona,tarjeta
505953,3938,2024-07-12,1,email,Valencia,tarjeta
505954,3394,2024-07-03,1,email,Valencia,tarjeta
505955,2551,03/07/2024,1,instagram,Málaga,bizum
505956,4480,2024-07-10,1,email,Barcelona,tarjeta
505957,1939,2024-07-16,1,google,málaga,bizum
505958,1939,2024-07-06,1,instagram,málaga,paypal
505959,4118,17/07/2024,1,instagram,bilbao,tarjeta
505960,419,30/06/2024,,google,valencia,bizum
505961,1885,2024-07-13,1,google,Barcelona,tarjeta
505962,2647,10/07/2024,1,instagram,valencia,tarjeta
505963,4426,2024-07-12,1,email,Madrid,paypal
505964,831,08/07/2024,1,google,Zaragoza,tarjeta
505965,1815,13/07/2024,1,directo,OPORTO,tarjeta
505966,1702,2024-07-03,1,instagram,Madrid,bizum
505967,4753,05/07/2024,1,email,sevilla,bizum
505968,1111,12/07/2024,1,google,BILBAO,tarjeta
505969,1338,2024-07-04,1,instagram,Madrid,paypal
505970,4589,01/07/2024,1,directo,Lisboa,bizum
505971,2129,2024-07-13,1,directo,Bilbao,tarjeta
505972,3291,2024-07-06,1,instagram,Barcelona,paypal
505973,2625,2024-07-11,1,google,MÁLAGA,tarjeta
505974,3347,12/07/2024,1,instagram,Barcelona,paypal
505975,3468,2024-07-06,1,directo,Zaragoza,tarjeta
505976,3085,2024-07-15,1,google,A Coruña,tarjeta
505977,2926,12/07/2024,1,instagram,Valencia,tarjeta
505978,4001,16/07/2024,1,google,A Coruña,tarjeta
505979,3343,2024-07-14,1,directo,A Coruña,tarjeta
505980,3937,2024-07-08,1,directo,Oporto,tarjeta
505981,3429,2024-06-30,,instagram,Barcelona,tarjeta
505982,35,2024-07-05,1,google,Barcelona,bizum
505983,1511,11/07/2024,1,instagram,Oporto,tarjeta
505984,3214,05/07/2024,1,email,Madrid,paypal
505985,3552,12/07/2024,1,instagram,VALENCIA,bizum
505986,4502,08/07/2024,1,directo,OPORTO,paypal
505987,3759,2024-07-02,1,google,SEVILLA,bizum
505988,4160,2024-07-08,1,instagram,Barcelona,paypal
505989,728,10 jul 2024,1,directo,bilbao,paypal
505990,3888,10 jul 2024,1,instagram,Valencia,tarjeta
505991,4123,14/07/2024,1,email,Valencia,paypal
505992,103,2024-07-09,1,instagram,Bilbao,paypal
505993,4595,08/07/2024,1,instagram,Madrid,paypal
505994,2367,09/07/2024,1,directo,Sevilla,paypal
505995,362,2024-06-24,,email,Valencia,tarjeta
505996,2513,2024-07-11,1,google,Sevilla,tarjeta
505997,3591,06/07/2024,1,google,zaragoza,paypal
505998,341,07/07/2024,1,email,Madrid,tarjeta
505999,3517,2024-07-11,1,google,Lisboa,tarjeta
506000,1310,10/07/2024,1,google,Bilbao,bizum
506001,4290,2024-06-26,,google,Sevilla,tarjeta
506002,2245,14/07/2024,1,google,Sevilla,tarjeta
506003,4530,10/07/2024,1,google,Málaga,tarjeta
506004,3205,2024-07-06,1,google,lisboa,paypal
506005,1059,16 jul 2024,1,instagram,Madrid,tarjeta
506006,1331,27/06/2024,,google,MADRID,bizum
506007,516,13/07/2024,1,instagram,Oporto,tarjeta
506008,1597,2024-06-25,,directo,Bilbao,tarjeta
506009,955,2024-07-08,1,email,Barcelona,paypal
506010,4642,2024-07-16,1,instagram,sevilla,tarjeta
506011,2625,08/07/2024,1,instagram,Bilbao,tarjeta
506012,2687,2024-07-17,1,google,Málaga,paypal
506013,3684,2024-06-28,,instagram,barcelona,paypal
506014,1824,2024-07-05,1,google,Lisboa,tarjeta
506015,3688,24/06/2024,,instagram,A Coruña,tarjeta
506016,838,2024-07-14,1,directo,oporto,paypal
506017,4002,26/06/2024,,instagram,bilbao,tarjeta
506018,3658,09/07/2024,1,directo,Sevilla,tarjeta
506019,17,09/07/2024,1,directo,Sevilla,tarjeta
506020,2808,05/07/2024,1,email,Lisboa,bizum
506021,455,16/07/2024,1,directo,valencia,tarjeta
506022,737,2024-07-18,1,google,Barcelona,paypal
506023,4655,15/07/2024,1,instagram,Valencia,tarjeta
506024,2181,2024-07-17,1,directo,BARCELONA,bizum
506025,2934,2024-07-02,1,instagram,Madrid,paypal
506026,3323,18/07/2024,1,instagram,Málaga,bizum
506027,4671,08/07/2024,1,directo,Valencia,bizum
506028,3698,07/07/2024,1,email,ZARAGOZA,bizum
506029,1006,4 jul 2024,1,instagram,Barcelona,bizum
506030,2795,2024-06-27,,google,bilbao,paypal
506031,386,5 jul 2024,1,google,Madrid,bizum
506032,318,2024-07-13,1,directo,Valencia,bizum
506033,889,16/07/2024,1,instagram,Barcelona,tarjeta
506034,4686,06/07/2024,1,email,Zaragoza,tarjeta
506035,641,2024-06-27,,email,Madrid,paypal
506036,4315,2024-07-03,1,directo,barcelona,tarjeta
506037,3250,2024-07-14,1,instagram,Barcelona,paypal
506038,530,2024-07-17,1,instagram,barcelona,tarjeta
506039,3231,16/07/2024,1,email,Valencia,tarjeta
506040,1039,07/07/2024,1,instagram,Madrid,tarjeta
506041,4444,2024-07-03,1,google,BARCELONA,paypal
506042,2873,2024-07-11,1,directo,Málaga,paypal
506043,258,2024-07-14,1,instagram,Lisboa,tarjeta
506044,3108,2024-07-13,1,instagram,Madrid,paypal
506045,322,14 jul 2024,1,directo,Oporto,tarjeta
506046,2076,08/07/2024,1,instagram,zaragoza,bizum
506047,690,2024-07-07,1,instagram,Oporto,paypal
506048,3318,05/07/2024,1,directo,A Coruña,paypal
506049,4345,2024-07-12,1,email,Madrid,paypal
506050,2507,07/07/2024,1,instagram,Valencia,bizum
506051,4383,2024-07-15,1,google,Lisboa,tarjeta
506052,2529,2024-07-09,1,google,Valencia,tarjeta
506053,4822,2024-07-15,1,directo,Madrid,tarjeta
506054,1543,25/06/2024,,directo,Valencia,tarjeta
506055,2124,03/07/2024,1,email,A Coruña,tarjeta
506056,2744,2024-07-07,1,instagram,Barcelona,tarjeta
506057,3379,2024-06-27,,email,Madrid,tarjeta
506058,2436,03/07/2024,1,google,valencia,paypal
506059,1036,09/07/2024,1,instagram,Sevilla,paypal
506060,1445,2024-07-04,1,instagram,Madrid,tarjeta
506061,1073,2024-07-07,1,google,Barcelona,paypal
506062,650,04/07/2024,1,instagram,barcelona,tarjeta
506063,1055,2024-06-29,,email,Zaragoza,tarjeta
506064,3074,08/07/2024,1,instagram,MADRID,bizum
506065,2703,2024-07-04,1,directo,Barcelona,bizum
506066,3370,14/07/2024,1,instagram,Madrid,tarjeta
506067,2208,2024-07-10,1,google,málaga,tarjeta
506068,2259,25/06/2024,,google,Zaragoza,tarjeta
506069,3988,2024-07-08,1,instagram,A Coruña,bizum
506070,2760,2024-07-10,1,instagram,Oporto,tarjeta
506071,3228,2024-07-12,1,directo,Sevilla,paypal
506072,2385,05/07/2024,1,google,Madrid,bizum
506073,3085,2024-07-09,1,directo,A Coruña,paypal
506074,507,2024-07-02,1,instagram,OPORTO,bizum
506075,132,2024-07-13,1,google,bilbao,tarjeta
506076,2462,2024-07-15,1,google,Valencia,paypal
506077,73,2024-07-09,1,directo,BARCELONA,tarjeta
506078,3787,14/07/2024,1,email,Lisboa,paypal
506079,4860,03/07/2024,1,instagram,Madrid,tarjeta
506080,3225,2024-06-25,,email,Oporto,paypal
506081,912,12/07/2024,1,email,Bilbao,bizum
506082,1707,2024-06-30,,instagram,Oporto,bizum
506083,3165,11 jul 2024,1,instagram,Lisboa,tarjeta
506084,1013,05/07/2024,1,instagram,Lisboa,paypal
506085,3703,2024-07-10,1,google,málaga,tarjeta
506086,3752,6 jul 2024,1,email,Bilbao,tarjeta
506087,655,2024-07-11,1,instagram,Zaragoza,bizum
506088,2006,28/06/2024,,directo,Lisboa,paypal
506089,867,2024-07-16,1,instagram,lisboa,bizum
506090,2291,2024-07-03,1,instagram,LISBOA,paypal
506091,308,28/06/2024,,instagram,Madrid,tarjeta
506092,1957,2024-06-24,,google,Madrid,tarjeta
506093,4079,10/07/2024,1,instagram,OPORTO,bizum
506094,1726,27/06/2024,,instagram,Barcelona,paypal
506095,2958,24 jun 2024,,email,Madrid,paypal
506096,967,07/07/2024,1,google,Bilbao,tarjeta
506097,2314,2024-07-09,1,directo,Zaragoza,tarjeta
506098,2762,08/07/2024,1,instagram,Madrid,tarjeta
506099,3717,05/07/2024,1,instagram,Bilbao,paypal
506100,4837,2024-06-29,,instagram,A Coruña,tarjeta
506101,63,2024-07-03,1,email,Madrid,tarjeta
506102,3379,15 jul 2024,1,email,Madrid,tarjeta
506103,2056,2024-07-02,1,google,Valencia,bizum
506104,2156,2024-07-13,1,instagram,Madrid,paypal
506105,2528,30/06/2024,,google,SEVILLA,tarjeta
506106,3238,30 jun 2024,,directo,Madrid,tarjeta
506107,4272,2024-07-15,1,google,MADRID,paypal
506108,895,2024-07-02,1,instagram,lisboa,paypal
506109,2463,8 jul 2024,1,directo,SEVILLA,tarjeta
506110,454,7 jul 2024,1,google,Bilbao,tarjeta
506111,3409,05/07/2024,1,directo,Valencia,tarjeta
506112,2141,17/07/2024,1,instagram,Valencia,bizum
506113,4460,13/07/2024,1,google,SEVILLA,bizum
506114,368,01/07/2024,1,email,Barcelona,bizum
506115,3450,04/07/2024,1,instagram,Bilbao,tarjeta
506116,4207,2024-07-08,1,instagram,Malaga,tarjeta
506117,3638,16/07/2024,1,instagram,LISBOA,tarjeta
506118,4928,30/06/2024,,google,Madrid,tarjeta
506119,1184,2024-07-08,1,google,Oporto,bizum
506120,4281,13/07/2024,1,directo,Lisboa,tarjeta
506121,2007,2024-07-07,1,directo,málaga,tarjeta
506122,2968,12/07/2024,1,instagram,Sevilla,bizum
506123,1832,11/07/2024,1,email,Sevilla,bizum
506124,1686,14 jul 2024,1,instagram,Zaragoza,paypal
506125,2949,12/07/2024,1,google,Valencia,paypal
506126,1331,2024-07-09,1,google,Sevilla,tarjeta
506127,4387,03/07/2024,1,instagram,Bilbao,bizum
506128,62,2024-07-11,1,instagram,lisboa,tarjeta
506129,1934,03/07/2024,1,google,Barcelona,tarjeta
506130,4252,10 jul 2024,1,instagram,MADRID,tarjeta
506131,489,03/07/2024,1,email,Zaragoza,tarjeta
506132,394,13 jul 2024,1,instagram,Zaragoza,bizum
506133,4586,2024-07-09,1,instagram,lisboa,tarjeta
506134,3718,2024-07-08,1,email,Sevilla,bizum
506135,3359,8 jul 2024,1,instagram,Madrid,bizum
506136,148,2024-07-16,1,instagram,Valencia,bizum
506137,3771,2024-07-17,1,google,Valencia,bizum
506138,368,2024-07-12,1,instagram,BILBAO,tarjeta
506139,2338,2024-07-01,1,email,Barcelona,bizum
506140,2513,27 jun 2024,,email,lisboa,paypal
506141,4730,11 jul 2024,1,email,Barcelona,paypal
506142,2166,2024-07-09,1,google,Barcelona,tarjeta
506143,2508,05/07/2024,1,instagram,Barcelona,paypal
506144,4606,04/07/2024,1,directo,Valencia,tarjeta
506145,1006,2024-07-07,1,instagram,Bilbao,bizum
506146,4014,11/07/2024,1,google,Madrid,tarjeta
506147,3578,2024-07-05,1,instagram,lisboa,tarjeta
506148,1425,08/07/2024,1,directo,Madrid,paypal
506149,1753,19/07/2024,1,google,Zaragoza,paypal
506150,4457,2024-07-08,1,google,Bilbao,tarjeta
506151,2368,13/07/2024,1,directo,Madrid,paypal
506152,489,5 jul 2024,1,google,A Coruña,tarjeta
506153,427,09/07/2024,1,instagram,Bilbao,tarjeta
506154,1221,2024-06-26,,instagram,Sevilla,bizum
506155,3286,29/06/2024,,email,Barcelona,paypal
506156,1903,2024-07-14,1,directo,Sevilla,bizum
506157,263,9 jul 2024,1,instagram,Barcelona,tarjeta
506158,1221,16/07/2024,1,email,Sevilla,tarjeta
506159,2480,13/07/2024,1,instagram,Málaga,bizum
506160,1318,07/07/2024,1,directo,Lisboa,paypal
506161,401,2024-07-15,1,instagram,A Coruña,tarjeta
506162,4702,03/07/2024,1,instagram,Oporto,bizum
506163,1329,30/06/2024,,email,A Coruña,bizum
506164,2462,2024-07-03,1,instagram,Valencia,tarjeta
506165,1956,07/07/2024,1,google,BARCELONA,tarjeta
506166,1003,12 jul 2024,1,email,A Coruña,paypal
506167,1217,2024-07-17,1,google,Valencia,tarjeta
506168,1829,2024-07-13,1,google,zaragoza,tarjeta
506169,1787,2024-07-05,1,google,Valencia,tarjeta
506170,587,2024-07-19,1,email,A Coruña,tarjeta
506171,799,2024-07-11,1,email,valencia,tarjeta
506172,1499,06/07/2024,1,directo,Lisboa,bizum
506173,3831,2024-07-11,1,email,zaragoza,tarjeta
506174,3700,07/07/2024,1,instagram,madrid,paypal
506175,2223,2024-07-09,1,email,MADRID,tarjeta
506176,4859,2024-07-13,1,instagram,Oporto,paypal
506177,898,04/07/2024,1,instagram,Bilbao,tarjeta
506178,4438,07/07/2024,1,google,Barcelona,tarjeta
506179,4247,27/06/2024,,email,zaragoza,paypal
506180,2015,16/07/2024,1,email,Valencia,paypal
506181,2301,2024-07-16,1,google,MADRID,paypal
506182,4530,2024-07-05,1,google,BARCELONA,tarjeta
506183,1765,2024-07-16,1,email,LISBOA,tarjeta
506184,2769,14/07/2024,1,email,Lisboa,paypal
506185,1418,28 jun 2024,,instagram,Málaga,tarjeta
506186,2266,01/07/2024,1,email,Zaragoza,tarjeta
506187,4512,2024-07-03,1,email,Lisboa,tarjeta
506188,4329,2024-07-08,1,directo,SEVILLA,tarjeta
506189,3732,27/06/2024,,email,Valencia,bizum
506190,970,10/07/2024,1,email,Málaga,tarjeta
506191,831,12/07/2024,1,email,madrid,tarjeta
506192,346,2024-07-11,1,directo,Valencia,tarjeta
506193,2430,16/07/2024,1,instagram,A Coruña,bizum
506194,4322,24/06/2024,,google,Málaga,bizum
506195,504,2024-07-11,1,instagram,Oporto,tarjeta
506196,4074,2024-06-29,,email,MÁLAGA,paypal
506197,4538,2024-06-27,,google,Valencia,paypal
506198,3515,28/06/2024,,instagram,Valencia,tarjeta
506199,3411,2024-07-05,1,directo,madrid,bizum
506200,2792,2024-07-14,1,email,Valencia,paypal
506201,2705,12/07/2024,1,email,MADRID,tarjeta
506202,2102,2024-06-29,,email,Oporto,tarjeta
506203,3134,18 jul 2024,1,directo,Barcelona,tarjeta
506204,3298,2024-07-03,1,directo,Madrid,tarjeta
506205,2816,14 jul 2024,1,directo,Sevilla,paypal
506206,2133,2024-07-14,1,directo,Sevilla,bizum
506207,4531,03/07/2024,1,instagram,Madrid,paypal
506208,2112,02/07/2024,1,email,Madrid,paypal
506209,4530,10/07/2024,1,email,BARCELONA,tarjeta
506210,3880,05/07/2024,1,email,Bilbao,tarjeta
506211,4295,15 jul 2024,1,directo,Valencia,tarjeta
506212,3768,2024-07-12,1,instagram,barcelona,tarjeta
506213,590,2024-07-14,1,directo,Madrid,bizum
506214,4970,19/07/2024,1,directo,BILBAO,tarjeta
506215,2920,16/07/2024,1,email,Madrid,tarjeta
506216,2160,04/07/2024,1,email,Bilbao,tarjeta
506217,74,11/07/2024,1,instagram,Barcelona,tarjeta
506218,2055,7 jul 2024,1,email,Zaragoza,tarjeta
506219,1743,27/06/2024,,google,Sevilla,paypal
506220,4272,2024-07-12,1,instagram,A Coruña,bizum
506221,1211,2024-07-09,1,instagram,Zaragoza,bizum
506222,1713,9 jul 2024,1,email,Barcelona,bizum
506223,2752,2024-07-10,1,instagram,bilbao,tarjeta
506224,4568,2024-07-04,1,directo,a coruña,bizum
506225,368,2024-07-06,1,google,Lisboa,bizum
506226,2955,2024-07-04,1,email,sevilla,bizum
506227,4872,2024-07-05,1,instagram,BARCELONA,bizum
506228,701,2024-07-02,1,instagram,madrid,bizum
506229,2055,14/07/2024,1,directo,ZARAGOZA,tarjeta
506230,2508,15 jul 2024,1,email,Barcelona,paypal
506231,3539,2024-07-11,1,google,Bilbao,paypal
506232,2430,2024-07-09,1,instagram,barcelona,tarjeta
506233,2857,2024-06-29,,email,Valencia,tarjeta
506234,72,05/07/2024,1,email,Barcelona,tarjeta
506235,3970,7 jul 2024,1,email,A Coruña,bizum
506236,202,24/06/2024,,email,Madrid,paypal
506237,4461,2024-07-08,1,instagram,Málaga,tarjeta
506238,3259,12/07/2024,1,email,SEVILLA,bizum
506239,2734,04/07/2024,1,google,Madrid,tarjeta
506240,1170,2024-07-10,1,email,MADRID,bizum
506241,2796,2024-07-04,1,directo,Madrid,bizum
506242,2513,2024-07-05,1,directo,Valencia,tarjeta
506243,4252,2024-07-01,1,google,MADRID,tarjeta
506244,4170,2024-07-11,1,instagram,Madrid,tarjeta
506245,1175,2024-07-11,1,directo,Lisboa,bizum
506246,2816,13 jul 2024,1,directo,Sevilla,paypal
506247,2051,24/06/2024,,google,Málaga,tarjeta
506248,404,2024-07-16,1,directo,Oporto,tarjeta
506249,3658,04/07/2024,1,google,LISBOA,paypal
506250,2443,2024-07-13,1,directo,MÁLAGA,paypal
506251,904,2024-07-14,1,google,Madrid,tarjeta
506252,3150,6 jul 2024,1,instagram,Barcelona,tarjeta
506253,2046,6 jul 2024,1,instagram,Valencia,bizum
506254,2812,19 jul 2024,1,email,Sevilla,tarjeta
506255,4812,28 jun 2024,,email,málaga,tarjeta
506256,667,2024-07-09,1,instagram,málaga,tarjeta
506257,2532,2024-06-25,,instagram,Zaragoza,tarjeta
506258,4079,2024-07-05,1,instagram,Oporto,tarjeta
506259,4281,18 jul 2024,1,instagram,Barcelona,paypal
506260,183,2024-07-14,1,google,Bilbao,paypal
506261,4461,2024-07-16,1,instagram,MADRID,tarjeta
506262,3183,2024-07-16,1,google,Barcelona,tarjeta
506263,1480,2024-07-02,1,email,Madrid,tarjeta
506264,1611,9 jul 2024,1,instagram,A Coruña,paypal
506265,2701,24/06/2024,,google,Lisboa,tarjeta
506266,1808,15/07/2024,1,directo,BARCELONA,tarjeta
506267,3450,2024-07-12,1,instagram,lisboa,tarjeta
506268,894,2024-07-09,1,instagram,Sevilla,tarjeta
506269,1903,2024-07-03,1,directo,Sevilla,tarjeta
506270,2122,2024-07-17,1,google,Madrid,paypal
506271,1956,2024-06-28,,instagram,Sevilla,tarjeta
506272,3425,2024-07-19,1,instagram,Barcelona,paypal
506273,3532,28/06/2024,,google,Lisboa,tarjeta
506274,4878,10/07/2024,1,directo,A Coruña,tarjeta
506275,4064,2024-07-11,1,google,valencia,tarjeta
506276,4279,4 jul 2024,1,email,Barcelona,paypal
506277,1248,15 jul 2024,1,google,Valencia,tarjeta
506278,4076,03/07/2024,1,directo,valencia,bizum
506279,4586,2024-07-09,1,email,lisboa,bizum
506280,346,14/07/2024,1,instagram,A Coruña,bizum
506281,2717,06/07/2024,1,email,Madrid,paypal
506282,2507,2024-06-24,,email,madrid,tarjeta
506283,949,07/07/2024,1,directo,Zaragoza,tarjeta
506284,3841,6 jul 2024,1,instagram,BARCELONA,paypal
506285,2007,8 jul 2024,1,directo,Madrid,bizum
506286,908,2024-07-12,1,email,Bilbao,tarjeta
506287,2522,2024-07-08,1,directo,madrid,tarjeta
506288,3347,04/07/2024,1,google,Barcelona,paypal
506289,2284,2024-06-30,,directo,Zaragoza,bizum
506290,313,16/07/2024,1,instagram,Bilbao,tarjeta
506291,2926,04/07/2024,1,instagram,Valencia,paypal
506292,4600,2024-07-07,1,instagram,Barcelona,tarjeta
506293,4449,2024-07-05,1,instagram,Madrid,tarjeta
506294,419,2024-07-05,1,google,Zaragoza,paypal
506295,1409,2024-07-15,1,instagram,Oporto,tarjeta
506296,1055,8 jul 2024,1,instagram,Zaragoza,tarjeta
506297,786,2024-07-15,1,instagram,Bilbao,paypal
506298,3414,2024-07-14,1,email,Valencia,bizum
506299,1907,2024-07-15,1,google,zaragoza,tarjeta
506300,1973,16/07/2024,1,directo,Barcelona,tarjeta
506301,3394,28/06/2024,,instagram,a coruña,paypal
506302,4757,15/07/2024,1,google,Madrid,tarjeta
506303,4754,06/07/2024,1,instagram,Madrid,paypal
506304,2075,2024-07-13,1,email,Barcelona,tarjeta
506305,3750,15/07/2024,1,directo,Lisboa,tarjeta
506306,4313,2024-06-25,,instagram,Bilbao,tarjeta
506307,202,17/07/2024,1,directo,Madrid,paypal
506308,3499,14/07/2024,1,google,Madrid,tarjeta
506309,3343,14/07/2024,1,google,Sevilla,paypal
506310,452,2024-07-18,1,instagram,SEVILLA,paypal
506311,1939,29/06/2024,,instagram,málaga,paypal
506312,4241,2024-07-03,1,instagram,Valencia,paypal
506313,108,2024-07-07,1,instagram,málaga,paypal
506314,3344,6 jul 2024,1,instagram,zaragoza,paypal
506315,3761,2024-07-03,1,google,Malaga,tarjeta
506316,3303,2024-07-14,1,google,Oporto,tarjeta
506317,751,2024-07-07,1,directo,SEVILLA,paypal
506318,455,2024-07-05,1,directo,Sevilla,tarjeta
506319,322,6 jul 2024,1,instagram,A Coruña,bizum
506320,471,2024-06-26,,google,Bilbao,tarjeta
506321,3085,2024-07-06,1,directo,A Coruña,tarjeta
506322,978,2024-07-10,1,google,madrid,tarjeta
506323,1214,10/07/2024,1,instagram,LISBOA,tarjeta
506324,3846,2024-07-12,1,google,lisboa,paypal
506325,609,17/07/2024,1,google,a coruña,bizum
506326,4023,2024-07-13,1,instagram,MADRID,paypal
506327,148,07/07/2024,1,google,Zaragoza,paypal
506328,4547,14/07/2024,1,instagram,A Coruña,tarjeta
506329,1956,09/07/2024,1,google,barcelona,paypal
506330,3905,2024-07-10,1,instagram,Bilbao,tarjeta
506331,3452,11 jul 2024,1,email,ZARAGOZA,bizum
506332,1709,12/07/2024,1,google,Sevilla,paypal
506333,4602,2024-07-09,1,email,Barcelona,tarjeta
506334,108,2024-07-11,1,google,Valencia,tarjeta
506335,3595,2024-07-05,1,instagram,Sevilla,tarjeta
506336,3194,2024-07-09,1,instagram,Oporto,paypal
506337,2751,08/07/2024,1,instagram,Bilbao,tarjeta
506338,2401,11/07/2024,1,email,Barcelona,tarjeta
506339,2208,17 jul 2024,1,email,barcelona,bizum
506340,3535,24/06/2024,,directo,Bilbao,tarjeta
506341,3690,2024-07-13,1,directo,Valencia,tarjeta
506342,3878,29 jun 2024,,instagram,A Coruña,paypal
506343,3764,2024-07-03,1,instagram,Bilbao,paypal
506344,1922,2024-07-17,1,google,zaragoza,tarjeta
506345,3001,19/07/2024,1,google,Zaragoza,tarjeta
506346,4284,2024-07-07,1,instagram,SEVILLA,paypal
506347,1934,2024-06-30,,instagram,Barcelona,tarjeta
506348,1327,2024-07-16,1,email,zaragoza,bizum
506349,1315,04/07/2024,1,email,A Coruña,tarjeta
506350,4415,18 jul 2024,1,email,Zaragoza,paypal
506351,2006,2024-07-09,1,email,sevilla,tarjeta
506352,3631,2024-07-02,1,instagram,Barcelona,bizum
506353,1816,7 jul 2024,1,google,Madrid,tarjeta
506354,4489,01/07/2024,1,email,Madrid,tarjeta
506355,3679,16/07/2024,1,instagram,Sevilla,bizum
506356,3733,08/07/2024,1,google,Barcelona,paypal
506357,3889,2024-07-13,1,instagram,barcelona,tarjeta
506358,1243,2024-07-13,1,email,Valencia,tarjeta
506359,1151,6 jul 2024,1,instagram,BILBAO,tarjeta
506360,647,07/07/2024,1,instagram,Barcelona,bizum
506361,4530,2024-07-14,1,directo,Sevilla,tarjeta
506362,1258,02/07/2024,1,instagram,Oporto,tarjeta
506363,4446,2024-07-11,1,instagram,A Coruña,tarjeta
506364,4464,05/07/2024,1,google,Valencia,tarjeta
506365,148,2024-07-02,1,google,Valencia,paypal
506366,1660,2024-07-06,1,email,Valencia,paypal
506367,2810,11/07/2024,1,instagram,Madrid,paypal
506368,1783,07/07/2024,1,instagram,Sevilla,tarjeta
506369,2831,11/07/2024,1,directo,Madrid,tarjeta
506370,4429,2024-07-05,1,email,SEVILLA,tarjeta
506371,1066,29/06/2024,,instagram,Madrid,tarjeta
506372,3539,07/07/2024,1,email,Málaga,tarjeta
506373,965,2024-07-03,1,instagram,Valencia,bizum
506374,2122,12/07/2024,1,instagram,Madrid,paypal
506375,4720,2024-07-12,1,email,málaga,tarjeta
506376,746,2024-07-15,1,google,Madrid,bizum
506377,2199,2024-07-03,1,instagram,Lisboa,paypal
506378,3838,07/07/2024,1,email,Valencia,tarjeta
506379,2151,05/07/2024,1,instagram,Madrid,tarjeta
506380,4872,27/06/2024,,google,BARCELONA,tarjeta
506381,4470,05/07/2024,1,email,Bilbao,tarjeta
506382,1553,09/07/2024,1,directo,barcelona,tarjeta
506383,4333,19 jul 2024,1,email,SEVILLA,bizum
506384,2253,2024-07-04,1,google,Barcelona,tarjeta
506385,855,10 jul 2024,1,email,Barcelona,bizum
506386,2630,2024-07-07,1,google,Madrid,bizum
506387,1776,02/07/2024,1,email,BARCELONA,tarjeta
506388,489,08/07/2024,1,instagram,Oporto,tarjeta
506389,2230,03/07/2024,1,directo,Valencia,paypal
506390,2961,04/07/2024,1,instagram,Bilbao,tarjeta
506391,835,27 jun 2024,,email,MADRID,tarjeta
506392,4586,2024-07-09,1,instagram,lisboa,tarjeta
506393,3535,2024-07-10,1,google,Bilbao,tarjeta
506394,4279,25/06/2024,,email,Valencia,bizum
506395,661,2024-07-13,1,google,Barcelona,tarjeta
506396,255,2024-06-24,,directo,MÁLAGA,paypal
506397,3377,18/07/2024,1,email,zaragoza,tarjeta
506398,1603,2024-06-27,,directo,Madrid,bizum
506399,1598,09/07/2024,1,google,BARCELONA,paypal
506400,394,2024-07-05,1,google,Málaga,tarjeta
506401,1203,2024-07-12,1,email,Madrid,tarjeta
506402,1850,6 jul 2024,1,google,Bilbao,paypal
506403,4380,30/06/2024,,directo,Málaga,tarjeta
506404,1850,2024-07-03,1,instagram,Bilbao,paypal
506405,2385,2024-07-16,1,directo,Malaga,tarjeta
506406,4353,02/07/2024,1,google,Valencia,paypal
506407,4941,05/07/2024,1,email,OPORTO,tarjeta
506408,394,25/06/2024,,instagram,Sevilla,paypal
506409,628,2024-07-16,1,instagram,VALENCIA,paypal
506410,2000,16/07/2024,1,instagram,madrid,tarjeta
506411,2726,02/07/2024,1,google,LISBOA,tarjeta
506412,3341,2024-06-28,,directo,BARCELONA,tarjeta
506413,3103,29/06/2024,,google,málaga,tarjeta
506414,4460,2024-07-07,1,directo,Barcelona,tarjeta
506415,3772,2024-07-08,1,instagram,Madrid,tarjeta
506416,477,10/07/2024,1,instagram,madrid,tarjeta
506417,4732,28 jun 2024,,instagram,Madrid,tarjeta
506418,2288,2024-06-25,,instagram,madrid,tarjeta
506419,511,03/07/2024,1,google,BARCELONA,tarjeta
506420,4014,29 jun 2024,,google,Zaragoza,tarjeta
506421,442,07/07/2024,1,directo,Oporto,tarjeta
506422,4311,08/07/2024,1,instagram,Málaga,paypal
506423,1925,29/06/2024,,email,Zaragoza,tarjeta
506424,25,08/07/2024,1,email,Barcelona,paypal
506425,290,28/06/2024,,google,Madrid,tarjeta
506426,1397,05/07/2024,1,instagram,Madrid,tarjeta
506427,1542,2024-07-06,1,google,Sevilla,bizum
506428,1850,07/07/2024,1,instagram,Bilbao,bizum
506429,2565,2024-07-04,1,directo,Valencia,tarjeta
506430,2371,26/06/2024,,instagram,bilbao,tarjeta
506431,1214,2024-07-09,1,google,LISBOA,tarjeta
506432,2051,13 jul 2024,1,directo,Madrid,bizum
506433,1934,2024-07-01,1,instagram,Barcelona,bizum
506434,3425,2024-07-05,1,instagram,Lisboa,bizum
506435,3950,2024-07-18,1,directo,LISBOA,tarjeta
506436,2477,03/07/2024,1,google,Madrid,tarjeta
506437,655,13/07/2024,1,google,Oporto,paypal
506438,90,11/07/2024,1,directo,Oporto,paypal
506439,1459,03/07/2024,1,directo,Zaragoza,tarjeta
506440,4651,07/07/2024,1,google,Lisboa,bizum
506441,384,15/07/2024,1,email,Oporto,tarjeta
506442,2164,2024-07-16,1,google,Barcelona,tarjeta
506443,3539,2024-07-08,1,email,Madrid,bizum
506444,1111,05/07/2024,1,instagram,BILBAO,tarjeta
506445,290,2 jul 2024,1,google,Valencia,tarjeta
506446,1788,9 jul 2024,1,google,Oporto,tarjeta
506447,2012,8 jul 2024,1,instagram,Barcelona,tarjeta
506448,2159,03/07/2024,1,google,A Coruña,bizum
506449,857,24/06/2024,,google,MADRID,tarjeta
506450,782,9 jul 2024,1,email,Madrid,tarjeta
506451,2102,30/06/2024,,instagram,Madrid,bizum
506452,534,2024-07-06,1,google,MADRID,bizum
506453,1728,2024-07-02,1,instagram,BARCELONA,tarjeta
506454,530,2024-07-10,1,email,málaga,tarjeta
506455,3481,2024-06-24,,instagram,Sevilla,paypal
506456,546,27/06/2024,,google,Bilbao,bizum
506457,4595,28 jun 2024,,email,Madrid,tarjeta
506458,2104,2024-07-14,1,instagram,Barcelona,tarjeta
506459,55,03/07/2024,1,instagram,LISBOA,tarjeta
506460,4209,2024-07-13,1,instagram,Málaga,bizum
506461,3708,2024-07-05,1,email,Madrid,paypal
506462,3888,2024-07-10,1,google,Valencia,bizum
506463,1362,2024-07-07,1,email,Valencia,paypal
506464,145,2024-06-30,,instagram,barcelona,bizum
506465,4753,2 jul 2024,1,directo,sevilla,tarjeta
506466,4897,07/07/2024,1,directo,MADRID,tarjeta
506467,537,2024-07-04,1,directo,málaga,tarjeta
506468,1567,2024-07-07,1,email,Madrid,paypal
506469,542,2024-07-11,1,google,ZARAGOZA,bizum
506470,2065,2024-07-04,1,google,Zaragoza,tarjeta
506471,3085,2 jul 2024,1,instagram,Barcelona,tarjeta
506472,3108,2024-06-24,,google,Barcelona,tarjeta
506473,1144,2024-07-17,1,email,A CORUÑA,tarjeta
506474,3542,11/07/2024,1,instagram,Madrid,tarjeta
506475,3947,02/07/2024,1,google,zaragoza,bizum
506476,4445,03/07/2024,1,google,Málaga,tarjeta
506477,4404,2024-06-29,,directo,MADRID,paypal
506478,3638,28/06/2024,,instagram,LISBOA,tarjeta
506479,1661,10/07/2024,1,directo,Bilbao,tarjeta
506480,2062,2024-07-10,1,instagram,VALENCIA,tarjeta
506481,1524,2024-07-11,1,google,Barcelona,bizum
506482,1934,2024-07-17,1,email,Barcelona,tarjeta
506483,4577,2024-07-02,1,email,Madrid,paypal
506484,346,09/07/2024,1,google,Madrid,tarjeta
506485,628,08/07/2024,1,instagram,valencia,tarjeta
506486,1567,7 jul 2024,1,google,Madrid,tarjeta
506487,1468,4 jul 2024,1,google,Sevilla,tarjeta
506488,3996,1 jul 2024,1,directo,Madrid,tarjeta
506489,2941,2024-07-15,1,directo,Oporto,paypal
506490,850,27 jun 2024,,email,Valencia,tarjeta
506491,4270,2024-07-09,1,google,MADRID,paypal
506492,3720,2024-07-04,1,instagram,Malaga,paypal
506493,4691,2 jul 2024,1,instagram,Barcelona,tarjeta
506494,230,2024-07-05,1,instagram,LISBOA,paypal
506495,1088,2024-07-13,1,instagram,málaga,tarjeta
506496,1356,08/07/2024,1,email,Madrid,bizum
506497,4233,2024-07-12,1,instagram,Madrid,tarjeta
506498,3944,17/07/2024,1,directo,SEVILLA,paypal
506499,1571,06/07/2024,1,instagram,Bilbao,tarjeta
506500,4261,05/07/2024,1,email,Sevilla,bizum
506501,2182,2024-07-07,1,google,ZARAGOZA,bizum
506502,3280,03/07/2024,1,instagram,Barcelona,tarjeta
506503,2765,3 jul 2024,1,directo,Valencia,tarjeta
506504,2231,2024-06-26,,email,Bilbao,bizum
506505,566,2024-07-02,1,instagram,Barcelona,tarjeta
506506,4496,2024-07-04,1,email,Zaragoza,paypal
506507,1743,2024-07-10,1,email,Sevilla,bizum
506508,601,2024-07-04,1,instagram,BARCELONA,bizum
506509,2023,2024-07-06,1,instagram,madrid,tarjeta
506510,3087,29 jun 2024,,instagram,Bilbao,tarjeta
506511,2728,2024-07-09,1,instagram,Barcelona,paypal
506512,1472,2024-07-09,1,email,barcelona,bizum
506513,1925,13 jul 2024,1,google,Zaragoza,tarjeta
506514,2705,2024-07-07,1,email,MADRID,paypal
506515,2897,2024-07-13,1,google,A Coruña,bizum
506516,4668,2024-07-04,1,google,Madrid,paypal
506517,183,08/07/2024,1,google,barcelona,tarjeta
506518,2810,2024-07-07,1,directo,Oporto,paypal
506519,2922,2024-07-18,1,google,Barcelona,bizum
506520,3481,2024-07-10,1,email,A Coruña,bizum
506521,2820,2024-07-07,1,google,Málaga,bizum
506522,4529,2024-07-07,1,instagram,Barcelona,paypal
506523,4797,2024-07-13,1,instagram,Valencia,tarjeta
506524,4346,9 jul 2024,1,email,Madrid,bizum
506525,3438,4 jul 2024,1,instagram,Lisboa,paypal
506526,2233,2024-07-07,1,directo,MADRID,bizum
506527,3878,2024-07-05,1,google,A Coruña,tarjeta
506528,4644,16 jul 2024,1,instagram,Valencia,tarjeta
506529,454,11/07/2024,1,google,Bilbao,paypal
506530,257,12/07/2024,1,google,Sevilla,paypal
506531,4023,2024-07-04,1,email,MADRID,tarjeta
506532,1814,2024-07-10,1,email,BARCELONA,paypal
506533,4368,2024-07-06,1,email,SEVILLA,tarjeta
506534,4715,2024-07-10,1,instagram,madrid,paypal
506535,2465,2024-07-04,1,google,madrid,tarjeta
506536,3759,12/07/2024,1,google,SEVILLA,tarjeta
506537,1891,5 jul 2024,1,instagram,madrid,tarjeta
506538,4878,12/07/2024,1,instagram,Barcelona,tarjeta
506539,3895,2024-07-08,1,email,Valencia,bizum
506540,2293,2024-07-07,1,instagram,Malaga,bizum
506541,4649,09/07/2024,1,google,Madrid,tarjeta
506542,1901,11/07/2024,1,email,barcelona,tarjeta
506543,521,2024-07-03,1,email,Madrid,bizum
506544,4698,2024-07-14,1,google,VALENCIA,bizum
506545,1522,12/07/2024,1,directo,Barcelona,bizum
506546,2245,2024-07-11,1,instagram,Sevilla,tarjeta
506547,3852,2024-07-09,1,directo,BILBAO,tarjeta
506548,3292,13 jul 2024,1,email,Madrid,tarjeta
506549,4473,11/07/2024,1,directo,Madrid,tarjeta
506550,4411,8 jul 2024,1,directo,Madrid,bizum
506551,322,2024-07-11,1,email,Madrid,tarjeta
506552,1006,29/06/2024,,email,Zaragoza,paypal
506553,4421,2024-07-13,1,instagram,Valencia,tarjeta
506554,2779,17/07/2024,1,directo,lisboa,tarjeta
506555,1571,30/06/2024,,directo,Barcelona,tarjeta
506556,2095,5 jul 2024,1,google,Barcelona,tarjeta
506557,3389,2024-06-30,,google,barcelona,tarjeta
506558,308,2024-07-18,1,instagram,Madrid,tarjeta
506559,2090,2024-07-14,1,instagram,Lisboa,paypal
506560,4247,12 jul 2024,1,directo,Barcelona,tarjeta
506561,4812,2024-07-11,1,google,Málaga,tarjeta
506562,2831,2024-06-29,,instagram,Madrid,tarjeta
506563,1383,2024-07-11,1,google,Madrid,paypal
506564,3819,03/07/2024,1,email,valencia,paypal
506565,2391,14/07/2024,1,email,Sevilla,tarjeta
506566,4373,09/07/2024,1,directo,barcelona,paypal
506567,738,03/07/2024,1,google,Madrid,tarjeta
506568,4871,06/07/2024,1,directo,valencia,tarjeta
506569,1789,15/07/2024,1,instagram,Barcelona,paypal
506570,2430,2024-07-05,1,instagram,Lisboa,bizum
506571,2401,24/06/2024,,google,A Coruña,bizum
506572,3312,27/06/2024,,instagram,Madrid,tarjeta
506573,1119,2024-07-13,1,google,Barcelona,tarjeta
506574,2528,8 jul 2024,1,directo,SEVILLA,tarjeta
506575,1491,2024-06-25,,instagram,Valencia,tarjeta
506576,104,25/06/2024,,email,Sevilla,paypal
506577,3219,24 jun 2024,,instagram,Oporto,tarjeta
506578,73,2024-07-05,1,instagram,BARCELONA,tarjeta
506579,2968,2024-07-01,1,google,VALENCIA,tarjeta
506580,3720,2024-07-07,1,directo,Zaragoza,paypal
506581,2647,29/06/2024,,instagram,valencia,tarjeta
506582,3379,2024-07-08,1,instagram,Madrid,tarjeta
506583,3363,2024-07-06,1,instagram,Barcelona,tarjeta
506584,3518,2024-07-09,1,directo,Madrid,paypal
506585,2170,2024-06-24,,email,Sevilla,tarjeta
506586,4373,08/07/2024,1,email,barcelona,paypal
506587,3720,2024-07-11,1,google,Zaragoza,bizum
506588,2752,2024-06-28,,directo,Lisboa,tarjeta
506589,4916,2024-07-12,1,instagram,Madrid,paypal
506590,4033,2024-07-05,1,google,Bilbao,tarjeta
506591,4759,2024-07-16,1,google,Barcelona,paypal
506592,3555,16/07/2024,1,google,Lisboa,bizum
506593,1053,13/07/2024,1,instagram,Valencia,tarjeta
506594,275,2024-06-27,,directo,Barcelona,paypal
506595,4233,2024-07-08,1,instagram,Lisboa,bizum
506596,4127,2024-07-03,1,email,valencia,tarjeta
506597,1891,25/06/2024,,google,madrid,tarjeta
506598,4465,2024-07-14,1,email,Sevilla,tarjeta
506599,4449,2024-07-03,1,instagram,Madrid,tarjeta
506600,1891,1 jul 2024,1,google,madrid,tarjeta
506601,623,1 jul 2024,1,google,MADRID,paypal
506602,4553,04/07/2024,1,email,Oporto,bizum
506603,4531,25 jun 2024,,instagram,A Coruña,tarjeta
506604,4278,2024-07-07,1,email,málaga,tarjeta
506605,3900,12/07/2024,1,google,Valencia,paypal
506606,855,2024-07-02,1,google,Sevilla,tarjeta
506607,3249,2024-07-09,1,instagram,Madrid,tarjeta
506608,1647,05/07/2024,1,directo,Valencia,tarjeta
506609,3248,18/07/2024,1,email,Madrid,paypal
506610,738,10 jul 2024,1,email,sevilla,tarjeta
506611,1660,2024-07-08,1,instagram,Madrid,tarjeta
506612,3852,04/07/2024,1,email,Barcelona,tarjeta
506613,1053,09/07/2024,1,directo,Sevilla,tarjeta
506614,2836,12/07/2024,1,instagram,A Coruña,tarjeta
506615,4828,2024-07-15,1,directo,Madrid,paypal
506616,1509,25/06/2024,,directo,Zaragoza,tarjeta
506617,3775,2024-07-13,1,email,MADRID,tarjeta
506618,4521,2024-07-07,1,email,Barcelona,paypal
506619,323,2024-07-12,1,email,Oporto,tarjeta
506620,3303,2024-07-02,1,google,MADRID,tarjeta
506621,3328,2024-07-11,1,directo,barcelona,tarjeta
506622,2466,2024-07-09,1,instagram,Madrid,paypal
506623,4368,08/07/2024,1,instagram,Oporto,bizum
506624,4620,2024-06-27,,email,Madrid,bizum
506625,1816,04/07/2024,1,google,Madrid,bizum
506626,3907,14/07/2024,1,instagram,Valencia,bizum
506627,3717,13/07/2024,1,email,Bilbao,paypal
506628,4588,19/07/2024,1,instagram,Madrid,tarjeta
506629,4837,9 jul 2024,1,google,A Coruña,tarjeta
506630,907,13/07/2024,1,directo,oporto,paypal
506631,4532,2024-07-11,1,instagram,Sevilla,tarjeta
506632,2181,7 jul 2024,1,email,Sevilla,paypal
506633,1683,09/07/2024,1,directo,Madrid,paypal
506634,3532,16/07/2024,1,instagram,Barcelona,bizum
506635,3774,29/06/2024,,directo,madrid,paypal
506636,4618,13 jul 2024,1,directo,Madrid,tarjeta
506637,377,2024-07-18,1,email,BILBAO,tarjeta
506638,3900,06/07/2024,1,google,Zaragoza,tarjeta
506639,489,3 jul 2024,1,directo,Zaragoza,tarjeta
506640,1433,2024-07-05,1,google,lisboa,tarjeta
506641,4404,2024-06-29,,directo,Zaragoza,paypal
506642,4017,09/07/2024,1,instagram,Oporto,tarjeta
506643,4076,04/07/2024,1,directo,valencia,tarjeta
506644,4426,2024-07-06,1,directo,Madrid,tarjeta
506645,4449,16 jul 2024,1,instagram,Madrid,tarjeta
506646,3303,2024-07-14,1,instagram,MADRID,tarjeta
506647,2849,2024-07-14,1,instagram,barcelona,tarjeta
506648,1175,05/07/2024,1,directo,Lisboa,tarjeta
506649,2170,2024-07-11,1,directo,Lisboa,paypal
506650,4106,2024-07-08,1,google,Lisboa,bizum
506651,3947,2024-07-07,1,directo,Barcelona,tarjeta
506652,4237,2024-07-02,1,google,LISBOA,paypal
506653,542,15/07/2024,1,google,ZARAGOZA,tarjeta
506654,3485,2024-07-02,1,google,Valencia,tarjeta
506655,2625,2024-07-02,1,instagram,MÁLAGA,bizum
506656,3952,2024-07-11,1,directo,barcelona,bizum
506657,148,08/07/2024,1,email,Valencia,bizum
506658,431,9 jul 2024,1,directo,Oporto,paypal
506659,1392,9 jul 2024,1,instagram,LISBOA,bizum
506660,3852,27/06/2024,,directo,Madrid,bizum
506661,4753,07/07/2024,1,instagram,OPORTO,paypal
506662,4822,2024-07-12,1,instagram,Madrid,paypal
506663,3361,2024-07-12,1,google,A Coruña,tarjeta
506664,4523,2024-07-17,1,email,Madrid,tarjeta
506665,3688,2024-07-09,1,email,a coruña,bizum
506666,3298,28/06/2024,,instagram,Madrid,tarjeta
506667,4017,2024-07-12,1,instagram,Málaga,tarjeta
506668,1468,2024-07-05,1,email,Madrid,tarjeta
506669,3679,12 jul 2024,1,instagram,Sevilla,tarjeta
506670,2480,2024-07-10,1,directo,Málaga,paypal
506671,4872,25/06/2024,,instagram,BARCELONA,tarjeta
506672,3505,02/07/2024,1,google,Sevilla,tarjeta
506673,2642,2024-07-14,1,directo,Barcelona,tarjeta
506674,1498,2024-07-10,1,instagram,Bilbao,tarjeta
506675,1709,2024-07-04,1,email,Sevilla,paypal
506676,3409,2024-07-04,1,directo,Valencia,bizum
506677,925,16 jul 2024,1,email,BILBAO,tarjeta
506678,1035,2024-07-15,1,instagram,VALENCIA,tarjeta
506679,1566,2024-07-04,1,directo,VALENCIA,tarjeta
506680,480,2024-07-10,1,directo,Madrid,tarjeta
506681,4017,2024-06-26,,instagram,Oporto,paypal
506682,3370,3 jul 2024,1,email,Madrid,bizum
506683,528,06/07/2024,1,google,BILBAO,bizum
506684,1327,2024-07-12,1,google,Oporto,bizum
506685,2995,2024-07-06,1,email,Sevilla,bizum
506686,2836,2024-07-06,1,instagram,A Coruña,paypal
506687,392,26/06/2024,,google,Bilbao,tarjeta
506688,290,07/07/2024,1,google,Madrid,bizum
506689,2769,10/07/2024,1,google,lisboa,bizum
506690,1285,4 jul 2024,1,instagram,Valencia,paypal
506691,3194,2024-07-14,1,google,Oporto,bizum
506692,3567,2024-07-06,1,google,Madrid,tarjeta
506693,1707,2024-07-15,1,google,Malaga,tarjeta
506694,390,8 jul 2024,1,instagram,Oporto,tarjeta
506695,1938,11 jul 2024,1,email,Madrid,tarjeta
506696,3957,02/07/2024,1,instagram,BARCELONA,bizum
506697,840,16/07/2024,1,directo,Málaga,paypal
506698,2164,2024-07-10,1,directo,Barcelona,tarjeta
506699,4462,2024-06-25,,email,BILBAO,tarjeta
506700,3816,2024-07-17,1,google,Sevilla,tarjeta
506701,4507,9 jul 2024,1,instagram,Madrid,paypal
506702,1230,07/07/2024,1,instagram,lisboa,bizum
506703,1896,10/07/2024,1,google,Madrid,tarjeta
506704,3810,2024-07-18,1,google,Zaragoza,tarjeta
506705,257,29/06/2024,,google,Bilbao,bizum
506706,531,10/07/2024,1,instagram,madrid,paypal
506707,3103,2024-07-12,1,email,bilbao,bizum
506708,4031,2024-07-03,1,email,Barcelona,tarjeta
506709,1472,2024-07-10,1,instagram,barcelona,tarjeta
506710,1647,11/07/2024,1,email,Zaragoza,tarjeta
506711,1382,2024-06-30,,email,Málaga,tarjeta
506712,3679,2024-07-09,1,google,Sevilla,bizum
506713,4320,14 jul 2024,1,email,Barcelona,tarjeta
506714,686,2024-07-18,1,instagram,Madrid,bizum
506715,3527,03/07/2024,1,instagram,Bilbao,tarjeta
506716,2043,12 jul 2024,1,instagram,lisboa,bizum
506717,3064,2024-07-07,1,instagram,Lisboa,paypal
506718,4404,11 jul 2024,1,instagram,Madrid,paypal
506719,4279,2024-07-12,1,directo,A Coruña,tarjeta
506720,395,2024-07-15,1,instagram,valencia,tarjeta
506721,3299,2024-07-06,1,directo,Málaga,tarjeta
506722,1577,2024-06-24,,google,bilbao,tarjeta
506723,3980,09/07/2024,1,directo,Zaragoza,tarjeta
506724,257,2024-07-18,1,directo,Oporto,paypal
506725,530,08/07/2024,1,email,barcelona,tarjeta
506726,2357,5 jul 2024,1,google,a coruña,tarjeta
506727,2986,07/07/2024,1,email,Bilbao,paypal
506728,286,27/06/2024,,google,Barcelona,paypal
506729,3007,2024-07-16,1,google,Madrid,tarjeta
506730,3194,03/07/2024,1,email,Barcelona,tarjeta
506731,2334,2024-07-09,1,instagram,Barcelona,tarjeta
506732,3698,2024-07-08,1,directo,Sevilla,tarjeta
506733,3087,17 jul 2024,1,google,Barcelona,tarjeta
506734,3388,2024-07-01,1,directo,sevilla,tarjeta
506735,3284,24/06/2024,,directo,SEVILLA,bizum
506736,1032,07/07/2024,1,google,Bilbao,bizum
506737,2508,2024-07-10,1,google,Barcelona,bizum
506738,4265,2024-06-28,,email,Valencia,tarjeta
506739,4871,13/07/2024,1,instagram,A Coruña,bizum
506740,147,2024-07-07,1,email,lisboa,tarjeta
506741,3900,7 jul 2024,1,google,Valencia,bizum
506742,872,08/07/2024,1,instagram,madrid,tarjeta
506743,4577,08/07/2024,1,google,Zaragoza,bizum
506744,3542,2024-07-08,1,instagram,Bilbao,tarjeta
506745,1491,09/07/2024,1,directo,Madrid,tarjeta
506746,1712,2024-07-06,1,instagram,Madrid,paypal
506747,2197,2024-06-27,,google,Sevilla,tarjeta
506748,1939,2024-07-02,1,email,málaga,paypal
506749,3752,2024-06-26,,instagram,MÁLAGA,tarjeta
506750,114,06/07/2024,1,email,madrid,tarjeta
506751,1311,27/06/2024,,email,Madrid,tarjeta
506752,1496,10 jul 2024,1,instagram,A Coruña,tarjeta
506753,1858,13/07/2024,1,google,barcelona,paypal
506754,2760,2024-07-11,1,google,sevilla,paypal
506755,1576,2024-06-30,,directo,Zaragoza,bizum
506756,4638,2024-07-11,1,instagram,Oporto,tarjeta
506757,3394,2024-07-02,1,directo,Valencia,tarjeta
506758,4315,05/07/2024,1,google,Zaragoza,tarjeta
506759,1981,11/07/2024,1,google,Valencia,tarjeta
506760,2623,2024-07-11,1,instagram,Madrid,tarjeta
506761,2189,08/07/2024,1,google,bilbao,tarjeta
506762,4127,2024-07-18,1,google,zaragoza,paypal
506763,3502,2024-07-06,1,email,Bilbao,tarjeta
506764,457,2024-07-01,1,directo,Oporto,paypal
506765,3268,2024-07-09,1,google,lisboa,tarjeta
506766,4118,11/07/2024,1,email,sevilla,tarjeta
506767,1390,2024-06-27,,email,Madrid,tarjeta
506768,4479,2024-07-07,1,instagram,Málaga,bizum
506769,2678,2024-07-06,1,instagram,Madrid,paypal
506770,3258,2024-07-12,1,instagram,Valencia,paypal
506771,3499,2024-07-10,1,email,Bilbao,tarjeta
506772,983,05/07/2024,1,google,BARCELONA,tarjeta
506773,483,2024-07-02,1,google,Valencia,tarjeta
506774,1675,28/06/2024,,email,madrid,paypal
506775,4783,10 jul 2024,1,instagram,Oporto,bizum
506776,840,11/07/2024,1,directo,Madrid,tarjeta
506777,1684,2024-07-04,1,instagram,barcelona,tarjeta
506778,2266,2024-07-15,1,instagram,ZARAGOZA,tarjeta
506779,74,19 jul 2024,1,email,OPORTO,paypal
506780,282,09/07/2024,1,instagram,Madrid,paypal
506781,1039,2024-07-09,1,instagram,Sevilla,paypal
506782,822,2024-07-03,1,google,Zaragoza,paypal
506783,1943,12/07/2024,1,google,Madrid,tarjeta
506784,1390,13 jul 2024,1,instagram,Lisboa,tarjeta
506785,3234,2024-07-07,1,directo,Bilbao,paypal
506786,3461,2024-07-10,1,google,madrid,tarjeta
506787,147,2024-07-12,1,instagram,Zaragoza,tarjeta
506788,1639,14/07/2024,1,email,Sevilla,tarjeta
506789,526,08/07/2024,1,instagram,Sevilla,paypal
506790,1141,09/07/2024,1,directo,sevilla,tarjeta
506791,4871,25 jun 2024,,directo,valencia,paypal
506792,2349,3 jul 2024,1,google,Barcelona,paypal
506793,638,2024-06-29,,google,BILBAO,tarjeta
506794,4245,11/07/2024,1,email,Sevilla,tarjeta
506795,4043,10/07/2024,1,directo,Bilbao,paypal
506796,1903,13/07/2024,1,instagram,Sevilla,tarjeta
506797,2105,18/07/2024,1,email,Valencia,bizum
506798,1936,2024-07-11,1,directo,Bilbao,tarjeta
506799,3720,2024-07-05,1,google,Zaragoza,tarjeta
506800,4654,2024-07-13,1,email,Valencia,bizum
506801,4872,2024-07-02,1,directo,bilbao,tarjeta
506802,298,2024-07-06,1,google,málaga,paypal
506803,4032,2024-07-12,1,instagram,Zaragoza,bizum
506804,8,2024-07-10,1,directo,Madrid,tarjeta
506805,866,16 jul 2024,1,email,Málaga,tarjeta
506806,2406,12/07/2024,1,directo,Barcelona,paypal
506807,34,2024-07-08,1,directo,Madrid,paypal
506808,3582,06/07/2024,1,instagram,Barcelona,tarjeta
506809,614,2024-07-16,1,google,Madrid,tarjeta
506810,3582,5 jul 2024,1,email,Barcelona,tarjeta
506811,4651,2024-06-30,,instagram,sevilla,tarjeta
506812,3552,2024-06-26,,directo,Bilbao,tarjeta
506813,1925,2024-07-12,1,google,Zaragoza,paypal
506814,4261,12/07/2024,1,google,Sevilla,tarjeta
506815,2912,2024-06-27,,google,OPORTO,bizum
506816,2146,2024-07-05,1,instagram,Valencia,bizum
506817,1862,2024-07-02,1,email,MADRID,tarjeta
506818,1542,2024-07-10,1,email,Málaga,bizum
506819,1128,27 jun 2024,,directo,Sevilla,tarjeta
506820,1102,5 jul 2024,1,google,Madrid,tarjeta
506821,3258,2024-07-10,1,email,Valencia,paypal
506822,343,2024-07-07,1,directo,Barcelona,paypal
506823,613,14 jul 2024,1,email,Oporto,bizum
506824,921,06/07/2024,1,instagram,Barcelona,tarjeta
506825,850,2024-07-10,1,instagram,Barcelona,paypal
506826,1713,06/07/2024,1,instagram,Málaga,tarjeta
506827,2255,15/07/2024,1,email,zaragoza,bizum
506828,3098,26 jun 2024,,instagram,Sevilla,bizum
506829,1199,09/07/2024,1,instagram,MADRID,paypal
506830,3081,06/07/2024,1,google,Valencia,paypal
506831,664,2024-06-25,,google,Lisboa,bizum
506832,822,2024-07-11,1,instagram,BARCELONA,tarjeta
506833,3712,2024-06-25,,email,Zaragoza,bizum
506834,867,2024-07-12,1,instagram,lisboa,tarjeta
506835,2431,2024-07-09,1,instagram,Valencia,tarjeta
506836,2413,2024-07-07,1,google,Oporto,tarjeta
506837,1318,06/07/2024,1,instagram,Málaga,bizum
506838,759,24/06/2024,,google,sevilla,bizum
506839,3209,2024-07-08,1,instagram,Madrid,tarjeta
506840,3094,2024-07-18,1,email,ZARAGOZA,tarjeta
506841,2752,12 jul 2024,1,email,OPORTO,tarjeta
506842,4251,2024-06-26,,instagram,Barcelona,tarjeta
506843,4576,2024-07-02,1,instagram,Sevilla,tarjeta
506844,4521,14 jul 2024,1,google,Barcelona,tarjeta
506845,3957,2024-06-28,,instagram,BARCELONA,paypal
506846,4664,03/07/2024,1,google,Bilbao,tarjeta
506847,4094,2024-06-25,,directo,Oporto,tarjeta
506848,4773,25 jun 2024,,directo,Málaga,bizum
506849,3900,8 jul 2024,1,instagram,barcelona,paypal
506850,4529,2024-07-03,1,instagram,Lisboa,bizum
506851,1174,2024-07-15,1,email,valencia,paypal
506852,4258,5 jul 2024,1,directo,sevilla,bizum
506853,2699,9 jul 2024,1,instagram,Bilbao,bizum
506854,4606,12/07/2024,1,instagram,Valencia,tarjeta
506855,613,10/07/2024,1,directo,Bilbao,tarjeta
506856,601,2024-07-12,1,instagram,Madrid,tarjeta
506857,43,2024-07-15,1,instagram,Barcelona,tarjeta
506858,1914,12 jul 2024,1,instagram,Barcelona,paypal
506859,1956,08/07/2024,1,instagram,Sevilla,paypal
506860,4253,2024-07-06,1,google,Lisboa,paypal
506861,4577,2024-07-05,1,instagram,sevilla,tarjeta
506862,2836,2024-07-01,1,instagram,A Coruña,tarjeta
506863,4027,2024-07-09,1,google,Barcelona,paypal
506864,3851,2024-07-10,1,instagram,sevilla,tarjeta
506865,1454,2024-06-27,,instagram,Valencia,paypal
506866,3280,1 jul 2024,1,directo,valencia,tarjeta
506867,2102,09/07/2024,1,instagram,Oporto,tarjeta
506868,2305,19/07/2024,1,email,Málaga,paypal
506869,3234,2024-07-04,1,google,bilbao,tarjeta
506870,3864,13/07/2024,1,google,Valencia,tarjeta
506871,4305,2024-06-29,,email,Valencia,bizum
506872,4761,24 jun 2024,,directo,Barcelona,bizum
506873,3183,2024-07-09,1,instagram,Bilbao,tarjeta
506874,3964,2024-07-03,1,google,Valencia,tarjeta
506875,1409,10 jul 2024,1,directo,Zaragoza,bizum
506876,4703,2024-07-05,1,directo,madrid,paypal
506877,3720,2024-07-09,1,instagram,Málaga,tarjeta
506878,2559,30/06/2024,,instagram,BARCELONA,bizum
506879,1151,8 jul 2024,1,instagram,Valencia,bizum
506880,74,08/07/2024,1,directo,Barcelona,tarjeta
506881,2323,16/07/2024,1,email,Madrid,tarjeta
506882,4709,2024-07-12,1,email,a coruña,tarjeta
506883,908,13/07/2024,1,instagram,Bilbao,bizum
506884,3439,20/07/2024,1,instagram,Valencia,tarjeta
506885,4681,2024-07-07,1,instagram,Zaragoza,tarjeta
506886,4649,10/07/2024,1,google,Madrid,tarjeta
506887,3473,2024-07-11,1,directo,lisboa,tarjeta
506888,2656,2024-07-03,1,email,Sevilla,tarjeta
506889,1903,2024-06-25,,google,Sevilla,tarjeta
506890,340,2024-07-06,1,instagram,Zaragoza,paypal
506891,3902,3 jul 2024,1,instagram,SEVILLA,bizum
506892,2164,2024-07-12,1,directo,Barcelona,paypal
506893,810,2024-07-17,1,instagram,Zaragoza,tarjeta
506894,2536,30/06/2024,,instagram,A Coruña,tarjeta
506895,3019,2024-07-02,1,email,Málaga,bizum
506896,4017,02/07/2024,1,instagram,Oporto,bizum
506897,2898,2024-07-06,1,instagram,madrid,bizum
506898,3996,15/07/2024,1,instagram,VALENCIA,tarjeta
506899,1248,12/07/2024,1,directo,Valencia,bizum
506900,1261,7 jul 2024,1,email,Zaragoza,tarjeta
506901,1891,13/07/2024,1,google,Barcelona,tarjeta
506902,4466,10 jul 2024,1,instagram,Zaragoza,tarjeta
506903,3633,2024-07-08,1,google,bilbao,tarjeta
506904,181,2024-07-15,1,instagram,MADRID,tarjeta
506905,2245,09/07/2024,1,google,Sevilla,tarjeta
506906,4523,10/07/2024,1,instagram,Lisboa,paypal
506907,4651,2024-07-10,1,email,Bilbao,tarjeta
506908,4772,08/07/2024,1,instagram,Oporto,tarjeta
506909,865,16/07/2024,1,instagram,a coruña,paypal
506910,1763,2024-07-03,1,google,Lisboa,tarjeta
506911,3453,2024-07-03,1,email,Zaragoza,paypal
506912,2770,2024-07-16,1,instagram,A Coruña,tarjeta
506913,886,03/07/2024,1,email,Valencia,bizum
506914,2421,2024-07-12,1,directo,barcelona,tarjeta
506915,137,2024-07-09,1,directo,barcelona,bizum
506916,3830,2024-07-15,1,directo,madrid,tarjeta
506917,2675,04/07/2024,1,google,BARCELONA,bizum
506918,1691,11/07/2024,1,instagram,BARCELONA,paypal
506919,4209,2024-07-07,1,instagram,Madrid,tarjeta
506920,3039,2024-06-25,,directo,Madrid,paypal
506921,2792,27/06/2024,,instagram,Valencia,tarjeta
506922,263,5 jul 2024,1,instagram,Barcelona,paypal
506923,419,02/07/2024,1,instagram,Zaragoza,tarjeta
506924,338,11/07/2024,1,directo,Zaragoza,paypal
506925,3066,2024-07-10,1,directo,Madrid,tarjeta
506926,949,2024-07-14,1,email,Zaragoza,paypal
506927,3610,10 jul 2024,1,directo,Madrid,tarjeta
506928,2010,09/07/2024,1,email,OPORTO,tarjeta
506929,1692,2024-07-13,1,directo,Barcelona,paypal
506930,1996,11/07/2024,1,google,sevilla,tarjeta
506931,2770,2024-07-06,1,google,madrid,tarjeta
506932,3809,2024-07-02,1,instagram,Sevilla,bizum
506933,3591,26/06/2024,,google,Barcelona,bizum
506934,3094,2024-06-25,,email,ZARAGOZA,tarjeta
506935,4237,10/07/2024,1,email,Madrid,paypal
506936,647,2024-07-05,1,directo,madrid,bizum
506937,4368,27 jun 2024,,google,Oporto,paypal
506938,3567,18/07/2024,1,email,a coruña,tarjeta
506939,3326,2024-07-06,1,instagram,Valencia,paypal
506940,3266,04/07/2024,1,email,Malaga,tarjeta
506941,836,8 jul 2024,1,instagram,Madrid,bizum
506942,3057,2024-07-17,1,instagram,MÁLAGA,tarjeta
506943,4590,07/07/2024,1,google,Barcelona,bizum
506944,2150,2024-06-29,,instagram,Valencia,bizum
506945,3394,3 jul 2024,1,email,Málaga,tarjeta
506946,617,30/06/2024,,instagram,SEVILLA,tarjeta
506947,4606,2024-07-03,1,google,Valencia,tarjeta
506948,751,2024-07-05,1,directo,SEVILLA,bizum
506949,4829,6 jul 2024,1,email,Barcelona,tarjeta
506950,1392,12/07/2024,1,email,Zaragoza,bizum
506951,967,2024-06-26,,google,madrid,bizum
506952,1627,2024-07-10,1,google,Barcelona,paypal
506953,2607,2024-07-18,1,instagram,Madrid,tarjeta
506954,1038,12/07/2024,1,google,A Coruña,tarjeta
506955,1087,8 jul 2024,1,google,Valencia,bizum
506956,3638,04/07/2024,1,directo,LISBOA,paypal
506957,637,2024-07-11,1,email,Málaga,paypal
506958,976,05/07/2024,1,google,sevilla,tarjeta
506959,1403,2024-07-17,1,instagram,MADRID,tarjeta
506960,2571,07/07/2024,1,google,sevilla,tarjeta
506961,738,2024-07-12,1,instagram,Madrid,tarjeta
506962,4247,2024-07-09,1,email,Oporto,tarjeta
506963,3225,30 jun 2024,,directo,madrid,tarjeta
506964,1816,8 jul 2024,1,directo,Madrid,tarjeta
506965,2711,20/07/2024,1,instagram,Barcelona,bizum
506966,3481,17/07/2024,1,instagram,Sevilla,paypal
506967,2189,12/07/2024,1,email,Madrid,tarjeta
506968,3511,2024-07-13,1,google,Sevilla,bizum
506969,4529,02/07/2024,1,email,valencia,paypal
506970,1380,2024-07-06,1,google,bilbao,paypal
506971,4589,05/07/2024,1,email,Zaragoza,tarjeta
506972,3228,15 jul 2024,1,directo,Sevilla,paypal
506973,4332,2024-07-15,1,instagram,Sevilla,tarjeta
506974,3035,2024-07-04,1,email,OPORTO,paypal
506975,3921,2024-07-11,1,email,Bilbao,tarjeta
506976,4001,13/07/2024,1,email,Oporto,bizum
506977,4547,10 jul 2024,1,instagram,Bilbao,tarjeta
506978,4620,11 jul 2024,1,google,Barcelona,paypal
506979,1126,2024-07-06,1,google,málaga,tarjeta
506980,4725,2024-07-08,1,instagram,Bilbao,tarjeta
506981,3518,2024-07-15,1,email,Málaga,paypal
506982,843,2024-07-05,1,instagram,Madrid,tarjeta
506983,1950,2024-07-07,1,google,A Coruña,bizum
506984,1055,13/07/2024,1,google,Barcelona,paypal
506985,3467,12/07/2024,1,instagram,A Coruña,tarjeta
506986,3485,09/07/2024,1,google,Valencia,tarjeta
506987,2283,2024-07-07,1,google,Valencia,tarjeta
506988,1463,2024-07-16,1,google,sevilla,paypal
506989,4209,11 jul 2024,1,instagram,Barcelona,paypal
506990,4279,25/06/2024,,instagram,barcelona,paypal
506991,2479,02/07/2024,1,google,Valencia,bizum
506992,1775,25/06/2024,,email,Madrid,tarjeta
506993,4681,30/06/2024,,email,Barcelona,tarjeta
506994,4462,02/07/2024,1,directo,Valencia,bizum
506995,3771,10 jul 2024,1,directo,Valencia,tarjeta
506996,2096,2024-06-28,,directo,Madrid,paypal
506997,1351,2024-06-27,,email,Barcelona,tarjeta
506998,3544,2024-07-12,1,instagram,madrid,tarjeta
506999,3377,2024-06-28,,instagram,oporto,tarjeta
507000,2062,2024-07-12,1,google,VALENCIA,paypal
507001,4588,10/07/2024,1,google,Madrid,tarjeta
507002,528,03/07/2024,1,google,Barcelona,tarjeta
507003,1478,2 jul 2024,1,instagram,Barcelona,tarjeta
507004,1670,2024-06-29,,email,Lisboa,tarjeta
507005,3433,2024-07-11,1,google,Barcelona,tarjeta
507006,4600,24/06/2024,,google,Barcelona,paypal
507007,3574,2024-06-27,,email,Barcelona,tarjeta
507008,1119,26 jun 2024,,email,Malaga,tarjeta
507009,230,2024-07-16,1,instagram,barcelona,tarjeta
507010,949,28/06/2024,,google,Zaragoza,paypal
507011,4798,2024-06-28,,instagram,Madrid,tarjeta
507012,2627,2024-07-08,1,instagram,Zaragoza,tarjeta
507013,1832,2024-06-27,,instagram,Lisboa,tarjeta
507014,3252,2024-07-08,1,directo,Madrid,paypal
507015,4501,16/07/2024,1,instagram,A Coruña,tarjeta
507016,457,2024-07-10,1,google,Zaragoza,bizum
507017,2368,05/07/2024,1,directo,Madrid,tarjeta
507018,3228,14/07/2024,1,instagram,zaragoza,paypal
507019,1425,2024-07-04,1,directo,Sevilla,tarjeta
507020,3732,19 jul 2024,1,google,Málaga,paypal
507021,4234,05/07/2024,1,instagram,Zaragoza,bizum
507022,857,2 jul 2024,1,directo,Madrid,paypal
507023,2675,2024-07-12,1,email,BARCELONA,paypal
507024,4421,17 jul 2024,1,directo,Madrid,paypal
507025,4446,05/07/2024,1,email,A Coruña,tarjeta
507026,618,17/07/2024,1,instagram,BILBAO,tarjeta
507027,965,11/07/2024,1,google,Barcelona,tarjeta
507028,2314,2024-07-09,1,google,Sevilla,tarjeta
507029,4315,13/07/2024,1,instagram,barcelona,tarjeta
507030,2133,25/06/2024,,google,Sevilla,tarjeta
507031,4479,2024-07-10,1,google,Madrid,paypal
507032,3144,2024-07-14,1,email,madrid,tarjeta
507033,1219,2024-07-13,1,google,valencia,bizum
507034,148,2024-07-09,1,instagram,Valencia,tarjeta
507035,4101,12 jul 2024,1,instagram,MÁLAGA,paypal
507036,1627,14/07/2024,1,directo,Barcelona,tarjeta
507037,613,2024-07-08,1,google,Zaragoza,tarjeta
507038,4923,06/07/2024,1,google,Málaga,paypal
507039,556,04/07/2024,1,google,Málaga,bizum
507040,2207,15 jul 2024,1,google,Barcelona,tarjeta
507041,3775,7 jul 2024,1,instagram,LISBOA,tarjeta
507042,1783,2024-07-04,1,directo,Málaga,paypal
507043,949,12/07/2024,1,instagram,Madrid,bizum
507044,3544,2024-07-11,1,directo,madrid,tarjeta
507045,1184,2024-07-11,1,directo,Oporto,bizum
507046,2151,2024-07-15,1,instagram,Barcelona,tarjeta
507047,3280,2024-07-06,1,google,Barcelona,bizum
507048,4651,2024-07-17,1,instagram,A Coruña,paypal
507049,526,12/07/2024,1,instagram,Sevilla,tarjeta
507050,4324,2024-07-08,1,directo,Valencia,paypal
507051,4023,2024-07-13,1,google,valencia,paypal
507052,3057,05/07/2024,1,instagram,MÁLAGA,paypal
507053,738,30 jun 2024,,directo,OPORTO,paypal
507054,2000,2024-07-01,1,directo,a coruña,tarjeta
507055,4059,2024-07-09,1,instagram,Oporto,tarjeta
507056,4577,15/07/2024,1,google,Zaragoza,bizum
507057,2579,12/07/2024,1,instagram,Sevilla,tarjeta
507058,1126,2024-07-16,1,instagram,Lisboa,tarjeta
507059,2406,25 jun 2024,,email,Sevilla,tarjeta
507060,4604,2024-07-11,1,email,A Coruña,paypal
507061,283,2024-07-05,1,email,BARCELONA,tarjeta
507062,2124,2024-07-08,1,email,ZARAGOZA,tarjeta
507063,2942,2024-07-18,1,instagram,Bilbao,paypal
507064,3997,2024-07-10,1,instagram,zaragoza,bizum
507065,1262,04/07/2024,1,instagram,bilbao,paypal
507066,339,18/07/2024,1,directo,Barcelona,tarjeta
507067,1495,2024-06-24,,instagram,madrid,tarjeta
507068,3878,4 jul 2024,1,instagram,a coruña,bizum
507069,2899,2024-07-09,1,google,Zaragoza,tarjeta
507070,1409,2024-07-15,1,google,Oporto,paypal
507071,1055,11 jul 2024,1,email,Zaragoza,paypal
507072,584,10/07/2024,1,google,Oporto,tarjeta
507073,1376,2024-06-30,,directo,Zaragoza,tarjeta
507074,2175,02/07/2024,1,email,Barcelona,bizum
507075,4387,13 jul 2024,1,google,Sevilla,tarjeta
507076,4479,3 jul 2024,1,google,Madrid,paypal
507077,3975,2024-07-18,1,google,Sevilla,tarjeta
507078,4040,2024-07-07,1,instagram,Valencia,tarjeta
507079,3433,07/07/2024,1,google,Barcelona,tarjeta
507080,1162,18/07/2024,1,google,VALENCIA,bizum
507081,3461,2024-06-29,,directo,Lisboa,bizum
507082,1119,2024-07-07,1,google,Barcelona,tarjeta
507083,3720,09/07/2024,1,instagram,sevilla,bizum
507084,540,2024-07-14,1,directo,VALENCIA,tarjeta
507085,1209,18/07/2024,1,directo,Lisboa,tarjeta
507086,2717,06/07/2024,1,directo,Lisboa,tarjeta
507087,1423,5 jul 2024,1,google,Málaga,tarjeta
507088,2159,10/07/2024,1,google,BARCELONA,tarjeta
507089,4535,13/07/2024,1,instagram,Barcelona,bizum
507090,2816,12 jul 2024,1,email,Sevilla,bizum
507091,2719,2024-07-07,1,google,Sevilla,tarjeta
507092,1900,2024-07-06,1,instagram,Barcelona,tarjeta
507093,801,2024-07-04,1,email,Oporto,paypal
507094,1239,28 jun 2024,,instagram,Bilbao,paypal
507095,2405,4 jul 2024,1,instagram,Bilbao,tarjeta
507096,2414,02/07/2024,1,email,SEVILLA,tarjeta
507097,3685,2024-06-26,,google,Madrid,tarjeta
507098,1333,2024-07-12,1,directo,bilbao,tarjeta
507099,2183,2024-07-10,1,directo,Málaga,paypal
507100,3231,2024-07-12,1,instagram,a coruña,bizum
507101,1542,2024-07-07,1,instagram,Málaga,paypal
507102,2207,4 jul 2024,1,google,málaga,tarjeta
507103,3993,13/07/2024,1,instagram,Lisboa,paypal
507104,3358,2024-06-27,,directo,sevilla,paypal
507105,530,16/07/2024,1,email,barcelona,tarjeta
507106,2781,7 jul 2024,1,google,Sevilla,bizum
507107,4281,2024-07-05,1,instagram,LISBOA,tarjeta
507108,3996,2024-07-09,1,instagram,madrid,tarjeta
507109,2781,2024-07-07,1,directo,Sevilla,bizum
507110,1571,4 jul 2024,1,email,Barcelona,bizum
507111,3450,2024-06-25,,email,Madrid,tarjeta
507112,590,2024-07-08,1,google,Madrid,paypal
507113,174,2024-07-10,1,instagram,Valencia,bizum
507114,912,2024-07-08,1,directo,Oporto,tarjeta
507115,4170,06/07/2024,1,email,Sevilla,paypal
507116,4279,2024-07-11,1,email,BARCELONA,tarjeta
507117,191,12/07/2024,1,email,Oporto,tarjeta
507118,2266,25/06/2024,,instagram,Barcelona,tarjeta
507119,3912,6 jul 2024,1,email,Sevilla,bizum
507120,370,2024-07-12,1,instagram,Madrid,paypal
507121,4667,05/07/2024,1,instagram,sevilla,tarjeta
507122,2718,07/07/2024,1,email,Barcelona,paypal
507123,4530,2024-07-09,1,instagram,BARCELONA,tarjeta
507124,4761,2024-07-10,1,google,Barcelona,tarjeta
507125,1789,26 jun 2024,,google,Barcelona,tarjeta
507126,3997,06/07/2024,1,instagram,Bilbao,tarjeta
507127,4604,2024-07-08,1,instagram,Madrid,bizum
507128,3842,10/07/2024,1,directo,Barcelona,paypal
507129,4380,2024-07-04,1,instagram,Madrid,paypal
507130,4566,28 jun 2024,,directo,madrid,bizum
507131,4618,2024-07-04,1,instagram,oporto,tarjeta
507132,3851,09/07/2024,1,google,Madrid,paypal
507133,3744,5 jul 2024,1,instagram,Madrid,tarjeta
507134,2371,2024-07-09,1,directo,Zaragoza,tarjeta
507135,761,04/07/2024,1,directo,Valencia,tarjeta
507136,3921,2024-07-13,1,email,VALENCIA,paypal
507137,4012,04/07/2024,1,email,Sevilla,tarjeta
507138,843,28/06/2024,,google,Bilbao,tarjeta
507139,2405,18/07/2024,1,email,madrid,tarjeta
507140,3443,2024-07-02,1,instagram,Madrid,tarjeta
507141,1329,2024-07-04,1,google,Zaragoza,bizum
507142,2781,2024-07-18,1,google,SEVILLA,tarjeta
507143,991,4 jul 2024,1,directo,Barcelona,paypal
507144,2262,2024-07-05,1,google,Barcelona,tarjeta
507145,4786,2 jul 2024,1,google,Sevilla,bizum
507146,4295,03/07/2024,1,directo,Madrid,bizum
507147,2900,16 jul 2024,1,instagram,Oporto,paypal
507148,2229,2024-07-11,1,google,Bilbao,tarjeta
507149,302,9 jul 2024,1,directo,Valencia,paypal
507150,600,02/07/2024,1,email,Madrid,tarjeta
507151,4170,2024-06-24,,google,Bilbao,bizum
507152,85,2024-07-01,1,google,barcelona,tarjeta
507153,2207,03/07/2024,1,instagram,Barcelona,tarjeta
507154,976,27/06/2024,,instagram,zaragoza,bizum
507155,609,01/07/2024,1,directo,A Coruña,tarjeta
507156,4368,2024-06-26,,directo,A Coruña,tarjeta
507157,4211,12/07/2024,1,directo,LISBOA,paypal
507158,984,2024-07-03,1,google,Valencia,tarjeta
507159,1557,2024-07-02,1,google,bilbao,tarjeta
507160,3425,2024-07-02,1,instagram,Sevilla,tarjeta
507161,230,10/07/2024,1,google,valencia,tarjeta
507162,2007,2024-06-24,,email,Madrid,bizum
507163,3238,14 jul 2024,1,google,lisboa,bizum
507164,1653,2024-06-26,,google,Valencia,paypal
507165,4335,2024-07-09,1,instagram,Lisboa,paypal
507166,2167,2024-07-03,1,instagram,Valencia,bizum
507167,636,10/07/2024,1,email,SEVILLA,bizum
507168,2056,2024-07-09,1,instagram,barcelona,tarjeta
507169,1286,05/07/2024,1,directo,barcelona,tarjeta
507170,1329,2024-07-02,1,google,Zaragoza,bizum
507171,3652,2024-07-04,1,directo,Barcelona,tarjeta
507172,1792,2024-07-15,1,instagram,BARCELONA,bizum
507173,2890,2024-07-07,1,directo,Lisboa,tarjeta
507174,4595,2024-07-18,1,google,Madrid,bizum
507175,619,09/07/2024,1,instagram,Sevilla,tarjeta
507176,4284,11/07/2024,1,google,Valencia,tarjeta
507177,4737,2024-07-07,1,directo,A CORUÑA,tarjeta
507178,397,2024-07-05,1,directo,Madrid,tarjeta
507179,1743,08/07/2024,1,google,Sevilla,tarjeta
507180,4658,5 jul 2024,1,google,Málaga,tarjeta
507181,1728,2024-07-04,1,instagram,BARCELONA,bizum
507182,895,9 jul 2024,1,google,Valencia,tarjeta
507183,3098,09/07/2024,1,google,Lisboa,paypal
507184,1059,05/07/2024,1,google,Madrid,tarjeta
507185,4929,2024-06-25,,instagram,Málaga,paypal
507186,2656,2024-06-28,,directo,Sevilla,tarjeta
507187,1990,24/06/2024,,google,BILBAO,tarjeta
507188,3103,2024-07-14,1,directo,Zaragoza,tarjeta
507189,3578,2024-07-15,1,google,Sevilla,tarjeta
507190,3299,2024-06-30,,google,Málaga,tarjeta
507191,4070,09/07/2024,1,email,Sevilla,tarjeta
507192,3054,2024-07-07,1,google,Oporto,paypal
507193,3938,2024-07-07,1,email,Valencia,tarjeta
507194,3350,26/06/2024,,instagram,oporto,bizum
507195,867,18 jul 2024,1,instagram,lisboa,tarjeta
507196,3103,10 jul 2024,1,email,Barcelona,bizum
507197,3284,2024-06-26,,directo,Barcelona,tarjeta
507198,2000,09/07/2024,1,instagram,madrid,tarjeta
507199,4404,2024-07-14,1,google,Madrid,tarjeta
507200,1219,3 jul 2024,1,directo,valencia,tarjeta
507201,3771,2024-06-25,,directo,LISBOA,tarjeta
507202,3888,2024-07-16,1,email,Oporto,bizum
507203,3085,2024-07-07,1,email,Oporto,paypal
507204,4209,2024-07-06,1,google,Barcelona,tarjeta
507205,3618,2024-07-12,1,email,málaga,tarjeta
507206,1211,2024-07-17,1,email,Madrid,tarjeta
507207,2756,2024-07-06,1,directo,Bilbao,tarjeta
507208,1073,2024-07-08,1,google,VALENCIA,tarjeta
507209,4082,09/07/2024,1,instagram,Bilbao,tarjeta
507210,3387,2024-07-10,1,google,Zaragoza,paypal
507211,626,27 jun 2024,,email,Madrid,tarjeta
507212,2860,2024-06-30,,instagram,Valencia,tarjeta
507213,4583,4 jul 2024,1,google,Valencia,tarjeta
507214,2503,09/07/2024,1,directo,BARCELONA,bizum
507215,4036,2024-07-12,1,google,BILBAO,bizum
507216,3420,14 jul 2024,1,email,Zaragoza,tarjeta
507217,761,2024-07-11,1,instagram,Madrid,tarjeta
507218,1576,26/06/2024,,email,Madrid,paypal
507219,1110,2024-07-01,1,instagram,Madrid,tarjeta
507220,4250,2024-07-07,1,google,a coruña,tarjeta
507221,147,14/07/2024,1,google,Zaragoza,tarjeta
507222,1324,2024-07-04,1,email,LISBOA,bizum
507223,4362,03/07/2024,1,instagram,Oporto,tarjeta
507224,3307,2024-07-12,1,google,Valencia,tarjeta
507225,4099,06/07/2024,1,instagram,Valencia,tarjeta
507226,97,2024-07-13,1,email,Valencia,bizum
507227,306,2024-07-07,1,email,BARCELONA,tarjeta
507228,3878,10 jul 2024,1,directo,A Coruña,tarjeta
507229,2129,2024-07-09,1,email,BARCELONA,paypal
507230,1678,2024-07-12,1,google,Barcelona,tarjeta
507231,2357,10 jul 2024,1,google,Madrid,bizum
507232,1714,9 jul 2024,1,google,ZARAGOZA,tarjeta
507233,2639,28/06/2024,,email,Valencia,tarjeta
507234,2055,18/07/2024,1,email,Barcelona,paypal
507235,2744,2024-07-06,1,email,Bilbao,tarjeta
507236,3574,2024-07-08,1,directo,Barcelona,bizum
507237,4043,14/07/2024,1,instagram,Bilbao,tarjeta
507238,2262,2024-07-07,1,directo,Barcelona,tarjeta
507239,3531,2024-07-04,1,instagram,madrid,paypal
507240,4383,2024-07-03,1,email,madrid,bizum
507241,480,10/07/2024,1,directo,barcelona,tarjeta
507242,444,11/07/2024,1,instagram,Malaga,tarjeta
507243,2253,12/07/2024,1,instagram,Barcelona,paypal
507244,2717,7 jul 2024,1,directo,Madrid,tarjeta
507245,3228,12 jul 2024,1,google,Sevilla,tarjeta
507246,4088,2024-07-18,1,google,Bilbao,tarjeta
507247,4681,2024-07-10,1,instagram,Zaragoza,tarjeta
507248,1937,5 jul 2024,1,email,Madrid,tarjeta
507249,3518,12 jul 2024,1,google,Sevilla,tarjeta
507250,3754,2024-07-09,1,google,MADRID,tarjeta
507251,4853,9 jul 2024,1,instagram,barcelona,tarjeta
507252,2175,2024-07-09,1,instagram,a coruña,bizum
507253,3589,14 jul 2024,1,instagram,BARCELONA,tarjeta
507254,3909,14 jul 2024,1,email,Zaragoza,tarjeta
507255,4170,2024-06-27,,instagram,Bilbao,tarjeta
507256,3893,2024-07-05,1,google,Valencia,tarjeta
507257,2016,16 jul 2024,1,email,Barcelona,tarjeta
507258,3846,10/07/2024,1,google,Barcelona,paypal
507259,3793,12 jul 2024,1,instagram,MADRID,tarjeta
507260,4970,2024-06-29,,instagram,BILBAO,tarjeta
507261,3918,2024-07-11,1,instagram,MÁLAGA,bizum
507262,1390,2024-07-03,1,instagram,Lisboa,paypal
507263,1712,2024-07-01,1,instagram,Málaga,paypal
507264,3960,2024-07-18,1,google,Madrid,tarjeta
507265,4837,2024-07-06,1,google,Madrid,paypal
507266,2769,2024-07-15,1,instagram,Oporto,tarjeta
507267,3429,18 jul 2024,1,directo,Valencia,paypal
507268,4538,2024-07-14,1,directo,Barcelona,tarjeta
507269,1294,2 jul 2024,1,instagram,SEVILLA,tarjeta
507270,770,2024-07-14,1,instagram,barcelona,paypal
507271,4023,2024-07-11,1,directo,Sevilla,paypal
507272,1332,7 jul 2024,1,instagram,Lisboa,tarjeta
507273,624,15 jul 2024,1,email,Madrid,bizum
507274,1892,2024-07-18,1,email,Lisboa,tarjeta
507275,2068,10/07/2024,1,directo,Sevilla,tarjeta
507276,3089,03/07/2024,1,instagram,Barcelona,paypal
507277,891,11/07/2024,1,google,Lisboa,tarjeta
507278,2062,2024-07-11,1,google,VALENCIA,bizum
507279,4446,2024-07-02,1,instagram,A Coruña,bizum
507280,4606,2024-07-07,1,instagram,Oporto,bizum
507281,2286,2024-07-17,1,instagram,Barcelona,paypal
507282,2125,2024-07-11,1,google,Madrid,bizum
507283,1925,2024-07-07,1,directo,Bilbao,bizum
507284,1425,03/07/2024,1,instagram,Madrid,bizum
507285,3186,2024-07-11,1,directo,BILBAO,tarjeta
507286,2504,07/07/2024,1,google,A Coruña,bizum
507287,232,2024-07-06,1,instagram,Valencia,paypal
507288,3562,01/07/2024,1,email,BILBAO,tarjeta
507289,1796,2024-07-12,1,directo,bilbao,tarjeta
507290,1311,2024-07-15,1,instagram,Oporto,paypal
507291,1468,05/07/2024,1,instagram,Madrid,tarjeta
507292,3085,2024-06-28,,instagram,A Coruña,tarjeta
507293,2182,2024-07-14,1,directo,Barcelona,paypal
507294,4345,2024-07-06,1,directo,oporto,paypal
507295,1333,04/07/2024,1,instagram,madrid,tarjeta
507296,593,04/07/2024,1,directo,Bilbao,tarjeta
507297,874,2024-07-02,1,google,Lisboa,tarjeta
507298,1850,2024-07-08,1,google,Bilbao,tarjeta
507299,2182,2024-07-14,1,instagram,Málaga,tarjeta
507300,329,15/07/2024,1,instagram,Barcelona,paypal
507301,394,30/06/2024,,directo,Bilbao,tarjeta
507302,3674,29 jun 2024,,instagram,zaragoza,tarjeta
507303,4770,08/07/2024,1,instagram,BARCELONA,bizum
507304,1331,2024-06-26,,directo,Bilbao,bizum
507305,2081,2024-07-05,1,email,Barcelona,paypal
507306,918,2024-07-06,1,email,Barcelona,tarjeta
507307,1409,2024-07-06,1,google,Oporto,bizum
507308,234,2024-07-04,1,instagram,barcelona,tarjeta
507309,1400,13 jul 2024,1,email,Sevilla,tarjeta
507310,4002,13/07/2024,1,email,Lisboa,paypal
507311,2979,2024-07-07,1,directo,Oporto,bizum
507312,3731,2024-07-13,1,instagram,Sevilla,bizum
507313,2029,13/07/2024,1,instagram,A Coruña,tarjeta
507314,4732,13/07/2024,1,email,Madrid,tarjeta
507315,1400,27/06/2024,,instagram,Valencia,paypal
507316,239,15 jul 2024,1,google,Barcelona,tarjeta
507317,1383,2024-07-06,1,email,Sevilla,tarjeta
507318,3971,3 jul 2024,1,google,Sevilla,tarjeta
507319,1238,4 jul 2024,1,google,BILBAO,tarjeta
507320,3864,2024-07-10,1,directo,Bilbao,tarjeta
507321,3685,5 jul 2024,1,instagram,Madrid,tarjeta
507322,3228,16/07/2024,1,google,Sevilla,tarjeta
507323,4642,17 jul 2024,1,google,bilbao,bizum
507324,4200,2024-07-04,1,instagram,Sevilla,tarjeta
507325,1005,2024-07-06,1,directo,Sevilla,tarjeta
507326,4241,05/07/2024,1,instagram,Sevilla,tarjeta
507327,4710,03/07/2024,1,google,Sevilla,paypal
507328,368,2024-07-03,1,instagram,Barcelona,paypal
507329,4070,17 jul 2024,1,instagram,bilbao,tarjeta
507330,2208,2024-07-08,1,google,barcelona,tarjeta
507331,2315,06/07/2024,1,email,A Coruña,tarjeta
507332,4547,2024-06-25,,directo,A Coruña,tarjeta
507333,2494,2024-06-30,,directo,A CORUÑA,tarjeta
507334,4012,4 jul 2024,1,google,Sevilla,paypal
507335,2932,25/06/2024,,instagram,Barcelona,tarjeta
507336,4188,05/07/2024,1,directo,Sevilla,paypal
507337,3035,2024-07-03,1,instagram,Barcelona,tarjeta
507338,4305,2024-07-15,1,directo,Valencia,tarjeta
507339,283,04/07/2024,1,email,Sevilla,tarjeta
507340,81,2024-07-04,1,instagram,LISBOA,paypal
507341,2801,2024-07-05,1,google,MADRID,tarjeta
507342,3748,06/07/2024,1,instagram,Zaragoza,paypal
507343,3028,2024-07-11,1,instagram,Valencia,tarjeta
507344,1709,2024-07-14,1,google,Sevilla,tarjeta
507345,3172,2024-07-09,1,directo,Valencia,tarjeta
507346,4532,7 jul 2024,1,google,Sevilla,paypal
507347,1655,2024-07-07,1,instagram,Lisboa,tarjeta
507348,2298,2024-07-19,1,google,Barcelona,paypal
507349,4760,09/07/2024,1,instagram,LISBOA,tarjeta
507350,1977,04/07/2024,1,google,A Coruña,paypal
507351,2062,2024-07-08,1,instagram,VALENCIA,bizum
507352,4817,08/07/2024,1,email,Zaragoza,paypal
507353,3370,2024-07-03,1,email,Barcelona,paypal
507354,3747,09/07/2024,1,instagram,Zaragoza,tarjeta
507355,2951,2024-06-26,,google,madrid,tarjeta
507356,2801,2024-07-07,1,email,MADRID,tarjeta
507357,1203,10 jul 2024,1,email,Madrid,paypal
507358,4850,2024-07-09,1,instagram,bilbao,tarjeta
507359,3677,27/06/2024,,email,Malaga,tarjeta
507360,1796,09/07/2024,1,email,A Coruña,tarjeta
507361,2837,2024-06-28,,directo,Barcelona,tarjeta
507362,293,2024-07-09,1,email,Bilbao,paypal
507363,1555,11/07/2024,1,email,lisboa,tarjeta
507364,3775,15/07/2024,1,instagram,LISBOA,bizum
507365,4198,11/07/2024,1,google,ZARAGOZA,tarjeta
507366,3210,2024-06-25,,email,BARCELONA,paypal
507367,1947,7 jul 2024,1,email,Madrid,tarjeta
507368,3003,11/07/2024,1,instagram,A Coruña,tarjeta
507369,2122,2024-06-24,,instagram,Madrid,tarjeta
507370,1477,2024-06-24,,directo,A Coruña,tarjeta
507371,372,13 jul 2024,1,google,BARCELONA,tarjeta
507372,4877,19/07/2024,1,google,Valencia,tarjeta
507373,1862,25/06/2024,,email,barcelona,paypal
507374,2717,6 jul 2024,1,email,Madrid,paypal
507375,1654,2024-07-07,1,email,A CORUÑA,tarjeta
507376,17,2024-07-11,1,directo,BILBAO,paypal
507377,1838,2024-07-20,1,email,Oporto,bizum
507378,3414,09/07/2024,1,directo,Lisboa,tarjeta
507379,1151,04/07/2024,1,directo,BILBAO,paypal
507380,1310,06/07/2024,1,instagram,Bilbao,tarjeta
507381,3851,01/07/2024,1,google,Sevilla,bizum
507382,1470,25 jun 2024,,directo,Barcelona,tarjeta
507383,3752,6 jul 2024,1,instagram,A Coruña,tarjeta
507384,1567,9 jul 2024,1,directo,lisboa,tarjeta
507385,2715,2024-07-07,1,instagram,Lisboa,tarjeta
507386,3249,1 jul 2024,1,google,Madrid,tarjeta
507387,4014,30/06/2024,,email,Madrid,tarjeta
507388,4577,2024-06-29,,google,LISBOA,tarjeta
507389,1594,2024-07-15,1,google,Lisboa,tarjeta
507390,601,05/07/2024,1,instagram,Madrid,bizum
507391,4736,11 jul 2024,1,email,OPORTO,tarjeta
507392,3907,2024-07-19,1,google,Sevilla,tarjeta
507393,2968,7 jul 2024,1,instagram,Malaga,tarjeta
507394,2006,2024-06-26,,instagram,Zaragoza,paypal
507395,1577,11 jul 2024,1,instagram,Valencia,paypal
507396,1545,2024-07-07,1,instagram,SEVILLA,tarjeta
507397,367,2024-07-14,1,instagram,Barcelona,paypal
507398,2960,16/07/2024,1,directo,ZARAGOZA,bizum
507399,3033,2024-07-10,1,directo,Madrid,bizum
507400,455,25/06/2024,,directo,BARCELONA,tarjeta
507401,3565,2024-07-15,1,directo,a coruña,bizum
507402,257,18/07/2024,1,directo,Oporto,tarjeta
507403,1258,30/06/2024,,instagram,Madrid,tarjeta
507404,1683,2024-07-08,1,instagram,Bilbao,paypal
507405,1383,10 jul 2024,1,google,Valencia,tarjeta
507406,786,2024-07-04,1,directo,Madrid,paypal
507407,4709,2024-07-10,1,google,valencia,tarjeta
507408,2507,2024-06-30,,directo,Valencia,tarjeta
507409,1001,8 jul 2024,1,instagram,Málaga,tarjeta
507410,2301,09/07/2024,1,google,MADRID,bizum
507411,4383,04/07/2024,1,google,Málaga,paypal
507412,4371,2024-07-10,1,instagram,Barcelona,paypal
507413,1408,07/07/2024,1,instagram,Zaragoza,tarjeta
507414,2701,2024-07-08,1,google,bilbao,tarjeta
507415,4810,06/07/2024,1,email,MÁLAGA,paypal
507416,3875,13 jul 2024,1,directo,Zaragoza,paypal
507417,794,07/07/2024,1,instagram,Oporto,paypal
507418,4590,2024-07-09,1,email,Lisboa,bizum
507419,2151,14/07/2024,1,instagram,Málaga,bizum
507420,799,13/07/2024,1,google,Madrid,tarjeta
507421,4945,11/07/2024,1,instagram,OPORTO,tarjeta
507422,955,12/07/2024,1,google,Barcelona,tarjeta
507423,3731,2024-07-11,1,directo,Sevilla,tarjeta
507424,477,12/07/2024,1,email,madrid,bizum
507425,3037,02/07/2024,1,email,Madrid,paypal
507426,1055,2024-06-28,,instagram,Zaragoza,tarjeta
507427,419,24/06/2024,,google,Zaragoza,bizum
507428,715,2024-07-18,1,google,A Coruña,bizum
507429,2010,2 jul 2024,1,google,OPORTO,tarjeta
507430,476,2024-07-17,1,instagram,Lisboa,tarjeta
507431,1594,13/07/2024,1,email,Lisboa,tarjeta
507432,1707,20/07/2024,1,directo,MÁLAGA,bizum
507433,4823,09/07/2024,1,google,Madrid,tarjeta
507434,3202,02/07/2024,1,directo,Barcelona,bizum
507435,1684,2024-06-24,,directo,barcelona,paypal
507436,4602,10/07/2024,1,email,Bilbao,bizum
507437,202,03/07/2024,1,instagram,Madrid,tarjeta
507438,1998,17/07/2024,1,directo,Valencia,tarjeta
507439,4118,2024-06-27,,google,BARCELONA,tarjeta
507440,4293,08/07/2024,1,instagram,BARCELONA,tarjeta
507441,2095,2024-07-13,1,google,Barcelona,tarjeta
507442,1128,2024-06-27,,directo,oporto,paypal
507443,3606,2024-07-07,1,google,Sevilla,bizum
507444,4626,08/07/2024,1,google,Bilbao,tarjeta
507445,1083,2024-07-01,1,instagram,valencia,tarjeta
507446,4252,29/06/2024,,google,MADRID,tarjeta
507447,2503,2024-07-09,1,directo,Bilbao,tarjeta
507448,44,2024-06-25,,directo,Bilbao,tarjeta
507449,4532,2024-06-27,,google,A Coruña,paypal
507450,4638,2024-07-08,1,instagram,Oporto,paypal
507451,2063,09/07/2024,1,google,Zaragoza,tarjeta
507452,2781,2024-07-05,1,instagram,Sevilla,tarjeta
507453,2765,2024-07-08,1,email,Valencia,bizum
507454,35,2024-07-06,1,google,Bilbao,tarjeta
507455,3589,09/07/2024,1,google,BARCELONA,tarjeta
507456,4160,06/07/2024,1,directo,Lisboa,tarjeta
507457,4773,2024-06-28,,google,madrid,tarjeta
507458,2371,2024-07-17,1,email,Bilbao,tarjeta
507459,1390,2024-07-10,1,google,Valencia,bizum
507460,1862,02/07/2024,1,email,MADRID,tarjeta
507461,2175,2024-07-12,1,email,Barcelona,bizum
507462,4464,28 jun 2024,,google,SEVILLA,bizum
507463,2717,20/07/2024,1,email,Madrid,paypal
507464,2163,28/06/2024,,instagram,Madrid,paypal
507465,215,2024-07-14,1,instagram,MADRID,tarjeta
507466,3267,2024-07-08,1,instagram,Sevilla,tarjeta
507467,3389,12 jul 2024,1,directo,barcelona,tarjeta
507468,3210,13/07/2024,1,email,Zaragoza,tarjeta
507469,395,05/07/2024,1,email,A Coruña,tarjeta
507470,1852,2024-07-16,1,email,Madrid,tarjeta
507471,791,16/07/2024,1,directo,Bilbao,tarjeta
507472,2344,2024-07-03,1,google,barcelona,bizum
507473,1196,02/07/2024,1,directo,A Coruña,tarjeta
507474,2587,2024-07-06,1,google,valencia,paypal
507475,1852,2024-07-14,1,instagram,Madrid,paypal
507476,4353,26/06/2024,,instagram,Madrid,tarjeta
507477,3996,11 jul 2024,1,directo,Madrid,tarjeta
507478,2296,15/07/2024,1,email,Barcelona,paypal
507479,3488,02/07/2024,1,instagram,Madrid,paypal
507480,1981,2024-07-19,1,google,Barcelona,bizum
507481,1691,2024-07-08,1,google,sevilla,bizum
507482,1876,14 jul 2024,1,email,A Coruña,paypal
507483,2508,2024-07-06,1,directo,Barcelona,paypal
507484,193,2024-07-04,1,email,Madrid,tarjeta
507485,2301,12/07/2024,1,directo,MADRID,tarjeta
507486,4853,12/07/2024,1,google,A Coruña,paypal
507487,4956,2024-07-15,1,google,Madrid,paypal
507488,3564,2024-07-05,1,directo,VALENCIA,tarjeta
507489,874,3 jul 2024,1,instagram,Lisboa,tarjeta
507490,1427,28/06/2024,,google,Sevilla,bizum
507491,4870,2024-07-03,1,directo,BARCELONA,bizum
507492,3771,06/07/2024,1,instagram,Valencia,tarjeta
507493,3409,05/07/2024,1,email,Valencia,paypal
507494,99,08/07/2024,1,google,Sevilla,bizum
507495,2448,2024-07-07,1,google,Barcelona,tarjeta
507496,4279,2024-07-13,1,directo,BARCELONA,paypal
507497,2077,4 jul 2024,1,instagram,bilbao,tarjeta
507498,2528,2024-06-26,,instagram,Zaragoza,paypal
507499,2441,2024-07-10,1,instagram,Zaragoza,tarjeta
507500,894,2024-07-02,1,directo,MÁLAGA,paypal
507501,1818,2024-07-01,1,google,BILBAO,tarjeta
507502,3969,2024-07-13,1,instagram,Madrid,tarjeta
507503,4161,10/07/2024,1,instagram,Lisboa,tarjeta
507504,7,10/07/2024,1,directo,VALENCIA,tarjeta
507505,2359,28/06/2024,,instagram,ZARAGOZA,tarjeta
507506,3210,05/07/2024,1,instagram,SEVILLA,tarjeta
507507,3780,2024-07-06,1,google,Valencia,tarjeta
507508,1565,10 jul 2024,1,email,madrid,bizum
507509,3970,8 jul 2024,1,email,Barcelona,tarjeta
507510,1755,05/07/2024,1,instagram,Sevilla,tarjeta
507511,2961,2024-07-03,1,directo,Bilbao,tarjeta
507512,3764,11/07/2024,1,google,Zaragoza,tarjeta
507513,3970,14 jul 2024,1,google,Barcelona,tarjeta
507514,3688,2024-06-24,,email,oporto,tarjeta
507515,3909,03/07/2024,1,email,Zaragoza,tarjeta
507516,2288,2024-07-14,1,directo,madrid,bizum
507517,1982,2024-07-10,1,google,Zaragoza,paypal
507518,4424,2024-07-08,1,google,MADRID,bizum
507519,4928,2024-07-13,1,email,Madrid,bizum
507520,2203,2024-07-06,1,email,Valencia,bizum
507521,4142,2024-07-10,1,directo,Oporto,paypal
507522,3775,2024-07-12,1,email,Barcelona,tarjeta
507523,831,18 jul 2024,1,google,oporto,bizum
507524,457,2024-07-05,1,directo,Lisboa,tarjeta
507525,3103,18/07/2024,1,instagram,sevilla,paypal
507526,680,24/06/2024,,directo,madrid,bizum
507527,2010,2024-07-05,1,google,OPORTO,tarjeta
507528,894,06/07/2024,1,google,lisboa,tarjeta
507529,97,2024-07-10,1,google,Málaga,bizum
507530,4744,30/06/2024,,google,Oporto,tarjeta
507531,3674,2024-06-24,,email,zaragoza,tarjeta
507532,1105,2024-07-06,1,email,Barcelona,tarjeta
507533,1775,29 jun 2024,,instagram,Zaragoza,tarjeta
507534,2266,2024-07-08,1,instagram,Zaragoza,bizum
507535,3090,2024-07-12,1,instagram,Barcelona,paypal
507536,1607,14/07/2024,1,email,a coruña,tarjeta
507537,2449,2024-07-12,1,google,A Coruña,tarjeta
507538,40,8 jul 2024,1,instagram,A Coruña,tarjeta
507539,921,30/06/2024,,directo,Lisboa,tarjeta
507540,1311,09/07/2024,1,directo,MÁLAGA,bizum
507541,4699,8 jul 2024,1,instagram,OPORTO,paypal
507542,4330,2024-07-14,1,google,Lisboa,paypal
507543,1638,27 jun 2024,,instagram,Madrid,tarjeta
507544,1934,2024-07-03,1,directo,Barcelona,bizum
507545,661,2024-07-03,1,google,Valencia,tarjeta
507546,1144,14 jul 2024,1,instagram,MÁLAGA,tarjeta
507547,2564,2024-07-10,1,instagram,Madrid,tarjeta
507548,837,2024-06-25,,instagram,Valencia,paypal
507549,4962,08/07/2024,1,email,BARCELONA,tarjeta
507550,3473,2024-07-09,1,google,madrid,tarjeta
507551,737,2024-07-09,1,google,barcelona,tarjeta
507552,4764,14/07/2024,1,instagram,Zaragoza,bizum
507553,2186,03/07/2024,1,google,Zaragoza,paypal
507554,3708,03/07/2024,1,directo,Madrid,bizum
507555,3328,2024-07-12,1,instagram,barcelona,tarjeta
507556,3724,2024-07-04,1,instagram,Madrid,tarjeta
507557,3558,2024-07-03,1,instagram,Oporto,paypal
507558,3305,2024-07-09,1,instagram,Barcelona,tarjeta
507559,1316,11/07/2024,1,google,Barcelona,tarjeta
507560,540,16 jul 2024,1,google,valencia,tarjeta
507561,4866,2024-07-15,1,instagram,Valencia,bizum
507562,51,15/07/2024,1,instagram,Barcelona,bizum
507563,3851,03/07/2024,1,instagram,Madrid,tarjeta
507564,3335,2024-07-10,1,google,Bilbao,bizum
507565,2371,2024-07-05,1,email,Bilbao,paypal
507566,3893,28 jun 2024,,instagram,Valencia,tarjeta
507567,2359,9 jul 2024,1,instagram,MADRID,tarjeta
507568,2123,2024-07-17,1,instagram,Málaga,bizum
507569,1749,2024-07-14,1,directo,Madrid,tarjeta
507570,283,25 jun 2024,,google,BARCELONA,paypal
507571,3685,07/07/2024,1,directo,Bilbao,tarjeta
507572,2118,2024-07-18,1,directo,Sevilla,bizum
507573,724,2024-07-05,1,directo,Valencia,bizum
507574,1683,13 jul 2024,1,google,Valencia,paypal
507575,813,04/07/2024,1,instagram,Valencia,tarjeta
507576,4888,2024-07-06,1,email,Sevilla,tarjeta
507577,2623,2024-07-06,1,instagram,Madrid,paypal
507578,346,08/07/2024,1,google,Valencia,tarjeta
507579,2715,2024-06-30,,email,Lisboa,tarjeta
507580,4585,16 jul 2024,1,instagram,madrid,bizum
507581,1068,2024-07-13,1,instagram,Madrid,tarjeta
507582,2244,14/07/2024,1,email,SEVILLA,paypal
507583,1376,2024-07-17,1,email,Malaga,tarjeta
507584,1472,2024-07-05,1,directo,Sevilla,paypal
507585,3842,2024-07-01,1,instagram,Barcelona,bizum
507586,3425,7 jul 2024,1,instagram,A Coruña,tarjeta
507587,2056,3 jul 2024,1,instagram,Valencia,bizum
507588,1144,2024-07-05,1,directo,MÁLAGA,tarjeta
507589,4026,2024-07-20,1,email,valencia,tarjeta
507590,4586,2024-07-14,1,instagram,BILBAO,tarjeta
507591,4050,2024-07-03,1,google,Lisboa,tarjeta
507592,386,2024-07-12,1,instagram,Bilbao,tarjeta
507593,4130,2024-07-08,1,instagram,A Coruña,bizum
507594,2435,2024-07-05,1,instagram,Sevilla,bizum
507595,1008,2024-07-08,1,instagram,A Coruña,paypal
507596,812,2024-06-25,,instagram,Madrid,tarjeta
507597,805,2024-07-10,1,instagram,Barcelona,bizum
507598,1441,2024-07-05,1,instagram,Lisboa,paypal
507599,2650,2024-07-04,1,email,Lisboa,paypal
507600,1852,08/07/2024,1,directo,barcelona,tarjeta
507601,430,30/06/2024,,directo,BILBAO,tarjeta
507602,2522,12/07/2024,1,google,Barcelona,tarjeta
507603,934,07/07/2024,1,email,Oporto,tarjeta
507604,2368,30/06/2024,,google,Madrid,tarjeta
507605,1872,14/07/2024,1,instagram,Barcelona,tarjeta
507606,2623,2024-07-05,1,google,Madrid,paypal
507607,1630,2024-06-30,,google,Madrid,tarjeta
507608,151,2024-07-09,1,email,BARCELONA,paypal
507609,2585,08/07/2024,1,instagram,Barcelona,paypal
507610,2323,2024-07-09,1,instagram,Madrid,paypal
507611,252,2024-07-08,1,directo,Lisboa,paypal
507612,49,2024-07-01,1,instagram,Barcelona,tarjeta
507613,3341,2024-07-03,1,google,Zaragoza,tarjeta
507614,2925,05/07/2024,1,directo,Oporto,paypal
507615,2701,28/06/2024,,email,Lisboa,bizum
507616,4383,10/07/2024,1,instagram,A CORUÑA,tarjeta
507617,593,2024-07-03,1,email,LISBOA,bizum
507618,3332,12 jul 2024,1,google,Sevilla,tarjeta
507619,4144,2024-07-05,1,directo,Madrid,paypal
507620,326,2024-07-10,1,instagram,Bilbao,tarjeta
507621,4817,15 jul 2024,1,instagram,Zaragoza,paypal
507622,836,16/07/2024,1,instagram,Sevilla,paypal
507623,1545,04/07/2024,1,directo,Barcelona,tarjeta
507624,2075,2024-07-09,1,email,Barcelona,tarjeta
507625,2609,2024-07-13,1,google,sevilla,paypal
507626,3646,2024-07-01,1,google,Bilbao,tarjeta
507627,4004,2024-06-30,,google,BARCELONA,bizum
507628,4284,27 jun 2024,,email,BARCELONA,tarjeta
507629,1419,13/07/2024,1,google,Valencia,tarjeta
507630,831,2024-07-18,1,google,Lisboa,paypal
507631,3055,11/07/2024,1,google,madrid,paypal
507632,322,2024-07-17,1,instagram,OPORTO,bizum
507633,2443,11 jul 2024,1,google,Barcelona,tarjeta
507634,1737,12 jul 2024,1,directo,a coruña,tarjeta
507635,2335,9 jul 2024,1,instagram,BARCELONA,tarjeta
507636,3771,05/07/2024,1,google,Valencia,paypal
507637,913,13/07/2024,1,instagram,BILBAO,bizum
507638,4074,2024-07-04,1,email,Lisboa,tarjeta
507639,2391,24 jun 2024,,google,valencia,tarjeta
507640,813,08/07/2024,1,google,Valencia,tarjeta
507641,2029,2024-07-06,1,google,Oporto,tarjeta
507642,2607,2024-07-07,1,directo,Madrid,paypal
507643,2779,2024-06-30,,directo,Barcelona,bizum
507644,1300,08/07/2024,1,instagram,Madrid,paypal
507645,283,13 jul 2024,1,instagram,oporto,tarjeta
507646,3832,15/07/2024,1,directo,Bilbao,tarjeta
507647,4668,2024-07-12,1,email,Madrid,tarjeta
507648,4315,2024-07-11,1,email,barcelona,tarjeta
507649,3957,11/07/2024,1,google,BARCELONA,bizum
507650,3832,12 jul 2024,1,directo,A Coruña,bizum
507651,3152,7 jul 2024,1,email,málaga,tarjeta
507652,263,07/07/2024,1,google,SEVILLA,bizum
507653,3898,2024-06-29,,email,madrid,tarjeta
507654,428,09/07/2024,1,directo,Madrid,paypal
507655,3198,27/06/2024,,email,Madrid,bizum
507656,647,10/07/2024,1,instagram,Bilbao,tarjeta
507657,3918,2024-07-08,1,email,Madrid,bizum
507658,3567,2024-06-27,,directo,Madrid,paypal
507659,4303,08/07/2024,1,google,Zaragoza,paypal
507660,4320,09/07/2024,1,google,Barcelona,paypal
507661,294,2024-06-29,,google,Madrid,bizum
507662,1648,8 jul 2024,1,directo,Valencia,paypal
507663,886,02/07/2024,1,instagram,Valencia,tarjeta
507664,1669,4 jul 2024,1,directo,Madrid,bizum
507665,2381,2024-07-11,1,directo,Málaga,paypal
507666,442,07/07/2024,1,directo,Oporto,tarjeta
507667,991,2024-07-11,1,google,Barcelona,tarjeta
507668,3194,29/06/2024,,instagram,Barcelona,tarjeta
507669,2961,04/07/2024,1,instagram,Bilbao,tarjeta
507670,1239,2024-06-25,,email,Bilbao,tarjeta
507671,4333,15 jul 2024,1,directo,Lisboa,paypal
507672,4259,25 jun 2024,,instagram,Málaga,tarjeta
507673,1212,05/07/2024,1,google,sevilla,paypal
507674,3219,7 jul 2024,1,directo,Sevilla,paypal
507675,3164,2024-07-06,1,google,bilbao,tarjeta
507676,513,24/06/2024,,google,Madrid,tarjeta
507677,2107,1 jul 2024,1,directo,Madrid,tarjeta
507678,2747,05/07/2024,1,google,A CORUÑA,tarjeta
507679,2595,08/07/2024,1,instagram,Barcelona,tarjeta
507680,4500,2024-07-09,1,email,Sevilla,paypal
507681,200,10/07/2024,1,google,Oporto,paypal
507682,1862,27/06/2024,,google,MADRID,tarjeta
507683,457,07/07/2024,1,directo,Valencia,bizum
507684,2401,2024-07-04,1,google,Barcelona,tarjeta
507685,1130,2024-07-15,1,instagram,OPORTO,paypal
507686,1921,28/06/2024,,google,A Coruña,tarjeta
507687,573,6 jul 2024,1,directo,MÁLAGA,tarjeta
507688,4732,24/06/2024,,instagram,Madrid,tarjeta
507689,1820,2024-07-12,1,email,Zaragoza,tarjeta
507690,4736,2024-07-10,1,instagram,ZARAGOZA,paypal
507691,3699,2024-07-06,1,google,madrid,paypal
507692,2130,08/07/2024,1,directo,Bilbao,tarjeta
507693,3812,2024-07-08,1,instagram,BARCELONA,tarjeta
507694,4625,04/07/2024,1,google,Bilbao,tarjeta
507695,63,8 jul 2024,1,email,Madrid,tarjeta
507696,4387,14 jul 2024,1,instagram,Madrid,paypal
507697,4811,06/07/2024,1,email,Barcelona,tarjeta
507698,526,2024-07-15,1,instagram,Sevilla,paypal
507699,600,2024-06-24,,google,Madrid,tarjeta
507700,2781,2024-06-30,,google,A Coruña,tarjeta
507701,2859,16 jul 2024,1,email,Lisboa,tarjeta
507702,1668,2024-07-13,1,email,Malaga,paypal
507703,697,2024-07-11,1,directo,barcelona,paypal
507704,1258,2024-07-03,1,email,Barcelona,tarjeta
507705,4916,06/07/2024,1,google,Madrid,bizum
507706,1347,06/07/2024,1,google,Valencia,tarjeta
507707,3203,2024-07-12,1,directo,Lisboa,bizum
507708,2900,2024-07-18,1,directo,Oporto,tarjeta
507709,3497,2024-07-08,1,instagram,Zaragoza,tarjeta
507710,3841,2024-07-13,1,directo,oporto,tarjeta
507711,3112,2024-07-09,1,google,oporto,paypal
507712,2371,5 jul 2024,1,instagram,bilbao,bizum
507713,4941,2024-07-08,1,email,OPORTO,tarjeta
507714,3627,09/07/2024,1,email,Barcelona,tarjeta
507715,4672,2024-07-09,1,google,BARCELONA,bizum
507716,2544,2024-06-25,,google,Madrid,tarjeta
507717,970,30 jun 2024,,google,Madrid,tarjeta
507718,1850,2024-07-03,1,google,Bilbao,paypal
507719,718,2024-07-09,1,instagram,Málaga,bizum
507720,3499,2024-07-15,1,instagram,Sevilla,paypal
507721,1462,2024-07-02,1,email,Lisboa,tarjeta
507722,2314,6 jul 2024,1,google,Sevilla,tarjeta
507723,1445,2024-07-10,1,email,Madrid,tarjeta
507724,3101,10/07/2024,1,instagram,MADRID,bizum
507725,1544,2024-07-10,1,instagram,Madrid,tarjeta
507726,1238,24 jun 2024,,email,MÁLAGA,tarjeta
507727,4228,2024-07-13,1,email,Lisboa,paypal
507728,545,2024-07-07,1,google,Málaga,bizum
507729,890,11/07/2024,1,google,BILBAO,paypal
507730,4433,19/07/2024,1,google,Madrid,tarjeta
507731,4859,2024-06-30,,instagram,Zaragoza,tarjeta
507732,1614,07/07/2024,1,instagram,Malaga,tarjeta
507733,1008,7 jul 2024,1,instagram,ZARAGOZA,bizum
507734,892,2024-07-05,1,directo,Málaga,paypal
507735,1332,15/07/2024,1,instagram,Madrid,tarjeta
507736,3153,2024-07-13,1,google,a coruña,tarjeta
507737,2924,12/07/2024,1,google,Bilbao,tarjeta
507738,3658,02/07/2024,1,directo,Madrid,tarjeta
507739,2687,08/07/2024,1,instagram,bilbao,bizum
507740,3775,08/07/2024,1,instagram,Lisboa,tarjeta
507741,1705,2024-07-09,1,instagram,Madrid,tarjeta
507742,3895,04/07/2024,1,instagram,Valencia,tarjeta
507743,2644,2024-07-04,1,instagram,Madrid,tarjeta
507744,2016,2024-07-08,1,instagram,Barcelona,bizum
507745,2203,06/07/2024,1,google,Valencia,paypal
507746,3499,02/07/2024,1,instagram,madrid,tarjeta
507747,614,2024-07-18,1,email,Bilbao,paypal
507748,4295,2024-07-09,1,email,Madrid,paypal
507749,2110,2024-07-04,1,instagram,Zaragoza,paypal
507750,2159,2024-07-09,1,instagram,bilbao,tarjeta
507751,1464,29 jun 2024,,email,OPORTO,tarjeta
507752,4613,2024-06-27,,directo,sevilla,paypal
507753,3103,25/06/2024,,instagram,sevilla,bizum
507754,4099,02/07/2024,1,email,Valencia,tarjeta
507755,4047,2024-07-07,1,instagram,Lisboa,paypal
507756,1310,12 jul 2024,1,instagram,Bilbao,paypal
507757,4822,2024-07-01,1,email,Madrid,tarjeta
507758,4092,09/07/2024,1,email,madrid,bizum
507759,2960,08/07/2024,1,google,ZARAGOZA,tarjeta
507760,2317,2024-07-07,1,google,Sevilla,paypal
507761,828,12/07/2024,1,google,Madrid,tarjeta
507762,3057,30/06/2024,,directo,Oporto,tarjeta
507763,609,28 jun 2024,,instagram,a coruña,tarjeta
507764,722,2024-07-09,1,google,Barcelona,bizum
507765,4427,10 jul 2024,1,directo,Barcelona,paypal
507766,3610,2024-07-15,1,instagram,Zaragoza,tarjeta
507767,3284,4 jul 2024,1,instagram,oporto,tarjeta
507768,3394,24/06/2024,,email,málaga,tarjeta
507769,644,13/07/2024,1,email,Barcelona,tarjeta
507770,34,2024-07-10,1,google,Barcelona,bizum
507771,4935,10 jul 2024,1,directo,Barcelona,tarjeta
507772,3305,2024-07-16,1,instagram,bilbao,paypal
507773,1985,2024-07-04,1,directo,Madrid,bizum
507774,695,2024-07-07,1,email,Barcelona,tarjeta
507775,3996,2024-07-07,1,email,Madrid,paypal
507776,2315,2024-07-17,1,instagram,Madrid,paypal
507777,4859,2024-07-12,1,google,Valencia,tarjeta
507778,4101,14/07/2024,1,email,Barcelona,tarjeta
507779,2595,07/07/2024,1,google,A Coruña,tarjeta
507780,4651,2024-07-10,1,google,VALENCIA,bizum
507781,347,2024-07-07,1,email,Sevilla,bizum
507782,3365,29/06/2024,,google,Madrid,tarjeta
507783,3787,2024-07-09,1,instagram,Barcelona,bizum
507784,4649,2024-07-12,1,instagram,A Coruña,tarjeta
507785,751,2024-07-13,1,email,SEVILLA,tarjeta
507786,4606,2024-07-04,1,google,Málaga,paypal
507787,3858,9 jul 2024,1,instagram,sevilla,paypal
507788,2551,2024-07-13,1,instagram,Sevilla,tarjeta
507789,322,12/07/2024,1,directo,Madrid,paypal
507790,431,13/07/2024,1,google,málaga,bizum
507791,331,2024-07-12,1,email,A Coruña,tarjeta
507792,1692,28 jun 2024,,google,Madrid,tarjeta
507793,4070,05/07/2024,1,google,Bilbao,bizum
507794,4732,26 jun 2024,,google,Madrid,bizum
507795,454,2024-07-09,1,google,Bilbao,paypal
507796,3305,2024-07-14,1,instagram,Malaga,tarjeta
507797,1685,2024-07-01,1,instagram,Zaragoza,tarjeta
507798,2901,2024-07-05,1,instagram,Valencia,tarjeta
507799,1433,2024-07-10,1,google,málaga,tarjeta
507800,470,2024-07-02,1,email,Madrid,tarjeta
507801,3782,2024-07-17,1,directo,Madrid,tarjeta
507802,516,2024-07-07,1,email,Barcelona,paypal
507803,3698,12/07/2024,1,instagram,ZARAGOZA,bizum
507804,4636,17/07/2024,1,email,Sevilla,paypal
507805,2122,10/07/2024,1,directo,A Coruña,tarjeta
507806,2955,2024-06-26,,email,sevilla,tarjeta
507807,137,2024-07-11,1,instagram,barcelona,bizum
507808,4681,2024-07-09,1,instagram,valencia,tarjeta
507809,1661,15 jul 2024,1,instagram,Barcelona,tarjeta
507810,2627,03/07/2024,1,instagram,Zaragoza,tarjeta
507811,1980,2024-06-28,,instagram,Lisboa,paypal
507812,623,06/07/2024,1,instagram,MADRID,tarjeta
507813,4336,01/07/2024,1,google,Bilbao,tarjeta
507814,1832,2024-07-12,1,google,zaragoza,tarjeta
507815,65,09/07/2024,1,directo,Malaga,tarjeta
507816,2649,27/06/2024,,google,Madrid,paypal
507817,3056,05/07/2024,1,email,Valencia,tarjeta
507818,1001,2024-07-10,1,email,Barcelona,bizum
507819,2315,2024-07-17,1,instagram,Madrid,paypal
507820,4247,07/07/2024,1,directo,valencia,bizum
507821,2651,06/07/2024,1,google,BARCELONA,tarjeta
507822,1990,13/07/2024,1,google,A Coruña,tarjeta
507823,1286,2024-07-18,1,instagram,Lisboa,paypal
507824,4547,28/06/2024,,directo,A Coruña,tarjeta
507825,3001,02/07/2024,1,instagram,Sevilla,bizum
507826,1196,2024-07-05,1,directo,barcelona,paypal
507827,2341,2024-06-25,,directo,barcelona,tarjeta
507828,3960,5 jul 2024,1,email,Madrid,tarjeta
507829,213,04/07/2024,1,instagram,Valencia,tarjeta
507830,4754,2024-06-26,,email,Barcelona,tarjeta
507831,4521,03/07/2024,1,directo,Barcelona,bizum
507832,2073,2024-07-11,1,instagram,VALENCIA,tarjeta
507833,1283,14 jul 2024,1,instagram,BARCELONA,paypal
507834,4747,2024-07-14,1,instagram,Sevilla,tarjeta
507835,546,2024-06-30,,email,A Coruña,tarjeta
507836,3402,2024-07-09,1,email,madrid,bizum
507837,4330,2024-07-04,1,instagram,A CORUÑA,bizum
507838,3438,11/07/2024,1,instagram,Madrid,bizum
507839,1713,2024-07-13,1,directo,Barcelona,paypal
507840,1636,2024-07-03,1,email,Valencia,paypal
507841,2744,03/07/2024,1,directo,A Coruña,tarjeta
507842,3073,2024-07-02,1,google,Zaragoza,tarjeta
507843,2055,27/06/2024,,email,Zaragoza,tarjeta
507844,4033,16 jul 2024,1,instagram,OPORTO,tarjeta
507845,1033,11/07/2024,1,instagram,sevilla,tarjeta
507846,2159,2024-07-11,1,google,BARCELONA,bizum
507847,4005,2024-07-03,1,instagram,Barcelona,bizum
507848,4529,2024-07-10,1,directo,Barcelona,bizum
507849,3261,9 jul 2024,1,google,bilbao,tarjeta
507850,4906,10 jul 2024,1,instagram,Lisboa,tarjeta
507851,2644,2024-07-02,1,instagram,Bilbao,tarjeta
507852,602,2024-06-30,,instagram,Madrid,tarjeta
507853,2457,12/07/2024,1,google,Valencia,tarjeta
507854,3055,30/06/2024,,google,madrid,tarjeta
507855,3627,05/07/2024,1,email,A Coruña,paypal
507856,1789,2024-07-18,1,google,valencia,paypal
507857,504,2024-06-24,,google,Lisboa,paypal
507858,2405,2024-06-28,,email,BARCELONA,bizum
507859,1713,09/07/2024,1,instagram,Barcelona,tarjeta
507860,2104,10/07/2024,1,directo,Valencia,paypal
507861,2699,03/07/2024,1,instagram,Málaga,paypal
507862,4521,2024-07-09,1,google,BARCELONA,paypal
507863,1950,05/07/2024,1,google,OPORTO,bizum
507864,3687,2024-07-05,1,google,valencia,paypal
507865,1703,2024-07-10,1,google,Bilbao,tarjeta
507866,2323,2024-07-12,1,email,Madrid,paypal
507867,2934,2024-07-10,1,instagram,Zaragoza,tarjeta
507868,690,2024-06-28,,email,Valencia,paypal
507869,4564,3 jul 2024,1,google,barcelona,tarjeta
507870,836,05/07/2024,1,directo,MÁLAGA,paypal
507871,3085,2024-07-01,1,instagram,A Coruña,tarjeta
507872,658,2024-07-10,1,directo,madrid,tarjeta
507873,4520,2024-07-04,1,email,Zaragoza,paypal
507874,892,2024-07-08,1,email,Málaga,paypal
507875,2719,29/06/2024,,directo,Sevilla,tarjeta
507876,2717,07/07/2024,1,instagram,Valencia,tarjeta
507877,4884,11/07/2024,1,email,Valencia,tarjeta
507878,1775,2024-06-29,,email,Madrid,tarjeta
507879,4872,2024-07-05,1,directo,BARCELONA,bizum
507880,2349,2024-07-07,1,directo,Barcelona,tarjeta
507881,3531,14/07/2024,1,email,madrid,paypal
507882,1713,04/07/2024,1,email,Barcelona,tarjeta
507883,919,2024-07-08,1,instagram,Madrid,tarjeta
507884,4757,2024-07-05,1,email,Valencia,bizum
507885,3878,24/06/2024,,email,bilbao,tarjeta
507886,2984,10/07/2024,1,email,Barcelona,tarjeta
507887,1491,2024-07-10,1,directo,Lisboa,tarjeta
507888,641,2024-07-18,1,google,Lisboa,bizum
507889,4484,2024-07-12,1,google,Málaga,paypal
507890,4446,13/07/2024,1,instagram,A Coruña,paypal
507891,2110,12/07/2024,1,instagram,Zaragoza,paypal
507892,1577,2024-07-14,1,instagram,Málaga,tarjeta
507893,2779,09/07/2024,1,email,Bilbao,paypal
507894,955,3 jul 2024,1,directo,Madrid,bizum
507895,331,2024-07-10,1,email,A Coruña,tarjeta
507896,4923,2024-07-06,1,instagram,Málaga,tarjeta
507897,4001,2024-07-07,1,email,Barcelona,bizum
507898,4672,10/07/2024,1,google,BARCELONA,bizum
507899,3234,5 jul 2024,1,directo,Málaga,tarjeta
507900,1713,15 jul 2024,1,email,Barcelona,tarjeta
507901,290,04/07/2024,1,email,Madrid,tarjeta
507902,4354,2024-07-12,1,instagram,Málaga,paypal
507903,4315,2024-06-26,,instagram,barcelona,tarjeta
507904,56,2024-07-09,1,instagram,Madrid,bizum
507905,504,07/07/2024,1,directo,LISBOA,bizum
507906,2935,2024-07-16,1,directo,Málaga,paypal
507907,2349,04/07/2024,1,instagram,Barcelona,paypal
507908,2752,07/07/2024,1,instagram,Lisboa,bizum
507909,4138,2024-07-10,1,google,Zaragoza,bizum
507910,1311,18/07/2024,1,instagram,MÁLAGA,tarjeta
507911,1217,2024-07-07,1,directo,Barcelona,tarjeta
507912,2313,06/07/2024,1,directo,Madrid,tarjeta
507913,2344,13/07/2024,1,email,barcelona,tarjeta
507914,3073,13/07/2024,1,directo,Zaragoza,tarjeta
507915,2719,08/07/2024,1,google,Sevilla,bizum
507916,1040,2024-06-28,,google,Madrid,bizum
507917,1474,06/07/2024,1,instagram,Barcelona,tarjeta
507918,3858,08/07/2024,1,instagram,LISBOA,bizum
507919,4469,09/07/2024,1,directo,Madrid,bizum
507920,3794,09/07/2024,1,instagram,a coruña,tarjeta
507921,3921,5 jul 2024,1,directo,Madrid,paypal
507922,2969,04/07/2024,1,instagram,Zaragoza,tarjeta
507923,1829,2024-07-14,1,email,Bilbao,tarjeta
507924,3488,10/07/2024,1,directo,barcelona,bizum
507925,72,12 jul 2024,1,email,Barcelona,tarjeta
507926,3172,01/07/2024,1,email,Valencia,paypal
507927,692,24 jun 2024,,google,Zaragoza,tarjeta
507928,4576,2024-07-01,1,instagram,Madrid,paypal
507929,2380,12/07/2024,1,email,Sevilla,bizum
507930,530,2024-07-19,1,google,Zaragoza,bizum
507931,4279,12/07/2024,1,instagram,BARCELONA,tarjeta
507932,3830,2 jul 2024,1,directo,madrid,bizum
507933,2439,2024-07-10,1,directo,MADRID,paypal
507934,1321,2024-07-14,1,instagram,Lisboa,bizum
507935,4224,24/06/2024,,directo,BARCELONA,tarjeta
507936,3685,2024-07-12,1,google,OPORTO,tarjeta
507937,71,02/07/2024,1,instagram,Lisboa,bizum
507938,2104,2024-07-14,1,email,madrid,bizum
507939,770,2024-07-07,1,directo,Málaga,tarjeta
507940,3004,05/07/2024,1,google,Zaragoza,tarjeta
507941,1128,04/07/2024,1,email,Oporto,tarjeta
507942,1709,13/07/2024,1,directo,Sevilla,bizum
507943,454,15 jul 2024,1,google,valencia,tarjeta
507944,2532,19/07/2024,1,directo,Zaragoza,tarjeta
507945,476,2024-07-02,1,directo,BILBAO,bizum
507946,3053,16/07/2024,1,instagram,barcelona,tarjeta
507947,2625,2024-07-02,1,instagram,MÁLAGA,tarjeta
507948,2734,30/06/2024,,instagram,Madrid,paypal
507949,1925,2024-07-06,1,directo,málaga,tarjeta
507950,424,7 jul 2024,1,instagram,LISBOA,tarjeta
507951,2133,2024-06-29,,directo,lisboa,paypal
507952,831,24/06/2024,,directo,madrid,paypal
507953,1684,2024-07-08,1,directo,barcelona,bizum
507954,1364,2024-07-13,1,google,Sevilla,bizum
507955,2129,02/07/2024,1,email,Madrid,bizum
507956,65,10 jul 2024,1,instagram,Madrid,tarjeta
507957,1416,2024-07-14,1,google,Madrid,bizum
507958,2001,2024-07-11,1,directo,lisboa,bizum
507959,3971,2024-07-09,1,google,Sevilla,paypal
507960,72,8 jul 2024,1,email,Barcelona,paypal
507961,2774,2024-07-02,1,instagram,oporto,tarjeta
507962,3532,9 jul 2024,1,google,Lisboa,tarjeta
507963,664,02/07/2024,1,google,Oporto,paypal
507964,386,9 jul 2024,1,google,Madrid,tarjeta
507965,2124,2024-07-04,1,google,A Coruña,bizum
507966,347,2024-07-15,1,email,A Coruña,tarjeta
507967,4184,2024-07-13,1,email,Oporto,paypal
507968,4383,2024-07-03,1,directo,Barcelona,paypal
507969,3124,2024-07-11,1,directo,barcelona,tarjeta
507970,2643,2024-07-10,1,google,MÁLAGA,tarjeta
507971,3532,2024-07-01,1,email,Lisboa,tarjeta
507972,4588,30/06/2024,,google,Madrid,tarjeta
507973,507,11 jul 2024,1,directo,Málaga,tarjeta
507974,3088,12/07/2024,1,directo,Oporto,tarjeta
507975,3851,08/07/2024,1,email,Málaga,paypal
507976,4276,2024-06-26,,instagram,lisboa,bizum
507977,1480,3 jul 2024,1,directo,Madrid,paypal
507978,755,2024-07-06,1,email,Sevilla,tarjeta
507979,4772,5 jul 2024,1,email,Valencia,tarjeta
507980,3986,09/07/2024,1,google,Lisboa,tarjeta
507981,3473,3 jul 2024,1,directo,lisboa,tarjeta
507982,2338,2024-07-12,1,email,Zaragoza,paypal
507983,2167,2024-07-10,1,email,a coruña,tarjeta
507984,1412,05/07/2024,1,directo,Sevilla,tarjeta
507985,1454,29/06/2024,,google,Valencia,tarjeta
507986,4409,2024-06-29,,email,Madrid,tarjeta
507987,2062,6 jul 2024,1,email,Bilbao,tarjeta
507988,2073,05/07/2024,1,instagram,VALENCIA,paypal
507989,3380,16/07/2024,1,directo,Lisboa,tarjeta
507990,1825,11/07/2024,1,google,Bilbao,tarjeta
507991,147,2024-07-04,1,directo,Zaragoza,tarjeta
507992,2536,2024-07-05,1,directo,Lisboa,tarjeta
507993,4817,2024-07-07,1,instagram,Zaragoza,tarjeta
507994,970,2024-07-14,1,google,oporto,tarjeta
507995,1567,2024-07-09,1,instagram,A CORUÑA,paypal
507996,2368,03/07/2024,1,google,Madrid,tarjeta
507997,1495,2024-07-03,1,directo,madrid,paypal
507998,4871,01/07/2024,1,email,valencia,tarjeta
507999,4404,2024-06-24,,directo,Zaragoza,paypal
508000,2513,2024-07-02,1,instagram,madrid,tarjeta
